EF9582D72160F199,0,0,0,hud_icon_splash_kill,0,,,,0,,,,5,0,0,,0,0,,0,,,0,,,0,,,0,,0,0
8FCF8BBD78A0502E,0,0,0,hud_icon_splash_kill,0,,,,0,,,,0,0,0,,0,0,,0,,,0,,,0,,,0,,0,0
D49353466AEB391A,0,0,0,hud_icon_splash_kill,0,splash,skill,,0,,,,21,0,0,,0,0,,0,,,0,,,0,,,0,,0,0
B2545F22CF7AD376,0,0,0,hud_icon_splash_kill,0,splash,skill,,0,,,,19,0,0,,0,0,,0,,,0,,,0,,,0,,0,0
1585DD0E8F21044D,0,0,0,hud_icon_splash_kill,0,splash,skill,,0,,,,18,0,0,,0,0,,0,,,0,,,0,,,0,,0,0
E7EC5C6F05DDA4D9,0,0,0,hud_icon_splash_kill,4349F9861517A6A6,splash,skill,,0,,,,0,0,0,,0,0,,0,,,0,,,0,,,0,,0,0
891A26E1130EB05B,0,0,0,hud_icon_splash_kill,B955ED7B14B3A935,splash,skill,,0,,,,40,0,0,,0,0,,0,,,0,,,0,,,0,,0,0
FC56E889052D3823,0,0,0,hud_icon_splash_kill,B955ED7B14B3A935,splash,skill,,0,,,,28,0,0,,0,0,,0,,,0,,,0,,,0,,0,0
F751297C1A2FA2A9,0,0,0,hud_icon_splash_kill,B955ED7B14B3A935,splash,skill,,0,,,,22,0,0,,0,0,,0,,,0,,,0,,,0,,0,0
25AD6F034F93AF2D,0,0,0,hud_icon_splash_kill,B955ED7B14B3A935,splash,skill,,0,,,,20,0,0,,0,0,,0,,,0,,,0,,,0,,0,0
buzzkill,0,0,0,hud_icon_splash_kill,B955ED7B14B3A935,splash,skill,,0,,,,29,0,0,,0,0,,0,,,0,,,0,,,0,,0,0
61CC49DF58D8244E,0,0,0,hud_icon_splash_kill,B955ED7B14B3A935,splash,skill,,0,,,,39,0,0,,0,0,,0,,,0,,,0,,,0,,0,0
9501A62017D709D3,0,0,0,hud_icon_splash_kill,B955ED7B14B3A935,splash,skill,,0,,,,30,0,0,,0,0,,0,,,0,,,0,,,0,,0,0
A4EE120BD3F61B35,0,0,0,hud_icon_splash_kill,B955ED7B14B3A935,splash,skill,,0,,,,31,0,0,,0,0,,0,,,0,,,0,,,0,,0,0
7670901F9461C455,0,0,0,hud_icon_splash_kill,B955ED7B14B3A935,splash,skill,,0,,,,23,0,0,,0,0,,0,,,0,,,0,,,0,,0,0
A0880A9CE131DEA8,0,0,0,hud_icon_splash_kill,0,splash,skill,,0,,,,45,1,0,,0,0,,0,,,0,,,0,,,0,,0,0
F42B79A30529BA75,0,0,0,hud_icon_splash_kill,0,splash,skill,,0,,,,46,1,0,,0,0,,0,,,0,,,0,,,0,,0,0
DD33FE790C41DDE5,0,0,0,hud_icon_splash_kill,0,splash,skill,,0,,,,47,1,0,,0,0,,0,,,0,,,0,,,0,,0,0
AA851578EFEA8575,0,0,0,hud_icon_splash_kill,0,splash,skill,,0,,,,48,1,0,,0,0,,0,,,0,,,0,,,0,,0,0
82488B195CEC9F4B,0,0,0,hud_icon_splash_kill,0,splash,skill,,0,,,,49,1,0,,0,0,,0,,,0,,,0,,,0,,0,0
seven,0,0,0,hud_icon_splash_kill,0,splash,skill,,0,,,,50,1,0,,0,0,,0,,,0,,,0,,,0,,0,0
FA09C7954013CDF0,0,0,0,hud_icon_splash_kill,0,splash,skill,,0,,,,51,1,0,,0,0,,0,,,0,,,0,,,0,,0,0
A3A0144007C5F9F2,0,0,0,hud_icon_splash_kill,0,splash,skill,,0,,,,52,1,0,,0,0,,0,,,0,,,0,,,0,,0,0
DAB63315ABCDB6B4,0,0,0,hud_icon_splash_kill,0,splash,skill,,0,,,,36,0,0,,0,0,,0,,,0,,,0,,,0,,0,0
B25FDA74D611DDF2,0,0,0,hud_icon_splash_kill,0,splash,skill,,0,,,,38,1,0,,0,0,,0,,,0,,,0,,,0,,0,0
D3BB96C8BD6EFD71,0,0,0,hud_icon_splash_kill,0,splash,skill,,0,,,,37,1,0,,0,0,,0,,,0,,,0,,,0,,0,0
gun_butt,0,0,0,hud_icon_splash_kill,0,splash,skill,,0,,,,6,0,0,,0,0,,0,,,0,,,0,,,0,,0,0
978B9BAB778F200B,0,0,0,hud_icon_splash_kill,0,splash,skill,,0,,,,43,1,0,,0,0,,0,,,0,,,0,,,0,,0,0
D3DD8A69E4A03838,0,0,0,hud_icon_splash_kill,0,splash,skill,,0,,,,7,0,0,,0,0,,0,,,0,,,0,,,0,,0,0
86C2B3D1FA522F2B,0,0,0,hud_icon_splash_kill,0,splash,skill,,0,,,,8,0,0,,0,0,,0,,,0,,,0,,,0,,0,0
AF4AB7B4B90C051B,0,0,0,hud_icon_splash_kill,0,splash,skill,,0,,,,9,1,0,,0,0,,0,,,0,,,0,,,0,,0,0
909D2A91D79F1DD5,0,0,0,hud_icon_splash_kill,0,splash,skill,,0,,,,10,0,0,,0,0,,0,,,0,,,0,,,0,,0,0
ACEEE63CB46A233A,0,0,0,hud_icon_splash_kill,0,splash,skill,,0,,,,11,0,0,,0,0,,0,,,0,,,0,,,0,,0,0
224B63CC1F966A36,0,0,0,hud_icon_splash_kill,0,splash,skill,,0,,,,25,0,0,,0,0,,0,,,0,,,0,,,0,,0,0
DABB834E68CCA5AF,0,0,0,hud_icon_splash_kill,0,splash,skill,,0,,,,53,1,0,,0,0,,0,,,0,,,0,,,0,,0,0
58B9CD84A305DD09,0,0,0,hud_icon_splash_kill,0,splash,skill,,0,,,,26,0,0,,0,0,,0,,,0,,,0,,,0,,0,0
8368A43E439D8A67,0,0,0,hud_icon_splash_kill,0,splash,skill,,0,,,,44,1,0,,0,0,,0,,,0,,,0,,,0,,0,0
3B7863DCDFF98B13,0,0,0,hud_icon_splash_kill,0,splash,skill,,0,,,,42,1,0,,0,0,,0,,,0,,,0,,,0,,0,0
E13C7899C2EED171,0,0,0,hud_icon_splash_kill,0,splash,skill,,0,,,,34,1,0,,0,0,,0,,,0,,,0,,,0,,0,0
123320811BF44B63,0,0,0,hud_icon_splash_kill,0,splash,skill,,0,,,,35,1,0,,0,0,,0,,,0,,,0,,,0,,0,0
37C5D5F71008DB1D,0,0,0,hud_icon_splash_kill,0,splash,skill,,0,,,,13,0,0,,0,0,,0,,,0,,,0,,,0,,0,0
77BDA5EA2C97FBD8,0,0,0,hud_icon_splash_kill,0,splash,skill,,0,,,,15,0,0,,0,0,,0,,,0,,,0,,,0,,0,0
low_health_kill,0,0,0,hud_icon_splash_kill,0,splash,skill,,0,,,,32,0,0,,0,0,,0,,,0,,,0,,,0,,0,0
air_to_air_kill,0,0,0,hud_icon_splash_kill,0,splash,skill,,0,,,,16,0,0,,0,0,,0,,,0,,,0,,,0,,0,0
29065087E352EB71,0,0,0,hud_icon_splash_kill,0,splash,skill,,0,,,,33,1,0,,0,0,,0,,,0,,,0,,,0,,0,0
1C66AF162FB14CA3,0,0,0,hud_icon_splash_kill,0,splash,skill,,0,,,,54,1,0,,0,0,,0,,,0,,,0,,,0,,0,0
F3D5ADB30A50AA6D,0,0,0,hud_icon_splash_kill,0,splash,skill,,0,,,,55,1,0,,0,0,,0,,,0,,,0,,,0,,0,0
F3D5A8B30A50A1EE,0,0,0,hud_icon_splash_kill,0,splash,skill,,0,,,,56,1,0,,0,0,,0,,,0,,,0,,,0,,0,0
F3D913B30A538D96,0,0,0,hud_icon_splash_kill,0,splash,skill,,0,,,,57,1,0,,0,0,,0,,,0,,,0,,,0,,0,0
F3D918B30A539615,0,0,0,hud_icon_splash_kill,0,splash,skill,,0,,,,58,1,0,,0,0,,0,,,0,,,0,,,0,,0,0
F3DC99B30A56A71F,0,0,0,hud_icon_splash_kill,0,splash,skill,,0,,,,59,1,0,,0,0,,0,,,0,,,0,,,0,,0,0
1236123912008792,0,0,0,hud_icon_splash_kill,0,splash,skill,,0,,,,60,1,0,,0,0,,0,,,0,,,0,,,0,,0,0
3AE8267A71B8F2C,0,0,0,hud_icon_splash_kill,0,splash,skill,,0,,,,,,0,,0,0,,0,,,0,,,0,,,0,,0,0
770C515531CFB4D,0,0,0,hud_icon_splash_kill,0,splash,skill,,0,,,,,,0,,0,0,,0,,,0,,,0,,,0,,0,0
E1BDA745D7E2B780,0,0,0,hud_icon_splash_kill,0,splash,skill,,0,,,,,,0,,0,0,,0,,,0,,,0,,,0,,0,0
CDD61AD0A230D999,0,0,0,hud_icon_splash_kill,0,splash,skill,,0,,,,,,0,,0,0,,0,,,0,,,0,,,0,,0,0
2D9306CD3EB5AE5A,0,0,0,hud_icon_splash_kill,0,splash,skill,,0,,,,,,0,,0,0,,0,,,0,,,0,,,0,,0,0
F63AC0CB5BC77BFF,0,0,0,hud_icon_splash_kill,0,splash,skill,,0,,,,,,0,,0,0,,0,,,0,,,0,,,0,,0,0
7B9598BD6B22E423,0,0,0,hud_icon_splash_kill,0,splash,skill,,0,,,,,,0,,0,0,,0,,,0,,,0,,,0,,0,0
17A8CF73F6E02C75,0,0,0,hud_icon_splash_kill,0,splash,skill,,0,,,,,,0,,0,0,,0,,,0,,,0,,,0,,0,0
74A5C4C18CA483BF,0,0,0,hud_icon_splash_kill,0,splash,skill,,0,,,,,,0,,0,0,,0,,,0,,,0,,,0,,0,0
D3E2AE2AB4772088,0,0,0,hud_icon_splash_kill,0,splash,skill,,0,,,,,,0,,0,0,,0,,,0,,,0,,,0,,0,0
927F2D6C18FB8AC4,0,0,0,hud_icon_splash_kill,0,splash,skill,,0,,,,,,0,,0,0,,0,,,0,,,0,,,0,,0,0
2788375DB3C98773,0,0,0,hud_icon_splash_kill,0,splash,skill,,0,,,,,,0,,0,0,,0,,,0,,,0,,,0,,0,0
F4A8A91810123D8A,0,0,0,hud_icon_splash_kill,0,splash,skill,,0,,,,,,0,,0,0,,0,,,0,,,0,,,0,,0,0
9F9435897F7FED30,0,0,0,hud_icon_splash_kill,0,splash,skill,,0,,,,,,0,,0,0,,0,,,0,,,0,,,0,,0,0
26FC08D2E997EA40,0,0,0,hud_icon_splash_kill,0,splash,skill,,0,,,,,,0,,0,0,,0,,,0,,,0,,,0,,0,0
19EBAB090AE4E731,0,0,0,hud_icon_splash_kill,0,splash,skill,,0,,,,,,0,,0,0,,0,,,0,,,0,,,0,,0,0
93FD323E5DCBA2D4,0,0,0,hud_icon_splash_kill,0,splash,skill,,0,,,,,,0,,0,0,,0,,,0,,,0,,,0,,0,0
56F98863010A0795,0,0,0,icon_splash_skill_shot,0,splash,skill,,0,,,,,,0,,0,0,,0,,,0,,,0,,,0,,0,0
51408D3913AAC1C9,0,0,0,icon_splash_skill_shot,0,splash,skill,,0,,,,,,0,,0,0,,0,,,0,,,0,,,0,,0,0
4016C5712732CBF5,0,0,0,icon_splash_skill_shot,0,splash,skill,,0,,,,,,0,,0,0,,0,,,0,,,0,,,0,,0,0
711F1CB621523743,0,0,0,hud_icon_splash_kill,0,splash,skill,,0,,,,,,0,,0,0,,0,,,0,,,0,,,0,,0,0
F724D9C81E05584B,0,0,0,hud_icon_splash_kill,0,splash,skill,,0,,,,0,0,0,,0,0,,0,,,0,,,0,,,0,,0,0
13B605E7ED53B72E,0,0,0,hud_icon_splash_kill,0,splash,skill,,0,,,,0,0,0,,0,0,,0,,,0,,,0,,,0,,0,0
2DD6F453A706CD8C,0,0,0,hud_icon_splash_kill,0,splash,skill,,0,,,,0,0,0,,0,0,,0,,,0,,,0,,,0,,0,0
6F7CF4DD6AF9667E,0,0,0,hud_icon_splash_kill,0,splash,skill,,0,,,,0,0,0,,0,0,,0,,,0,,,0,,,0,,0,0
106F292DCC64263F,0,0,0,hud_icon_splash_kill,0,splash,skill,,0,,,,0,0,0,,0,0,,0,,,0,,,0,,,0,,0,0
37FCE6CABEC1DA7A,0,0,0,hud_icon_splash_kill,0,splash,skill,,0,,,,0,0,0,,0,0,,0,,,0,,,0,,,0,,0,0
E8888B8C416A9576,0,0,0,hud_icon_splash_kill,0,splash,skill,,0,,,,0,0,0,,0,0,,0,,,0,,,0,,,0,,0,0
67F5DE88F74425F1,0,0,0,hud_icon_splash_kill,0,splash,skill,,0,,,,0,0,0,,0,0,,0,,,0,,,0,,,0,,0,0
D85D8DE6ED30FC6B,0,0,0,hud_icon_splash_kill,0,splash,skill,,0,,,,0,0,0,,0,0,,0,,,0,,,0,,,0,,0,0
D851AA0ED3213C58,0,0,0,hud_icon_splash_kill,0,splash,skill,,0,,,,0,0,0,,0,0,,0,,,0,,,0,,,0,,0,0
64F0DB238DAC1F73,0,0,0,hud_icon_splash_kill,0,splash,skill,,0,,,,0,0,0,,0,0,,0,,,0,,,0,,,0,,0,0
52E67B81529D3AB2,0,0,0,hud_icon_splash_kill,0,splash,skill,,0,,,,0,0,0,,0,0,,0,,,0,,,0,,,0,,0,0
7D137502F73F6B67,0,0,0,hud_icon_splash_kill,0,splash,skill,,0,,,,0,0,0,,0,0,,0,,,0,,,0,,,0,,0,0
5F88C4DA4671AF00,0,0,0,hud_icon_splash_kill,0,splash,skill,,0,,,,0,0,0,,0,0,,0,,,0,,,0,,,0,,0,0
1E430290CE72E47,0,0,0,hud_icon_splash_kill,0,splash,skill,,0,,,,0,0,0,,0,0,,0,,,0,,,0,,,0,,0,0
D3F18ECD0BC1A128,0,0,0,hud_icon_splash_kill,0,splash,skill,,0,,,,0,0,0,,0,0,,0,,,0,,,0,,,0,,0,0
E2A6CDFDD2E23304,0,0,0,hud_icon_splash_kill,0,splash,skill,,0,,,,0,0,0,,0,0,,0,,,0,,,0,,,0,,0,0
2823BA96A58D710,0,0,0,hud_icon_splash_kill,0,splash,skill,,0,,,,0,0,0,,0,0,,0,,,0,,,0,,,0,,0,0
F88A0D21A577AA90,0,0,0,hud_icon_splash_kill,0,splash,skill,,0,,,,0,0,0,,0,0,,0,,,0,,,0,,,0,,0,0
B346A69F055C00A4,0,0,0,hud_icon_splash_kill,0,splash,skill,,0,,,,0,0,0,,0,0,,0,,,0,,,0,,,0,,0,0
7C3376E4654A7DAD,0,0,0,hud_icon_splash_kill,0,splash,skill,,0,,,,0,0,0,,0,0,,0,,,0,,,0,,,0,,0,0
E2A2B49B5B2FE490,0,0,0,hud_icon_splash_kill,0,splash,skill,,0,,,,0,0,0,,0,0,,0,,,0,,,0,,,0,,0,0
2B5885666AF24123,0,0,0,hud_icon_splash_kill,0,splash,skill,,0,,,,0,0,0,,0,0,,0,,,0,,,0,,,0,,0,0
F9E3D5B3830715EE,0,0,0,hud_icon_splash_kill,0,splash,skill,,0,,,,0,0,0,,0,0,,0,,,0,,,0,,,0,,0,0
CD839781C4FA65A5,0,0,0,hud_icon_splash_kill,0,splash,skill,,0,,,,0,0,0,,0,0,,0,,,0,,,0,,,0,,0,0
A6AA7BEC1696763F,0,0,0,hud_icon_splash_kill,0,splash,skill,,0,,,,0,0,0,,0,0,,0,,,0,,,0,,,0,,0,0
1D0EB15F8AE9C748,0,0,0,hud_icon_splash_kill,0,splash,skill,,0,,,,0,0,0,,0,0,,0,,,0,,,0,,,0,,0,0
11FECF17F84E5FE3,0,0,0,hud_icon_splash_kill,0,splash,skill,,0,,,,0,0,0,,0,0,,0,,,0,,,0,,,0,,0,0
699DC9EF70363148,0,0,0,icon_splash_skill_shot,0,splash,skill,,0,,,,0,0,0,,0,0,,0,,,0,,,0,,,0,,0,0
9C2890FD240345F6,0,0,0,icon_splash_skill_shot,0,splash,skill,,0,,,,0,0,0,,0,0,,0,,,0,,,0,,,0,,0,0
DC776F99C57296EA,0,0,0,icon_splash_skill_shot,0,splash,skill,,0,,,,0,0,0,,0,0,,0,,,0,,,0,,,0,,0,0
547DE728AAA4D0E0,0,0,0,icon_splash_skill_shot,0,splash,skill,,0,,,,0,0,0,,0,0,,0,,,0,,,0,,,0,,0,0
4573133E2ED362F6,0,0,0,icon_splash_skill_shot,0,splash,skill,,0,,,,0,0,0,,0,0,,0,,,0,,,0,,,0,,0,0
97EF03EC89D40F6A,0,0,0,hud_icon_splash_kill,0,splash,skill,,0,,,,0,0,0,,0,0,,0,,,0,,,0,,,0,,0,0
FE6243D280C9E5CF,0,0,0,hud_icon_splash_kill,0,splash,skill,,0,,,,50,1,0,,0,0,,0,,,0,,,0,,,0,,0,0
992BAA42F95D6A55,0,0,0,hud_icon_splash_kill,0,splash,skill,,0,,,,17,0,0,,0,0,,0,,,0,,,0,,,0,,0,0
106962D4EDB25321,0,0,0,hud_icon_splash_kill,0,splash,skill,,0,,,,27,0,0,,0,0,,0,,,0,,,0,,,0,,0,0
D3C055A940235D0C,0,0,0,hud_icon_splash_kill,0,splash,skill,,0,,,,1,0,0,,0,0,,0,,,0,,,0,,,0,,0,0
FE68DFA78D19874E,0,0,0,hud_icon_splash_kill,0,splash,skill,,0,,,,2,0,0,,0,0,,0,,,0,,,0,,,0,,0,0
983A27A4042B4F77,0,0,0,hud_icon_splash_kill,0,splash,skill,,0,,,,3,0,0,,0,0,,0,,,0,,,0,,,0,,0,0
153109F7B94F0A56,0,0,0,hud_icon_splash_kill,0,splash,skill,,0,,,,4,0,0,,0,0,,0,,,0,,,0,,,0,,0,0
EF68378274BC9C41,0,0,0,hud_icon_splash_kill,0,splash,skill,,0,,,,4,0,0,,0,0,,0,,,0,,,0,,,0,,0,0
259309D09F23FABB,0,0,0,hud_icon_splash_kill,0,splash,skill,,0,,,,4,0,0,,0,0,,0,,,0,,,0,,,0,,0,0
8ACC568044660AA7,0,0,0,hud_icon_splash_kill,0,splash,skill,,0,,,,4,0,0,,0,0,,0,,,0,,,0,,,0,,0,0
8D58394A2E99BAE8,0,0,0,hud_icon_splash_kill,0,splash,skill,,0,,,,0,0,0,,0,0,,0,,,0,,,0,,,0,,0,0
E3569AEC4686A8D6,0,0,0,hud_icon_splash_kill,0,splash,skill,,0,,,,0,0,0,,0,0,,0,,,0,,,0,,,0,,0,0
90720F3E9E9E20B1,0,0,0,hud_icon_splash_kill,0,splash,skill,,0,,,,0,0,0,,0,0,,0,,,0,,,0,,,0,,0,0
5FE4192C1FD1BE4C,0,0,0,hud_icon_splash_kill,0,splash,skill,,0,,,,0,0,0,,0,0,,0,,,0,,,0,,,0,,0,0
CBA13C9BB5951860,0,0,0,hud_icon_splash_kill,0,splash,skill,,0,,,,0,0,0,,0,0,,0,,,0,,,0,,,0,,0,0
9ADF05EFF636E976,0,0,0,hud_icon_splash_kill,0,splash,skill,,0,,,,0,0,0,,0,0,,0,,,0,,,0,,,0,,0,0
82D7B30F3FCCD126,0,0,0,hud_icon_splash_kill,0,splash,skill,,0,,,,0,0,0,,0,0,,0,,,0,,,0,,,0,,0,0
532C064CAF1E3CA6,0,0,0,hud_icon_splash_kill,0,splash,skill,,0,,,,40,0,0,,0,0,,0,,,0,,,0,,,0,,0,0
DECD39D6AECA5C6C,0,0,0,hud_icon_splash_kill,0,splash,skill,,0,,,,0,0,0,,0,0,,0,,,0,,,0,,,0,,0,0
6385DFF5BE2B38AF,0,0,0,hud_icon_splash_kill,42D038E5FCF9E740,killstreak_splash,killstreak,TRUE,0,,,,,,0,,0,0,,0,,,0,,,0,,,0,,0,0
1854B1CA8856F504,0,0,0,hud_icon_splash_kill,0,splash,skill,,0,,,,0,0,0,,0,0,,0,,,0,,,0,,,0,,0,0
8256DF280C4762EB,0,0,0,hud_icon_splash_kill,0,splash,skill,,0,,,,0,0,0,,0,0,,0,,,0,,,0,,,0,,0,0
A16ADEAB187F115B,0,0,0,hud_icon_splash_kill,0,splash,skill,,0,,,,0,0,0,,0,0,,0,,,0,,,0,,,0,,0,0
114723BE5AA01334,0,0,0,hud_icon_splash_kill,0,splash,skill,,0,,,,0,0,0,,0,0,,0,,,0,,,0,,,0,,0,0
2E07BBCC73ED19E8,0,0,0,hud_icon_splash_kill,0,splash,skill,,0,,,,0,0,0,,0,0,,0,,,0,,,0,,,0,,0,0
DAF5C8199CB809AE,0,0,0,hud_icon_splash_kill,0,splash,skill,,0,,,,0,0,0,,0,0,,0,,,0,,,0,,,0,,0,0
69B1469E70319F73,0,0,0,hud_icon_splash_kill,0,splash,skill,,0,,,,0,0,0,,0,0,,0,,,0,,,0,,,0,,0,0
995970F8D980C97C,0,0,0,hud_icon_splash_kill,0,splash,skill,,0,,,,0,0,0,,0,0,,0,,,0,,,0,,,0,,0,0
ADD42535DE0B8B91,0,0,0,hud_icon_splash_kill,0,splash,skill,,0,,,,0,0,0,,0,0,,0,,,0,,,0,,,0,,0,0
86E6AB76A75129C7,0,0,0,hud_icon_splash_kill,0,splash,skill,,0,,,,0,0,0,,0,0,,0,,,0,,,0,,,0,,0,0
2009F98B7647C4A4,0,0,0,hud_icon_splash_kill,0,splash,skill,,0,,,,0,0,0,,0,0,,0,,,0,,,0,,,0,,0,0
190CE36A002206BE,0,0,0,icon_splash_skill_shot,0,splash,skill,,0,,,,0,0,0,,0,0,,0,,,0,,,0,,,0,,0,0
F4CD65EB4AA3FD61,0,0,0,hud_icon_splash_kill,0,splash,skill,,0,,,,0,0,0,,0,0,,0,,,0,,,0,,,0,,0,0
971A82E17E683215,0,0,0,hud_icon_splash_kill,0,splash,skill,,0,,,,0,0,0,,0,0,,0,,,0,,,0,,,0,,0,0
70C24CE7E0579E7A,0,0,0,icon_splash_skill_shot,0,splash,skill,,0,,,,0,0,0,,0,0,,0,,,0,,,0,,,0,,0,0
35A96901BCEACD23,0,0,0,icon_splash_skill_shot,751229E865C80839,killstreak_splash,phaseChange,,0,,,splashNotifications.splashAlternativeColor1,,,0,,0,0,,0,,,0,,,0,,,0,ShowFancyStripes,0,0
8FA9BCF9EAAC78FA,0,0,0,hud_icon_splash_kill,0,splash,skill,,0,,,,0,0,0,,0,0,,0,,,0,,,0,,,0,,0,0
B88E45E7E5722885,0,0,0,hud_icon_splash_kill,0,splash,skill,,0,,,,0,0,0,,0,0,,0,,,0,,,0,,,0,,0,0
DC7A8A01B9B6AA24,0,0,0,hud_icon_splash_kill,0,splash,skill,,0,,,,0,0,0,,0,0,,0,,,0,,,0,,,0,,0,0
91372813B1BCAF92,0,0,0,hud_icon_splash_kill,0,splash,skill,,0,,,,0,0,0,,0,0,,0,,,0,,,0,,,0,,0,0
2E4B4CEFA76857CA,0,0,0,hud_icon_splash_kill,0,splash,skill,,0,,,,0,0,0,,0,0,,0,,,0,,,0,,,0,,0,0
FF156B04645795AE,0,0,0,hud_icon_splash_kill,0,splash,skill,,0,,,,0,0,0,,0,0,,0,,,0,,,0,,,0,,0,0
BC82BD9CAA5693CE,0,0,0,hud_icon_splash_kill,0,splash,skill,,0,,,,0,0,0,,0,0,,0,,,0,,,0,,,0,,0,0
32D643F803437AAA,0,0,0,hud_icon_splash_kill,0,splash,skill,,0,,,,0,0,0,,0,0,,0,,,0,,,0,,,0,,0,0
CBCB83B1A39C5C8E,0,0,0,hud_icon_splash_kill,0,playercard_splash,gameplay,,0,,,,,0,0,,0,0,,0,,,0,,,0,,,0,,0,0
DBC8F7C367A274AE,0,0,0,hud_icon_splash_kill,0,splash,skill,,0,,,,0,0,0,,0,0,,0,,,0,,,0,,,0,,0,0
E53F3D793ABCEBD3,0,0,0,hud_icon_splash_kill,0,splash,skill,,0,,,,0,0,0,,0,0,,0,,,0,,,0,,,0,,0,0
36AF03684AC64EB8,0,0,0,icon_splash_skill_shot,0,splash,skill,,0,,,,0,0,0,,0,0,,0,,,0,,,0,,,0,,0,0
527AEE59BF6F0079,0,0,0,icon_splash_skill_shot,0,splash,skill,,0,,,,0,0,0,,0,0,,0,,,0,,,0,,,0,,0,0
2E7DF47FE2D0BA3A,0,0,0,hud_icon_splash_kill,0,splash,skill,,0,,,,0,0,0,,0,0,,0,,,0,,,0,,,0,,0,0
14CA5D321828D5C5,0,0,0,icon_splash_skill_shot,0,splash,skill,,0,,,,0,0,0,,0,0,,0,,,0,,,0,,,0,,0,0
61E7451E5D97D089,0,0,0,hud_icon_splash_kill,0,splash,skill,,0,,,,0,0,0,,0,0,,0,,,0,,,0,,,0,,0,0
FA8CC32CE86849B6,0,0,0,icon_splash_skill_shot,0,splash,skill,,0,,,,0,0,0,,0,0,,0,,,0,,,0,,,0,,0,0
7E236756FB6F7C1A,0,0,0,hud_icon_splash_kill,0,splash,skill,,0,,,,0,0,0,,0,0,,0,,,0,,,0,,,0,,0,0
B89E7559B23A1287,0,0,0,hud_icon_splash_kill,0,splash,skill,,0,,,,0,0,0,,0,0,,0,,,0,,,0,,,0,,0,0
C164717864E640FF,0,0,0,hud_icon_splash_kill,0,splash,skill,,0,,,,0,0,0,,0,0,,0,,,0,,,0,,,0,,0,0
8567CA81F8C59D3C,0,0,0,hud_icon_splash_kill,0,splash,skill,,0,,,,0,0,0,,0,0,,0,,,0,,,0,,,0,,0,0
E24741BA71BBB56B,0,0,0,hud_icon_splash_kill,0,splash,skill,,0,,,,0,0,0,,0,0,,0,,,0,,,0,,,0,,0,0
31C5E73863EE8289,0,0,0,hud_icon_splash_kill,0,splash,skill,,0,,,,0,0,0,,0,0,,0,,,0,,,0,,,0,,0,0
74634E3169E1F8B7,0,0,0,hud_icon_splash_kill,0,splash,skill,,0,,,,0,0,0,,0,0,,0,,,0,,,0,,,0,,0,0
65B89CC1F786F315,0,0,0,hud_icon_splash_kill,0,splash,skill,,0,,,,0,0,0,,0,0,,0,,,0,,,0,,,0,,0,0
BE03C8D7051ADFA8,0,0,0,hud_icon_splash_kill,0,splash,skill,,0,,,,0,0,0,,0,0,,0,,,0,,,0,,,0,,0,0
8567CA81F8C59D3C,0,0,0,hud_icon_splash_kill,0,splash,skill,,0,,,,0,0,0,,0,0,,0,,,0,,,0,,,0,,0,0
FEC13AD5EA891DCE,0,0,0,hud_icon_splash_kill,0,splash,skill,,0,,,,0,0,0,,0,0,,0,,,0,,,0,,,0,,0,0
FD5E014E1660FC72,0,0,0,hud_icon_splash_kill,0,splash,skill,,0,,,,0,0,0,,0,0,,0,,,0,,,0,,,0,,0,0
F982730CA4AE79C7,0,0,0,hud_icon_splash_kill,0,splash,skill,,0,,,,0,0,0,,0,0,,0,,,0,,,0,,,0,,0,0
1F1E94E8339E1FD1,0,0,0,hud_icon_splash_kill,0,splash,skill,,0,,,,0,0,0,,0,0,,0,,,0,,,0,,,0,,0,0
9A398B6A291FCD80,0,0,0,hud_icon_splash_kill,0,splash,skill,,0,,,,0,0,0,,0,0,,0,,,0,,,0,,,0,,0,0
E54C7B357A5A826C,0,0,0,hud_icon_splash_kill,0,splash,skill,,0,,,,0,0,0,,0,0,,0,,,0,,,0,,,0,,0,0
17632F30731E2AFF,0,0,0,hud_icon_splash_kill,0,splash,skill,,0,,,,0,0,0,,0,0,,0,,,0,,,0,,,0,,0,0
1527C780FBE48BEF,0,0,0,hud_icon_splash_kill,0,splash,skill,,0,,,,0,0,0,,0,0,,0,,,0,,,0,,,0,,0,0
6FF0E80C570DACA1,0,0,0,hud_icon_splash_kill,0,splash,skill,,0,,,,0,0,0,,0,0,,0,,,0,,,0,,,0,,0,0
F648E4847B740818,0,0,0,hud_icon_splash_kill,0,splash,skill,,0,,,,0,0,0,,0,0,,0,,,0,,,0,,,0,,0,0
5FE7A371A8CE26A3,0,0,0,icon_splash_skill_shot,0,splash,skill,,0,,,,0,0,0,,0,0,,0,,,0,,,0,,,0,,0,0
6768F55428D37201,0,0,0,hud_icon_splash_kill,0,splash,skill,,0,,,,0,0,0,,0,0,,0,,,0,,,0,,,0,,0,0
199FB097E6E3A35E,0,0,0,icon_splash_skill_shot,0,splash,skill,,0,,,,0,0,0,,0,0,,0,,,0,,,0,,,0,,0,0
42F35AF3197F7EAC,0,0,0,hud_icon_splash_kill,0,splash,skill,,0,,,,0,0,0,,0,0,,0,,,0,,,0,,,0,,0,0
906DF18504D76AAF,0,0,0,icon_splash_skill_shot,0,splash,skill,,0,,,,0,0,0,,0,0,,0,,,0,,,0,,,0,,0,0
470103FDE6A5E1AE,0,0,0,hud_icon_splash_kill,0,splash,skill,,0,,,,0,0,0,,0,0,,0,,,0,,,0,,,0,,0,0
B59CC083FE34FA92,0,0,0,hud_icon_splash_kill,0,splash,skill,,0,,,,0,0,0,,0,0,,0,,,0,,,0,,,0,,0,0
907BBE9CD1A3124E,0,0,0,hud_icon_splash_kill,0,splash,skill,,0,,,,0,0,0,,0,0,,0,,,0,,,0,,,0,,0,0
86CFB765FD354404,0,0,0,hud_icon_splash_kill,0,splash,skill,,0,,,,0,0,0,,0,0,,0,,,0,,,0,,,0,,0,0
F228812C2D41927F,0,0,0,hud_icon_splash_kill,0,splash,skill,,0,,,,0,0,0,,0,0,,0,,,0,,,0,,,0,,0,0
EBCC9C019C3B6818,0,0,0,hud_icon_splash_kill,0,splash,skill,,0,,,,0,0,0,,0,0,,0,,,0,,,0,,,0,,0,0
26AF492F73FD2EEF,0,0,0,hud_icon_splash_kill,0,splash,skill,,0,,,,0,0,0,,0,0,,0,,,0,,,0,,,0,,0,0
381F16DD2B01C743,0,0,0,hud_icon_splash_kill,0,splash,skill,,0,,,,0,0,0,,0,0,,0,,,0,,,0,,,0,,0,0
A019BA6FDA76386,0,0,0,hud_icon_splash_kill,0,splash,skill,,0,,,,0,0,0,,0,0,,0,,,0,,,0,,,0,,0,0
FD0C8FBAC1063EAA,0,0,0,hud_icon_splash_kill,0,splash,skill,,0,,,,0,0,0,,0,0,,0,,,0,,,0,,,0,,0,0
2B561EF0AC51E440,0,0,0,hud_icon_splash_kill,0,splash,skill,,0,,,,0,0,0,,0,0,,0,,,0,,,0,,,0,,0,0
670456684D1AC92F,0,0,0,hud_icon_splash_kill,0,splash,skill,,0,,,,0,0,0,,0,0,,0,,,0,,,0,,,0,,0,0
AB2FB342759B6ABC,0,0,0,hud_icon_splash_kill,0,splash,skill,,0,,,,0,0,0,,0,0,,0,,,0,,,0,,,0,,0,0
76CF2380A7683FDC,0,0,0,hud_icon_splash_kill,0,splash,skill,,0,,,,0,0,0,,0,0,,0,,,0,,,0,,,0,,0,0
4B2FAAEAB2B30DB,0,0,0,hud_icon_splash_kill,0,splash,skill,,0,,,,0,0,0,,0,0,,0,,,0,,,0,,,0,,0,0
downed,0,0,0,hud_icon_splash_kill,0,splash,skill,,0,,,,0,0,0,,0,0,,0,,,0,,,0,,,0,,0,0
40C5F8104D76CC15,0,0,0,hud_icon_splash_kill,0,splash,skill,,0,,,,0,0,0,,0,0,,0,,,0,,,0,,,0,,0,0
FE819F757CFE15FD,0,0,0,hud_icon_splash_kill,0,splash,skill,,0,,,,0,0,0,,0,0,,0,,,0,,,0,,,0,,0,0
dropped_gun_rank,0,0,0,hud_icon_splash_kill,0,splash,skill,,0,,,,0,0,0,,0,0,,0,,,0,,,0,,,0,,0,0
9FEDFEA2929DC7DA,0,0,0,hud_icon_splash_kill,0,splash,skill,,0,,,,0,0,0,,0,0,,0,,,0,,,0,,,0,,0,0
2E26E029BE55081F,0,0,0,hud_icon_splash_kill,0,splash,skill,,0,,,,0,0,0,,0,0,,0,,,0,,,0,,,0,,0,0
EFCED04EC930C90A,0,0,0,hud_icon_splash_kill,0,splash,skill,,0,,,,0,0,0,,0,0,,0,,,0,,,0,,,0,,0,0
82764141DB0ED88B,0,0,0,hud_icon_splash_kill,0,splash,skill,,0,,,,0,0,0,,0,0,,0,,,0,,,0,,,0,,0,0
39405074C551A796,0,0,0,hud_icon_splash_kill,0,splash,skill,,0,,,,0,0,0,,0,0,,0,,,0,,,0,,,0,,0,0
BBDFB18B5C09BF99,0,0,0,hud_icon_splash_kill,0,splash,skill,,0,,,,0,0,0,,0,0,,0,,,0,,,0,,,0,,0,0
798AC65F7DD76DDE,0,0,0,hud_icon_splash_kill,0,splash,skill,,0,,,,0,0,0,,0,0,,0,,,0,,,0,,,0,,0,0
798AC55F7DD76C2B,0,0,0,hud_icon_splash_kill,0,splash,skill,,0,,,,0,0,0,,0,0,,0,,,0,,,0,,,0,,0,0
798AC45F7DD76A78,0,0,0,hud_icon_splash_kill,0,splash,skill,,0,,,,0,0,0,,0,0,,0,,,0,,,0,,,0,,0,0
798ACB5F7DD7765D,0,0,0,hud_icon_splash_kill,0,splash,skill,,0,,,,0,0,0,,0,0,,0,,,0,,,0,,,0,,0,0
798ACA5F7DD774AA,0,0,0,hud_icon_splash_kill,0,splash,skill,,0,,,,0,0,0,,0,0,,0,,,0,,,0,,,0,,0,0
798AC95F7DD772F7,0,0,0,hud_icon_splash_kill,0,splash,skill,,0,,,,0,0,0,,0,0,,0,,,0,,,0,,,0,,0,0
798AC85F7DD77144,0,0,0,hud_icon_splash_kill,0,splash,skill,,0,,,,0,0,0,,0,0,,0,,,0,,,0,,,0,,0,0
798ABF5F7DD761F9,0,0,0,hud_icon_splash_kill,0,splash,skill,,0,,,,0,0,0,,0,0,,0,,,0,,,0,,,0,,0,0
798ABE5F7DD76046,0,0,0,hud_icon_splash_kill,0,splash,skill,,0,,,,0,0,0,,0,0,,0,,,0,,,0,,,0,,0,0
5E3D0242D50FCB6A,0,0,0,hud_icon_splash_kill,0,splash,skill,,0,,,,0,0,0,,0,0,,0,,,0,,,0,,,0,,0,0
5E3CFF42D50FC651,0,0,0,hud_icon_splash_kill,0,splash,skill,,0,,,,0,0,0,,0,0,,0,,,0,,,0,,,0,,0,0
5E397C42D50CB1E1,0,0,0,hud_icon_splash_kill,0,splash,skill,,0,,,,0,0,0,,0,0,,0,,,0,,,0,,,0,,0,0
5E397F42D50CB6FA,0,0,0,hud_icon_splash_kill,0,splash,skill,,0,,,,0,0,0,,0,0,,0,,,0,,,0,,,0,,0,0
33FCE2D2BE98F404,0,0,0,hud_icon_splash_kill,0,splash,skill,,0,,,,0,0,0,,0,0,,0,,,0,,,0,,,0,,0,0
4B48AC00C71C955A,0,0,0,hud_icon_splash_kill,0,splash,skill,,0,,,,0,0,0,,0,0,,0,,,0,,,0,,,0,,0,0
32C5F215F3EC3B3,0,0,0,hud_icon_splash_kill,0,splash,skill,,0,,,,,,0,,0,0,,0,,,0,,,0,,,0,,0,0
B5D220140FA6945A,0,0,0,hud_icon_splash_kill,4349F9861517A6A6,splash,local,,0,,,,,,0,,0,0,,0,,,0,,,0,,,0,,0,0
92F3A58443917B3,0,0,0,hud_icon_objective_cash_bag,0,playercard_splash,gameplay,,0,,,,,,0,,0,0,,0,,,0,,,0,,,0,,0,0
57090CFD921A641B,0,0,0,hud_icon_objective_cash_bag,0,playercard_splash,gameplay,,0,,,,,,0,,0,0,,0,,,0,,,0,,,0,,0,0
FCB05A5225DE0948,0,0,0,hud_icon_objective_cash_bag,0,playercard_splash,gameplay,,0,,,,,,0,,0,0,,0,,,0,,,0,,,0,,0,0
9BEEC2C593762DC2,0,0,0,hud_icon_splash_kill,0,,,,0,,,,0,0,0,,0,0,,0,,,0,,,0,,,0,,0,0
9021B5FC3CF2D1CE,0,0,0,hud_icon_splash_kill,0,,,,0,,,,0,0,0,,0,0,,0,,,0,,,0,,,0,,0,0
A3E2ECF35235E00E,0,0,0,hud_icon_splash_kill,0,,,,0,,,,0,0,0,,0,0,,0,,,0,,,0,,,0,,0,0
ADEF595282F2DA8,0,0,0,hud_icon_splash_kill,0,,,,0,,,,0,0,0,,0,0,,0,,,0,,,0,,,0,,0,0
670452747FC8DDA4,0,0,0,hud_icon_splash_kill,0,,,,0,,,,0,0,0,,0,0,,0,,,0,,,0,,,0,,0,0
62166C6D2FCB36C3,0,0,0,hud_icon_splash_kill,0,,,,0,,,,0,0,0,,0,0,,0,,,0,,,0,,,0,,0,0
2EA2E76452C29F97,0,0,0,hud_icon_splash_kill,0,,,,0,,,,,,0,,0,0,,0,,,0,,,0,,,0,,0,0
CBC281D817D43998,0,0,0,hud_icon_splash_kill,0,,,,0,,,,,,0,,0,0,,0,,,0,,,0,,,0,,0,0
63DDB3737FCC850D,0,0,0,hud_icon_splash_kill,0,,,,0,,,,,,0,,0,0,,0,,,0,,,0,,,0,,0,0
5A2C275279403F5,0,0,0,hud_icon_splash_kill,0,splash,skill,,0,,,,99,1,0,,0,0,,0,,,0,,,0,,,0,,0,0
6C63C18261A7AF97,0,0,0,hud_icon_splash_kill,0,splash,skill,,0,,,,99,0,0,,0,0,,0,,,0,,,0,,,0,,0,0
584786512B068A29,0,0,0,hud_icon_splash_kill,0,splash,skill,,0,,,,99,0,0,,0,0,,0,,,0,,,0,,,0,,0,0
F3613BEAE4483DB1,0,0,0,hud_icon_splash_kill,0,splash,skill,,0,,,,99,0,0,,0,0,,0,,,0,,,0,,,0,,0,0
9A68D11B1688325A,0,0,0,hud_icon_splash_kill,0,splash,skill,,0,,,,99,0,0,,0,0,,0,,,0,,,0,,,0,,0,0
3B0B5B72C38E1A56,0,0,0,hud_icon_splash_kill,0,splash,skill,,0,,,,99,0,0,,0,0,,0,,,0,,,0,,,0,,0,0
A664E407EB3E39D4,0,0,0,hud_icon_splash_kill,0,splash,skill,,0,,,,99,0,0,,0,0,,0,,,0,,,0,,,0,,0,0
541F0B57F321A27,0,0,0,hud_icon_splash_kill,0,splash,skill,,0,,,,99,0,0,,0,0,,0,,,0,,,0,,,0,,0,0
C02C8C802F07C908,0,0,0,hud_icon_splash_kill,0,splash,skill,,0,,,,99,0,0,,0,0,,0,,,0,,,0,,,0,,0,0
4F33A2C9E6F878F3,0,0,0,hud_icon_splash_kill,0,splash,skill,,0,,,,99,0,0,,0,0,,0,,,0,,,0,,,0,,0,0
1EE8D6BCAF4366BE,0,0,0,hud_icon_splash_kill,0,splash,skill,,0,,,,99,0,0,,0,0,,0,,,0,,,0,,,0,,0,0
8EBEDEB366A503F7,0,0,0,hud_icon_splash_kill,0,splash,skill,,0,,,,99,0,0,,0,0,,0,,,0,,,0,,,0,,0,0
7410841FD4C63028,0,0,0,hud_icon_splash_kill,0,splash,skill,,0,,,,99,0,0,,0,0,,0,,,0,,,0,,,0,,0,0
392CD4486F5AB82E,0,0,0,hud_icon_splash_kill,0,splash,skill,,0,,,,99,0,0,,0,0,,0,,,0,,,0,,,0,,0,0
F954FA77F78FCA21,0,0,0,hud_icon_splash_kill,0,splash,skill,,0,,,,99,0,0,,0,0,,0,,,0,,,0,,,0,,0,0
59943F6A740F581B,0,0,0,hud_icon_splash_kill,0,splash,skill,,0,,,,99,0,0,,0,0,,0,,,0,,,0,,,0,,0,0
D4A6C340834F7B63,0,0,0,,0,playercard_splash,skill,,0,,,,,,0,,0,0,,0,,,0,,,0,,,0,,0,0
7AD5DDC92BA0F52B,0,0,0,rank_prestige1,0,urgent_splash,rank,,0,,,,,,0,,0,0,,0,,,0,,,0,,,0,,0,0
7AD5DEC92BA0F6DE,0,0,0,rank_prestige2,0,urgent_splash,rank,,0,,,,,,0,,0,0,,0,,,0,,,0,,,0,,0,0
7AD5DFC92BA0F891,0,0,0,rank_prestige3,0,urgent_splash,rank,,0,,,,,,0,,0,0,,0,,,0,,,0,,,0,,0,0
7AD5E0C92BA0FA44,0,0,0,rank_prestige4,0,urgent_splash,rank,,0,,,,,,0,,0,0,,0,,,0,,,0,,,0,,0,0
7AD5E1C92BA0FBF7,0,0,0,rank_prestige5,0,urgent_splash,rank,,0,,,,,,0,,0,0,,0,,,0,,,0,,,0,,0,0
7AD5E2C92BA0FDAA,0,0,0,rank_prestige6,0,urgent_splash,rank,,0,,,,,,0,,0,0,,0,,,0,,,0,,,0,,0,0
7AD5E3C92BA0FF5D,0,0,0,rank_prestige7,0,urgent_splash,rank,,0,,,,,,0,,0,0,,0,,,0,,,0,,,0,,0,0
7AD5D4C92BA0E5E0,0,0,0,rank_prestige8,0,urgent_splash,rank,,0,,,,,,0,,0,0,,0,,,0,,,0,,,0,,0,0
7AD5D5C92BA0E793,0,0,0,rank_prestige9,0,urgent_splash,rank,,0,,,,,,0,,0,0,,0,,,0,,,0,,,0,,0,0
5A5CF7D522807CE1,0,0,0,rank_prestige10,0,urgent_splash,rank,,0,,,,,,0,,0,0,,0,,,0,,,0,,,0,,0,0
4C8193193DF425AF,0,0,0,hud_icon_killstreak_uav,F51A5FB6CCEFE3C1,killstreak_splash,killstreak,TRUE,0,,,,,,0,,0,0,,0,,,0,,,0,,,0,,0,0
30232B902FA999D8,0,0,0,hud_icon_killstreak_uav,F51A5FB6CCEFE3C1,killstreak_splash,killstreak,TRUE,0,,,,,,0,,0,0,,0,,,0,,,0,,,0,,0,0
466FD16724D87FAE,0,0,0,hud_icon_killstreak_carepackage,87251CC8F148EC79,killstreak_splash,killstreak,TRUE,0,,,,,,0,,0,0,,0,,,0,,,0,,,0,,0,0
86E06BF5BEE98C56,0,0,0,hud_icon_killstreak_airstrike,BA8173F3A327F7B4,killstreak_splash,killstreak,TRUE,0,,,,,,0,,0,0,,0,,,0,,,0,,,0,,0,0
253FDFFA274446CC,0,0,0,hud_icon_killstreak_auav,1D0E6E0BAD3D47A6,killstreak_splash,killstreak,TRUE,0,,,,,,0,,0,0,,0,,,0,,,0,,,0,,0,0
D96EB90349109A67,0,0,0,hud_icon_killstreak_cuav,908C84C29D1235D6,killstreak_splash,killstreak,TRUE,0,,,,,,0,,0,0,,0,,,0,,,0,,,0,,0,0
4D8320E6011A0E89,0,0,0,hud_icon_killstreak_mortar_strike,872922991F111CD,killstreak_splash,killstreak,TRUE,0,,,,,,0,,0,0,,0,,,0,,,0,,,0,,0,0
C2DD447062472370,0,0,0,hud_icon_killstreak_cruise_missile,B70FFF1C73484B2B,killstreak_splash,killstreak,TRUE,0,,,,,,0,,0,0,,0,,,0,,,0,,,0,,0,0
E8627CB36EB8231B,0,0,0,hud_icon_killstreak_wheelson,7366C98AD80EFE1A,killstreak_splash,killstreak,TRUE,0,,,,,,0,,0,0,,0,,,0,,,0,,,0,,0,0
AF648E335983677A,0,0,0,hud_icon_killstreak_chopper_gunner,C9EB19CFF776B57C,killstreak_splash,killstreak,TRUE,0,,,,,,0,,0,0,,0,,,0,,,0,,,0,,0,0
2279014CF7C498FD,0,0,0,ui_icon_scorestreaks_widget_choppergunner,42D039E5FCF9E8F3,killstreak_splash,killstreak,TRUE,0,,,,,,0,,0,0,,0,,,0,,,0,,,0,,0,0
64388CFDDF27FBBF,0,0,0,hud_icon_killstreak_gunship,B8E663CFC3110C6,killstreak_splash,killstreak,TRUE,0,,,,,,0,,0,0,,0,,,0,,,0,,,0,,0,0
58FE791FE86C7F8,0,0,0,hud_icon_killstreak_fuel_airstrike,623EE27FDFF64534,killstreak_splash,killstreak,TRUE,0,,,,,,0,,0,0,,0,,,0,,,0,,,0,,0,0
B50AE9FC18DC0C5D,0,0,0,hud_icon_killstreak_juggernaut,DAE170AD9143A603,killstreak_splash,killstreak,TRUE,0,,,,,,0,,0,0,,0,,,0,,,0,,,0,,0,0
5BB3BDBA52958EE0,0,0,0,hud_icon_killstreak_nuke,92F287D334015D91,killstreak_splash,killstreak,TRUE,0,,,,,,0,,0,0,,0,,,0,,,0,,,0,,0,0
C2FE170653F1EDDB,0,0,0,hud_icon_killstreak_sentry,B9CEB8574C715555,killstreak_splash,killstreak,TRUE,0,,,,,,0,,0,0,,0,,,0,,,0,,,0,,0,0
395EB49878C0D675,0,0,0,hud_icon_killstreak_hover_jet,9941D4CFEC02422A,killstreak_splash,killstreak,TRUE,0,,,,,,0,,0,0,,0,,,0,,,0,,,0,,0,0
99DE5738E1EF2AEF,0,0,0,hud_icon_killstreak_emergency_airdrop,59D3D9EF5A15A496,killstreak_splash,killstreak,TRUE,0,,,,,,0,,0,0,,0,,,0,,,0,,,0,,0,0
4F340B13FE9D8305,0,0,0,hud_icon_killstreak_nuke,92F287D334015D91,killstreak_splash,killstreak,TRUE,0,,,,,,0,,0,0,,0,,,0,,,0,,,0,,0,0
7571B95EB3016CD,0,0,0,hud_icon_killstreak_drone_bomb,DCBA1D0B1F93AAE4,killstreak_splash,killstreak,TRUE,0,,,,,,0,,0,0,,0,,,0,,,0,,,0,,0,0
E0A1633F572B5717,0,0,0,hud_icon_killstreak_auto_drone,BFD97C2A123C94ED,killstreak_splash,killstreak,TRUE,0,,,,,,0,,0,0,,0,,,0,,,0,,,0,,0,0
393541C767C2DB70,0,0,0,hud_icon_killstreak_clusterspike,108856E3896D6F96,killstreak_splash,killstreak,TRUE,0,,,,,,0,,0,0,,0,,,0,,,0,,,0,,0,0
F57C51E3DA7F0DDB,0,0,0,hud_icon_killstreak_escort_airdrop,9F6AAC41B11D6ABA,killstreak_splash,killstreak,TRUE,0,,,,,,0,,0,0,,0,,,0,,,0,,,0,,0,0
807A7C5172AB7E64,0,0,0,ui_icon_scorestreaks_widget_radarping,2390D46E63CF46BA,killstreak_splash,killstreak,TRUE,0,,,,,,0,,0,0,,0,,,0,,,0,,,0,,0,0
4792B5769E953515,0,0,0,ui_icon_scorestreaks_widget_radarping,2390D46E63CF46BA,killstreak_splash,killstreak,TRUE,0,,,,,,0,,0,0,,0,,,0,,,0,,,0,,0,0
7F7A571FDC1E949E,0,0,0,ui_icon_scorestreaks_widget_rcxd,2390D46E63CF46BA,killstreak_splash,killstreak,TRUE,0,,,,,,0,,0,0,,0,,,0,,,0,,,0,,0,0
6806A13971508444,0,0,0,ui_icon_scorestreaks_widget_tank_drone,2390D46E63CF46BA,killstreak_splash,killstreak,TRUE,0,,,,,,0,,0,0,,0,,,0,,,0,,,0,,0,0
899A8B07558B3B59,0,0,0,ui_icon_scorestreaks_widget_chopper_door_gunner,2390D46E63CF46BA,killstreak_splash,killstreak,TRUE,0,,,,,,0,,0,0,,0,,,0,,,0,,,0,,0,0
missile_turret,0,0,0,jup_hud_icon_killstreaks_sam_turret,42D039E5FCF9E8F3,killstreak_splash,killstreak,TRUE,0,,,,,,0,,0,0,,0,,,0,,,0,,,0,,0,0
19406E7C5CEFF9B8,0,0,0,hud_icon_killstreak_cruise_missile,2390D46E63CF46BA,killstreak_splash,killstreak,TRUE,0,,,,,,0,,0,0,,0,,,0,,,0,,,0,,0,0
74B90B1AAD76663A,0,0,0,hud_icon_killstreak_mgb,42D038E5FCF9E740,killstreak_splash,killstreak,TRUE,0,,,,,,0,,0,0,,0,,,0,,,0,,,0,,0,0
C5920AAA21701C9D,0,0,0,hud_icon_killstreak_supply_sweep,87DB0894A7A80825,killstreak_splash,killstreak,TRUE,0,,,,,,0,,0,0,,0,,,0,,,0,,,0,,0,0
E5AC8B7D9106AFBC,0,0,0,icon_splash_skill_shot,0,,,,0,,,,0,0,0,,0,0,,0,,,0,,,0,,,0,,0,0
CDA93D57138A9AA2,0,0,0,icon_perk_slot_pointman_ui,9471FD04B1BB9D5F,killstreak_splash,killstreak,TRUE,0,,,,,,0,,0,0,,0,,,0,,,0,,,0,,0,0
D71FEE465742D3B7,0,0,0,iw9_icon_perk_munitions,9471FD04B1BB9D5F,killstreak_splash,killstreak,TRUE,0,,,,,,0,,0,0,,0,,,0,,,0,,,0,,0,0
2EC8B28122609B09,0,0,0,iw9_icon_perk_surveillance,9471FD04B1BB9D5F,killstreak_splash,killstreak,TRUE,0,,,,,,0,,0,0,,0,,,0,,,0,,,0,,0,0
D3AD8E4E0A7F0AA9,0,0,0,iw9_icon_perk_guerilla,9471FD04B1BB9D5F,killstreak_splash,killstreak,TRUE,0,,,,,,0,,0,0,,0,,,0,,,0,,,0,,0,0
917E3625C1546A46,0,0,0,iw9_icon_perk_tune_up,9471FD04B1BB9D5F,killstreak_splash,killstreak,TRUE,0,,,,,,0,,0,0,,0,,,0,,,0,,,0,,0,0
6190AFEC54EC74D1,0,0,0,iw9_icon_perk_restock,9471FD04B1BB9D5F,killstreak_splash,killstreak,TRUE,0,,,,,,0,,0,0,,0,,,0,,,0,,,0,,0,0
60C8363DD93CD73B,0,0,0,iw9_icon_perk_hustle,9471FD04B1BB9D5F,killstreak_splash,killstreak,TRUE,0,,,,,,0,,0,0,,0,,,0,,,0,,,0,,0,0
20D9467BC1C9641,0,0,0,iw9_icon_perk_tactical_recon,9471FD04B1BB9D5F,killstreak_splash,killstreak,TRUE,0,,,,,,0,,0,0,,0,,,0,,,0,,,0,,0,0
7301B02234233BAB,0,0,0,iw9_icon_perk_tac_resist,9471FD04B1BB9D5F,killstreak_splash,killstreak,TRUE,0,,,,,,0,,0,0,,0,,,0,,,0,,,0,,0,0
65FC678F9CFC59AB,0,0,0,iw9_icon_perk_heavy_metal,9471FD04B1BB9D5F,killstreak_splash,killstreak,TRUE,0,,,,,,0,,0,0,,0,,,0,,,0,,,0,,0,0
9502F182513675CD,0,0,0,iw9_icon_perk_scavenger,9471FD04B1BB9D5F,killstreak_splash,killstreak,TRUE,0,,,,,,0,,0,0,,0,,,0,,,0,,,0,,0,0
743303B55D2EC65A,0,0,0,iw9_icon_perk_shrapnel,9471FD04B1BB9D5F,killstreak_splash,killstreak,TRUE,0,,,,,,0,,0,0,,0,,,0,,,0,,,0,,0,0
85C9BF0E73E11496,0,0,0,iw9_icon_perk_covert_ops,9471FD04B1BB9D5F,killstreak_splash,killstreak,TRUE,0,,,,,,0,,0,0,,0,,,0,,,0,,,0,,0,0
CF06323655BD688C,0,0,0,iw9_icon_perk_eod,9471FD04B1BB9D5F,killstreak_splash,killstreak,TRUE,0,,,,,,0,,0,0,,0,,,0,,,0,,,0,,0,0
353978E3E2F398B,0,0,0,iw9_icon_perk_tracker,9471FD04B1BB9D5F,killstreak_splash,killstreak,TRUE,0,,,,,,0,,0,0,,0,,,0,,,0,,,0,,0,0
ADDE4C2B94A29CF1,0,0,0,icon_perk_slot_graverobber_ui,9471FD04B1BB9D5F,killstreak_splash,killstreak,TRUE,0,,,,,,0,,0,0,,0,,,0,,,0,,,0,,0,0
B9507F8AC207FC98,0,0,0,icon_perk_slot_mercenary_ui,9471FD04B1BB9D5F,killstreak_splash,killstreak,TRUE,0,,,,,,0,,0,0,,0,,,0,,,0,,,0,,0,0
EF23A74F2ACE39F4,0,0,0,iw9_icon_perk_warhead,9471FD04B1BB9D5F,killstreak_splash,killstreak,TRUE,0,,,,,,0,,0,0,,0,,,0,,,0,,,0,,0,0
39A7D359BB216617,0,0,0,icon_perk_slot_sonar_ui,9471FD04B1BB9D5F,killstreak_splash,killstreak,TRUE,0,,,,,,0,,0,0,,0,,,0,,,0,,,0,,0,0
A4A702D6D96FA5C3,0,0,0,iw9_icon_perk_quick_fix,9471FD04B1BB9D5F,killstreak_splash,killstreak,TRUE,0,,,,,,0,,0,0,,0,,,0,,,0,,,0,,0,0
5C82420BE052387F,0,0,0,iw9_icon_perk_hardline,9471FD04B1BB9D5F,killstreak_splash,killstreak,TRUE,0,,,,,,0,,0,0,,0,,,0,,,0,,,0,,0,0
CDD1DEF9515FA28F,0,0,0,icon_perk_slot_third_person_ui,9471FD04B1BB9D5F,killstreak_splash,killstreak,TRUE,0,,,,,,0,,0,0,,0,,,0,,,0,,,0,,0,0
755E40FADAE6BB1A,0,0,0,icon_perk_slot_underkill_ui,9471FD04B1BB9D5F,killstreak_splash,killstreak,TRUE,0,,,,,,0,,0,0,,0,,,0,,,0,,,0,,0,0
7824420B0C64B328,0,0,0,iw9_icon_perk_focus,9471FD04B1BB9D5F,killstreak_splash,killstreak,TRUE,0,,,,,,0,,0,0,,0,,,0,,,0,,,0,,0,0
AFAC54ED08C361DB,0,0,0,iw9_icon_perk_pitcher,9471FD04B1BB9D5F,killstreak_splash,killstreak,TRUE,0,,,,,,0,,0,0,,0,,,0,,,0,,,0,,0,0
4185F13DBD9184BA,0,0,0,iw9_icon_perk_extra_tactical,9471FD04B1BB9D5F,killstreak_splash,killstreak,TRUE,0,,,,,,0,,0,0,,0,,,0,,,0,,,0,,0,0
3430AA0F073C2DBD,0,0,0,icon_perk_slot_specialist_ui,FFACC5C5D58F344E,killstreak_splash,killstreak,TRUE,0,,,,,,0,,0,0,,0,,,0,,,0,,,0,,0,0
E3CEEDB185053310,0,0,0,jup_hud_icon_killstreaks_switchblade_drone,42D039E5FCF9E8F3,killstreak_splash,killstreak,TRUE,0,,,,,,0,,0,0,,0,,,0,,,0,,,0,,0,0
C2EC0918F04F7165,0,0,0,jup_hud_icon_killstreaks_emp,42D039E5FCF9E8F3,killstreak_splash,killstreak,TRUE,0,,,,,,0,,0,0,,0,,,0,,,0,,,0,,0,0
867B37ADDA1E14DE,0,0,0,jup_hud_icon_killstreaks_lrad,42D039E5FCF9E8F3,killstreak_splash,killstreak,TRUE,0,,,,,,0,,0,0,,0,,,0,,,0,,,0,,0,0
5DDB1388937F014E,0,0,0,jup_hud_icon_killstreaks_remote_turret,42D039E5FCF9E8F3,killstreak_splash,killstreak,TRUE,0,,,,,,0,,0,0,,0,,,0,,,0,,,0,,0,0
A163316C9897B2A2,0,0,0,hud_icon_killstreak_hover_jet,42D039E5FCF9E8F3,killstreak_splash,killstreak,TRUE,0,,,,,,0,,0,0,,0,,,0,,,0,,,0,,0,0
B2A5372D81DB4811,0,0,0,jup_hud_icon_killstreaks_juggernaut_recon,42D039E5FCF9E8F3,killstreak_splash,killstreak,TRUE,0,,,,,,0,,0,0,,0,,,0,,,0,,,0,,0,0
499B14118FED19AE,0,0,0,jup_hud_icon_killstreaks_drone_swarm,42D038E5FCF9E740,killstreak_splash,killstreak,TRUE,0,,,,,,0,,0,0,,0,,,0,,,0,,,0,,0,0
2B9CFA192BD289E8,0,0,0,jup_hud_icon_killstreaks_ims,42D038E5FCF9E740,killstreak_splash,killstreak,TRUE,0,,,,,,0,,0,0,,0,,,0,,,0,,,0,,0,0
air_patrol,0,0,0,hud_icon_killstreak_cruise_missile,42D039E5FCF9E8F3,killstreak_splash,killstreak,TRUE,0,,,,,,0,,0,0,,0,,,0,,,0,,,0,,0,0
88D4C19D27F12D60,0,0,0,hud_icon_killstreak_uav,42D039E5FCF9E8F3,killstreak_splash,killstreak,TRUE,0,,,,,,0,,0,0,,0,,,0,,,0,,,0,,0,0
D93F4173DD891F31,0,0,0,hud_icon_power_electrical_discharge,42D039E5FCF9E8F3,killstreak_splash,killstreak,TRUE,0,,,,,,0,,0,0,,0,,,0,,,0,,,0,,0,0
1FCF5CC850E916C5,0,0,0,hud_icon_power_laser_eyes,42D039E5FCF9E8F3,killstreak_splash,killstreak,TRUE,0,,,,,,0,,0,0,,0,,,0,,,0,,,0,,0,0
9F2A6A4754647308,0,0,0,popup_icon_intel_win,0,urgent_splash,local,,0,,,,,,0,,0,0,,0,,,0,,,0,,,0,,0,0
E2BBE5DE36857DC6,0,0,0,ui_icon_scorestreaks_widget_rcxd,0,playercard_splash,global,,0,,,,,,0,,0,0,,0,,,0,,,0,,,0,,0,0
5FC77DB5B5E88A39,0,0,0,hud_icon_killstreak_cruise_missile,0,playercard_splash,global,,0,,,,,,0,,0,0,,0,,,0,,,0,,,0,,0,0
8BA72E58F40C3F85,0,0,0,hud_icon_killstreak_chopper_gunner,0,playercard_splash,global,,0,,,,,,0,,0,0,,0,,,0,,,0,,,0,,0,0
5A4FEB6E7406E2A6,0,0,0,hud_icon_killstreak_fuel_airstrike,0,playercard_splash,global,,0,,,,,,0,,0,0,,0,,,0,,,0,,,0,,0,0
1F12F80AF78A8F97,0,0,0,hud_icon_killstreak_uav,0,playercard_splash,global,,0,,,,,,0,,0,0,,0,,,0,,,0,,,0,,0,0
A8B72A216B2175BE,0,0,0,hud_icon_killstreak_airstrike,0,playercard_splash,global,,0,,,,,,0,,0,0,,0,,,0,,,0,,,0,,0,0
A17114110CE23B34,0,0,0,hud_icon_killstreak_auav,0,playercard_splash,global,,0,,,,,,0,,0,0,,0,,,0,,,0,,,0,,0,0
34E7AB4D6057BF96,0,0,0,hud_icon_killstreak_carepackage,0,playercard_splash,global,,0,,,,,,0,,0,0,,0,,,0,,,0,,,0,,0,0
237ED3C41C00E7CF,0,0,0,hud_icon_killstreak_cuav,0,playercard_splash,global,,0,,,,,,0,,0,0,,0,,,0,,,0,,,0,,0,0
548BF228C4FBDAE1,0,0,0,hud_icon_killstreak_mortar_strike,0,playercard_splash,global,,0,,,,,,0,,0,0,,0,,,0,,,0,,,0,,0,0
95001A8FD6A470E8,0,0,0,hud_icon_killstreak_cruise_missile,0,playercard_splash,global,,0,,,,,,0,,0,0,,0,,,0,,,0,,,0,,0,0
A19491C12725E423,0,0,0,hud_icon_killstreak_wheelson,0,playercard_splash,global,,0,,,,,,0,,0,0,,0,,,0,,,0,,,0,,0,0
E391C52B12712BA2,0,0,0,hud_icon_killstreak_chopper_gunner,0,playercard_splash,global,,0,,,,,,0,,0,0,,0,,,0,,,0,,,0,,0,0
ED66618C0C4B197,0,0,0,hud_icon_killstreak_gunship,0,playercard_splash,global,,0,,,,,,0,,0,0,,0,,,0,,,0,,,0,,0,0
29C67D4DE65F0F40,0,0,0,hud_icon_killstreak_fuel_airstrike,0,playercard_splash,global,,0,,,,,,0,,0,0,,0,,,0,,,0,,,0,,0,0
5507643C89030C55,0,0,0,hud_icon_killstreak_juggernaut,0,playercard_splash,global,,0,,,,,,0,,0,0,,0,,,0,,,0,,,0,,0,0
29676D012211E938,0,0,0,hud_icon_killstreak_nuke,0,playercard_splash,global,,0,,,,,,0,,0,0,,0,,,0,,,0,,,0,,0,0
E66F064485A8F313,0,0,0,hud_icon_killstreak_sentry,0,playercard_splash,global,,0,,,,,,0,,0,0,,0,,,0,,,0,,,0,,0,0
B7CE058E4FAC787D,0,0,0,hud_icon_killstreak_hover_jet,0,playercard_splash,global,,0,,,,,,0,,0,0,,0,,,0,,,0,,,0,,0,0
7291569FF24F2BF7,0,0,0,hud_icon_killstreak_emergency_airdrop,0,playercard_splash,global,,0,,,,,,0,,0,0,,0,,,0,,,0,,,0,,0,0
A8049034FBF77175,0,0,0,hud_icon_killstreak_drone_bomb,0,playercard_splash,global,,0,,,,,,0,,0,0,,0,,,0,,,0,,,0,,0,0
43A7B427D690F65,0,0,0,jup_hud_icon_killstreak_circle_peek,0,playercard_splash,global,,0,,,,,,0,,0,0,,0,,,0,,,0,,,0,,0,0
DDFE60C09DA2D3EF,0,0,0,hud_icon_killstreak_auto_drone,0,playercard_splash,global,,0,,,,,,0,,0,0,,0,,,0,,,0,,,0,,0,0
F55122CAB744F878,0,0,0,hud_icon_killstreak_clusterspike,0,playercard_splash,global,,0,,,,,,0,,0,0,,0,,,0,,,0,,,0,,0,0
7BA59A9B77950033,0,0,0,hud_icon_killstreak_escort_airdrop,0,playercard_splash,global,,0,,,,,,0,,0,0,,0,,,0,,,0,,,0,,0,0
96C32A0533ABBC26,0,0,0,hud_icon_killstreak_sentry,0,playercard_splash,global,,0,,,,,,0,,0,0,,0,,,0,,,0,,,0,,0,0
E277B0C684165152,0,0,0,hud_icon_killstreak_mgb,0,playercard_splash,global,,0,,,,,,0,,0,0,,0,,,0,,,0,,,0,,0,0
838CFF6819237D00,0,0,0,hud_icon_splash_kill,0,splash,skill,,0,,,,,,0,,0,0,,0,,,0,,,0,,,0,,0,0
F82E57F24F4A4993,0,0,0,hud_icon_splash_kill,0,splash,skill,,0,,,,,,0,,0,0,,0,,,0,,,0,,,0,,0,0
D4032A806BEEBC83,0,0,0,hud_icon_splash_kill,0,splash,skill,,0,,,,,,0,,0,0,,0,,,0,,,0,,,0,,0,0
F9162CF6B4695651,0,0,0,hud_icon_splash_kill,0,splash,skill,,0,,,,,,0,,0,0,,0,,,0,,,0,,,0,,0,0
8D625B12EB84E958,0,0,0,hud_icon_splash_kill,0,splash,skill,,0,,,,,,0,,0,0,,0,,,0,,,0,,,0,,0,0
CF6BAA13DAC1910A,0,0,0,hud_icon_splash_kill,0,splash,skill,,0,,,,,,0,,0,0,,0,,,0,,,0,,,0,,0,0
5DB50BF1147F0F52,0,0,0,hud_icon_splash_kill,0,splash,skill,,0,,,,,,0,,0,0,,0,,,0,,,0,,,0,,0,0
17E023AE928D30A8,0,0,0,hud_icon_fieldupgrade_tac_insert,4349F9861517A6A6,killstreak_splash,perk,,0,,,,,,0,,0,0,,0,,,0,,,0,,,0,,0,0
266910DC73881878,0,0,0,jup_hud_icon_killstreaks_switchblade_drone,0,playercard_splash,global,,0,,,,,,0,,0,0,,0,,,0,,,0,,,0,,0,0
939AA6EF22FB4E46,0,0,0,jup_hud_icon_killstreaks_lrad,0,playercard_splash,global,,0,,,,,,0,,0,0,,0,,,0,,,0,,,0,,0,0
5560CD151671233A,0,0,0,hud_icon_killstreak_hover_jet,0,playercard_splash,global,,0,,,,,,0,,0,0,,0,,,0,,,0,,,0,,0,0
4975C68CB4F7F3B6,0,0,0,jup_hud_icon_killstreaks_sam_turret,0,playercard_splash,global,,0,,,,,,0,,0,0,,0,,,0,,,0,,,0,,0,0
1D774245DDA03CD9,0,0,0,jup_hud_icon_killstreaks_juggernaut_recon,0,playercard_splash,global,,0,,,,,,0,,0,0,,0,,,0,,,0,,,0,,0,0
FE6517E2C9535D86,0,0,0,jup_hud_icon_killstreaks_remote_turret,0,playercard_splash,global,,0,,,,,,0,,0,0,,0,,,0,,,0,,,0,,0,0
AB508E0B4771583D,0,0,0,jup_hud_icon_killstreaks_emp,0,playercard_splash,global,,0,,,,,,0,,0,0,,0,,,0,,,0,,,0,,0,0
F90B7A6D44613DB6,0,0,0,jup_hud_icon_killstreaks_drone_swarm,0,playercard_splash,global,,0,,,,,,0,,0,0,,0,,,0,,,0,,,0,,0,0
A0A7334E7C20C65,0,0,0,hud_icon_killstreak_supply_sweep,87DB0894A7A80825,playercard_splash,global,,0,,,,,,0,,0,0,,0,,,0,,,0,,,0,,0,0
2F776C95AD99AEF8,0,0,0,hud_icon_killstreak_uav,0,playercard_splash,global,,0,,,,,,0,,0,0,,0,,,0,,,0,,,0,,0,0
34C36A4E4AAD364C,0,0,0,hud_icon_killstreak_uav,0,playercard_splash,global,,0,,,,,,0,,0,0,,0,,,0,,,0,,,0,,0,0
3BF9CD33755525BB,0,0,0,hud_icon_killstreak_auav,0,playercard_splash,global,,0,,,,,,0,,0,0,,0,,,0,,,0,,,0,,0,0
69E1BC136AB05C39,0,0,0,hud_icon_killstreak_carepackage,0,playercard_splash,global,,0,,,,,,0,,0,0,,0,,,0,,,0,,,0,,0,0
F3E31451C85C144,0,0,0,hud_icon_killstreak_cuav,0,playercard_splash,global,,0,,,,,,0,,0,0,,0,,,0,,,0,,,0,,0,0
FAA4EE32CC7992BA,0,0,0,hud_icon_killstreak_tomastrike,0,playercard_splash,global,,0,,,,,,0,,0,0,,0,,,0,,,0,,,0,,0,0
17DE9A0FFEAC247B,0,0,0,hud_icon_killstreak_cruise_missile,0,playercard_splash,global,,0,,,,,,0,,0,0,,0,,,0,,,0,,,0,,0,0
4568C2F008AA4E4A,0,0,0,hud_icon_killstreak_wheelson,0,playercard_splash,global,,0,,,,,,0,,0,0,,0,,,0,,,0,,,0,,0,0
5766EB9547BFD97F,0,0,0,hud_icon_killstreak_chopper_gunner,0,playercard_splash,global,,0,,,,,,0,,0,0,,0,,,0,,,0,,,0,,0,0
787264BBA2371FE8,0,0,0,hud_icon_killstreak_gunship,0,playercard_splash,global,,0,,,,,,0,,0,0,,0,,,0,,,0,,,0,,0,0
8BB6C3F97BF4D2CC,0,0,0,hud_icon_killstreak_juggernaut,0,playercard_splash,global,,0,,,,,,0,,0,0,,0,,,0,,,0,,,0,,0,0
64E42D6FF8F156AA,0,0,0,hud_icon_killstreak_sentry,0,playercard_splash,global,,0,,,,,,0,,0,0,,0,,,0,,,0,,,0,,0,0
CFDF9107BCBD50EE,0,0,0,hud_icon_killstreak_hover_jet,0,playercard_splash,global,,0,,,,,,0,,0,0,,0,,,0,,,0,,,0,,0,0
23D4AA42DF2725DE,0,0,0,hud_icon_killstreak_emergency_airdrop,0,playercard_splash,global,,0,,,,,,0,,0,0,,0,,,0,,,0,,,0,,0,0
D0CAE6D3C1888AAA,0,0,0,hud_icon_killstreak_drone_bomb,0,playercard_splash,global,,0,,,,,,0,,0,0,,0,,,0,,,0,,,0,,0,0
DA0B557E14382A22,0,0,0,hud_icon_killstreak_auto_drone,0,playercard_splash,global,,0,,,,,,0,,0,0,,0,,,0,,,0,,,0,,0,0
CA4AEC03FA31F5DB,0,0,0,hud_icon_killstreak_clusterspike,0,playercard_splash,global,,0,,,,,,0,,0,0,,0,,,0,,,0,,,0,,0,0
3EC1F6ED2B0803A2,0,0,0,hud_icon_killstreak_escort_airdrop,0,playercard_splash,global,,0,,,,,,0,,0,0,,0,,,0,,,0,,,0,,0,0
46803F4EC0DC486F,0,0,0,hud_icon_killstreak_hover_jet,0,playercard_splash,global,,0,,,,,,0,,0,0,,0,,,0,,,0,,,0,,0,0
5C436138D7E8E0BF,0,0,0,hud_icon_killstreak_hover_jet,0,playercard_splash,global,,0,,,,,,0,,0,0,,0,,,0,,,0,,,0,,0,0
5AF02422DA3738DF,0,0,0,hud_icon_killstreak_hover_jet,0,playercard_splash,global,,0,,,,,,0,,0,0,,0,,,0,,,0,,,0,,0,0
112031851770E65D,0,0,0,hud_icon_killstreak_drone_bomb,0,playercard_splash,global,,0,,,,,,0,,0,0,,0,,,0,,,0,,,0,,0,0
97629E2ABEE19E5B,0,0,0,,0,,,,0,,,,,,0,,0,0,,0,,,0,,,0,,,0,,0,0
799560613358E13D,0,0,0,hud_icon_killstreak_chopper_gunner,0,playercard_splash,global,,0,,,,,,0,,0,0,,0,,,0,,,0,,,0,,0,0
5CA6234477B1E239,0,0,0,hud_icon_killstreak_chopper_gunner,0,playercard_splash,global,,0,,,,,,0,,0,0,,0,,,0,,,0,,,0,,0,0
6015091AA86A06C4,0,0,0,hud_icon_killstreak_chopper_gunner,0,playercard_splash,global,,0,,,,,,0,,0,0,,0,,,0,,,0,,,0,,0,0
131B6786E63259FE,0,0,0,hud_icon_splash_stuck,642539EA8BB79A4E,splash,local,,0,,,,,,0,,0,0,,0,,,0,,,0,,,0,,0,0
13A2B7E6AE89CEBF,0,0,0,hud_icon_splash_stuck,642539EA8BB79A4E,splash,local,,0,,,,,,0,,0,0,,0,,,0,,,0,,,0,,0,0
7923A40EC582B486,0,0,0,hud_icon_splash_stuck,642539EA8BB79A4E,splash,local,,0,,,,,,0,,0,0,,0,,,0,,,0,,,0,,0,0
A53EFFC0DEA8D100,0,0,0,hud_icon_splash_stuck,642539EA8BB79A4E,splash,local,,0,,,,,,0,,0,0,,0,,,0,,,0,,,0,,0,0
C9A992B93B840353,0,0,0,hud_icon_splash_stuck,642539EA8BB79A4E,splash,local,,0,,,,,,0,,0,0,,0,,,0,,,0,,,0,,0,0
3ADFA02D3521347D,0,0,0,hud_icon_splash_stuck,642539EA8BB79A4E,splash,local,,0,,,,,,0,,0,0,,0,,,0,,,0,,,0,,0,0
B341191C0EAAAC5,0,0,0,hud_icon_splash_stuck,642539EA8BB79A4E,splash,local,,0,,,,,,0,,0,0,,0,,,0,,,0,,,0,,0,0
508DA88F96356CC6,0,0,0,hud_icon_splash_stuck,642539EA8BB79A4E,splash,local,,0,,,,,,0,,0,0,,0,,,0,,,0,,,0,,0,0
A76AFF23A647AD9E,0,0,0,hud_icon_splash_kill,4349F9861517A6A6,playercard_splash,global,,0,,,,,,0,,0,0,,0,,,0,,,0,,,0,,0,0
4D95D9C5342B7D96,0,0,0,splash_icon_dog_tag_revive,0,splash,local,,0,,,,,,0,,0,0,,0,,,0,,,0,,,0,,0,0
EC26C23646B9E685,0,0,0,splash_icon_dog_tag_elimination,0,splash,local,,0,,,,,,0,,0,0,,0,,,0,,,0,,,0,,0,0
33964EF1B667C9A5,0,0,0,splash_icon_dog_tag_revive,0,splash,local,,0,,,,,,0,,0,0,,0,,,0,,,0,,,0,,0,0
524A2B3102401C70,0,0,0,splash_icon_dog_tag_elimination,4948426AF97E3EAA,splash,local,,0,,,,,,0,,0,0,,0,,,0,,,0,,,0,,0,0
F275519D28704589,0,0,0,splash_icon_dog_tag_revive,0,splash,local,,0,,,,,,0,,0,0,,0,,,0,,,0,,,0,,0,0
3F3B177D8214F99C,0,0,0,splash_icon_dog_tag_elimination,4495769AEA2EA98F,splash,local,,0,,,,,,0,,0,0,,0,,,0,,,0,,,0,,0,0
E6B374A322FF6AC,0,0,0,hud_icon_splash_kill,0,splash,local,,0,,,,,,0,,0,0,,0,,,0,,,0,,,0,,0,0
3F915FCDA5396CA7,0,0,0,hud_icon_splash_kill,0,splash,local,,0,,,,,,0,,0,0,,0,,,0,,,0,,,0,,0,0
69CC4FE074AB084A,0,0,0,hud_icon_splash_kill,0,splash,local,,0,,,,,,0,,0,0,,0,,,0,,,0,,,0,,0,0
59BB41AE21C52819,0,0,0,hud_icon_splash_kill,B955ED7B14B3A935,playercard_splash,global,,0,,,,,,0,,0,0,,0,,,0,,,0,,,0,,0,0
14C7D9ED66D87FD7,0,0,0,hud_splash_accent_reticle,D9F5D3F2FD95673B,playercard_splash,global,,0,,,,,,0,,0,0,,0,,,0,,,0,,,0,,0,0
B2C9197DDA599208,0,0,0,hud_splash_accent_reticle,D9F5D3F2FD95673B,playercard_splash,global,,0,,,,,,0,,0,0,,0,,,0,,,0,,,0,,0,0
71CBF4354F022345,0,0,0,hud_splash_accent_reticle,D9F5D3F2FD95673B,playercard_splash,global,,0,,,,,,0,,0,0,,0,,,0,,,0,,,0,,0,0
CB8F1C6338C1D78E,0,0,0,hud_splash_accent_reticle,D9F5D4F2FD9568EE,playercard_splash,global,,0,,,,,,0,,0,0,,0,,,0,,,0,,,0,,0,0
C518E86DFEA07B3,0,0,0,hud_splash_accent_reticle,D9F5D4F2FD9568EE,playercard_splash,global,,0,,,,,,0,,0,0,,0,,,0,,,0,,,0,,0,0
886E0CF29D063F84,0,0,0,hud_splash_accent_reticle,D9F5D5F2FD956AA1,playercard_splash,global,,0,,,,,,0,,0,0,,0,,,0,,,0,,,0,,0,0
ADD9969E6427C7B1,0,0,0,hud_splash_accent_reticle,D9F5D5F2FD956AA1,playercard_splash,global,,0,,,,,,0,,0,0,,0,,,0,,,0,,,0,,0,0
71BF8FC71164B9B0,0,0,0,hud_icon_splash_kill,0,playercard_splash,global,,0,,,,,,0,,0,0,,0,,,0,,,0,,,0,,0,0
5505CB969F506C5A,0,0,0,hud_icon_splash_kill,0,playercard_splash,global,,0,,,,,,0,,0,0,,0,,,0,,,0,,,0,,0,0
2D2BA3C1BBD1AFD2,0,0,0,icon_splash_cyber_planted,0,playercard_splash,global,,0,,,,,,0,,0,0,,0,,,0,,,0,,,0,,0,0
3736647CC61B52D0,0,0,0,icon_splash_cyber_defused,0,playercard_splash,global,,0,,,,,,0,,0,0,,0,,,0,,,0,,,0,,0,0
8FEB3DB1155ED77A,0,0,0,icon_splash_cyber_pickup,0,playercard_splash,global,,0,,,,,,0,,0,0,,0,,,0,,,0,,,0,,0,0
94344DE8978973A2,0,0,0,hud_splash_accent_reticle,0,playercard_splash,global,,0,,,,,,0,,0,0,,0,,,0,,,0,,,0,,0,0
52913ED02218FBA9,0,0,0,hud_splash_accent_reticle,0,playercard_splash,global,,0,,,,,,0,,0,0,,0,,,0,,,0,,,0,,0,0
C12C4559A103DE64,0,0,0,hud_splash_accent_reticle,0,playercard_splash,global,,0,,,,,,0,,0,0,,0,,,0,,,0,,,0,,0,0
59145C63F336501C,0,0,0,hud_icon_splash_kill,0,playercard_splash,global,,0,,,,,,0,,0,0,,0,,,0,,,0,,,0,,0,0
592DFC387B18B1A7,0,0,0,hud_icon_splash_kill,0,playercard_splash,global,,0,,,,,,0,,0,0,,0,,,0,,,0,,,0,,0,0
C0926BBA9771EF38,0,0,0,hud_icon_splash_kill,0,playercard_splash,global,,0,,,,,,0,,0,0,,0,,,0,,,0,,,0,,0,0
87CB19A0843EBC73,0,0,0,hud_icon_splash_kill,0,playercard_splash,global,,0,,,,,,0,,0,0,,0,,,0,,,0,,,0,,0,0
ED280D53D0211FFF,0,0,0,hud_icon_splash_kill,0,playercard_splash,global,,0,,,,,,0,,0,0,,0,,,0,,,0,,,0,,0,0
D51ED7C94AC63B6B,0,0,0,hud_icon_splash_kill,0,playercard_splash,global,,0,,,,,,0,,0,0,,0,,,0,,,0,,,0,,0,0
8F37DBB026F8D352,0,0,0,hud_icon_splash_kill,0,playercard_splash,global,,0,,,,,,0,,0,0,,0,,,0,,,0,,,0,,0,0
8CCD744DDEEAAA6C,0,0,0,hud_icon_objective_bomb,B955ED7B14B3A935,playercard_splash,gameplay,,0,,,,,,0,,0,0,,0,,,0,,,0,,,0,,0,0
FD492001D9ECFBD8,0,0,0,hud_icon_objective_bomb,B955ED7B14B3A935,playercard_splash,gameplay,,0,,,,,,0,,0,0,,0,,,0,,,0,,,0,,0,0
310F47C544EDF280,0,0,0,hud_icon_splash_kill,0,playercard_splash,global,,0,,,,,,0,,0,0,,0,,,0,,,0,,,0,,0,0
9F026D92EE34FDE4,0,0,0,hud_icon_splash_kill,0,playercard_splash,global,,0,,,,,,0,,0,0,,0,,,0,,,0,,,0,,0,0
9F027092EE3502FD,0,0,0,hud_icon_splash_kill,0,playercard_splash,global,,0,,,,,,0,,0,0,,0,,,0,,,0,,,0,,0,0
9F026F92EE35014A,0,0,0,hud_icon_splash_kill,0,playercard_splash,global,,0,,,,,,0,,0,0,,0,,,0,,,0,,,0,,0,0
9F026A92EE34F8CB,0,0,0,hud_icon_splash_kill,0,playercard_splash,global,,0,,,,,,0,,0,0,,0,,,0,,,0,,,0,,0,0
9F026992EE34F718,0,0,0,hud_icon_splash_kill,0,playercard_splash,global,,0,,,,,,0,,0,0,,0,,,0,,,0,,,0,,0,0
144080A46971D400,0,0,0,hud_icon_splash_kill,0,playercard_splash,global,,0,,,,,,0,,0,0,,0,,,0,,,0,,,0,,0,0
AEC1ED80D2CBD38D,0,0,0,hud_icon_splash_kill,0,playercard_splash,global,,0,,,,,,0,,0,0,,0,,,0,,,0,,,0,,0,0
D6A5E3711A52C3F5,0,0,0,hud_icon_splash_kill,0,playercard_splash,global,,0,,,,,,0,,0,0,,0,,,0,,,0,,,0,,0,0
AB2FB342759B6ABC,0,0,0,hud_icon_loot_revive,0,playercard_splash,global,,0,,,,,,0,,0,0,,0,,,0,,,0,,,0,,0,0
55FB894EBCF2EB64,0,0,0,hud_icon_splash_kill,0,playercard_splash,local,,0,,,,,,0,,0,0,,0,,,0,,,0,,,0,,0,0
6778F6A32DCB8FFB,0,0,0,hud_icon_splash_kill,0,playercard_splash,global,,0,,,,,,0,,0,0,,0,,,0,,,0,,,0,,0,0
DCF7A94DE4850FC3,0,0,0,hud_icon_splash_kill,0,playercard_splash,global,,0,,,,,,0,,0,0,,0,,,0,,,0,,,0,,0,0
C7AC1F017F0ED5AE,0,0,0,hud_icon_splash_kill,0,playercard_splash,global,,0,,,,,,0,,0,0,,0,,,0,,,0,,,0,,0,0
AE36324E0A5783D6,0,0,0,hud_icon_splash_kill,0,splash,local,,0,,,,,,0,,0,0,,0,,,0,,,0,,,0,,0,0
2C87EEC495DE3EF2,0,0,0,hud_icon_splash_kill,1E4684DF2117BA45,playercard_splash,global,,0,,,,,,0,,0,0,,0,,,0,,,0,,,0,,0,0
AB2FA142759B4C26,0,0,0,icon_splash_cyber_revived,0,splash,local,,0,,,,,,0,,0,0,,0,,,0,,,0,,,0,,0,0
7199C9DC1D25FA0A,0,0,0,hud_icon_splash_kill,30EAEE5D95C33D7B,promotion_splash,local,,0,,,,,,0,,0,0,,0,,,0,,,0,,,0,,0,0
4A963C96099DB44F,0,0,0,hud_icon_splash_kill,170EE0B4B76E1D35,promotion_weapon_splash,local,,0,,,,,,0,,0,0,,0,,,0,,,0,,,0,,0,0
7412282DB22E4499,0,0,0,hud_icon_splash_kill,0,splash,local,,0,,,,,,0,,0,0,,0,,,0,,,0,,,0,,0,0
F873E0803181E932,0,0,0,hud_icon_splash_kill,8E525A58F91F57BE,splash,gameplay,,0,,,splashNotifications.Highlight,,,0,,0,0,,0,,,0,,,0,,,0,,0,0
48B617A6825630EC,0,0,0,jup_icon_mode_mp_infected_holiday_flat_sm,4CE3FC75B1113B51,splash,gameplay,,0,,,splashNotifications.Highlight,,,0,,0,0,,0,,,0,,,0,,,0,,0,0
5DE8FA3A7599EC9,0,0,0,hud_icon_splash_kill,4948426AF97E3EAA,urgent_splash,local,,0,,,,,,0,,0,0,,0,,,0,,,0,,,0,,0,0
D754442A84813E1A,0,0,0,hud_icon_splash_kill,8ECA54ECD91CDAD5,urgent_splash,local,,0,,,,,,0,,0,0,,0,,,0,,,0,,,0,,0,0
4C6620225A2BADE5,0,0,0,hud_icon_splash_kill,1E4684DF2117BA45,splash,local,,0,,,,,,0,,0,0,,0,,,0,,,0,,,0,,0,0
D623DE6613022687,0,0,0,hud_icon_splash_kill,4349F9861517A6A6,splash,local,,0,,,,,,0,,0,0,,0,,,0,,,0,,,0,,0,0
475A72E280BACD39,0,0,0,hud_icon_splash_kill,6A12AA2DF2374E12,splash,local,,0,,,,,,0,,0,0,,0,,,0,,,0,,,0,,0,0
87405573D6150AE8,0,0,0,hud_icon_splash_kill,0,playercard_splash,global,,0,,,,,,0,,0,0,,0,,,0,,,0,,,0,,0,0
7C5F227F5821220C,0,0,0,hud_icon_splash_kill,0,playercard_splash,global,,0,,,,,,0,,0,0,,0,,,0,,,0,,,0,,0,0
9BA71B0491F6B47A,0,0,0,hud_icon_splash_kill,0,playercard_splash,global,,0,,,,,,0,,0,0,,0,,,0,,,0,,,0,,0,0
5FCC67BB12E3D22E,0,0,0,icon_double_xp,0,splash,XPModifier,,0,,,,,,0,,0,0,,0,,,0,,,0,,,0,,0,0
983A93DF5E251D0B,0,0,0,icon_double_weapon_xp,0,splash,XPModifier,,0,,,,,,0,,0,0,,0,,,0,,,0,,,0,,0,0
1E6E923777199FD9,0,0,0,icon_double_battle_xp,0,splash,XPModifier,,0,,,,,,0,,0,0,,0,,,0,,,0,,,0,,0,0
4C4DDCFA5388EEBA,0,0,0,icon_iw7_xk,0,splash,XPModifier,,0,,,,,,0,,0,0,,0,,,0,,,0,,,0,,0,0
C3EA39C12F784E5B,0,0,0,icon_double_xp,0,splash,XPModifier,,0,,,,,,0,,0,0,,0,,,0,,,0,,,0,,0,0
A952FB2F2D0A6066,0,0,0,splash_icon_frontline,0,playercard_splash,global,,0,,,,,,0,,0,0,,0,,,0,,,0,,,0,,0,0
E63C86CB9AD7393C,0,0,0,splash_icon_hitnan,0,playercard_splash,global,,0,,,,,,0,,0,0,,0,,,0,,,0,,,0,,0,0
A8197F4EC08BDF1B,0,0,0,icon_medal_momoney,0,playercard_splash,global,,0,,,,,,0,,0,0,,0,,,0,,,0,,,0,,0,0
924ECFC885B2DD4F,0,0,0,splash_icon_reinforce_timer,0,splash,local,,0,,,,,,0,,0,0,,0,,,0,,,0,,,0,,0,0
50A1F9A984DDFB77,0,0,0,splash_icon_reinforce_timer,0,splash,local,,0,,,,,,0,,0,0,,0,,,0,,,0,,,0,,0,0
940C389A8FD6FDD0,0,0,0,splash_icon_team_blood_gold,0,splash,local,,0,,,,,,0,,0,0,,0,,,0,,,0,,,0,,0,0
536B75EFF929093A,0,0,0,splash_icon_reinforce_timer,0,splash,local,,0,,,,,,0,,0,0,,0,,,0,,,0,,,0,,0,0
1E2339EFBB2D30DC,0,0,0,splash_icon_reinforce_timer,0,splash,local,,0,,,,,,0,,0,0,,0,,,0,,,0,,,0,,0,0
DDF9B4401CF682B2,0,0,0,splash_icon_reinforce_timer,0,splash,local,,0,,,,,,0,,0,0,,0,,,0,,,0,,,0,,0,0
9D798B19DA405A14,0,0,0,icon_splash_cyber_defused,4349F9861517A6A6,splash,local,,0,,,,,,0,,0,0,,0,,,0,,,0,,,0,,0,0
5EB988805CCF208F,0,0,0,icon_splash_cyber_defused,1E4684DF2117BA45,splash,local,,0,,,,,,0,,0,0,,0,,,0,,,0,,,0,,0,0
83821E6F33D9A7B2,0,0,0,icon_splash_cyber_defused,4349F9861517A6A6,splash,local,,0,,,,,,0,,0,0,,0,,,0,,,0,,,0,,0,0
CBD70C32D1100952,0,0,0,icon_splash_cyber_planted,4349F9861517A6A6,splash,local,,0,,,,,,0,,0,0,,0,,,0,,,0,,,0,,0,0
FCC6413E7018E295,0,0,0,icon_splash_cyber_planted,1E4684DF2117BA45,splash,local,,0,,,,,,0,,0,0,,0,,,0,,,0,,,0,,0,0
5F68B0FC156B57FA,0,0,0,icon_splash_cyber_pickup,0,splash,local,,0,,,,,,0,,0,0,,0,,,0,,,0,,,0,,0,0
21FBF4A5447F905D,0,0,0,icon_splash_cyber_pickup,4FBA8705BF6C54FF,splash,local,,0,,,,,,0,,0,0,,0,,,0,,,0,,,0,,0,0
40B18BA6C08EBE88,0,0,0,icon_splash_lastalive,0,splash,local,,0,,,,,,0,,0,0,,0,,,0,,,0,,,0,,0,0
8521530604F00E33,0,0,0,icon_splash_lastalive,0,splash,local,,0,,,,,,0,,0,0,,0,,,0,,,0,,,0,,0,0
5F87B176EF1A152D,0,0,0,icon_splash_lastalive_skull,6A12AA2DF2374E12,splash,local,,0,,,HUD.friendlyTeam,,,0,,0,0,,0,,,0,,,0,,,0,,0,0
68FF7DED58D09F89,0,0,0,icon_splash_lastalive_skull,0,splash,killstreak,,0,,,splashNotifications.splashAlternativeColor2,,,0,,0,0,,0,,,0,,,0,,,0,,0,0
8B46DBAA01DBD52C,0,0,0,splash_icon_nuke,0,splash,local,,0,,,,,,0,,0,0,,0,,,0,,,0,,,0,,0,0
A5CE1BC176A513C8,0,0,0,splash_icon_nuke,0,splash,local,,0,,,,,,0,,0,0,,0,,,0,,,0,,,0,,0,0
943C13B009CA485A,0,0,0,splash_icon_nuke,0,splash,local,,0,,,,,,0,,0,0,,0,,,0,,,0,,,0,,0,0
69042CAFF1560764,0,0,0,splash_icon_nuke,0,splash,local,,0,,,,,,0,,0,0,,0,,,0,,,0,,,0,,0,0
2145C34101EC8543,0,0,0,splash_icon_nuke,0,splash,local,,0,,,,,,0,,0,0,,0,,,0,,,0,,,0,,0,0
37B2D7EED9DFB55,0,0,0,splash_icon_nuke,0,splash,local,,0,,,,,,0,,0,0,,0,,,0,,,0,,,0,,0,0
BDD824802BF370DF,0,0,0,splash_icon_nuke,0,splash,local,,0,,,,,,0,,0,0,,0,,,0,,,0,,,0,,0,0
75909B8094868A15,0,0,0,splash_icon_nuke,0,splash,local,,0,,,,,,0,,0,0,,0,,,0,,,0,,,0,,0,0
14ED976824201510,0,0,0,splash_icon_nuke,0,splash,local,,0,,,,,,0,,0,0,,0,,,0,,,0,,,0,,0,0
7631428773855EC4,0,0,0,splash_icon_nuke,0,splash,local,,0,,,,,,0,,0,0,,0,,,0,,,0,,,0,,0,0
5805DBA7ADC7866,0,0,0,splash_icon_nuke,0,splash,local,,0,,,,,,0,,0,0,,0,,,0,,,0,,,0,,0,0
4D9216BA121C2150,0,0,0,splash_icon_nuke,0,splash,local,,0,,,,,,0,,0,0,,0,,,0,,,0,,,0,,0,0
5B3EACB4260FA2B5,0,0,0,splash_icon_nuke,0,splash,local,,0,,,,,,0,,0,0,,0,,,0,,,0,,,0,,0,0
B6A314DABD58271F,0,0,0,hud_icon_splash_hq,4349F9861517A6A6,playercard_splash,gameplay,,0,,,,,,0,,0,0,,0,,,0,,,0,,,0,,0,0
2FBCF2B84B5CAFFF,0,0,0,hud_icon_splash_hq,0,playercard_splash,gameplay,,0,,,,,,0,,0,0,,0,,,0,,,0,,,0,,0,0
7AC00A280E7E6461,0,0,0,hud_icon_splash_hq,1E4684DF2117BA45,playercard_splash,gameplay,,0,,,,,,0,,0,0,,0,,,0,,,0,,,0,,0,0
444944CEB1921E97,0,0,0,hud_icon_splash_hq,0,playercard_splash,gameplay,,0,,,,,,0,,0,0,,0,,,0,,,0,,,0,,0,0
68737B33FBBBA56,0,0,0,hud_icon_splash_hq,0,playercard_splash,gameplay,,0,,,,,,0,,0,0,,0,,,0,,,0,,,0,,0,0
363F846CAA906D06,0,0,0,hud_icon_objective_trial_laps,0,splash,local,,0,,,,,,0,,0,0,,0,,,0,,,0,,,0,,0,0
59A45382EE003E1,0,0,0,hud_icon_objective_trial_laps,0,splash,local,,0,,,,,,0,,0,0,,0,,,0,,,0,,,0,,0,0
59A42382EDFFEC8,0,0,0,hud_icon_objective_trial_laps,0,splash,local,,0,,,,,,0,,0,0,,0,,,0,,,0,,,0,,0,0
59A43382EE0007B,0,0,0,hud_icon_objective_trial_laps,0,splash,local,,0,,,,,,0,,0,0,,0,,,0,,,0,,,0,,0,0
59A48382EE008FA,0,0,0,hud_icon_objective_trial_laps,0,splash,local,,0,,,,,,0,,0,0,,0,,,0,,,0,,,0,,0,0
59A49382EE00AAD,0,0,0,hud_icon_objective_trial_laps,0,splash,local,,0,,,,,,0,,0,0,,0,,,0,,,0,,,0,,0,0
207B1940113C3A35,0,0,0,icon_splash_skill_shot,751229E865C80839,splash,local,,0,,,splashNotifications.splashAlternativeColor1,,,0,,0,0,,0,,,0,,,0,,,0,,0,0
5067DD0A83C770CF,0,0,0,icon_splash_skill_shot,FD49540F07229083,splash,local,,0,,,splashNotifications.splashAlternativeColor1,,,0,,0,0,,0,,,0,,,0,,,0,,0,0
62B04056619D6E99,0,0,0,icon_splash_skill_shot,751229E865C80839,splash,local,,0,,,splashNotifications.splashAlternativeColor1,,,0,,0,0,,0,,,0,,,0,,,0,,0,0
2ADD08860E3C1CCB,0,0,0,icon_waypoint_jugg,0,splash,local,,0,,,,,,0,,0,0,,0,,,0,,,0,,,0,,0,0
11B22ACA3024BD5D,0,0,0,icon_waypoint_jugg,0,splash,local,,0,,,,,,0,,0,0,,0,,,0,,,0,,,0,,0,0
3C008009B132D961,0,0,0,icon_waypoint_jugg,0,splash,local,,0,,,,,,0,,0,0,,0,,,0,,,0,,,0,,0,0
7E3A5DB15AD7AD82,0,0,0,icon_waypoint_jugg,0,splash,local,,0,,,,,,0,,0,0,,0,,,0,,,0,,,0,,0,0
91328060BA8C74F3,0,0,0,icon_waypoint_jugg,0,splash,local,,0,,,,,,0,,0,0,,0,,,0,,,0,,,0,,0,0
91358260BA8EAE30,0,0,0,icon_waypoint_jugg,0,splash,local,,0,,,,,,0,,0,0,,0,,,0,,,0,,,0,,0,0
70CCC75B709EDE6F,0,0,0,icon_waypoint_jugg,0,splash,local,,0,,,,,,0,,0,0,,0,,,0,,,0,,,0,,0,0
36746CAE4C7E20B9,0,0,0,icon_splash_skill_shot,FD49540F07229083,splash,local,,0,,,,,,0,,0,0,,0,,,0,,,0,,,0,,0,0
366976AE4C742A32,0,0,0,icon_splash_skill_shot,751229E865C80839,splash,local,,0,,,,,,0,,0,0,,0,,,0,,,0,,,0,,0,0
D5DCC1425352979D,0,0,0,icon_splash_skill_shot,4349F9861517A6A6,splash,local,,0,,,,,,0,,0,0,,0,,,0,,,0,,,0,,0,0
F07C94F7B69A4F01,0,0,0,icon_splash_skill_shot,FD49540F07229083,splash,local,,0,,,,,,0,,0,0,,0,,,0,,,0,,,0,,0,0
F0718EF7B6903D4A,0,0,0,icon_splash_skill_shot,751229E865C80839,splash,local,,0,,,,,,0,,0,0,,0,,,0,,,0,,,0,,0,0
1889903B4C49E3B5,0,0,0,icon_splash_skill_shot,4349F9861517A6A6,splash,local,,0,,,,,,0,,0,0,,0,,,0,,,0,,,0,,0,0
D6603EE3E7BF4D77,0,0,0,hud_br_plunder_bar_diamond,751229E865C80839,playercard_splash,phaseChange,,0,,,splashNotifications.GreenLight,,,0,,0,0,,0,,,0,,,0,,,0,,0,0
1ACE6088A03D54B5,0,0,0,hud_br_plunder_bar_diamond,751229E865C80839,playercard_splash,phaseChange,,0,,,splashNotifications.GreenLight,,,0,,0,0,,0,,,0,,,0,,,0,,0,0
A9C061521929103B,0,0,0,hud_br_plunder_bar_diamond,FD49540F07229083,playercard_splash,phaseChange,,0,,,splashNotifications.splashAlternativeColor1,,,0,,0,0,,0,,,0,,,0,,,0,,0,0
433DF59AB5BE20F8,0,0,0,hud_icon_objective_hostage,4349F9861517A6A6,playercard_splash,gameplay,,0,,,,,,0,,0,0,,0,,,0,,,0,,,0,,0,0
68D8DC55F7B30756,0,0,0,hud_icon_objective_hostage,4349F9861517A6A6,playercard_splash,gameplay,,0,,,,,,0,,0,0,,0,,,0,,,0,,,0,,0,0
23D5CAF5E5A2651A,0,0,0,hud_icon_objective_hostage,4349F9861517A6A6,playercard_splash,gameplay,,0,,,,,,0,,0,0,,0,,,0,,,0,,,0,,0,0
5A67BE920B4B3F2E,0,0,0,hud_icon_objective_hostage,4349F9861517A6A6,playercard_splash,gameplay,,0,,,,,,0,,0,0,,0,,,0,,,0,,,0,,0,0
5DEEE6AFCAFE3C15,0,0,0,hud_icon_objective_hostage,4349F9861517A6A6,playercard_splash,gameplay,,0,,,,,,0,,0,0,,0,,,0,,,0,,,0,,0,0
D24355CB2AB7ED56,0,0,0,ui_map_icon_obj_recon,0,playercard_splash,global,,0,,,,,,0,,0,0,,0,,,0,,,0,,,0,,0,0
E4B39ED31B648431,0,0,0,ui_map_icon_obj_recon,0,playercard_splash,global,,0,,,,,,0,,0,0,,0,,,0,,,0,,,0,,0,0
CB0291FE141E6BA1,0,0,0,hud_icon_killstreak_carepackage,4349F9861517A6A6,killstreak_splash,phaseChange,,0,,,splashNotifications.GreenLight,,,0,,0,0,,0,,,0,,,0,,,0,,0,0
DEECF86F15C32766,0,0,0,hud_icon_vehicle_jltv_mg,4349F9861517A6A6,killstreak_splash,phaseChange,,0,,,splashNotifications.GreenLight,,,0,,0,0,,0,,,0,,,0,,,0,,0,0
B14FE6A619DF245F,0,0,0,hud_icon_killstreak_bradley,4349F9861517A6A6,killstreak_splash,phaseChange,,0,,,splashNotifications.GreenLight,,,0,,0,0,,0,,,0,,,0,,,0,,0,0
B4866D8C5E8797C9,0,0,0,icon_ping_warning,4349F9861517A6A6,killstreak_splash,phaseChange,,0,,,splashNotifications.GreenLight,,,0,,0,0,,0,,,0,,,0,,,0,,0,0
407981778DF5D420,0,0,0,icon_ping_warning,4349F9861517A6A6,killstreak_splash,phaseChange,,0,,,splashNotifications.GreenLight,,,0,,0,0,,0,,,0,,,0,,,0,,0,0
E9F73615BC35F23A,0,0,0,hud_icon_objective_cash_bag,0,splash,skill,,0,,,,0,0,0,,0,0,,0,,,0,,,0,,,0,,0,0
58F02FDB1EF6A087,0,0,0,hud_icon_objective_cash_bag,0,splash,skill,,0,,,,0,0,0,,0,0,,0,,,0,,,0,,,0,,0,0
C36669313B5EC2AF,0,0,0,hud_icon_objective_cash_bag,0,splash,skill,,0,,,,0,0,0,,0,0,,0,,,0,,,0,,,0,,0,0
42629C01649A688D,0,0,0,icon_cac_weapon_lm_mkilo3,222EB9B8B86FA53C,splash,specialWeapon,,0,,,,,,0,,0,0,,0,,,0,,,0,,,0,,0,0
48A8FF72120AFC71,0,0,0,ui_map_icon_obj_bomb_collect,7D39BDC96AF29BFC,splash,local,,0,,,,,,0,,0,0,,0,,,0,,,0,,,0,,0,0
F077235DD6A9190B,0,0,0,ui_map_icon_fortress,2B59AD1570918C5E,splash,poiEvent,,0,,,,,,0,,0,0,,0,,,0,,,0,,,0,,0,0
151DA9015B5C8856,0,0,0,ui_map_icon_bounty,7D39BDC96AF29BFC,splash,local,,0,,,splashNotifications.warning,,,0,,0,0,,0,,,0,,,0,,,0,,0,0
AB2BB1E87AEFCAA8,0,0,0,ui_map_icon_bounty,7D39BDC96AF29BFC,splash,local,,0,,,splashNotifications.warning,,,0,,0,0,,0,,,0,,,0,,,0,,0,0
426C00FF19ADA2E1,0,0,0,ui_map_icon_bounty,7D39BDC96AF29BFC,splash,local,,0,,,splashNotifications.warning,,,0,,0,0,,0,,,0,,,0,,,0,,0,0
DC608C82790FB537,0,0,0,ui_map_icon_bounty,7D39BDC96AF29BFC,splash,local,,0,,,splashNotifications.warning,,,0,,0,0,,0,,,0,,,0,,,0,,0,0
E1B20072E4C7FDD5,0,0,0,ui_map_icon_bounty,1855540BA25CC92,splash,local,,0,,,splashNotifications.GreenLight,,,0,,0,0,,0,,,0,,,0,,,0,,0,0
5FE9FA1565CF5A9A,0,0,0,ui_map_icon_prompt_money,7D39BDC96AF29BFC,splash,local,,0,,,,,,0,,0,0,,0,,,0,,,0,,,0,,0,0
A335F94DE0002E1B,0,0,0,ui_map_icon_prompt_money,7D39BDC96AF29BFC,splash,local,,0,,,,,,0,,0,0,,0,,,0,,,0,,,0,,0,0
2113A2956DA2025F,0,0,0,ui_map_icon_prompt_money,1855540BA25CC92,splash,local,,0,,,,,,0,,0,0,,0,,,0,,,0,,,0,,0,0
CDF7B517A1FB15D9,0,0,0,ui_map_icon_prompt_money,1855540BA25CC92,splash,local,,0,,,,,,0,,0,0,,0,,,0,,,0,,,0,,0,0
97103B1C11948336,0,0,0,ui_map_icon_prompt_money,D8A2EDAB16B242B3,splash,poiEvent,,0,,,,,,0,,0,0,,0,,,0,,,0,,,0,,0,0
7227715363AC8DAA,0,0,0,ui_map_icon_safe,1BF85AE6F0BCE359,splash,local,,0,,,,,,0,,0,0,,0,,,0,,,0,,,0,,0,0
DE0F0BB6EF86DFBA,0,0,0,ui_map_icon_safe,7D39BDC96AF29BFC,splash,local,,0,,,,,,0,,0,0,,0,,,0,,,0,,,0,,0,0
A53D45A9419BC3E0,0,0,0,ui_map_icon_safe,1855540BA25CC92,splash,local,,0,,,,,,0,,0,0,,0,,,0,,,0,,,0,,0,0
B4CE54F0B288B163,0,0,0,ui_map_icon_safe,1BF85AE6F0BCE359,splash,local,,0,,,,,,0,,0,0,,0,,,0,,,0,,,0,,0,0
33EC25582E595837,0,0,0,ui_map_icon_safe,1855540BA25CC92,splash,local,,0,,,,,,0,,0,0,,0,,,0,,,0,,,0,,0,0
A7863C0E17027991,0,0,0,hud_icon_grind_dogtag,F234335FCCFAB4AA,challenge_splash,local,,0,,,,,,0,,0,0,,0,,,0,,,0,,,0,,0,0
776B4B922C2A1F0,0,0,0,hud_icon_grind_dogtag,F234335FCCFAB4AA,challenge_splash,local,,0,,,,,,0,,0,0,,0,,,0,,,0,,,0,,0,0
1674BB79DE044B5E,0,0,0,hud_icon_fieldupgrade_disguise,F234335FCCFAB4AA,challenge_splash,local,,0,,,,,,0,,0,0,,0,,,0,,,0,,,0,,0,0
CEAD48CB8DEE23EB,0,0,0,hud_icon_killstreak_juggernaut,3BE6677F9B7D4B65,splash,poiEvent,,0,,,,,,0,,0,0,,0,,,0,,,0,,,0,,0,0
26C97BFF881ACC0A,0,0,0,ui_map_icon_boss_chopper,3BE6677F9B7D4B65,splash,poiEvent,,0,,,,,,0,,0,0,,0,,,0,,,0,,,0,,0,0
184912168368CE2D,0,0,0,ui_map_icon_boss_trapper,3BCD3D96D6911A3D,splash,local,,0,,,,,,0,,0,0,,0,,,0,,,0,,,0,,0,0
17ED4C8B43FBF98F,0,0,0,ui_map_icon_extraction,63B6E3E09A62B3E3,splash,local,,0,,,,,,0,,0,0,,0,,,0,,,0,,,0,,0,0
EFCCB23CF0CB0525,0,0,0,ui_map_icon_extraction_personal,63B6E3E09A62B3E3,splash,local,,0,,,,,,0,,0,0,,0,,,0,,,0,,,0,,0,0
10600C60D06E7CB,0,0,0,hud_icon_killstreak_uav,203AC3D7FE47F612,splash,poiEvent,,0,,,,,,0,,0,0,,0,,,0,,,0,,,0,,0,0
BB23BE7E88A769D1,0,0,0,hud_icon_killstreak_uav,3BE6677F9B7D4B65,splash,poiEvent,,0,,,,,,0,,0,0,,0,,,0,,,0,,,0,,0,0
DDD6F5F20F7204F2,0,0,0,hud_icon_killstreak_emergency_airdrop,170EE0B4B76E1D35,splash,publicEvent,,0,,,,,,0,,0,0,,0,,,0,,,0,,,0,,0,0
9F558A9687B90A3A,0,0,0,hud_icon_splash_radiation,D8A2EDAB16B242B3,splash,local,,0,,,HUDWarnings.danger,,,0,,0,0,,0,,,0,,,0,,,0,,0,0
88DC8BE70C1ED9CD,0,0,0,ui_mp_br_safezone_icon,D8A2EDAB16B242B3,splash,local,,0,,,HUDWarnings.danger,,,0,,0,0,,0,,,0,,,0,,,0,,0,0
A687BD05E6530515,0,0,0,ui_map_icon_obj_hunt,CA66A27052FB6E3A,splash,poiEvent,,0,,,,,,0,,0,0,,0,,,0,,,0,,,0,,0,0
FA8CDABF830803C9,0,0,0,ui_map_icon_boss_chemist,3BCD3D96D6911A3D,splash,poiEvent,,0,,,,,,0,,0,0,,0,,,0,,,0,,,0,,0,0
8DA21F22BA9B55C1,0,0,0,ui_map_icon_boss_rushers,3BCD3D96D6911A3D,splash,poiEvent,,0,,,,,,0,,0,0,,0,,,0,,,0,,,0,,0,0
439F4D5131158E4F,0,0,0,ui_mp_br_mapmenu_legend_juggernaut_player,3BCD3D96D6911A3D,splash,poiEvent,,0,,,,,,0,,0,0,,0,,,0,,,0,,,0,,0,0
C1D603AA9B5ED026,0,0,0,ui_map_icon_boss_trapper,3BCD3D96D6911A3D,splash,poiEvent,,0,,,,,,0,,0,0,,0,,,0,,,0,,,0,,0,0
B3EF47A7348508E2,0,0,0,ui_map_icon_boss_pyro,3BCD3D96D6911A3D,splash,poiEvent,,0,,,,,,0,,0,0,,0,,,0,,,0,,,0,,0,0
2D01F311FE374499,0,0,0,ui_map_icon_boss_scavenger,3BCD3D96D6911A3D,splash,poiEvent,,0,,,,,,0,,0,0,,0,,,0,,,0,,,0,,0,0
DF2FFDDFAF006829,0,0,0,ui_map_icon_boss_chopper,3BCD3D96D6911A3D,splash,poiEvent,,0,,,,,,0,,0,0,,0,,,0,,,0,,,0,,0,0
A97E833E40C1225A,0,0,0,ui_map_icon_boss_chopper,3BCD3D96D6911A3D,splash,poiEvent,,0,,,,,,0,,0,0,,0,,,0,,,0,,,0,,0,0
C8E251FAEC1EEA95,0,0,0,hud_icon_loot_squad_loot_box,D8A2EDAB16B242B3,splash,poiEvent,,0,,,,,,0,,0,0,,0,,,0,,,0,,,0,,0,0
A73C1A99151E8D73,0,0,0,hud_icon_loot_squad_loot_box,D8A2EDAB16B242B3,splash,poiEvent,,0,,,,,,0,,0,0,,0,,,0,,,0,,,0,,0,0
DD239962162BE699,0,0,0,hud_icon_loot_squad_loot_box,D8A2EDAB16B242B3,splash,poiEvent,,0,,,,,,0,,0,0,,0,,,0,,,0,,,0,,0,0
8CFD9E629CFDDEE5,0,0,0,ui_map_icon_obj_bg,7D39BDC96AF29BFC,splash,BRContractCancel,,0,,,,,,0,,0,0,,0,,,0,,,0,,,0,,0,0
8B0B0732B950C78F,0,0,0,ui_map_icon_obj_scavenger,7D39BDC96AF29BFC,splash,BRContractCancel,,0,,,,,,0,,0,0,,0,,,0,,,0,,,0,,0,0
4260F892C4388B58,0,0,0,ui_map_icon_obj_assassin,7D39BDC96AF29BFC,splash,BRContractCancel,,0,,,,,,0,,0,0,,0,,,0,,,0,,,0,,0,0
6A062CA72D72C050,0,0,0,ui_map_icon_obj_cargo_delivery,7D39BDC96AF29BFC,splash,BRContractCancel,,0,,,,,,0,,0,0,,0,,,0,,,0,,,0,,0,0
1EEFCA6CB8E425B4,0,0,0,ui_map_icon_obj_bomb_collect,7D39BDC96AF29BFC,splash,BRContractCancel,,0,,,,,,0,,0,0,,0,,,0,,,0,,,0,,0,0
9D3980ACA7D4AB21,0,0,0,ui_map_icon_obj_rescue,7D39BDC96AF29BFC,splash,BRContractCancel,,0,,,,,,0,,0,0,,0,,,0,,,0,,,0,,0,0
C4F70F078137E245,0,0,0,ui_map_icon_obj_hunt,7D39BDC96AF29BFC,splash,BRContractCancel,,0,,,,,,0,,0,0,,0,,,0,,,0,,,0,,0,0
1BEE356E718D178A,0,0,0,ui_map_icon_obj_cargo_ship,7D39BDC96AF29BFC,splash,BRContractCancel,,0,,,,,,0,,0,0,,0,,,0,,,0,,,0,,0,0
CE43A80113C78147,0,0,0,ui_map_icon_obj_geiger_search,7D39BDC96AF29BFC,splash,BRContractCancel,,0,,,,,,0,,0,0,,0,,,0,,,0,,,0,,0,0
A374E777D9FB85D8,0,0,0,ui_map_icon_obj_intel,7D39BDC96AF29BFC,splash,BRContractCancel,,0,,,,,,0,,0,0,,0,,,0,,,0,,,0,,0,0
1568E4F0438BC2FB,0,0,0,ui_map_icon_obj_trap,7D39BDC96AF29BFC,splash,BRContractCancel,,0,,,,,,0,,0,0,,0,,,0,,,0,,,0,,0,0
D39CC0C380195BE2,0,0,0,ui_map_icon_fortress,1855540BA25CC92,splash,poiEvent,,0,,,,,,0,,0,0,,0,,,0,,,0,,,0,,0,0
6990F2812894108B,0,0,0,hud_icon_splash_kill,3B4EB97C71798FC2,splash,skill,,0,,,,0,0,0,,0,0,,0,,,0,,,0,,,0,,0,0
722E50D056D0EB37,0,0,0,hud_icon_splash_kill,6CA01DACE959D375,splash,local,,0,,,HUDWarnings.danger,,,0,,0,0,,0,,,0,,,0,,,0,,0,0
88AB42A5EF18E84,0,0,0,hud_icon_splash_kill,6CA01DACE959D375,splash,local,,0,,,HUDWarnings.danger,,,0,,0,0,,0,,,0,,,0,,,0,,0,0
D1D5350E1B0903DC,0,0,0,hud_icon_splash_kill,6CA01DACE959D375,splash,local,,0,,,splashNotifications.GreenLight,,,0,,0,0,,0,,,0,,,0,,,0,,0,0
909B8451414233C9,0,0,0,hud_icon_splash_kill,6CA01DACE959D375,splash,local,,0,,,splashNotifications.GreenLight,,,0,,0,0,,0,,,0,,,0,,,0,,0,0
C97BDCFC7D88D39,0,0,0,icon_splash_skill_shot,4349F9861517A6A6,ui_splash_screen_default,local,,0,,,,,,0,,0,0,,0,,,0,,,0,,,0,,0,0
C71559CB0E535903,0,0,0,icon_splash_skill_shot,4349F9861517A6A6,splash,local,,0,,,,,,0,,887AC58F35315D30,0,,0,,,0,,,0,,,0,,0,0
647A3E55B47E9B61,0,0,0,icon_splash_skill_shot,0,splash,local,,0,,,,,,0,,887AC58F35315D30,0,,0,,,0,,,0,,,0,,0,0
9DF05A72860ACCC2,0,0,0,icon_splash_skill_shot,0,splash,local,,0,,,,,,0,,887AC58F35315D30,0,,0,,,0,,,0,,,0,,0,0
refresh,0,0,0,icon_splash_skill_shot,0,splash,local,,0,,,,,,0,,887AC58F35315D30,0,,0,,,0,,,0,,,0,,0,0
1550D407310EC5C5,0,0,0,icon_splash_skill_shot,0,splash,local,,0,,,,,,0,,887AC58F35315D30,0,,0,,,0,,,0,,,0,,0,0
AA70EF3ACDE6C4E6,0,0,0,icon_splash_skill_shot,0,splash,local,,0,,,,,,0,,887AC58F35315D30,0,,0,,,0,,,0,,,0,,0,0
8ED7835AD8088B06,0,0,0,icon_splash_skill_shot,0,splash,local,,0,,,,,,0,,887AC58F35315D30,0,,0,,,0,,,0,,,0,,0,0
7258E389F0E8971B,0,0,0,icon_splash_skill_shot,0,splash,local,,0,,,,,,0,,887AC58F35315D30,0,,0,,,0,,,0,,,0,,0,0
A4E32A3D222E5D8,0,0,0,icon_splash_skill_shot,0,splash,local,,0,,,,,,0,,887AC58F35315D30,0,,0,,,0,,,0,,,0,,0,0
87EFBA26483758D7,0,0,0,icon_splash_skill_shot,0,splash,local,,0,,,,,,0,,887AC58F35315D30,0,,0,,,0,,,0,,,0,,0,0
1635C9573BA4FA60,0,0,0,icon_splash_skill_shot,0,splash,local,,0,,,,,,0,,887AC58F35315D30,0,,0,,,0,,,0,,,0,,0,0
18551D293CB09295,0,0,0,icon_splash_skill_shot,0,splash,local,,0,,,,,,0,,887AC58F35315D30,0,,0,,,0,,,0,,,0,,0,0
CDB202C9135909C5,0,0,0,icon_splash_skill_shot,0,splash,local,,0,,,,,,0,,887AC58F35315D30,0,,0,,,0,,,0,,,0,,0,0
12D344CA0ECC5CA1,0,0,0,icon_splash_skill_shot,4349F9861517A6A6,splash,local,,0,,,,,,0,,0,0,,0,,,0,,,0,,,0,,0,0
57C478B657B0FD74,0,0,0,ui_map_icon_obj_intel,4349F9861517A6A6,splash,local,,0,,,,,,0,,0,0,,0,,,0,,,0,,,0,,0,0
7CC734BC8D756259,0,0,0,ui_map_icon_obj_intel,4349F9861517A6A6,splash,local,,0,,,,,,0,,0,0,,0,,,0,,,0,,,0,,0,0
5874CA3913530BE6,0,0,0,ui_map_icon_obj_intel,4349F9861517A6A6,splash,local,,0,,,,,,0,,0,0,,0,,,0,,,0,,,0,,0,0
125404E04487BD03,0,0,0,ui_map_icon_obj_intel,4349F9861517A6A6,splash,local,,0,,,,,,0,,0,0,,0,,,0,,,0,,,0,,0,0
D1BEFAC70B57B269,0,0,0,splash_icon_challenge_loot,0,challenge_splash,challenge,,0,,,,,,0,,887AC58F35315D30,0,,0,,,0,,,0,,,0,,0,0
EACB7A8B4F48DBF0,0,0,0,splash_icon_challenge_loot,0,challenge_splash,challenge,,0,,,,,,0,,887AC58F35315D30,0,,0,,,0,,,0,,,0,,0,0
99CAC23A128AE63D,0,0,0,splash_icon_challenge_loot,0,challenge_splash,challenge,,0,,,,,,0,,887AC58F35315D30,0,,0,,,0,,,0,,,0,,0,0
F73ABA278A8FAFFD,0,0,0,splash_icon_challenge_loot,0,challenge_splash,challenge,,0,,,,,,0,,887AC58F35315D30,0,,0,,,0,,,0,,,0,,0,0
1BED7AC788FE8252,0,0,0,splash_icon_challenge_loot,0,challenge_splash,challenge,,0,,,,,,0,,887AC58F35315D30,0,,0,,,0,,,0,,,0,,0,0
A7DF417AC8A71A0B,0,0,0,splash_icon_challenge_loot,0,challenge_splash,challenge,,0,,,,,,0,,887AC58F35315D30,0,,0,,,0,,,0,,,0,,0,0
3C8E96BB4052B45E,0,0,0,splash_icon_challenge_loot,0,challenge_splash,challenge,,0,,,,,,0,,887AC58F35315D30,0,,0,,,0,,,0,,,0,,0,0
6A5B26F67686CA1E,0,0,0,splash_icon_challenge_loot,0,challenge_splash,challenge,,0,,,,,,0,,887AC58F35315D30,0,,0,,,0,,,0,,,0,,0,0
D2B8243D8AAC89E,0,0,0,splash_icon_challenge_loot,0,challenge_splash,challenge,,0,,,,,,0,,887AC58F35315D30,0,,0,,,0,,,0,,,0,,0,0
F9BA091550CE43E0,0,0,0,splash_icon_challenge_loot,0,challenge_splash,challenge,,0,,,,,,0,,887AC58F35315D30,0,,0,,,0,,,0,,,0,,0,0
AC70B3FCC2CCFA73,0,0,0,splash_icon_challenge_loot,0,challenge_splash,challenge,,0,,,,,,0,,887AC58F35315D30,0,,0,,,0,,,0,,,0,,0,0
9006357E13DC1A38,0,0,0,splash_icon_challenge_loot,0,challenge_splash,challenge,,0,,,,,,0,,887AC58F35315D30,0,,0,,,0,,,0,,,0,,0,0
CF75A11F39A03CB6,0,0,0,splash_icon_challenge_loot,0,challenge_splash,challenge,,0,,,,,,0,,0,0,,0,,,0,,,0,,,0,,0,0
C83ED1B918BB8BB4,0,0,0,icon_body_warfighter1_1,0,challenge_splash,challenge,,0,,,TRUE,,,0,icon_body_warfighter1_4,0,0,,0,,,0,,,0,,,0,,0,0
7C7126137563908B,0,0,0,icon_body_warfighter1_2,0,challenge_splash,challenge,,0,,,TRUE,,,0,icon_body_warfighter3_2,0,0,,0,,,0,,,0,,,0,,0,0
8E0D8293534EC0BF,0,0,0,icon_body_warfighter2_1,0,challenge_splash,challenge,,0,,,TRUE,,,0,icon_body_warfighter3_1,0,0,,0,,,0,,,0,,,0,,0,0
313AD75B11DFA4B2,0,0,0,icon_body_warfighter2_3,0,challenge_splash,challenge,,0,,,TRUE,,,0,icon_head_warfighter1_2,0,0,,0,,,0,,,0,,,0,,0,0
47FF44AFC4BFBD48,0,0,0,icon_head_warfighter1_1,0,challenge_splash,challenge,,0,,,TRUE,,,0,icon_head_warfighter5_1,0,0,,0,,,0,,,0,,,0,,0,0
62BD29BC528A79EC,0,0,0,icon_head_warfighter1_4,0,challenge_splash,challenge,,0,,,TRUE,,,0,icon_head_warfighter2_3,0,0,,0,,,0,,,0,,,0,,0,0
A7E98DEC872E5FAA,0,0,0,icon_head_warfighter4_4,0,challenge_splash,challenge,,0,,,TRUE,,,0,,0,0,,0,,,0,,,0,,,0,,0,0
50A407E25FB52526,0,0,0,icon_head_warfighter3_1,0,challenge_splash,challenge,,0,,,TRUE,,,0,icon_body_merc1_3,0,0,,0,,,0,,,0,,,0,,0,0
6796C25E5C2015D6,0,0,0,icon_body_merc1_1,0,challenge_splash,challenge,,0,,,TRUE,,,0,icon_body_merc2_1,0,0,,0,,,0,,,0,,,0,,0,0
929D9DF7D7F8E290,0,0,0,icon_body_merc1_4,0,challenge_splash,challenge,,0,,,TRUE,,,0,,0,0,,0,,,0,,,0,,,0,,0,0
E550590E19244C27,0,0,0,icon_body_merc2_2,0,challenge_splash,challenge,,0,,,TRUE,,,0,icon_body_merc3_1,0,0,,0,,,0,,,0,,,0,,0,0
730523A44395F4FE,0,0,0,icon_body_merc3_3,0,challenge_splash,challenge,,0,,,TRUE,,,0,icon_head_merc1_3,0,0,,0,,,0,,,0,,,0,,0,0
F6B26DD92AF93830,0,0,0,icon_head_merc1_1,0,challenge_splash,challenge,,0,,,TRUE,,,0,icon_head_merc2_1,0,0,,0,,,0,,,0,,,0,,0,0
C68726B7CA5052D4,0,0,0,icon_head_merc1_4,0,challenge_splash,challenge,,0,,,TRUE,,,0,icon_head_merc2_3,0,0,,0,,,0,,,0,,,0,,0,0
F269DC5C74652242,0,0,0,icon_head_merc5_4,0,challenge_splash,challenge,,0,,,TRUE,,,0,,0,0,,0,,,0,,,0,,,0,,0,0
6776F84F8BC8C8AE,0,0,0,icon_head_merc5_1,0,challenge_splash,challenge,,0,,,TRUE,,,0,icon_body_synaptic3_1,0,0,,0,,,0,,,0,,,0,,0,0
52DBF7FAE45FA987,0,0,0,icon_body_synaptic2_2,0,challenge_splash,challenge,,0,,,TRUE,,,0,icon_body_synaptic3_2,0,0,,0,,,0,,,0,,,0,,0,0
346FA2D0A247C1E5,0,0,0,icon_body_synaptic1_2,0,challenge_splash,challenge,,0,,,TRUE,,,0,icon_body_synaptic3_4,0,0,,0,,,0,,,0,,,0,,0,0
67528209E658DF54,0,0,0,icon_body_synaptic3_3,0,challenge_splash,challenge,,0,,,TRUE,,,0,,0,0,,0,,,0,,,0,,,0,,0,0
33CDB7086637224D,0,0,0,icon_body_synaptic1_3,0,challenge_splash,challenge,,0,,,TRUE,,,0,icon_head_synaptic3_1,0,0,,0,,,0,,,0,,,0,,0,0
CF6A0C2091072ED5,0,0,0,icon_head_synaptic4_2,0,challenge_splash,challenge,,0,,,TRUE,,,0,icon_head_synaptic1_3,0,0,,0,,,0,,,0,,,0,,0,0
DF2501E60D17D233,0,0,0,icon_head_synaptic4_4,0,challenge_splash,challenge,,0,,,TRUE,,,0,icon_head_synaptic3_4,0,0,,0,,,0,,,0,,,0,,0,0
DACFB666342772D3,0,0,0,icon_head_synaptic1_2,0,challenge_splash,challenge,,0,,,TRUE,,,0,,0,0,,0,,,0,,,0,,,0,,0,0
D34DD19F247C56F7,0,0,0,icon_head_synaptic3_3,0,challenge_splash,challenge,,0,,,TRUE,,,0,icon_body_ftl2_1,0,0,,0,,,0,,,0,,,0,,0,0
6F4934550A22CBEC,0,0,0,icon_body_ftl1_1,0,challenge_splash,challenge,,0,,,TRUE,,,0,icon_body_ftl1_4,0,0,,0,,,0,,,0,,,0,,0,0
80F44C4054B6EBD,0,0,0,icon_body_ftl3_2,0,challenge_splash,challenge,,0,,,TRUE,,,0,icon_body_ftl1_2,0,0,,0,,,0,,,0,,,0,,0,0
DCD1F93A3F82D102,0,0,0,icon_body_ftl2_4,0,challenge_splash,challenge,,0,,,TRUE,,,0,,0,0,,0,,,0,,,0,,,0,,0,0
1D78FE39B2554775,0,0,0,icon_body_ftl1_3,0,challenge_splash,challenge,,0,,,TRUE,,,0,icon_head_ftl5_2,0,0,,0,,,0,,,0,,,0,,0,0
D8796C061E28E460,0,0,0,icon_head_ftl1_1,0,challenge_splash,challenge,,0,,,TRUE,,,0,icon_head_ftl4_1,0,0,,0,,,0,,,0,,,0,,0,0
309F4F2B3AC2D224,0,0,0,icon_head_ftl3_1,0,challenge_splash,challenge,,0,,,TRUE,,,0,icon_head_ftl1_3,0,0,,0,,,0,,,0,,,0,,0,0
47B680FE08A0592,0,0,0,icon_head_ftl5_4,0,challenge_splash,challenge,,0,,,TRUE,,,0,,0,0,,0,,,0,,,0,,,0,,0,0
9FF0E7CB37FACFFE,0,0,0,icon_head_ftl1_4,0,challenge_splash,challenge,,0,,,TRUE,,,0,icon_body_stryker1_2,0,0,,0,,,0,,,0,,,0,,0,0
58223ABA77A4DFFC,0,0,0,icon_body_stryker1_1,0,challenge_splash,challenge,,0,,,TRUE,,,0,icon_body_stryker3_3,0,0,,0,,,0,,,0,,,0,,0,0
3070D2100202CA8E,0,0,0,icon_body_stryker1_3,0,challenge_splash,challenge,,0,,,TRUE,,,0,icon_body_stryker3_1,0,0,,0,,,0,,,0,,,0,,0,0
706D7AD6AE78529,0,0,0,icon_body_stryker2_2,0,challenge_splash,challenge,,0,,,TRUE,,,0,,0,0,,0,,,0,,,0,,,0,,0,0
A1AD7338AE9E35ED,0,0,0,icon_body_stryker2_4,0,challenge_splash,challenge,,0,,,TRUE,,,0,icon_head_stryker1_2,0,0,,0,,,0,,,0,,,0,,0,0
24D54B2DBD6D8D30,0,0,0,icon_head_stryker1_1,0,challenge_splash,challenge,,0,,,TRUE,,,0,icon_head_stryker2_4,0,0,,0,,,0,,,0,,,0,,0,0
9AB8B477D37F31D4,0,0,0,icon_head_stryker1_3,0,challenge_splash,challenge,,0,,,TRUE,,,0,icon_head_stryker5_4,0,0,,0,,,0,,,0,,,0,,0,0
53C871ADBA65BF42,0,0,0,icon_head_stryker5_2,0,challenge_splash,challenge,,0,,,TRUE,,,0,,0,0,,0,,,0,,,0,,,0,,0,0
9599D5A41E3D1DAE,0,0,0,icon_head_stryker3_3,0,challenge_splash,challenge,,0,,,TRUE,,,0,,0,0,,0,,,0,,,0,,,0,,0,0
E291F0236861351D,0,0,0,icon_body_ghost1_1,0,challenge_splash,challenge,,0,,,TRUE,,,0,icon_body_ghost1_4,0,0,,0,,,0,,,0,,,0,,0,0
229684AAEA5E4D5A,0,0,0,icon_body_ghost1_2,0,challenge_splash,challenge,,0,,,TRUE,,,0,icon_body_ghost2_2,0,0,,0,,,0,,,0,,,0,,0,0
29DFE2AF300B14F2,0,0,0,icon_body_ghost2_1,0,challenge_splash,challenge,,0,,,TRUE,,,0,icon_body_ghost2_4,0,0,,0,,,0,,,0,,,0,,0,0
460AD39FCDC2D251,0,0,0,icon_body_ghost2_3,0,challenge_splash,challenge,,0,,,TRUE,,,0,icon_head_ghost1_2,0,0,,0,,,0,,,0,,,0,,0,0
C8883D16ABA21FDE,0,0,0,icon_head_ghost1_1,0,challenge_splash,challenge,,0,,,TRUE,,,0,icon_head_ghost4_2,0,0,,0,,,0,,,0,,,0,,0,0
8A66FE1CD5A0A856,0,0,0,icon_head_ghost1_4,0,challenge_splash,challenge,,0,,,TRUE,,,0,icon_head_ghost2_2,0,0,,0,,,0,,,0,,,0,,0,0
96C1B62DCF0B4C08,0,0,0,icon_head_ghost5_4,0,challenge_splash,challenge,,0,,,TRUE,,,0,,0,0,,0,,,0,,,0,,,0,,0,0
C6DB0841EA7B3074,0,0,0,icon_head_ghost2_4,0,challenge_splash,challenge,,0,,,TRUE,,,0,,0,0,,0,,,0,,,0,,,0,,0,0
BE914B330EB57816,0,0,0,icon_rank_01,30EAEE5D95C33D7B,urgent_splash,rank,,0,,,,,,0,,0,0,,0,,,0,,,0,,,0,,0,0
BE914A330EB57663,0,0,0,icon_rank_02,30EAEE5D95C33D7B,urgent_splash,rank,,0,,,,,,0,,0,0,,0,,,0,,,0,,,0,,0,0
BE9149330EB574B0,0,0,0,icon_rank_03,30EAEE5D95C33D7B,urgent_splash,rank,,0,,,,,,0,,0,0,,0,,,0,,,0,,,0,,0,0
BE9150330EB58095,0,0,0,icon_rank_04,30EAEE5D95C33D7B,urgent_splash,rank,,0,,,,,,0,,0,0,,0,,,0,,,0,,,0,,0,0
BE914F330EB57EE2,0,0,0,icon_rank_05,30EAEE5D95C33D7B,urgent_splash,rank,,0,,,,,,0,,0,0,,0,,,0,,,0,,,0,,0,0
BE914E330EB57D2F,0,0,0,icon_rank_06,30EAEE5D95C33D7B,urgent_splash,rank,,0,,,,,,0,,0,0,,0,,,0,,,0,,,0,,0,0
BE914D330EB57B7C,0,0,0,icon_rank_07,30EAEE5D95C33D7B,urgent_splash,rank,,0,,,,,,0,,0,0,,0,,,0,,,0,,,0,,0,0
BE9154330EB58761,0,0,0,icon_rank_08,30EAEE5D95C33D7B,urgent_splash,rank,,0,,,,,,0,,0,0,,0,,,0,,,0,,,0,,0,0
BE9153330EB585AE,0,0,0,icon_rank_09,30EAEE5D95C33D7B,urgent_splash,rank,,0,,,,,,0,,0,0,,0,,,0,,,0,,,0,,0,0
865AEDC1FE5B2892,0,0,0,icon_rank_10,30EAEE5D95C33D7B,urgent_splash,rank,,0,,,,,,0,,0,0,,0,,,0,,,0,,,0,,0,0
865AEEC1FE5B2A45,0,0,0,icon_rank_11,30EAEE5D95C33D7B,urgent_splash,rank,,0,,,,,,0,,0,0,,0,,,0,,,0,,,0,,0,0
865AEBC1FE5B252C,0,0,0,icon_rank_12,30EAEE5D95C33D7B,urgent_splash,rank,,0,,,,,,0,,0,0,,0,,,0,,,0,,,0,,0,0
865AECC1FE5B26DF,0,0,0,icon_rank_13,30EAEE5D95C33D7B,urgent_splash,rank,,0,,,,,,0,,0,0,,0,,,0,,,0,,,0,,0,0
865AE9C1FE5B21C6,0,0,0,icon_rank_14,30EAEE5D95C33D7B,urgent_splash,rank,,0,,,,,,0,,0,0,,0,,,0,,,0,,,0,,0,0
865AEAC1FE5B2379,0,0,0,icon_rank_15,30EAEE5D95C33D7B,urgent_splash,rank,,0,,,,,,0,,0,0,,0,,,0,,,0,,,0,,0,0
865AE7C1FE5B1E60,0,0,0,icon_rank_16,30EAEE5D95C33D7B,urgent_splash,rank,,0,,,,,,0,,0,0,,0,,,0,,,0,,,0,,0,0
865AE8C1FE5B2013,0,0,0,icon_rank_17,30EAEE5D95C33D7B,urgent_splash,rank,,0,,,,,,0,,0,0,,0,,,0,,,0,,,0,,0,0
865AF5C1FE5B362A,0,0,0,icon_rank_18,30EAEE5D95C33D7B,urgent_splash,rank,,0,,,,,,0,,0,0,,0,,,0,,,0,,,0,,0,0
865AF6C1FE5B37DD,0,0,0,icon_rank_19,30EAEE5D95C33D7B,urgent_splash,rank,,0,,,,,,0,,0,0,,0,,,0,,,0,,,0,,0,0
865767C1FE580F09,0,0,0,icon_rank_20,30EAEE5D95C33D7B,urgent_splash,rank,,0,,,,,,0,,0,0,,0,,,0,,,0,,,0,,0,0
865766C1FE580D56,0,0,0,icon_rank_21,30EAEE5D95C33D7B,urgent_splash,rank,,0,,,,,,0,,0,0,,0,,,0,,,0,,,0,,0,0
865765C1FE580BA3,0,0,0,icon_rank_22,30EAEE5D95C33D7B,urgent_splash,rank,,0,,,,,,0,,0,0,,0,,,0,,,0,,,0,,0,0
865764C1FE5809F0,0,0,0,icon_rank_23,30EAEE5D95C33D7B,urgent_splash,rank,,0,,,,,,0,,0,0,,0,,,0,,,0,,,0,,0,0
FC579B271631EAD4,0,0,0,splash_icon_generic_beta,30EAEE5D95C33D7B,urgent_splash,rank,,0,,,,,,0,,0,0,,0,,,0,,,0,,,0,,0,0
83572C939779C2D3,0,0,0,render_weapon_slot_nrg_mp,170EE0B4B76E1D35,urgent_splash,rank,,0,TRUE,TRUE,,,,0,,0,0,,0,,,0,,,0,,,0,,0,0
D0687A93C2DFB612,0,0,0,render_weapon_slot_g18_mp,170EE0B4B76E1D35,urgent_splash,rank,,0,TRUE,TRUE,,,,0,,0,0,,0,,,0,,,0,,,0,,0,0
E140F393CC4782C5,0,0,0,render_weapon_slot_emc_mp,170EE0B4B76E1D35,urgent_splash,rank,,0,TRUE,TRUE,,,,0,,0,0,,0,,,0,,,0,,,0,,0,0
11E30DC0EF536F51,0,0,0,render_weapon_slot_revolver_mp,170EE0B4B76E1D35,urgent_splash,rank,,0,TRUE,TRUE,,,,0,,0,0,,0,,,0,,,0,,,0,,0,0
464ED22440883974,0,0,0,render_weapon_slot_erad_mp,170EE0B4B76E1D35,urgent_splash,rank,,0,TRUE,TRUE,,,,0,,0,0,,0,,,0,,,0,,,0,,0,0
F3775693D6D87E97,0,0,0,render_weapon_slot_crb_mpl,170EE0B4B76E1D35,urgent_splash,rank,,0,TRUE,TRUE,,,,0,,0,0,,0,,,0,,,0,,,0,,0,0
407165F413DFB224,0,0,0,render_weapon_slot_ripper_mpr,170EE0B4B76E1D35,urgent_splash,rank,,0,TRUE,TRUE,,,,0,,0,0,,0,,,0,,,0,,,0,,0,0
51BC14E24920FF47,0,0,0,render_weapon_slot_ump45_mpl,170EE0B4B76E1D35,urgent_splash,rank,,0,TRUE,TRUE,,,,0,,0,0,,0,,,0,,,0,,,0,,0,0
C7DD7F93BE118E76,0,0,0,render_weapon_slot_fhr_mp,170EE0B4B76E1D35,urgent_splash,rank,,0,TRUE,TRUE,,,,0,,0,0,,0,,,0,,,0,,,0,,0,0
1B1FDD480D81476D,0,0,0,render_weapon_slot_ar57_mp,170EE0B4B76E1D35,urgent_splash,rank,,0,TRUE,TRUE,,,,0,,0,0,,0,,,0,,,0,,,0,,0,0
55CB593E1251C75,0,0,0,render_weapon_slot_ake_mpl,170EE0B4B76E1D35,urgent_splash,rank,,0,TRUE,TRUE,,,,0,,0,0,,0,,,0,,,0,,,0,,0,0
B2316F819AF73C7,0,0,0,render_weapon_slot_m4_mp,170EE0B4B76E1D35,urgent_splash,rank,,0,TRUE,TRUE,,,,0,,0,0,,0,,,0,,,0,,,0,,0,0
C7EEA493BE204088,0,0,0,render_weapon_slot_fmg_mp,170EE0B4B76E1D35,urgent_splash,rank,,0,TRUE,TRUE,,,,0,,0,0,,0,,,0,,,0,,,0,,0,0
A2948178BF5D9732,0,0,0,render_weapon_slot_sdfar_mp,170EE0B4B76E1D35,urgent_splash,rank,,0,TRUE,TRUE,,,,0,,0,0,,0,,,0,,,0,,,0,,0,0
AECF0D93B023DD8C,0,0,0,render_weapon_slot_kbs_mp,170EE0B4B76E1D35,urgent_splash,rank,,0,TRUE,TRUE,,,,0,,0,0,,0,,,0,,,0,,,0,,0,0
4620948FCE795EED,0,0,0,render_weapon_slot_cheytac_mp,170EE0B4B76E1D35,urgent_splash,rank,,0,TRUE,TRUE,,,,0,,0,0,,0,,,0,,,0,,,0,,0,0
B230AF819AF5F63,0,0,0,render_weapon_slot_m8_mp,170EE0B4B76E1D35,urgent_splash,rank,,0,TRUE,TRUE,,,,0,,0,0,,0,,,0,,,0,,,0,,0,0
B2311F819AF6B48,0,0,0,render_weapon_slot_m1_mp,170EE0B4B76E1D35,urgent_splash,rank,,0,TRUE,TRUE,,,,0,,0,0,,0,,,0,,,0,,,0,,0,0
A7EC9CF08C723F73,0,0,0,render_weapon_slot_devastator_mp,170EE0B4B76E1D35,urgent_splash,rank,,0,TRUE,TRUE,,,,0,,0,0,,0,,,0,,,0,,,0,,0,0
340562ADA756F10D,0,0,0,render_weapon_slot_spas_mp,170EE0B4B76E1D35,urgent_splash,rank,,0,TRUE,TRUE,,,,0,,0,0,,0,,,0,,,0,,,0,,0,0
7F03D0A248BA2486,0,0,0,render_weapon_slot_sonic_mpr,170EE0B4B76E1D35,urgent_splash,rank,,0,TRUE,TRUE,,,,0,,0,0,,0,,,0,,,0,,,0,,0,0
73EFE042CEFC4146,0,0,0,render_weapon_slot_sdfshotty_mp,170EE0B4B76E1D35,urgent_splash,rank,,0,TRUE,TRUE,,,,0,,0,0,,0,,,0,,,0,,,0,,0,0
AA78BC8E047DC6DA,0,0,0,render_weapon_slot_mauler_mp,170EE0B4B76E1D35,urgent_splash,rank,,0,TRUE,TRUE,,,,0,,0,0,,0,,,0,,,0,,,0,,0,0
41D5822CF7112D57,0,0,0,render_weapon_slot_sdflmg_mp,170EE0B4B76E1D35,urgent_splash,rank,,0,TRUE,TRUE,,,,0,,0,0,,0,,,0,,,0,,,0,,0,0
4E942596FABBF16F,0,0,0,render_weapon_slot_lmg03_mp,170EE0B4B76E1D35,urgent_splash,rank,,0,TRUE,TRUE,,,,0,,0,0,,0,,,0,,,0,,,0,,0,0
13EBA1422230203,0,0,0,render_weapon_slot_g18c_mp,170EE0B4B76E1D35,urgent_splash,rank,,0,TRUE,TRUE,,,,0,,0,0,,0,,,0,,,0,,,0,,0,0
396A08243118A2C,0,0,0,render_weapon_slot_ump45c_mp,170EE0B4B76E1D35,urgent_splash,rank,,0,TRUE,TRUE,,,,0,,0,0,,0,,,0,,,0,,,0,,0,0
A2BAFE5BD83BAB4A,0,0,0,render_weapon_slot_cheytacc_mp,170EE0B4B76E1D35,urgent_splash,rank,,0,TRUE,TRUE,,,,0,,0,0,,0,,,0,,,0,,,0,,0,0
9C02B393A5131A11,0,0,0,render_weapon_slot_m1c_mp,170EE0B4B76E1D35,urgent_splash,rank,,0,TRUE,TRUE,,,,0,,0,0,,0,,,0,,,0,,,0,,0,0
BC181B1358BC3DEA,0,0,0,render_weapon_slot_spasc_mp,170EE0B4B76E1D35,urgent_splash,rank,,0,TRUE,TRUE,,,,0,,0,0,,0,,,0,,,0,,,0,,0,0
2C04343D52E327AB,0,0,0,render_weapon_slot_arclassic_mp,170EE0B4B76E1D35,urgent_splash,rank,,0,TRUE,TRUE,,,,0,,0,0,,0,,,0,,,0,,,0,,0,0
5F5CAF9382B7D1C8,0,0,0,render_weapon_slot_rvn_mp,170EE0B4B76E1D35,urgent_splash,rank,,0,TRUE,TRUE,,,,0,,0,0,,0,,,0,,,0,,,0,,0,0
E17EE9A6C260E499,0,0,0,render_weapon_slot_udm45_mp,170EE0B4B76E1D35,urgent_splash,rank,,0,TRUE,TRUE,,,,0,,0,0,,0,,,0,,,0,,,0,,0,0
AFD52F8198F0A7E,0,0,0,render_weapon_slot_vr_mp,170EE0B4B76E1D35,urgent_splash,rank,,0,TRUE,TRUE,,,,0,,0,0,,0,,,0,,,0,,,0,,0,0
8C400A3611D98E09,0,0,0,render_weapon_slot_crdb_mp,170EE0B4B76E1D35,urgent_splash,rank,,0,TRUE,TRUE,,,,0,,0,0,,0,,,0,,,0,,,0,,0,0
5E7239E2BE2095E9,0,0,0,render_weapon_slot_mp28_mp,170EE0B4B76E1D35,urgent_splash,rank,,0,TRUE,TRUE,,,,0,,0,0,,0,,,0,,,0,,,0,,0,0
8DE750B0EE3BA5D3,0,0,0,render_weapon_slot_minilmg_mp,170EE0B4B76E1D35,urgent_splash,rank,,0,TRUE,TRUE,,,,0,,0,0,,0,,,0,,,0,,,0,,0,0
8ECACC7361DD5723,0,0,0,icon_weapon_ar_mike4,170EE0B4B76E1D35,urgent_splash,rank,,0,TRUE,TRUE,,,,0,,0,0,,0,,,0,,,0,,,0,,0,0
60631EB8EE40B83B,0,0,0,icon_weapon_ar_asierra12,170EE0B4B76E1D35,urgent_splash,rank,,0,TRUE,TRUE,,,,0,,0,0,,0,,,0,,,0,,,0,,0,0
A952C357B3D6FE2E,0,0,0,icon_weapon_ar_akilo47,170EE0B4B76E1D35,urgent_splash,rank,,0,TRUE,TRUE,,,,0,,0,0,,0,,,0,,,0,,,0,,0,0
5E9B4B55B37F1A7D,0,0,0,icon_weapon_ar_falpha,170EE0B4B76E1D35,urgent_splash,rank,,0,TRUE,TRUE,,,,0,,0,0,,0,,,0,,,0,,,0,,0,0
36E130562DEAC393,0,0,0,icon_weapon_ar_falima,170EE0B4B76E1D35,urgent_splash,rank,,0,TRUE,TRUE,,,,0,,0,0,,0,,,0,,,0,,,0,,0,0
3343CC02F6726D36,0,0,0,icon_weapon_ar_scharlie,170EE0B4B76E1D35,urgent_splash,rank,,0,TRUE,TRUE,,,,0,,0,0,,0,,,0,,,0,,,0,,0,0
DA686ED7829E7B8C,0,0,0,icon_weapon_ar_mcharlie,170EE0B4B76E1D35,urgent_splash,rank,,0,TRUE,TRUE,,,,0,,0,0,,0,,,0,,,0,,,0,,0,0
80E94250B42A0540,0,0,0,icon_weapon_ar_kilo433,170EE0B4B76E1D35,urgent_splash,rank,,0,TRUE,TRUE,,,,0,,0,0,,0,,,0,,,0,,,0,,0,0
6ACE28CD25C1C06D,0,0,0,icon_weapon_ar_tango21,170EE0B4B76E1D35,urgent_splash,rank,,0,TRUE,TRUE,,,,0,,0,0,,0,,,0,,,0,,,0,,0,0
4EAF6383A3DE4CB7,0,0,0,icon_weapon_sm_uzulu,170EE0B4B76E1D35,urgent_splash,rank,,0,TRUE,TRUE,,,,0,,0,0,,0,,,0,,,0,,,0,,0,0
3C9DBA829D57793F,0,0,0,icon_weapon_sm_papa90,170EE0B4B76E1D35,urgent_splash,rank,,0,TRUE,TRUE,,,,0,,0,0,,0,,,0,,,0,,,0,,0,0
4EC34D6F418DBE54,0,0,0,icon_weapon_sm_beta,170EE0B4B76E1D35,urgent_splash,rank,,0,TRUE,TRUE,,,,0,,0,0,,0,,,0,,,0,,,0,,0,0
872F6AF582B7B484,0,0,0,icon_weapon_sm_mpapa5,170EE0B4B76E1D35,urgent_splash,rank,,0,TRUE,TRUE,,,,0,,0,0,,0,,,0,,,0,,,0,,0,0
872F6CF582B7B7EA,0,0,0,icon_weapon_sm_mpapa7,170EE0B4B76E1D35,urgent_splash,rank,,0,TRUE,TRUE,,,,0,,0,0,,0,,,0,,,0,,,0,,0,0
6070E67B45DD52D0,0,0,0,icon_weapon_sm_augolf,170EE0B4B76E1D35,urgent_splash,rank,,0,TRUE,TRUE,,,,0,,0,0,,0,,,0,,,0,,,0,,0,0
81C60D6AF8366EE2,0,0,0,icon_weapon_sh_dpapa12,170EE0B4B76E1D35,urgent_splash,rank,,0,TRUE,TRUE,,,,0,,0,0,,0,,,0,,,0,,,0,,0,0
3237177C1D5B2A72,0,0,0,icon_weapon_sh_romeo870,170EE0B4B76E1D35,urgent_splash,rank,,0,TRUE,TRUE,,,,0,,0,0,,0,,,0,,,0,,,0,,0,0
80D62B2F8DA2C9D6,0,0,0,icon_weapon_sh_oscar12,170EE0B4B76E1D35,urgent_splash,rank,,0,TRUE,TRUE,,,,0,,0,0,,0,,,0,,,0,,,0,,0,0
957867C0BFC6401D,0,0,0,icon_weapon_sh_charlie725,170EE0B4B76E1D35,urgent_splash,rank,,0,TRUE,TRUE,,,,0,,0,0,,0,,,0,,,0,,,0,,0,0
2FE114D7A92E4FE8,0,0,0,icon_weapon_lm_kilo121,170EE0B4B76E1D35,urgent_splash,rank,,0,TRUE,TRUE,,,,0,,0,0,,0,,,0,,,0,,,0,,0,0
CDCB5BC0E0497A30,0,0,0,icon_weapon_lm_pkilo,170EE0B4B76E1D35,urgent_splash,rank,,0,TRUE,TRUE,,,,0,,0,0,,0,,,0,,,0,,,0,,0,0
787BCA8ABDF1B550,0,0,0,icon_weapon_lm_lima86,170EE0B4B76E1D35,urgent_splash,rank,,0,TRUE,TRUE,,,,0,,0,0,,0,,,0,,,0,,,0,,0,0
B5E4B73894C64B55,0,0,0,icon_weapon_lm_mgolf34,170EE0B4B76E1D35,urgent_splash,rank,,0,TRUE,TRUE,,,,0,,0,0,,0,,,0,,,0,,,0,,0,0
B5E4B53894C647EF,0,0,0,icon_weapon_lm_mgolf36,170EE0B4B76E1D35,urgent_splash,rank,,0,TRUE,TRUE,,,,0,,0,0,,0,,,0,,,0,,,0,,0,0
85BCEA7FB33D7EA2,0,0,0,icon_weapon_sn_alpha50,170EE0B4B76E1D35,urgent_splash,rank,,0,TRUE,TRUE,,,,0,,0,0,,0,,,0,,,0,,,0,,0,0
B7022F5405F211C5,0,0,0,icon_weapon_sn_delta,170EE0B4B76E1D35,urgent_splash,rank,,0,TRUE,TRUE,,,,0,,0,0,,0,,,0,,,0,,,0,,0,0
DB22B87E820A6856,0,0,0,icon_weapon_sn_mike14,170EE0B4B76E1D35,urgent_splash,rank,,0,TRUE,TRUE,,,,0,,0,0,,0,,,0,,,0,,,0,,0,0
E81FD84A6CC52889,0,0,0,icon_weapon_sn_hdromeo,170EE0B4B76E1D35,urgent_splash,rank,,0,TRUE,TRUE,,,,0,,0,0,,0,,,0,,,0,,,0,,0,0
E578F6F7DCA839D5,0,0,0,icon_weapon_sn_kilo98,170EE0B4B76E1D35,urgent_splash,rank,,0,TRUE,TRUE,,,,0,,0,0,,0,,,0,,,0,,,0,,0,0
CD99141994243B64,0,0,0,icon_weapon_sn_sbeta,170EE0B4B76E1D35,urgent_splash,rank,,0,TRUE,TRUE,,,,0,,0,0,,0,,,0,,,0,,,0,,0,0
5C44F267C58738C7,0,0,0,render_weapon_slot_g18_mp,170EE0B4B76E1D35,urgent_splash,rank,,0,TRUE,TRUE,,,,0,,0,0,,0,,,0,,,0,,,0,,0,0
5CF44C8F68121396,0,0,0,render_weapon_slot_revolver_mp,170EE0B4B76E1D35,urgent_splash,rank,,0,TRUE,TRUE,,,,0,,0,0,,0,,,0,,,0,,,0,,0,0
93C068F01F0CDF2,0,0,0,icon_weapon_pi_golf21,170EE0B4B76E1D35,urgent_splash,rank,,0,TRUE,TRUE,,,,0,,0,0,,0,,,0,,,0,,,0,,0,0
BCA2FF5DE6BE55D8,0,0,0,icon_weapon_pi_decho,170EE0B4B76E1D35,urgent_splash,rank,,0,TRUE,TRUE,,,,0,,0,0,,0,,,0,,,0,,,0,,0,0
869A52C72CE9BEE4,0,0,0,icon_weapon_pi_cpapa,170EE0B4B76E1D35,urgent_splash,rank,,0,TRUE,TRUE,,,,0,,0,0,,0,,,0,,,0,,,0,,0,0
94CDB3FBC3456379,0,0,0,icon_weapon_pi_mike_1911,170EE0B4B76E1D35,urgent_splash,rank,,0,TRUE,TRUE,,,,0,,0,0,,0,,,0,,,0,,,0,,0,0
B8C0DB8C77DC45F6,0,0,0,icon_weapon_pi_papa320,170EE0B4B76E1D35,urgent_splash,rank,,0,TRUE,TRUE,,,,0,,0,0,,0,,,0,,,0,,,0,,0,0
CE29B692261F6B20,0,0,0,render_weapon_slot_rvn_mp,1EA388E6F81BDC7,urgent_splash,local,,0,TRUE,TRUE,,,,0,,0,0,,0,,,0,,,0,,,0,,0,0
BB962ECCFECA0E92,0,0,0,render_weapon_slot_udm45_mp,1EA388E6F81BDC7,urgent_splash,local,,0,TRUE,TRUE,,,,0,,0,0,,0,,,0,,,0,,,0,,0,0
41C24A89BC074399,0,0,0,render_weapon_slot_crdb_mp,1EA388E6F81BDC7,urgent_splash,local,,0,TRUE,TRUE,,,,0,,0,0,,0,,,0,,,0,,,0,,0,0
303017F6D3EB2004,0,0,0,render_weapon_slot_vr_mp,1EA388E6F81BDC7,urgent_splash,local,,0,TRUE,TRUE,,,,0,,0,0,,0,,,0,,,0,,,0,,0,0
6CB4219F10B83FC1,0,0,0,render_weapon_slot_mp28_mp,1EA388E6F81BDC7,urgent_splash,local,,0,TRUE,TRUE,,,,0,,0,0,,0,,,0,,,0,,,0,,0,0
A9CA3BE34EC9C8C5,0,0,0,render_weapon_slot_minilimg_mp,1EA388E6F81BDC7,urgent_splash,local,,0,TRUE,TRUE,,,,0,,0,0,,0,,,0,,,0,,,0,,0,0
CF213E77881C8482,0,0,0,splash_icon_team_wolverines_contract,6A12AA2DF2374E12,urgent_splash,local,,0,,,,,,0,,0,0,,0,,,0,,,0,,,0,,0,0
CF213F77881C8635,0,0,0,splash_icon_team_orion_contract,6A12AA2DF2374E12,urgent_splash,local,,0,,,,,,0,,0,0,,0,,,0,,,0,,,0,,0,0
CF213C77881C811C,0,0,0,splash_icon_team_sabre_contract,6A12AA2DF2374E12,urgent_splash,local,,0,,,,,,0,,0,0,,0,,,0,,,0,,,0,,0,0
CF213D77881C82CF,0,0,0,splash_icon_team_wraith_contract,6A12AA2DF2374E12,urgent_splash,local,,0,,,,,,0,,0,0,,0,,,0,,,0,,,0,,0,0
D851D8AA850FE44B,0,0,0,mission_team_joint_ops_icon,6A12AA2DF2374E12,urgent_splash,local,,0,,,,,,0,,0,0,,0,,,0,,,0,,,0,,0,0
5AE7C0F7E7915586,0,0,0,splash_icon_challenge_loot,D8A2EDAB16B242B3,challenge_splash,challenge,,0,,,,,,0,,0,0,,0,,,0,,,0,,,0,,0,0
BF6E983F20CDB4A4,0,0,0,hud_icon_death_spawn,0,urgent_splash,local,,0,,,,,,0,,0,0,,0,,,0,,,0,,,0,,0,0
BF6E9B3F20CDB9BD,0,0,0,hud_icon_death_spawn,0,urgent_splash,local,,0,,,,,,0,,0,0,,0,,,0,,,0,,,0,,0,0
BF6E9A3F20CDB80A,0,0,0,hud_icon_death_spawn,0,urgent_splash,local,,0,,,,,,0,,0,0,,0,,,0,,,0,,,0,,0,0
BF6E953F20CDAF8B,0,0,0,hud_icon_death_spawn,0,urgent_splash,local,,0,,,,,,0,,0,0,,0,,,0,,,0,,,0,,0,0
BF6E943F20CDADD8,0,0,0,hud_icon_death_spawn,0,urgent_splash,local,,0,,,,,,0,,0,0,,0,,,0,,,0,,,0,,0,0
BF6E973F20CDB2F1,0,0,0,hud_icon_killstreak_nuke,0,urgent_splash,local,,0,,,,,,0,,0,0,,0,,,0,,,0,,,0,,0,0
17CE0EB2BF2FD97,0,0,0,hud_icon_death_spawn,0,urgent_splash,local,,0,,,,,,0,,0,0,,0,,,0,,,0,,,0,,0,0
BC25883A79049CB7,0,0,0,hud_icon_equipment_tac_cover,4349F9861517A6A6,killstreak_splash,perk,,0,,,,,,0,,0,0,,0,,,0,,,0,,,0,,0,0
DBA0A5F733C40C9,0,0,0,hud_icon_killstreak_radardrone_recon,4349F9861517A6A6,killstreak_splash,perk,,0,,,,,,0,,0,0,,0,,,0,,,0,,,0,,0,0
D62601F90B740E,0,0,0,hud_icon_fieldupgrade_ammo_box,4349F9861517A6A6,killstreak_splash,perk,,0,,,,,,0,,0,0,,0,,,0,,,0,,,0,,0,0
B075FDF097949C62,0,0,0,hud_icon_equipment_stim,4349F9861517A6A6,killstreak_splash,perk,,0,,,,,,0,,0,0,,0,,,0,,,0,,,0,,0,0
175BE8845DDD3A4F,0,0,0,hud_icon_equipment_pop_rocket,4349F9861517A6A6,killstreak_splash,perk,,0,,,,,,0,,0,0,,0,,,0,,,0,,,0,,0,0
331335EFE6ABAAF0,0,0,0,hud_icon_killstreak_death_switch,4349F9861517A6A6,killstreak_splash,perk,,0,,,,,,0,,0,0,,0,,,0,,,0,,,0,,0,0
D78D1F2FDEF495DB,0,0,0,hud_icon_fieldupgrade_trophy,4349F9861517A6A6,killstreak_splash,perk,,0,,,,,,0,,0,0,,0,,,0,,,0,,,0,,0,0
CD6FF35F8A514662,0,0,0,hud_icon_killstreak_scramblerdrone,4349F9861517A6A6,killstreak_splash,perk,,0,,,,,,0,,0,0,,0,,,0,,,0,,,0,,0,0
D66BCD5B1B71FE44,0,0,0,hud_icon_fieldupgrade_emp_drone,4349F9861517A6A6,killstreak_splash,perk,,0,,,,,,0,,0,0,,0,,,0,,,0,,,0,,0,0
ED8E2F6C0AFE7D62,0,0,0,hud_icon_fieldupgrade_deadsilence,4349F9861517A6A6,killstreak_splash,perk,,0,,,,,,0,,0,0,,0,,,0,,,0,,,0,,0,0
D121121835295509,0,0,0,hud_icon_fieldupgrade_tac_insert,4349F9861517A6A6,killstreak_splash,perk,,0,,,,,,0,,0,0,,0,,,0,,,0,,,0,,0,0
581123D5B51A75F0,0,0,0,hud_icon_fieldupgrade_tac_insert,4349F9861517A6A6,killstreak_splash,perk,,0,,,,,,0,,0,0,,0,,,0,,,0,,,0,,0,0
881409F6CF6BA981,0,0,0,hud_icon_fieldupgrade_weapon_drop,4349F9861517A6A6,killstreak_splash,perk,,0,,,,,,0,,0,0,,0,,,0,,,0,,,0,,0,0
D922A9CE799FFE49,0,0,0,hud_icon_fieldupgrade_stopping_power,4349F9861517A6A6,killstreak_splash,perk,,0,,,,,,0,,0,0,,0,,,0,,,0,,,0,,0,0
D8D09F263BC53D1C,0,0,0,hud_icon_fieldupgrade_apr,4349F9861517A6A6,playercard_splash,gameplay,,0,,,,,,0,,0,0,,0,,,0,,,0,,,0,,0,0
868234707FC05280,0,0,0,hud_icon_equipment_flare_broken,4349F9861517A6A6,killstreak_splash,perk,,0,,,,,,0,,0,0,,0,,,0,,,0,,,0,,0,0
C1B213976A31D796,0,0,0,hud_icon_fieldupgrade_tac_insert,4349F9861517A6A6,killstreak_splash,perk,,0,,,,,,0,,0,0,,0,,,0,,,0,,,0,,0,0
AA795273BEDCFE6D,0,0,0,hud_icon_fieldupgrade_tac_insert,4349F9861517A6A6,killstreak_splash,perk,,0,,,,,,0,,0,0,,0,,,0,,,0,,,0,,0,0
812FD700EEEF3C6E,0,0,0,hud_icon_fieldupgrade_tac_insert,4349F9861517A6A6,killstreak_splash,perk,,0,,,,,,0,,0,0,,0,,,0,,,0,,,0,,0,0
C45CD96BCAAF28D9,0,0,0,hud_icon_fieldupgrade_tac_insert,4349F9861517A6A6,killstreak_splash,perk,,0,,,,,,0,,0,0,,0,,,0,,,0,,,0,,0,0
949DFE7D2A12D1EA,0,0,0,hud_icon_fieldupgrade_tac_insert,4349F9861517A6A6,killstreak_splash,perk,,0,,,,,,0,,0,0,,0,,,0,,,0,,,0,,0,0
61A2D32E72064A0F,0,0,0,hud_icon_fieldupgrade_tac_insert,4349F9861517A6A6,killstreak_splash,perk,,0,,,,,,0,,0,0,,0,,,0,,,0,,,0,,0,0
E5CE77CFAE268AB3,0,0,0,hud_icon_fieldupgrade_tac_insert,4349F9861517A6A6,killstreak_splash,perk,,0,,,,,,0,,0,0,,0,,,0,,,0,,,0,,0,0
42739C6D0AE83504,0,0,0,hud_icon_fieldupgrade_tac_insert,4349F9861517A6A6,killstreak_splash,perk,,0,,,,,,0,,0,0,,0,,,0,,,0,,,0,,0,0
9CE36C6AD9A4405B,0,0,0,hud_icon_fieldupgrade_tac_insert,4349F9861517A6A6,killstreak_splash,perk,,0,,,,,,0,,0,0,,0,,,0,,,0,,,0,,0,0
C05459AAD0EB5F48,0,0,0,hud_icon_fieldupgrade_tac_insert,4349F9861517A6A6,killstreak_splash,perk,,0,,,,,,0,,0,0,,0,,,0,,,0,,,0,,0,0
218B72EF391E7F09,0,0,0,hud_icon_fieldupgrade_tac_insert,4349F9861517A6A6,killstreak_splash,perk,,0,,,,,,0,,0,0,,0,,,0,,,0,,,0,,0,0
6408C284F316C1D9,0,0,0,hud_icon_fieldupgrade_tac_insert,4349F9861517A6A6,killstreak_splash,perk,,0,,,,,1,0,,0,0,,0,,,0,,,0,,,0,,0,0
D6C7EAE0F9540805,0,0,0,hud_icon_fieldupgrade_tac_insert,4349F9861517A6A6,killstreak_splash,perk,,0,,,,,,0,,0,0,,0,,,0,,,0,,,0,,0,0
4F98312D29D16753,0,0,0,icon_splash_skill_shot,0,splash,skill,,0,,,,0,0,0,,0,0,,0,,,0,,,0,,,0,,0,0
4F98312D29D16753,0,0,0,icon_splash_skill_shot,0,splash,skill,,0,,,,0,0,0,,0,0,,0,,,0,,,0,,,0,,0,0
AF7977AC3F32467E,0,0,0,hud_icon_fieldupgrade_tac_insert,4349F9861517A6A6,killstreak_splash,perk,,0,,,,,,0,,0,0,,0,,,0,,,0,,,0,,0,0
BCA541E4E9F02B35,0,0,0,hud_icon_fieldupgrade_tac_insert,4349F9861517A6A6,killstreak_splash,perk,,0,,,,,,0,,0,0,,0,,,0,,,0,,,0,,0,0
F3628C75D8E3E7C3,0,0,0,hud_icon_splash_kill,0,splash,skill,,0,,,,0,0,0,,0,0,,0,,,0,,,0,,,0,,0,0
A292BCF7D6CDC45,0,0,0,hud_icon_splash_kill,0,splash,skill,,0,,,,0,0,0,,0,0,,0,,,0,,,0,,,0,,0,0
128878AA0C1B2CA,0,0,0,hud_icon_fieldupgrade_tac_insert,4349F9861517A6A6,killstreak_splash,perk,,0,,,,,,0,,0,0,,0,,,0,,,0,,,0,,0,0
254326294A742031,0,0,0,hud_icon_fieldupgrade_tac_insert,4349F9861517A6A6,killstreak_splash,perk,,0,,,,,,0,,0,0,,0,,,0,,,0,,,0,,0,0
8401466EFB5C2F10,0,0,0,hud_icon_fieldupgrade_tac_insert,4349F9861517A6A6,killstreak_splash,perk,,0,,,,,,0,,0,0,,0,,,0,,,0,,,0,,0,0
9C3B3F4F44EB1D0F,0,0,0,icon_waypoint_generic,0,splash,local,,0,,,,,,0,,0,0,,0,,,0,,,0,,,0,,0,0
6F7D784824F9990F,0,0,0,icon_waypoint_generic,0,splash,local,,0,,,,,,0,,0,0,,0,,,0,,,0,,,0,,0,0
19F6EA866EAB9AFC,0,0,0,icon_waypoint_generic,0,splash,local,,0,,,,,,0,,0,0,,0,,,0,,,0,,,0,,0,0
B1FFFBFE3053839F,0,0,0,icon_waypoint_generic,0,splash,local,,0,,,,,,0,,0,0,,0,,,0,,,0,,,0,,0,0
C34B7B3EFD6CCB3B,0,0,0,icon_waypoint_generic,0,splash,local,,0,,,,,,0,,0,0,,0,,,0,,,0,,,0,,0,0
16992349462C080E,0,0,0,icon_waypoint_generic,0,splash,local,,0,,,,,,0,,0,0,,0,,,0,,,0,,,0,,0,0
3F24F597382C67DA,0,0,0,icon_waypoint_generic,0,splash,local,,0,,,,,,0,,0,0,,0,,,0,,,0,,,0,,0,0
D2A336826E3672BA,0,0,0,icon_waypoint_generic,0,splash,local,,0,,,,,,0,,0,0,,0,,,0,,,0,,,0,,0,0
16A4B1F08B51BD02,0,0,0,icon_waypoint_generic,0,splash,local,,0,,,,,,0,,0,0,,0,,,0,,,0,,,0,,0,0
7614F61D343BAB80,0,0,0,icon_waypoint_generic,0,splash,local,,0,,,,,,0,,0,0,,0,,,0,,,0,,,0,,0,0
34075C1D7B0F1152,0,0,0,hud_icon_splash_buyback,4349F9861517A6A6,playercard_splash,global,,0,,,splashNotifications.GreenLight,,,0,,0,0,,0,,,0,,,0,,,0,,0,0
533809496B7BFB5F,0,0,0,hud_icon_splash_buyback,4349F9861517A6A6,splash,phaseChange,,0,,,splashNotifications.splashAlternativeColor1,,,0,,0,0,,0,,,0,,,0,,,0,,0,0
2860ADC5BAB74C,0,0,0,hud_icon_splash_buyback,4349F9861517A6A6,playercard_splash,global,,0,,,splashNotifications.splashAlternativecColor2,,,0,,0,0,,0,,,0,,,0,,,0,,0,0
25D16A069F523F69,0,0,0,ui_mp_br_loot_icon_revive_item,CBFE24C3A5DBBD36,splash,local,,0,,,,,,0,,0,0,,0,,,0,,,0,,,0,,0,0
F79D7882A26AEF4,0,0,0,ui_mp_br_loot_icon_supply_station,55AEAE99C8139CA5,splash,local,,0,,,,,,0,,0,0,,0,,,0,,,0,,,0,,0,0
9844B2639BE633D2,0,0,0,icon_splash_skill_shot,55AEAE99C8139CA5,splash,local,,0,,,,,,0,,0,0,,0,,,0,,,0,,,0,,0,0
413CBCB8DC16F2AF,0,0,0,ui_mp_br_loot_icon_supply_station,55AEAE99C8139CA5,splash,local,,0,,,,,,0,,0,0,,0,,,0,,,0,,,0,,0,0
ACFE19B20F6DF57F,0,0,0,ui_mp_br_loot_icon_supply_station,55AEAE99C8139CA5,splash,local,,0,,,,,,0,,0,0,,0,,,0,,,0,,,0,,0,0
1D723C55CEAA52DC,0,0,0,icon_splash_cyber_revived,0,splash,local,,0,,,,,,0,,0,0,,0,,,0,,,0,,,0,,0,0
F7CBCDDF9399E06,0,0,0,icon_splash_cyber_revived,0,splash,interrogation,,0,,,IW9StyleGuide.styleGuideMatchAllyHighlight,,,0,,0,0,,0,,,0,,,0,,,0,,0,0
B0BDD376CF5DDE54,0,0,0,icon_splash_cyber_revived,0,splash,interrogation,,0,,,IW9StyleGuide.styleGuideMatchEnemyDefault,,,0,,0,0,,0,,,0,,,0,,,0,,0,0
4CAA4F3C52EAA383,0,0,0,icon_splash_skill_shot,0,,,,0,,,,,,0,,0,0,,0,,,0,,,0,,,0,,0,0
8F52FA1875D88F2B,0,0,0,,4349F9861517A6A6,playercard_splash,local,,0,,,,,,0,,0,0,,0,,,0,,,0,,,0,,0,0
DA974636806B5AA,0,0,0,splash_icon_nuke,4349F9861517A6A6,playercard_splash,local,,0,,,,,,0,,0,0,,0,,,0,,,0,,,0,,0,0
74DE7FB4CEAC66F,0,0,0,ui_splash_camo_slam,4349F9861517A6A6,killstreak_splash,killstreak,,0,,,,,,0,,0,0,,0,,,0,,,0,,,0,,0,0
C5BDAE6A42516680,0,0,0,hud_icon_killstreak_ac130,0,killstreak_splash,killstreak,,0,,,,,,0,,0,0,,0,,,0,,,0,,,0,,0,0
DABC2775752A961,0,0,0,hud_icon_killstreak_ac130,0,splash,local,,0,,,,,,0,,0,0,,0,,,0,,,0,,,0,,0,0
3121173A6827B754,0,0,0,ui_mp_br_splash_mission_complete,55AEAE99C8139CA5,killstreak_splash,killstreak,,0,,,,,,0,,0,0,,0,,,0,,,0,,,0,,0,0
3D9903EE210C84D0,0,0,0,ui_mp_br_splash_mission_complete,887AC58F35315D30,killstreak_splash,killstreak,,0,,,,,,0,,0,0,,0,,,0,,,0,,,0,,0,0
A3E12B3D74340392,0,0,0,ui_mp_br_splash_mission_complete,887AC58F35315D30,killstreak_splash,killstreak,,0,,,,,,0,,0,0,,0,,,0,,,0,,,0,,0,0
FF2AF11929F248B2,0,0,0,ui_mp_br_splash_mission_complete,887AC58F35315D30,killstreak_splash,killstreak,,0,,,,,,0,,0,0,,0,,,0,,,0,,,0,,0,0
4F5E1105ED23B6D7,0,0,0,ui_mp_br_splash_mission_complete,887AC58F35315D30,killstreak_splash,killstreak,,0,,,,,,0,,0,0,,0,,,0,,,0,,,0,,0,0
8E18789F73E5A0E7,0,0,0,iw9_icon_perk_eod,1EA388E6F81BDC7,challenge_splash,challenge,,0,,,,,,0,,0,0,,0,,,0,,,0,,,0,,0,0
54BBEE51DA4815DA,0,0,0,iw9_icon_perk_eod,1EA388E6F81BDC7,challenge_splash,challenge,,0,,,,,,0,,0,0,,0,,,0,,,0,,,0,,0,0
E737A812562F6AB2,0,0,0,iw9_icon_perk_eod,1EA388E6F81BDC7,challenge_splash,challenge,,0,,,,,,0,,0,0,,0,,,0,,,0,,,0,,0,0
F1EF8551F561FF89,0,0,0,icon_perk_slot_momentum_ui,1EA388E6F81BDC7,challenge_splash,challenge,,0,,,,,,0,,0,0,,0,,,0,,,0,,,0,,0,0
C3110E58A0392525,0,0,0,icon_perk_slot_momentum_ui,1EA388E6F81BDC7,challenge_splash,challenge,,0,,,,,,0,,0,0,,0,,,0,,,0,,,0,,0,0
6670E57CD43C4FA2,0,0,0,icon_perk_slot_momentum_ui,1EA388E6F81BDC7,challenge_splash,challenge,,0,,,,,,0,,0,0,,0,,,0,,,0,,,0,,0,0
84F8B7520A026A19,0,0,0,iw9_icon_perk_munitions,1EA388E6F81BDC7,challenge_splash,challenge,,0,,,,,,0,,0,0,,0,,,0,,,0,,,0,,0,0
D6128809E4F87B7C,0,0,0,iw9_icon_perk_munitions,1EA388E6F81BDC7,challenge_splash,challenge,,0,,,,,,0,,0,0,,0,,,0,,,0,,,0,,0,0
5B6B0DE7A5E6AA20,0,0,0,iw9_icon_perk_munitions,1EA388E6F81BDC7,challenge_splash,challenge,,0,,,,,,0,,0,0,,0,,,0,,,0,,,0,,0,0
1DB235D12D3E36FC,0,0,0,iw9_icon_perk_hardline,1EA388E6F81BDC7,challenge_splash,challenge,,0,,,,,,0,,0,0,,0,,,0,,,0,,,0,,0,0
40398743F4B43F45,0,0,0,iw9_icon_perk_hardline,1EA388E6F81BDC7,challenge_splash,challenge,,0,,,,,,0,,0,0,,0,,,0,,,0,,,0,,0,0
7717A94C300E9A7D,0,0,0,iw9_icon_perk_hardline,1EA388E6F81BDC7,challenge_splash,challenge,,0,,,,,,0,,0,0,,0,,,0,,,0,,,0,,0,0
4879D22EDE7CE63C,0,0,0,iw9_icon_perk_guerilla,1EA388E6F81BDC7,challenge_splash,challenge,,0,,,,,,0,,0,0,,0,,,0,,,0,,,0,,0,0
B9FAD3BDE58DC7E8,0,0,0,iw9_icon_perk_guerilla,1EA388E6F81BDC7,challenge_splash,challenge,,0,,,,,,0,,0,0,,0,,,0,,,0,,,0,,0,0
ED432E0E49AA7BAE,0,0,0,iw9_icon_perk_guerilla,1EA388E6F81BDC7,challenge_splash,challenge,,0,,,,,,0,,0,0,,0,,,0,,,0,,,0,,0,0
BD021F342F5ECED1,0,0,0,ui_mp_br_splash_mission_obj_extraction_pro,1BF85AE6F0BCE359,splash,contractDrop,,0,,,BRLootItemRarity.SpecialMission,,,0,,0,0,,0,,,0,,,0,,,0,,0,0
D6A086C1BF20B9DD,0,0,0,ui_mp_br_splash_mission_obj_extraction_pro,1BF85AE6F0BCE359,splash,contractAccept,,0,,,BRLootItemRarity.SpecialMission,,,0,,0,0,,0,,,0,,,0,,,0,,0,0
18C4D126FB704671,0,0,0,ui_mp_br_splash_mission_obj_extraction_pro,7D39BDC96AF29BFC,splash,contractAccept,,0,,,BRLootItemRarity.SpecialMission,,,0,,0,0,,0,,,0,,,0,,,0,,0,0
2F3D0C24A6BC302A,0,0,0,ui_mp_br_splash_mission_obj_extraction_pro,1855540BA25CC92,splash,contractUpdate,,0,,,BRLootItemRarity.SpecialMission,,,0,,0,0,,0,,,0,,,0,,,0,,0,0
E46238C0F7E6214A,0,0,0,ui_mp_br_splash_mission_obj_extraction_pro,1855540BA25CC92,splash,contractSuccess,,0,,,BRLootItemRarity.SpecialMission,,,0,,0,0,,0,,,0,,,0,,,0,,0,0
19CC4AAA2A1F2059,0,0,0,ui_mp_br_splash_mission_failed,2F466933DF0AEB01,splash,contractFailure,,0,,,splashNotifications.splashAlternativecColor2,,,0,,0,0,,0,,,0,,,0,,,0,,0,0
8A6B45A6458168,0,0,0,ui_mp_br_splash_mission_failed,2F466933DF0AEB01,splash,contractFailure,,0,,,splashNotifications.splashAlternativecColor2,,,0,,0,0,,0,,,0,,,0,,,0,,0,0
EB134024A129E24,0,0,0,ui_mp_br_splash_mission_failed,2F466933DF0AEB01,splash,contractFailure,,0,,,splashNotifications.splashAlternativecColor2,,,0,,0,0,,0,,,0,,,0,,,0,,0,0
D9C8C94D5A02E689,0,0,0,ui_mp_br_mapmenu_icon_poi_sb_race_vehicle,1855540BA25CC92,splash,contractSuccess,,0,,,HUD.friendlyTeam,,,0,,0,0,,0,,,0,,,0,,,0,,0,0
35B876874CE145AA,0,0,0,ui_mp_br_mapmenu_icon_poi_sb_race_vehicle,1855540BA25CC92,splash,contractSuccess,,0,,,HUD.friendlyTeam,,,0,,0,0,,0,,,0,,,0,,,0,,0,0
7954789EC355B1E7,0,0,0,ui_mp_br_mapmenu_icon_poi_sb_race_vehicle,1855540BA25CC92,splash,contractSuccess,,0,,,HUD.friendlyTeam,,,0,,0,0,,0,,,0,,,0,,,0,,0,0
92C4165FE6D400B6,0,0,0,hud_icon_br_satellite_truck,4349F9861517A6A6,playercard_splash,local,,0,,,,,,0,,0,0,,0,,,0,,,0,,,0,,0,0
FCF36A8FCE0E46E1,0,0,0,hud_icon_br_mobile_armory,4349F9861517A6A6,playercard_splash,local,,0,,,,,,0,,0,0,,0,,,0,,,0,,,0,,0,0
C90EB8DD307E89D1,0,0,0,ui_mp_br_loot_icon_plunder,4349F9861517A6A6,playercard_splash,local,,0,,,,,,0,,0,0,,0,,,0,,,0,,,0,,0,0
A4051A2D5C27F555,0,0,0,ui_mp_br_loot_icon_supply_station,4349F9861517A6A6,playercard_splash,local,,0,,,,,,0,,0,0,,0,,,0,,,0,,,0,,0,0
716416DFC40C1944,0,0,0,ui_mp_br_loot_icon_supply_station,4349F9861517A6A6,playercard_splash,local,,0,,,,,,0,,0,0,,0,,,0,,,0,,,0,,0,0
594C178E43130FBB,0,0,0,hud_icon_loot_revive,75BD3D32B62D7A7A,playercard_splash,global,,0,,,,,,0,,0,0,,0,,,0,,,0,,,0,,0,0
DD24F7AE72C0B856,0,0,0,hud_icon_loot_revive,7C6C01BE9298277A,playercard_splash,global,,0,,,,,,0,,0,0,,0,,,0,,,0,,,0,,0,0
2DC578E122AA599,0,0,0,hud_icon_loot_revive,2A6415A9C47FFD25,playercard_splash,global,,0,,,,,,0,,0,0,,0,,,0,,,0,,,0,,0,0
9D76CBF2831B24A2,0,0,0,hud_icon_loot_revive,6C7511DE370E8225,playercard_splash,global,,0,,,,,,0,,0,0,,0,,,0,,,0,,,0,,0,0
84A6DC6A313BC033,0,0,0,hud_icon_loot_revive,2E89E60347384E00,playercard_splash,global,,0,,,,,,0,,0,0,,0,,,0,,,0,,,0,,0,0
A6E3F2FCAB13C796,0,0,0,hud_icon_loot_revive,4349F9861517A6A6,playercard_splash,global,,0,,,,,,0,,0,0,,0,,,0,,,0,,,0,,0,0
325BC52795FC95D9,0,0,0,hud_icon_loot_revive,4349F9861517A6A6,playercard_splash,local,,0,,,,,,0,,0,0,,0,,,0,,,0,,,0,,0,0
7063486B6EB923A5,0,0,0,ui_mp_br_splash_mission_obj_extraction_pro,483DD7B66F35F974,playercard_splash,local,,0,,,BRLootItemRarity.SpecialMission,,,0,,0,0,,0,,,0,,,0,,,0,,0,0
6EBE4FC013B04480,0,0,0,hud_icon_splash_kill,0,,,,0,,,,,,0,,0,0,,0,,,0,,,0,,,0,,0,0
1928D4DC8BB8669F,0,0,0,hud_icon_splash_kill,0,,,,0,,,,,,0,,0,0,,0,,,0,,,0,,,0,,0,0
DF435AC1D942668B,0,0,0,ui_mp_br_gulag_hud_icon_pro,4349F9861517A6A6,playercard_splash,global,,0,,,,,,0,,0,0,,0,,,0,,,0,,,0,,0,0
1AA1546AC4896E5,0,0,0,blank,1E4684DF2117BA45,splash,local,,0,,,,HUD.friendlyTeam,,0,,0,0,,0,,,0,,,0,,,0,,0,0
F50A6C130616B448,0,0,0,ui_mp_br_gulag_hud_icon_pro,18BBFAB38A59FDCE,splash,phaseChange,,0,,,HUD.friendlyTeam,HUD.friendlyTeam,,0,,0,0,,0,,,0,,,0,,,0,,0,0
DE4D693523F5CC1F,0,0,0,ui_mp_br_jailbreak_hud_icon_pro,4349F9861517A6A6,splash,local,,0,,,,HUD.friendlyTeam,,0,,0,0,,0,,,0,,,0,,,0,,0,0
DD106359BCA2B84,0,0,0,,B955ED7B14B3A935,splash,skill,,0,,,,,,0,,0,0,,0,,,0,,,0,,,0,,0,0
7F475510F9F5698D,0,0,0,,B955ED7B14B3A935,splash,skill,,0,,,,,,0,,0,0,,0,,,0,,,0,,,0,,0,0
94A1B0D5284A295D,0,0,0,splash_icon_nuke,4349F9861517A6A6,playercard_splash,local,,0,,,,,,0,,0,0,,0,,,0,,,0,,,0,,0,0
89AB6C4DED2D5944,0,0,0,ui_mp_br_mapmenu_legend_littlebird,4349F9861517A6A6,playercard_splash,local,,0,,,BattleRoyale.BRPocketPlunder,,,0,,0,0,,0,,,0,,,0,,,0,,0,0
A8689845D7B7A6D,0,0,0,ui_mp_br_mapmenu_legend_littlebird,91074AFF0C1AA292,playercard_splash,local,,0,,,splashNotifications.splashAlternativecColor2,,,0,,0,0,,0,,,0,,,0,,,0,,0,0
85ABDF41931A8919,0,0,0,ui_mp_br_mapmenu_legend_littlebird,4349F9861517A6A6,playercard_splash,local,,0,,,BattleRoyale.BRPocketPlunder,,,0,,0,0,,0,,,0,,,0,,,0,,0,0
79C84351789B4B05,0,0,0,ui_mp_br_mapmenu_legend_littlebird,E35E316CEE15B599,playercard_splash,local,,0,,,,,,0,,0,0,,0,,,0,,,0,,,0,,0,0
25C9821D317849DD,0,0,0,splash_icon_nuke,4349F9861517A6A6,playercard_splash,local,,0,,,,,,0,,0,0,,0,,,0,,,0,,,0,,0,0
2C29C2C6CF3C284F,0,0,0,ui_mp_br_mapmenu_legend_littlebird,4349F9861517A6A6,playercard_splash,local,,0,,,BattleRoyale.BRPocketPlunder,,,0,,0,0,,0,,,0,,,0,,,0,,0,0
4CC5F313FB4A3C48,0,0,0,ui_mp_br_mapmenu_legend_littlebird,4349F9861517A6A6,playercard_splash,local,,0,,,BattleRoyale.BRPocketPlunder,,,0,,0,0,,0,,,0,,,0,,,0,,0,0
8A56780E36474DFF,0,0,0,icon_br_mode_plunder,4349F9861517A6A6,playercard_splash,local,,0,,,,,,0,,0,0,,0,,,0,,,0,,,0,,0,0
D70198A2D53F3CC3,0,0,0,icon_mp_mode_hvt,4349F9861517A6A6,playercard_splash,local,,0,,,,,,0,,0,0,,0,,,0,,,0,,,0,,0,0
AE1A347CEC587D69,0,0,0,icon_mp_mode_hvt,4948426AF97E3EAA,playercard_splash,local,,0,,,,,,0,,0,0,,0,,,0,,,0,,,0,,0,0
B77C7E3A555CB76A,0,0,0,icon_mp_mode_hvt,B955ED7B14B3A935,playercard_splash,local,,0,,,,,,0,,0,0,,0,,,0,,,0,,,0,,0,0
5766542B6AD9975A,0,0,0,icon_splash_skill_shot,0,,,,0,,,,0,0,0,,0,0,,0,,,0,,,0,,,0,,0,0
70C9F312B8E0BF01,0,0,0,icon_splash_skill_shot,0,,,,0,,,,0,0,0,,0,0,,0,,,0,,,0,,,0,,0,0
607CD099425B81C7,0,0,0,icon_splash_skill_shot,0,,,,0,,,,0,0,0,,0,0,,0,,,0,,,0,,,0,,0,0
67EB4B642067882A,0,0,0,icon_splash_skill_shot,0,,,,0,,,,0,0,0,,0,0,,0,,,0,,,0,,,0,,0,0
C19301D569C97C3C,0,0,0,icon_splash_skill_shot,0,,,,0,,,,0,0,0,,0,0,,0,,,0,,,0,,,0,,0,0
F396D39FEE1A8054,0,0,0,icon_splash_skill_shot,0,,,,0,,,,0,0,0,,0,0,,0,,,0,,,0,,,0,,0,0
70E5DE61CFAA916B,0,0,0,icon_splash_skill_shot,0,,,,0,,,,0,0,0,,0,0,,0,,,0,,,0,,,0,,0,0
D9180CA5C5DC7B88,0,0,0,icon_splash_skill_shot,0,,,,0,,,,0,0,0,,0,0,,0,,,0,,,0,,,0,,0,0
6B6AA986D5126ABB,0,0,0,icon_splash_skill_shot,0,,,,0,,,,,,0,,0,0,,0,,,0,,,0,,,0,,0,0
6BCCE63F849395AB,0,0,0,hud_icon_splash_kill,9FBFC426719E499F,playercard_splash,blueprintUnlock,,0,,,,,,0,,0,0,,0,,,0,,,0,,,0,,0,0
B67884DBD46199B8,0,0,0,icon_splash_skill_shot,0,playercard_splash,,,0,,,,,,0,,0,0,,0,,,0,,,0,,,0,,0,0
B029CAF23FE6242C,0,0,0,icon_splash_skill_shot,0,,,,0,,,,0,0,0,,0,0,,0,,,0,,,0,,,0,,0,0
676AA7832878D5EF,0,0,0,icon_splash_skill_shot,0,,,,0,,,,,,0,,0,0,,0,,,0,,,0,,,0,,0,0
7053E047DF12F10D,0,0,0,,0,,,,0,,,,,,0,,0,0,,0,,,0,,,0,,,0,,0,0
3070D7C5107D0D57,0,0,0,,0,,,,0,,,,,,0,,0,0,,0,,,0,,,0,,,0,,0,0
F50873A1C64BB93D,0,0,0,icon_splash_skill_shot,0,,,,0,,,,0,0,0,,0,0,,0,,,0,,,0,,,0,,0,0
2F18B0ACC97D6021,0,0,0,icon_mission_generic,1E4684DF2117BA45,playercard_splash,local,,0,,,,,,0,,0,0,,0,,,0,,,0,,,0,,0,0
F87D93D2CBBAE54F,0,0,0,icon_mission_generic,4349F9861517A6A6,playercard_splash,local,,0,,,,,,0,,0,0,,0,,,0,,,0,,,0,,0,0
86CF6C5E8A243409,0,0,0,icon_mission_generic,EDD26A1D05FAD71D,killstreak_splash,phaseChange,,0,,,splashNotifications.splashAlternativeColor1,,,0,,0,0,,0,,,0,,,0,,,0,,0,0
ADD1BADC2B6998D0,0,0,0,ui_mp_br_splash_mission_complete,887AC58F35315D30,killstreak_splash,killstreak,,0,,,,,,0,,0,0,,0,,,0,,,0,,,0,,0,0
ABF074D96FB5CFEA,0,0,0,ui_mp_br_splash_mission_complete,887AC58F35315D30,killstreak_splash,killstreak,,0,,,,,,0,,0,0,,0,,,0,,,0,,,0,,0,0
27BE6B00ACBACAD6,0,0,0,ui_mp_br_splash_mission_complete,887AC58F35315D30,killstreak_splash,killstreak,,0,,,,,,0,,0,0,,0,,,0,,,0,,,0,,0,0
10E4FEE4C5338653,0,0,0,ui_mp_br_splash_mission_complete,887AC58F35315D30,killstreak_splash,killstreak,,0,,,,,,0,,0,0,,0,,,0,,,0,,,0,,0,0
937DE5F8E57AE53E,0,0,0,ui_map_icon_extraction,4349F9861517A6A6,playercard_splash,local,,0,,,BattleRoyale.BRPocketPlunder,,,0,,0,0,,0,,,0,,,0,,,0,,0,0
E11F88C85C15BB3,0,0,0,icon_ping_warning,4349F9861517A6A6,playercard_splash,local,,0,,,BattleRoyale.BRPocketPlunder,,,0,,0,0,,0,,,0,,,0,,,0,,0,0
F391ABB0ED2ADC08,0,0,0,ui_map_icon_extraction,4349F9861517A6A6,playercard_splash,local,,0,,,BattleRoyale.BRPocketPlunder,,,0,,0,0,,0,,,0,,,0,,,0,,0,0
19051C5CCD4C69C1,0,0,0,icon_splash_skill_shot,E35E316CEE15B599,playercard_splash,local,,0,,,,,,0,,0,0,,0,,,0,,,0,,,0,,0,0
3A37E8F12EB08A41,0,0,0,icon_ping_warning,4349F9861517A6A6,splash,poiEvent,,0,,,,,,0,,0,0,,0,,,0,,,0,,,0,,0,0
AF2FB770C205A641,0,0,0,icon_ping_warning,4349F9861517A6A6,splash,poiEvent,,0,,,,,,0,,0,0,,0,,,0,,,0,,,0,,0,0
6C4B6289366061D7,0,0,0,icon_ping_warning,4349F9861517A6A6,splash,poiEvent,,0,,,,,,0,,0,0,,0,,,0,,,0,,,0,,0,0
ACDDC7ACC3B62007,0,0,0,icon_ping_warning,4349F9861517A6A6,splash,poiEvent,,0,,,,,,0,,0,0,,0,,,0,,,0,,,0,,0,0
D97AA228BB438746,0,0,0,icon_ping_warning,4349F9861517A6A6,splash,poiEvent,,0,,,,,,0,,0,0,,0,,,0,,,0,,,0,,0,0
989DBA60F97B3060,0,0,0,icon_splash_hq,4349F9861517A6A6,splash,local,,0,,,,,,0,,0,0,,0,,,0,,,0,,,0,,0,0
B881446DD81FA78A,0,0,0,icon_splash_hack,4349F9861517A6A6,splash,local,,0,,,,,,0,,0,0,,0,,,0,,,0,,,0,,0,0
5EF7B3EA0B20F323,0,0,0,icon_splash_hack,4349F9861517A6A6,splash,local,,0,,,,,,0,,0,0,,0,,,0,,,0,,,0,,0,0
8B302627D49524E8,0,0,0,icon_ping_warning,4349F9861517A6A6,playercard_splash,local,,0,,,,,,0,,0,0,,0,,,0,,,0,,,0,,0,0
6F79D72D4C0D3D8D,0,0,0,icon_ping_warning,4349F9861517A6A6,playercard_splash,local,,0,,,,,,0,,0,0,,0,,,0,,,0,,,0,,0,0
5B62DCD800D619AD,0,0,0,icon_ping_warning,4349F9861517A6A6,playercard_splash,local,,0,,,,,,0,,0,0,,0,,,0,,,0,,,0,,0,0
66AE443673582677,0,0,0,icon_ping_warning,4349F9861517A6A6,playercard_splash,local,,0,,,,,,0,,0,0,,0,,,0,,,0,,,0,,0,0
9F90D5261FFC72E4,0,0,0,icon_ping_warning,4349F9861517A6A6,playercard_splash,local,,0,,,,,,0,,0,0,,0,,,0,,,0,,,0,,0,0
7A7C1CA7E103FD19,0,0,0,icon_ping_warning,4349F9861517A6A6,playercard_splash,local,,0,,,,,,0,,0,0,,0,,,0,,,0,,,0,,0,0
C17C79757AFF9E28,0,0,0,icon_ping_warning,4349F9861517A6A6,playercard_splash,local,,0,,,,,,0,,0,0,,0,,,0,,,0,,,0,,0,0
97B57866E2978E88,0,0,0,icon_ping_warning,4349F9861517A6A6,playercard_splash,local,,0,,,,,,0,,0,0,,0,,,0,,,0,,,0,,0,0
4539A6F5D12591DE,0,0,0,icon_ping_warning,4349F9861517A6A6,playercard_splash,local,,0,,,,,,0,,0,0,,0,,,0,,,0,,,0,,0,0
D538B6F56DD615CD,0,0,0,icon_ping_warning,4349F9861517A6A6,playercard_splash,local,,0,,,,,,0,,0,0,,0,,,0,,,0,,,0,,0,0
AB8B37B67047333B,0,0,0,icon_ping_warning,4349F9861517A6A6,playercard_splash,local,,0,,,BattleRoyale.BRPocketPlunder,,,0,,0,0,,0,,,0,,,0,,,0,,0,0
318269FA740C5EAB,0,0,0,ui_map_icon_extraction,4349F9861517A6A6,playercard_splash,local,,0,,,BattleRoyale.BRPocketPlunder,,,0,,0,0,,0,,,0,,,0,,,0,,0,0
7DBBAE2CB1F92BCF,0,0,0,blank,3BCD3D96D6911A3D,splash,poiEvent,,0,,,,,,0,,0,0,,0,,,0,,,0,,,0,,0,0
D65ACD268D1E7718,0,0,0,blank,3BCD3D96D6911A3D,splash,poiEvent,,0,,,,,,0,,0,0,,0,,,0,,,0,,,0,,0,0
6BC346A4E4CEEC9C,0,0,0,hud_icon_splash_kill,0,splash,skill,,0,,,,99,0,0,,0,0,,0,,,0,,,0,,,0,,0,0
8F214DB6809E7A45,0,0,0,hud_icon_splash_kill,0,splash,skill,,0,,,,99,0,0,,0,0,,0,,,0,,,0,,,0,,0,0
7F4E32E3118376D1,0,0,0,hud_icon_splash_kill,0,splash,skill,,0,,,,99,0,0,,0,0,,0,,,0,,,0,,,0,,0,0
903730F789CD3EA8,0,0,0,hud_icon_splash_kill,0,splash,skill,,0,,,,99,0,0,,0,0,,0,,,0,,,0,,,0,,0,0
1DA43ECD73FE96D8,0,0,0,hud_icon_splash_kill,0,splash,skill,,0,,,,99,0,0,,0,0,,0,,,0,,,0,,,0,,0,0
1DA441CD73FE9BF1,0,0,0,hud_icon_splash_kill,0,splash,skill,,0,,,,99,0,0,,0,0,,0,,,0,,,0,,,0,,0,0
B89531208DD457D9,0,0,0,hud_icon_splash_kill,0,splash,skill,,0,,,,99,0,0,,0,0,,0,,,0,,,0,,,0,,0,0
32CC2C1E56E5B931,0,0,0,hud_icon_splash_kill,0,splash,skill,,0,,,,99,0,0,,0,0,,0,,,0,,,0,,,0,,0,0
32CC291E56E5B418,0,0,0,hud_icon_splash_kill,0,splash,skill,,0,,,,99,0,0,,0,0,,0,,,0,,,0,,,0,,0,0
95F9ED42EF9AC79A,0,0,0,hud_icon_splash_kill,0,splash,skill,,0,,,,99,0,0,,0,0,,0,,,0,,,0,,,0,,0,0
73698E98EEE3B648,0,0,0,hud_icon_splash_kill,0,splash,skill,,0,,,,99,0,0,,0,0,,0,,,0,,,0,,,0,,0,0
39A2298D6704DF34,0,0,0,hud_icon_splash_kill,0,splash,skill,,0,,,,99,0,0,,0,0,,0,,,0,,,0,,,0,,0,0
4227022BA586C9FF,0,0,0,ui_map_icon_boss_rushers,3BCD3D96D6911A3D,splash,gameplay,,0,,,,,,0,,0,0,,0,,,0,,,0,,,0,,0,0
84F5332E47B72DF3,0,0,0,splash_icon_nuke,4349F9861517A6A6,playercard_splash,local,,0,,,,,,0,,0,0,,0,,,0,,,0,,,0,,0,0
1599A6286FAB879B,0,0,0,ui_mp_br_mission_reward_circle,D8A2EDAB16B242B3,splash,phaseChange,,0,,,,,,0,,0,0,,0,,,0,,,0,,,0,,0,0
C4EADFA1467580E8,0,0,0,ui_mp_br_mission_reward_circle,D8A2EDAB16B242B3,splash,phaseChange,,0,,,,,,0,,0,0,,0,,,0,,,0,,,0,,0,0
9C64A85BD2B75CC6,0,0,0,icon_mode_wz_br_juggernaut,1E4684DF2117BA45,playercard_splash,local,,0,,,,,,0,,0,0,,0,,,0,,,0,,,0,,0,0
659821AE98935F2F,0,0,0,icon_mode_wz_br_juggernaut,4349F9861517A6A6,playercard_splash,local,,0,,,,,,0,,0,0,,0,,,0,,,0,,,0,,0,0
4A9316E91CFBA557,0,0,0,icon_mode_wz_br_kingslayer,1E4684DF2117BA45,playercard_splash,local,,0,,,,,,0,,0,0,,0,,,0,,,0,,,0,,0,0
BE215BB548208AA0,0,0,0,icon_mode_wz_br_kingslayer,4349F9861517A6A6,playercard_splash,local,,0,,,,,,0,,0,0,,0,,,0,,,0,,,0,,0,0
7DCC5E24C084553E,0,0,0,hud_icon_killstreak_airstrike,2390D46E63CF46BA,killstreak_splash,killstreak,TRUE,0,,,,,,0,,0,0,,0,,,0,,,0,,,0,,0,0
E90AD27CBA44E2B4,0,0,0,hud_icon_killstreak_auav,42D038E5FCF9E740,killstreak_splash,killstreak,TRUE,0,,,,,,0,,0,0,,0,,,0,,,0,,,0,,0,0
113BC989D565CA61,0,0,0,hud_icon_killstreak_tomastrike,2390D46E63CF46BA,killstreak_splash,killstreak,TRUE,0,,,,,,0,,0,0,,0,,,0,,,0,,,0,,0,0
242CDC7D63B98F17,0,0,0,hud_icon_killstreak_uav,2390D46E63CF46BA,killstreak_splash,killstreak,TRUE,0,,,,,,0,,0,0,,0,,,0,,,0,,,0,,0,0
1C3B8E23270ECFB1,0,0,0,icon_mode_wz_br_mini,1E4684DF2117BA45,playercard_splash,local,,0,,,,,,0,,0,0,,0,,,0,,,0,,,0,,0,0
719E16CA4D9F154A,0,0,0,icon_mode_wz_br_mini,4349F9861517A6A6,playercard_splash,local,,0,,,,,,0,,0,0,,0,,,0,,,0,,,0,,0,0
302CE191B88A5041,0,0,0,icon_mode_wz_br_truck_wars,1E4684DF2117BA45,playercard_splash,local,,0,,,,,,0,,0,0,,0,,,0,,,0,,,0,,0,0
EEDC70B53F2603BA,0,0,0,icon_mode_wz_br_truck_wars,4349F9861517A6A6,playercard_splash,local,,0,,,,,,0,,0,0,,0,,,0,,,0,,,0,,0,0
DE3DE1824EF937E5,0,0,0,hud_reticle_void,170EE0B4B76E1D35,killstreak_splash,phaseChange,,0,,,splashNotifications.splashAlternativeColor1,,,0,,0,0,,0,,,0,,,0,,,0,,0,0
78EC3CD39D57B111,0,0,0,hud_reticle_void,170EE0B4B76E1D35,killstreak_splash,phaseChange,,0,,,splashNotifications.splashAlternativeColor1,,,0,,0,0,,0,,,0,,,0,,,0,,0,0
FD3A0A44A7DDA8B2,0,0,0,hud_reticle_void,170EE0B4B76E1D35,killstreak_splash,phaseChange,,0,,,splashNotifications.splashAlternativeColor1,,,0,,0,0,,0,,,0,,,0,,,0,,0,0
DD56AD388CF54A37,0,0,0,hud_reticle_void,170EE0B4B76E1D35,killstreak_splash,phaseChange,,0,,,splashNotifications.splashAlternativeColor2,HUD.friendlyTeam,,0,,0,0,,0,,,0,,,0,,,0,,0,0
7DAA26D5962611E2,0,0,0,hud_icon_truck_wars_additional_armor,170EE0B4B76E1D35,killstreak_splash,phaseChange,,0,,,splashNotifications.splashAlternativeColor2,HUD.friendlyTeam,,0,,0,0,,0,,,0,,,0,,,0,,0,0
AE928093000125D8,0,0,0,hud_icon_truck_wars_trophy_system,170EE0B4B76E1D35,killstreak_splash,phaseChange,,0,,,splashNotifications.splashAlternativeColor2,HUD.friendlyTeam,,0,,0,0,,0,,,0,,,0,,,0,,0,0
BCA6EBFCA911FC06,0,0,0,hud_icon_truck_wars_local_uav,170EE0B4B76E1D35,killstreak_splash,phaseChange,,0,,,splashNotifications.splashAlternativeColor2,HUD.friendlyTeam,,0,,0,0,,0,,,0,,,0,,,0,,0,0
E4959FAA30DB23F4,0,0,0,hud_icon_truck_wars_trophy_system_refill,170EE0B4B76E1D35,killstreak_splash,phaseChange,,0,,,splashNotifications.splashAlternativeColor2,HUD.friendlyTeam,,0,,0,0,,0,,,0,,,0,,,0,,0,0
CA9D6EBF161C44A9,0,0,0,hud_icon_truck_wars_trophy_system,170EE0B4B76E1D35,killstreak_splash,phaseChange,,0,,,splashNotifications.splashAlternativeColor1,HUD.friendlyTeam,,0,,0,0,,0,,,0,,,0,,,0,,0,0
6FCA214183CE7B43,0,0,0,hud_icon_truck_wars_50cal_barrel,170EE0B4B76E1D35,killstreak_splash,phaseChange,,0,,,splashNotifications.splashAlternativeColor2,,,0,,0,0,,0,,,0,,,0,,,0,,0,0
23E7485393E8868D,0,0,0,hud_icon_truck_wars_grenade_turret,170EE0B4B76E1D35,killstreak_splash,phaseChange,,0,,,splashNotifications.splashAlternativeColor2,,,0,,0,0,,0,,,0,,,0,,,0,,0,0
275712A7AD14B684,0,0,0,hud_icon_truck_wars_deployable_smoke,170EE0B4B76E1D35,killstreak_splash,phaseChange,,0,,,splashNotifications.splashAlternativeColor2,,,0,,0,0,,0,,,0,,,0,,,0,,0,0
E87BC6BE6F500971,0,0,0,hud_icon_truck_wars_engine,170EE0B4B76E1D35,killstreak_splash,phaseChange,,0,,,splashNotifications.splashAlternativeColor2,,,0,,0,0,,0,,,0,,,0,,,0,,0,0
88A2F2F4832798B8,0,0,0,ui_mp_br_safezone_icon,4349F9861517A6A6,killstreak_splash,phaseChange,,0,,,splashNotifications.splashAlternativeColor1,,,0,,0,0,,0,,,0,,,0,,,0,,0,0
57DD73AFF1282F3C,0,0,0,ui_mp_br_safezone_icon,4349F9861517A6A6,killstreak_splash,phaseChange,,0,,,splashNotifications.splashAlternativeColor1,,,0,,0,0,,0,,,0,,,0,,,0,,0,0
64CC0045EF580599,0,0,0,ui_mp_br_safezone_icon,4349F9861517A6A6,killstreak_splash,phaseChange,,0,,,splashNotifications.splashAlternativeColor1,,,0,,0,0,,0,,,0,,,0,,,0,,0,0
E65FAEEB74090F46,0,0,0,splash_icon_nuke,1E4684DF2117BA45,playercard_splash,local,,0,,,,,,0,,0,0,,0,,,0,,,0,,,0,,0,0
3B244233742A9EAF,0,0,0,splash_icon_nuke,4349F9861517A6A6,playercard_splash,local,,0,,,,,,0,,0,0,,0,,,0,,,0,,,0,,0,0
FDA8877E9A8A29C6,0,0,0,ui_mp_br_mission_reward_circle,D8A2EDAB16B242B3,splash,phaseChange,,0,,,,,,0,,0,0,,0,,,0,,,0,,,0,,0,0
3991315BDF52F905,0,0,0,ui_mp_br_splash_token_respawn_pro,F0680673CCDE3420,splash,phaseChange,,0,,,HUD.friendlyTeam,,,0,,0,0,,0,,,0,,,0,,,0,,0,0
36A07CC2A132B30E,0,0,0,,B955ED7B14B3A935,splash,skill,,0,,,,,,0,,0,0,,0,,,0,,,0,,,0,FadeInResurgence,0,0
6991D4171C93F394,0,0,0,,B955ED7B14B3A935,splash,skill,,0,,,,,,0,,0,0,,0,,,0,,,0,,,0,FadeInResurgence,0,0
5C88182B179622FF,0,0,0,,B955ED7B14B3A935,splash,skill,,0,,,,,,0,,0,0,,0,,,0,,,0,,,0,FadeInResurgence,0,0
D19D617F698A15ED,0,0,0,,B955ED7B14B3A935,splash,skill,,0,,,,,,0,,0,0,,0,,,0,,,0,,,0,FadeInResurgence,0,0
resurgence_hunter_spree,0,0,0,,B955ED7B14B3A935,splash,skill,,0,,,,,,0,,0,0,,0,,,0,,,0,,,0,FadeInResurgence,0,0
76447B011CF9558E,0,0,0,,B955ED7B14B3A935,splash,skill,,0,,,,,,0,,0,0,,0,,,0,,,0,,,0,FadeInResurgence,0,0
resurgence_fearless_kill,0,0,0,,B955ED7B14B3A935,splash,skill,,0,,,,,,0,,0,0,,0,,,0,,,0,,,0,FadeInResurgence,0,0
3765E7CC132AC23C,0,0,0,hud_icon_killstreak_sentry,38679DDCFD804728,killstreak_splash,killstreak,,0,,,,,,0,,0,0,,0,,,0,,,0,,,0,,0,0
33B15E938EBC7F1B,0,0,0,cp_crafted_icon_molotov,38679DDCFD804728,killstreak_splash,killstreak,,0,,,,,,0,,0,0,,0,,,0,,,0,,,0,,0,0
53F4A27C225A3434,0,0,0,ui_icon_nvg,38679DDCFD804728,killstreak_splash,killstreak,,0,,,,,,0,,0,0,,0,,,0,,,0,,,0,,0,0
C4409313858F2F02,0,0,0,hud_icon_killstreak_cruise_missile,38679DDCFD804728,killstreak_splash,killstreak,,0,,,,,,0,,0,0,,0,,,0,,,0,,,0,,0,0
9EF94481D6856819,0,0,0,hud_icon_killstreak_ac130,38679DDCFD804728,killstreak_splash,killstreak,,0,,,,,,0,,0,0,,0,,,0,,,0,,,0,,0,0
988566147E0F58B8,0,0,0,hud_icon_killstreak_apache,38679DDCFD804728,killstreak_splash,killstreak,,0,,,,,,0,,0,0,,0,,,0,,,0,,,0,,0,0
CF663A0FEEA4056C,0,0,0,icon_weapon_la_mike32,38679DDCFD804728,killstreak_splash,killstreak,,0,,,,,,0,,0,0,,0,,,0,,,0,,,0,,0,0
614C9C1CFC480AB0,0,0,0,hud_icon_killstreak_turret,38679DDCFD804728,killstreak_splash,killstreak,,0,,,,,,0,,0,0,,0,,,0,,,0,,,0,,0,0
562BBEB1BDEA41A0,0,0,0,hud_icon_equipment_tac_cover,38679DDCFD804728,killstreak_splash,killstreak,,0,,,,,,0,,0,0,,0,,,0,,,0,,,0,,0,0
B23C29D2AD9CB860,0,0,0,cp_crafted_icon_adrenaline,38679DDCFD804728,killstreak_splash,killstreak,,0,,,,,,0,,0,0,,0,,,0,,,0,,,0,,0,0
794A127455E322B8,0,0,0,hud_icon_killstreak_airstrike,38679DDCFD804728,killstreak_splash,killstreak,,0,,,,,,0,,0,0,,0,,,0,,,0,,,0,,0,0
DAF4FEBD8C976E49,0,0,0,placeholder_x,38679DDCFD804728,killstreak_splash,killstreak,,0,,,,,,0,,0,0,,0,,,0,,,0,,,0,,0,0
893361E73F67569A,0,0,0,placeholder_x,38679DDCFD804728,killstreak_splash,killstreak,,0,,,,,,0,,0,0,,0,,,0,,,0,,,0,,0,0
836EE147C8702DF7,0,0,0,placeholder_x,38679DDCFD804728,killstreak_splash,killstreak,,0,,,,,,0,,0,0,,0,,,0,,,0,,,0,,0,0
A66EFCB1506CB051,0,0,0,cp_hud_revive,38679DDCFD804728,killstreak_splash,killstreak,,0,,,,,,0,,0,0,,0,,,0,,,0,,,0,,0,0
1AD8C9390BDCF0AE,0,0,0,hud_icon_killstreak_tomastrike,38679DDCFD804728,killstreak_splash,killstreak,,0,,,,,,0,,0,0,,0,,,0,,,0,,,0,,0,0
641225D2FFC2E55F,0,0,0,hud_icon_killstreak_drone_bomb,38679DDCFD804728,killstreak_splash,killstreak,,0,,,,,,0,,0,0,,0,,,0,,,0,,,0,,0,0
7FA691D64BB4310,0,0,0,hud_icon_killstreak_missile_turret,38679DDCFD804728,killstreak_splash,killstreak,,0,,,,,,0,,0,0,,0,,,0,,,0,,,0,,0,0
64D6B41B46825677,0,0,0,hud_icon_killstreak_mortar_strike,38679DDCFD804728,killstreak_splash,killstreak,,0,,,,,,0,,0,0,,0,,,0,,,0,,,0,,0,0
F6A0CDBCB9BA0869,0,0,0,hud_icon_killstreak_auto_drone,38679DDCFD804728,killstreak_splash,killstreak,,0,,,,,,0,,0,0,,0,,,0,,,0,,,0,,0,0
D2B2BBCBAE3681A,0,0,0,jup_hud_icon_killstreaks_switchblade_drone,38679DDCFD804728,killstreak_splash,killstreak,,0,,,,,,0,,0,0,,0,,,0,,,0,,,0,,0,0
1659647BFF2E1DE5,0,0,0,hud_icon_killstreak_uav,38679DDCFD804728,killstreak_splash,killstreak,,0,,,,,,0,,0,0,,0,,,0,,,0,,,0,,0,0
474D5250ECC05C13,0,0,0,hud_icon_killstreak_hover_jet,38679DDCFD804728,killstreak_splash,killstreak,,0,,,,,,0,,0,0,,0,,,0,,,0,,,0,,0,0
AF12CB6C7D70806A,0,0,0,hud_icon_killstreak_clusterspike,38679DDCFD804728,killstreak_splash,killstreak,,0,,,,,,0,,0,0,,0,,,0,,,0,,,0,,0,0
AF9D16527A140567,0,0,0,hud_icon_killstreak_cruise_missile,38679DDCFD804728,killstreak_splash,killstreak,,0,,,,,,0,,0,0,,0,,,0,,,0,,,0,,0,0
1EF58D798DD3CFFD,0,0,0,hud_icon_splash_kill,0,playercard_splash,global,,0,,,,,,0,,0,0,,0,,,0,,,0,,,0,,0,0
5E3819BB2B43B3B6,0,0,0,hud_icon_splash_kill,0,playercard_splash,global,,0,,,,,,0,,0,0,,0,,,0,,,0,,,0,,0,0
6D92363E8830EC6B,0,0,0,hud_icon_splash_kill,0,playercard_splash,global,,0,,,,,,0,,0,0,,0,,,0,,,0,,,0,,0,0
F8615D4CEC7514E8,0,0,0,hud_icon_splash_kill,0,playercard_splash,global,,0,,,,,,0,,0,0,,0,,,0,,,0,,,0,,0,0
BA7E91C99DAD6FEA,0,0,0,hud_icon_splash_kill,0,playercard_splash,global,,0,,,,,,0,,0,0,,0,,,0,,,0,,,0,,0,0
57F6EB7965806701,0,0,0,hud_icon_splash_kill,0,playercard_splash,global,,0,,,,,,0,,0,0,,0,,,0,,,0,,,0,,0,0
A8BF9897EC6B33D9,0,0,0,hud_icon_splash_kill,0,playercard_splash,global,,0,,,,,,0,,0,0,,0,,,0,,,0,,,0,,0,0
EF20F946BD58A630,0,0,0,hud_icon_splash_kill,0,playercard_splash,global,,0,,,,,,0,,0,0,,0,,,0,,,0,,,0,,0,0
B35CB5DB9A6A84B4,0,0,0,hud_icon_splash_kill,0,playercard_splash,global,,0,,,,,,0,,0,0,,0,,,0,,,0,,,0,,0,0
F50599FA299FF804,0,0,0,hud_icon_splash_kill,0,playercard_splash,global,,0,,,,,,0,,0,0,,0,,,0,,,0,,,0,,0,0
F2C204BE8C246914,0,0,0,hud_icon_splash_kill,0,playercard_splash,global,,0,,,,,,0,,0,0,,0,,,0,,,0,,,0,,0,0
44CCC5AE44B7BD34,0,0,0,hud_icon_splash_kill,0,playercard_splash,global,,0,,,,,,0,,0,0,,0,,,0,,,0,,,0,,0,0
430AA7A80A7FA65B,0,0,0,hud_icon_splash_kill,0,playercard_splash,global,,0,,,,,,0,,0,0,,0,,,0,,,0,,,0,,0,0
98259CA1BDECC835,0,0,0,hud_icon_splash_kill,0,playercard_splash,global,,0,,,,,,0,,0,0,,0,,,0,,,0,,,0,,0,0
A13933E4A88F2CD7,0,0,0,hud_icon_splash_kill,0,playercard_splash,global,,0,,,,,,0,,0,0,,0,,,0,,,0,,,0,,0,0
A6E68BE50910E975,0,0,0,hud_icon_splash_kill,0,playercard_splash,global,,0,,,,,,0,,0,0,,0,,,0,,,0,,,0,,0,0
F0D739B50487C75B,0,0,0,hud_icon_splash_kill,4349F9861517A6A6,merit_splash,killstreak,,0,,,,,,0,,0,0,,0,,,0,,,0,,,0,,0,0
E5A45EC416D8077E,0,0,0,hud_icon_killstreak_radardrone_recon,BB12F20FA6450D0,killstreak_splash,super,,0,,,,,,0,,0,0,,0,,,0,,,0,,,0,,0,0
B792704341780A22,0,0,0,hud_icon_fieldupgrade_stim_pistol,BB12F20FA6450D0,killstreak_splash,super,,0,,,,,,0,,0,0,,0,,,0,,,0,,,0,,0,0
1F5FDC1440F2FD1A,0,0,0,hud_icon_fieldupgrade_armor_box,BB12F20FA6450D0,killstreak_splash,super,,0,,,,,,0,,0,0,,0,,,0,,,0,,,0,,0,0
AA454EE2C20007B9,0,0,0,hud_icon_fieldupgrade_stopping_power,BB12F20FA6450D0,killstreak_splash,super,,0,,,,,,0,,0,0,,0,,,0,,,0,,,0,,0,0
6F28740B31B8646F,0,0,0,hud_icon_killstreak_emp_drone,BB12F20FA6450D0,killstreak_splash,super,,0,,,,,,0,,0,0,,0,,,0,,,0,,,0,,0,0
5CDB71B94A3588D,0,0,0,hud_icon_fieldupgrade_sonar_pulse,BB12F20FA6450D0,killstreak_splash,super,,0,,,,,,0,,0,0,,0,,,0,,,0,,,0,,0,0
40567FFE9AE86756,0,0,0,hud_icon_fieldupgrade_sonar_pulse,BB12F20FA6450D0,killstreak_splash,super,,0,,,,,,0,,0,0,,0,,,0,,,0,,,0,,0,0
F21413A9A58E64C3,0,0,0,icon_weapon_la_mike32,BB12F20FA6450D0,killstreak_splash,super,,0,,,,,,0,,0,0,,0,,,0,,,0,,,0,,0,0
59080013E4A049,0,0,0,hud_icon_killstreak_radardrone_recon,BB12F20FA6450D0,killstreak_splash,super,,0,,,,,,0,,0,0,,0,,,0,,,0,,,0,,0,0
D8AE2B72A70C196D,0,0,0,hud_icon_fieldupgrade_stim_pistol,BB12F20FA6450D0,killstreak_splash,super,,0,,,,,,0,,0,0,,0,,,0,,,0,,,0,,0,0
B96CA0B7405360D5,0,0,0,hud_icon_fieldupgrade_armor_box,BB12F20FA6450D0,killstreak_splash,super,,0,,,,,,0,,0,0,,0,,,0,,,0,,,0,,0,0
A63874C053651842,0,0,0,hud_icon_fieldupgrade_stopping_power,BB12F20FA6450D0,killstreak_splash,super,,0,,,,,,0,,0,0,,0,,,0,,,0,,,0,,0,0
2C3E21317F06943C,0,0,0,hud_icon_killstreak_emp_drone,BB12F20FA6450D0,killstreak_splash,super,,0,,,,,,0,,0,0,,0,,,0,,,0,,,0,,0,0
866111D4A0761290,0,0,0,icon_weapon_la_mike32,BB12F20FA6450D0,killstreak_splash,super,,0,,,,,,0,,0,0,,0,,,0,,,0,,,0,,0,0
19328935834B56F,0,0,0,hud_icon_splash_kill,4349F9861517A6A6,merit_splash,killstreak,,0,,,,,,0,,0,0,,0,,,0,,,0,,,0,,0,0
C4CFDF8C9CD052D2,0,0,0,hud_icon_killstreak_radardrone_recon,0,merit_splash,local,,0,,,,,,0,,0,0,,0,,,0,,,0,,,0,,0,0
D7119807301D4D5E,0,0,0,hud_icon_fieldupgrade_team_revive,0,merit_splash,local,,0,,,,,,0,,0,0,,0,,,0,,,0,,,0,,0,0
81B6630E919D0B16,0,0,0,hud_icon_fieldupgrade_hardened_armor,0,merit_splash,local,,0,,,,,,0,,0,0,,0,,,0,,,0,,,0,,0,0
3C1C853802557F13,0,0,0,hud_icon_fieldupgrade_stopping_power,0,merit_splash,local,,0,,,,,,0,,0,0,,0,,,0,,,0,,,0,,0,0
AF64C9CC974498C,0,0,0,hud_icon_killstreak_emp_drone,0,merit_splash,local,,0,,,,,,0,,0,0,,0,,,0,,,0,,,0,,0,0
571FE45226C81261,0,0,0,hud_icon_fieldupgrade_thermite_launcher,0,merit_splash,local,,0,,,,,,0,,0,0,,0,,,0,,,0,,,0,,0,0
902FCFD62CFFFD12,0,0,0,hud_icon_loot_intel_02,2888E5821FEE6CB3,splash,local,,0,,,,,,0,,0,0,,0,,,0,,,0,,,0,,0,0
902FCED62CFFFB5F,0,0,0,hud_icon_loot_intel_02,2888E5821FEE6CB3,splash,local,,0,,,,,,0,,0,0,,0,,,0,,,0,,,0,,0,0
902FCDD62CFFF9AC,0,0,0,hud_icon_loot_intel_02,2888E5821FEE6CB3,splash,local,,0,,,,,,0,,0,0,,0,,,0,,,0,,,0,,0,0
902FCCD62CFFF7F9,0,0,0,hud_icon_loot_intel_02,2888E5821FEE6CB3,splash,local,,0,,,,,,0,,0,0,,0,,,0,,,0,,,0,,0,0
902FCBD62CFFF646,0,0,0,hud_icon_loot_intel_02,2888E5821FEE6CB3,splash,local,,0,,,,,,0,,0,0,,0,,,0,,,0,,,0,,0,0
902FCAD62CFFF493,0,0,0,hud_icon_loot_intel_02,2888E5821FEE6CB3,splash,local,,0,,,,,,0,,0,0,,0,,,0,,,0,,,0,,0,0
902FC9D62CFFF2E0,0,0,0,hud_icon_loot_intel_02,2888E5821FEE6CB3,splash,local,,0,,,,,,0,,0,0,,0,,,0,,,0,,,0,,0,0
902FD8D62D000C5D,0,0,0,hud_icon_loot_intel_02,2888E5821FEE6CB3,splash,local,,0,,,,,,0,,0,0,,0,,,0,,,0,,,0,,0,0
902FD7D62D000AAA,0,0,0,hud_icon_loot_intel_02,2888E5821FEE6CB3,splash,local,,0,,,,,,0,,0,0,,0,,,0,,,0,,,0,,0,0
13B4AEE76FB20C6,0,0,0,hud_icon_loot_intel_02,2888E5821FEE6CB3,splash,local,,0,,,,,,0,,0,0,,0,,,0,,,0,,,0,,0,0
13B4BEE76FB2279,0,0,0,hud_icon_loot_intel_02,2888E5821FEE6CB3,splash,local,,0,,,,,,0,,0,0,,0,,,0,,,0,,,0,,0,0
13B48EE76FB1D60,0,0,0,hud_icon_loot_intel_02,2888E5821FEE6CB3,splash,local,,0,,,,,,0,,0,0,,0,,,0,,,0,,,0,,0,0
13B49EE76FB1F13,0,0,0,hud_icon_loot_intel_02,2888E5821FEE6CB3,splash,local,,0,,,,,,0,,0,0,,0,,,0,,,0,,,0,,0,0
13B4EEE76FB2792,0,0,0,hud_icon_loot_intel_02,2888E5821FEE6CB3,splash,local,,0,,,,,,0,,0,0,,0,,,0,,,0,,,0,,0,0
13B4FEE76FB2945,0,0,0,hud_icon_loot_intel_02,2888E5821FEE6CB3,splash,local,,0,,,,,,0,,0,0,,0,,,0,,,0,,,0,,0,0
13B4CEE76FB242C,0,0,0,hud_icon_loot_intel_02,2888E5821FEE6CB3,splash,local,,0,,,,,,0,,0,0,,0,,,0,,,0,,,0,,0,0
13B4DEE76FB25DF,0,0,0,hud_icon_loot_intel_02,2888E5821FEE6CB3,splash,local,,0,,,,,,0,,0,0,,0,,,0,,,0,,,0,,0,0
13B52EE76FB2E5E,0,0,0,hud_icon_loot_intel_02,2888E5821FEE6CB3,splash,local,,0,,,,,,0,,0,0,,0,,,0,,,0,,,0,,0,0
13B53EE76FB3011,0,0,0,hud_icon_loot_intel_02,2888E5821FEE6CB3,splash,local,,0,,,,,,0,,0,0,,0,,,0,,,0,,,0,,0,0
137E4EE76F83D9D,0,0,0,hud_icon_loot_intel_02,2888E5821FEE6CB3,splash,local,,0,,,,,,0,,0,0,,0,,,0,,,0,,,0,,0,0
641D2772C4B4CBE2,0,0,0,blank,0,,,,0,,,,,,0,,0,0,,0,,,0,,,0,,,0,,0,0
E297E667BD6EB7E9,0,0,0,hud_icon_loot_intel_02,9471FD04B1BB9D5F,splash,local,,0,,,,,,0,,0,0,,0,,,0,,,0,,,0,,0,0
D5695B933054A66F,0,0,0,hud_icon_loot_intel_02,FFACC5C5D58F344E,splash,local,,0,,,,,,0,,0,0,,0,,,0,,,0,,,0,,0,0
DA11C2486D050C53,0,0,0,hud_icon_splash_kill,4349F9861517A6A6,merit_splash,killstreak,,0,,,,,,0,,0,0,,0,,,0,,,0,,,0,,0,0
4DE8778B14228A2C,0,0,0,hud_icon_splash_kill,4349F9861517A6A6,merit_splash,killstreak,,0,,,,,,0,,0,0,,0,,,0,,,0,,,0,,0,0
575442386048626D,0,0,0,hud_icon_splash_kill,642539EA8BB79A4E,merit_splash,killstreak,,0,,,,,,0,,0,0,,0,,,0,,,0,,,0,,0,0
BB4966BAA8FDFE6A,0,0,0,hud_icon_splash_overtime,9471FD04B1BB9D5F,splash,local,,0,,,,,,0,,0,0,,0,,,0,,,0,,,0,,0,0
916BED8693A56ACD,0,0,0,hud_icon_killstreak_sentry,1E4684DF2117BA45,killstreak_splash,killstreak,,0,,,,,,0,,0,0,,0,,,0,,,0,,,0,,0,0
120C0C428219F2C,0,0,0,hud_icon_killstreak_sentry,1E4684DF2117BA45,killstreak_splash,gameplay,,0,,,,,,0,,0,0,,0,,,0,,,0,,,0,,0,0
120C1C42821A0DF,0,0,0,hud_icon_killstreak_sentry,1E4684DF2117BA45,killstreak_splash,global,,0,,,,,,0,,0,0,,0,,,0,,,0,,,0,,0,0
120BEC428219BC6,0,0,0,hud_icon_killstreak_sentry,1E4684DF2117BA45,playercard_splash,global,,0,,,,,,0,,0,0,,0,,,0,,,0,,,0,,0,0
E46117FC926DDEAA,0,0,0,ui_loot_operator_west_farah_1_1,1E4684DF2117BA45,splash,local,,0,,,,,,0,,0,0,,0,,,0,,,0,,,0,,0,0
303C3DB3F4C8DBC7,0,0,0,ui_loot_operator_west_price_raid,1E4684DF2117BA45,splash,local,,0,,,,,,0,,0,0,,0,,,0,,,0,,,0,,0,0
F3DC50601F8809A6,0,0,0,ui_loot_operator_west_price_raid,1E4684DF2117BA45,splash,local,,0,,,,,,0,,0,0,,0,,,0,,,0,,,0,,0,0
21797FEE50444542,0,0,0,hud_icon_splash_kill,7C6C01BE9298277A,playercard_splash,global,,0,,,,,,0,,0,0,,0,,,0,,,0,,,0,,0,0
19B0C69D78E2717,0,0,0,hud_icon_splash_kill,75BD3D32B62D7A7A,playercard_splash,global,,0,,,,,,0,,0,0,,0,,,0,,,0,,,0,,0,0
6773D1F0AF82B7D1,0,0,0,cp_hud_revive,55AEAE99C8139CA5,killstreak_splash,super,,0,,,,,,0,,0,0,,0,,,0,,,0,,,0,,0,0
2A55FB2B232F2E27,0,0,0,cp_hud_revive,1EA388E6F81BDC7,killstreak_splash,super,,0,,,,,,0,,0,0,,0,,,0,,,0,,,0,,0,0
9DC046ADCBCA3F3E,0,0,0,cp_hud_revive,55AEAE99C8139CA5,killstreak_splash,super,,0,,,,,,0,,0,0,,0,,,0,,,0,,,0,,0,0
FB9CA38CCA08EC45,0,0,0,hud_icon_killstreak_chopper_support,55AEAE99C8139CA5,killstreak_splash,super,,0,,,,,,0,,0,0,,0,,,0,,,0,,,0,,0,0
3DB400E787C5402B,0,0,0,hud_icon_killstreak_emergency_airdrop,170EE0B4B76E1D35,playercard_splash,global,,0,,,,HUD.friendlyTeam,,0,,0,0,,0,,,0,,,0,,,0,,0,0
87B46287639D1DF7,0,0,0,hud_icon_killstreak_emergency_airdrop,7DC986EFD72215CB,playercard_splash,global,,0,,,,,,0,,0,0,,0,,,0,,,0,,,0,,0,0
974A1700B96398AE,0,0,0,hud_icon_splash_kill,0,splash,poi,,0,,,,,,0,,0,0,,0,,,0,,,0,,,0,,0,0
27D942D14298A64C,0,0,0,hud_icon_splash_kill,0,splash,poi,,0,,,,,,0,,0,0,,0,,,0,,,0,,,0,,0,0
6E44F53982298AAC,0,0,0,hud_icon_splash_kill,0,splash,poi,,0,,,,,,0,,0,0,,0,,,0,,,0,,,0,,0,0
744572D769E850AA,0,0,0,hud_icon_splash_kill,0,splash,poi,,0,,,,,,0,,0,0,,0,,,0,,,0,,,0,,0,0
AC546B63D8832351,0,0,0,hud_icon_splash_kill,0,splash,poi,,0,,,,,,0,,0,0,,0,,,0,,,0,,,0,,0,0
A6AF5ABAFEE0C55B,0,0,0,hud_icon_splash_kill,0,splash,poi,,0,,,,,,0,,0,0,,0,,,0,,,0,,,0,,0,0
EFABE3F63AC6A6F8,0,0,0,hud_icon_splash_kill,0,splash,poi,,0,,,,,,0,,0,0,,0,,,0,,,0,,,0,,0,0
797B82A392BF9489,0,0,0,hud_icon_splash_kill,0,splash,poi,,0,,,,,,0,,0,0,,0,,,0,,,0,,,0,,0,0
5B1A17EDD95CFD65,0,0,0,hud_icon_splash_kill,0,splash,poi,,0,,,,,,0,,0,0,,0,,,0,,,0,,,0,,0,0
F5789BA5B0E916CE,0,0,0,hud_icon_splash_kill,0,splash,poi,,0,,,,,,0,,0,0,,0,,,0,,,0,,,0,,0,0
2287189DC8345956,0,0,0,hud_icon_splash_kill,0,splash,poi,,0,,,,,,0,,0,0,,0,,,0,,,0,,,0,,0,0
AD7A83AEBECF4E26,0,0,0,hud_icon_splash_kill,0,splash,poi,,0,,,,,,0,,0,0,,0,,,0,,,0,,,0,,0,0
9CF277C8BCFE81C5,0,0,0,hud_icon_splash_kill,0,splash,poi,,0,,,,,,0,,0,0,,0,,,0,,,0,,,0,,0,0
4FEBB519595F90C8,0,0,0,hud_icon_splash_kill,0,splash,poi,,0,,,,,,0,,0,0,,0,,,0,,,0,,,0,,0,0
C9179699788112E8,0,0,0,hud_icon_splash_kill,0,splash,poi,,0,,,,,,0,,0,0,,0,,,0,,,0,,,0,,0,0
5547DFF20631168F,0,0,0,hud_icon_splash_kill,0,splash,poi,,0,,,,,,0,,0,0,,0,,,0,,,0,,,0,,0,0
40B11257915A951C,0,0,0,hud_icon_splash_kill,0,splash,poi,,0,,,,,,0,,0,0,,0,,,0,,,0,,,0,,0,0
DFA8F7B6416AD03B,0,0,0,hud_icon_splash_kill,0,splash,poi,,0,,,,,,0,,0,0,,0,,,0,,,0,,,0,,0,0
4771D4E319B61190,0,0,0,hud_icon_splash_kill,0,splash,poi,,0,,,,,,0,,0,0,,0,,,0,,,0,,,0,,0,0
A42476296C3CC3B,0,0,0,hud_icon_splash_kill,0,splash,poi,,0,,,,,,0,,0,0,,0,,,0,,,0,,,0,,0,0
3A6DCECAA8248360,0,0,0,hud_icon_splash_kill,0,splash,poi,,0,,,,,,0,,0,0,,0,,,0,,,0,,,0,,0,0
26EEB5931DB570DE,0,0,0,hud_icon_splash_kill,0,splash,poi,,0,,,,,,0,,0,0,,0,,,0,,,0,,,0,,0,0
2D8594458870D617,0,0,0,hud_icon_splash_kill,0,splash,poi,,0,,,,,,0,,0,0,,0,,,0,,,0,,,0,,0,0
9BB98050E6518677,0,0,0,hud_icon_splash_kill,0,splash,poi,,0,,,,,,0,,0,0,,0,,,0,,,0,,,0,,0,0
2EFD5FA73320B802,0,0,0,hud_icon_splash_kill,0,splash,poi,,0,,,,,,0,,0,0,,0,,,0,,,0,,,0,,0,0
89FCDC8E8F2FAE51,0,0,0,hud_icon_splash_kill,0,splash,poi,,0,,,,,,0,,0,0,,0,,,0,,,0,,,0,,0,0
97291FF1679405FE,0,0,0,hud_icon_splash_kill,0,splash,poi,,0,,,,,,0,,0,0,,0,,,0,,,0,,,0,,0,0
7B0601C26A7966B5,0,0,0,iw9_icon_perk_scavenger,2390D46E63CF46BA,killstreak_splash,killstreak,,0,,,,,,0,,0,0,,0,,,0,,,0,,,0,,0,0
EC268E1F06486F1E,0,0,0,iw9_icon_perk_covert_ops,2390D46E63CF46BA,killstreak_splash,killstreak,,0,,,,,,0,,0,0,,0,,,0,,,0,,,0,,0,0
D808B0B6968D5C29,0,0,0,iw9_icon_perk_tactical_recon,2390D46E63CF46BA,killstreak_splash,killstreak,,0,,,,,,0,,0,0,,0,,,0,,,0,,,0,,0,0
5DBC6EA0F708E5C1,0,0,0,iw9_icon_perk_surveillance,2390D46E63CF46BA,killstreak_splash,killstreak,,0,,,,,,0,,0,0,,0,,,0,,,0,,,0,,0,0
111F1FB2EB39B477,0,0,0,iw9_icon_perk_hardline,42D039E5FCF9E8F3,killstreak_splash,killstreak,,0,,,,,,0,,0,0,,0,,,0,,,0,,,0,,0,0
D1A69A5D61E5D139,0,0,0,iw9_icon_perk_restock,2390D46E63CF46BA,killstreak_splash,killstreak,,0,,,,,1,0,,0,0,,0,,,0,,,0,,,0,,0,0
2DC3775A30DB9BDA,0,0,0,iw9_icon_perk_hardline,42D038E5FCF9E740,killstreak_splash,killstreak,,0,,,,,1,0,,0,0,,0,,,0,,,0,,,0,,0,0
A313E926A8632ABA,0,0,0,iw9_icon_perk_restock,42D038E5FCF9E740,killstreak_splash,killstreak,,0,,,,,1,0,,0,0,,0,,,0,,,0,,,0,,0,0
80D193B31B15D29D,0,0,0,icon_perk_slot_headhunter_ui,42D038E5FCF9E740,killstreak_splash,killstreak,,0,,,,,,0,,0,0,,0,,,0,,,0,,,0,,0,0
D718B3D4D4550710,0,0,0,icon_perk_slot_headhunter_ui,42D039E5FCF9E8F3,killstreak_splash,killstreak,,0,,,,,1,0,,0,0,,0,,,0,,,0,,,0,,0,0
61AD06200BED8D29,0,0,0,icon_perk_slot_armored_ui,42D038E5FCF9E740,killstreak_splash,killstreak,,0,,,,,,0,,0,0,,0,,,0,,,0,,,0,,0,0
C88AC570222935E,0,0,0,icon_perk_slot_armored_ui,42D039E5FCF9E8F3,killstreak_splash,killstreak,,0,,,,,,0,,0,0,,0,,,0,,,0,,,0,,0,0
865954CDC3EC9124,0,0,0,iw9_icon_perk_surveillance,42D038E5FCF9E740,killstreak_splash,killstreak,,0,,,,,,0,,0,0,,0,,,0,,,0,,,0,,0,0
6FB1FFC4D9164BDA,0,0,0,iw9_icon_perk_overcharge,42D039E5FCF9E8F3,killstreak_splash,killstreak,,0,,,,,,0,,0,0,,0,,,0,,,0,,,0,,0,0
755CDAC464F1A037,0,0,0,iw9_icon_perk_overcharge,42D038E5FCF9E740,killstreak_splash,killstreak,,0,,,,,1,0,,0,0,,0,,,0,,,0,,,0,,0,0
44DE28144AE7E773,0,0,0,icon_perk_slot_hunter_ui,2390D46E63CF46BA,killstreak_splash,killstreak,,0,,,,,,0,,0,0,,0,,,0,,,0,,,0,,0,0
5EC9965B95458662,0,0,0,iw9_icon_perk_survivor,2390D46E63CF46BA,killstreak_splash,killstreak,,0,,,,,,0,,0,0,,0,,,0,,,0,,,0,,0,0
C63A21AC4EEBFDB,0,0,0,iw9_icon_perk_quick_fix,2390D46E63CF46BA,killstreak_splash,killstreak,,0,,,,,,0,,0,0,,0,,,0,,,0,,,0,,0,0
F97C7C93A5C10541,0,0,0,iw9_icon_perk_guerilla,42D039E5FCF9E8F3,killstreak_splash,killstreak,,0,,,,,,0,,0,0,,0,,,0,,,0,,,0,,0,0
CBE893468B79B37A,0,0,0,iw9_icon_perk_guerilla,42D038E5FCF9E740,killstreak_splash,killstreak,,0,,,,,1,0,,0,0,,0,,,0,,,0,,,0,,0,0
D41DBE648A9AE8CC,0,0,0,iw9_icon_perk_warhead,2390D46E63CF46BA,killstreak_splash,killstreak,,0,,,,,,0,,0,0,,0,,,0,,,0,,,0,,0,0
4D65CC3218931E69,0,0,0,iw9_icon_perk_overwatch,42D039E5FCF9E8F3,killstreak_splash,killstreak,,0,,,,,,0,,0,0,,0,,,0,,,0,,,0,,0,0
4EB11BB4B6255E62,0,0,0,iw9_icon_perk_overwatch,42D038E5FCF9E740,killstreak_splash,killstreak,,0,,,,,1,0,,0,0,,0,,,0,,,0,,,0,,0,0
CB99A922130AFF8E,0,0,0,icon_mode_wz_br_mini,1E4684DF2117BA45,playercard_splash,local,,0,,,Global.keyColorDark,,,0,,0,0,,0,,,0,,,0,,,0,,0,0
9A5865FD2902C743,0,0,0,ui_mp_mobile_br_mode_icon,4349F9861517A6A6,splash,introduction,,0,,,,,,0,,0,0,,0,,,0,,,0,,,0,,0,0
FE32401287E31408,0,0,0,ui_mp_mobile_br_mini_mode_icon,4349F9861517A6A6,splash,introduction,,0,,,,,,0,,0,0,,0,,,0,,,0,,,0,,0,0
7590C0AA29393678,0,0,0,blank,1E4684DF2117BA45,splash,local,,0,,,,,,0,,0,0,,0,,,0,,,0,,,0,,0,0
6002770C96EA8660,0,0,0,blank,1E4684DF2117BA45,splash,local,,0,,,,,,0,,0,0,,0,,,0,,,0,,,0,,0,0
D1F0F89A4C075D25,0,0,0,blank,1E4684DF2117BA45,splash,local,,0,,,,,,0,,0,0,,0,,,0,,,0,,,0,,0,0
12FF9DF4D1B02020,0,0,0,blank,1E4684DF2117BA45,splash,local,,0,,,,,,0,,0,0,,0,,,0,,,0,,,0,,0,0
29B1B1B6540A440F,0,0,0,blank,1E4684DF2117BA45,splash,local,,0,,,,,,0,,0,0,,0,,,0,,,0,,,0,,0,0
2E7FE1DFF6ECD77A,0,0,0,blank,1E4684DF2117BA45,splash,local,,0,,,,,,0,,0,0,,0,,,0,,,0,,,0,,0,0
DBCA8A6FB4A6B691,0,0,0,blank,1E4684DF2117BA45,splash,local,,0,,,,,,0,,0,0,,0,,,0,,,0,,,0,,0,0
51A16F5123111DBE,0,0,0,hud_icon_splash_kill,0,splash,skill,,0,,,,0,0,0,,0,0,,0,,,0,,,0,,,0,,0,0
7CA00F56F7BDDF79,0,0,0,blank,1E4684DF2117BA45,splash,local,,0,,,,,,0,,0,0,,0,,,0,,,0,,,0,,0,0
D605C89DD435782C,0,0,0,blank,1E4684DF2117BA45,splash,local,,0,,,,,,0,,0,0,,0,,,0,,,0,,,0,,0,0
5A02413A39FFFF4A,0,0,0,ui_mp_br_icon_gulag_exit_objective,1E4684DF2117BA45,splash,phaseChange,,0,,,splashNotifications.GreenDark,,,0,,0,0,,0,,,0,,,0,,,0,,0,0
9DB68DE9BBC510AE,0,0,0,ui_mp_br_icon_gulag_escape_objective,1E4684DF2117BA45,splash,phaseChange,,0,,,splashNotifications.splashAlternativeColor1,,,0,,0,0,,0,,,0,,,0,,,0,,0,0
F4F2FB90A2C9547B,0,0,0,ui_map_icon_stronghold_default,1E4684DF2117BA45,splash,contractAccept,,0,,,,,,0,,0,0,,0,,,0,,,0,,,0,,0,0
BCCE02BB41BF432F,0,0,0,ui_map_icon_stronghold_default,1E4684DF2117BA45,splash,contractFailure,,0,,,,,,0,,0,0,,0,,,0,,,0,,,0,,0,0
56B8B93D183C428B,0,0,0,ui_map_icon_stronghold_default,1E4684DF2117BA45,splash,contractFailure,,0,,,,,,0,,0,0,,0,,,0,,,0,,,0,,0,0
9E740367A2D1C2BC,0,0,0,ui_map_icon_stronghold_default,1E4684DF2117BA45,splash,contractFailure,,0,,,,,,0,,0,0,,0,,,0,,,0,,,0,,0,0
4A74059405EFEFC0,0,0,0,ui_map_icon_stronghold_default,1E4684DF2117BA45,splash,contractFailure,,0,,,,,,0,,0,0,,0,,,0,,,0,,,0,,0,0
D41BA61AC49BB5AA,0,0,0,challenge_tick_leagueplay,1E4684DF2117BA45,splash,challengeComplete,,0,,,,,,0,,0,0,,0,,,0,,,0,,,0,,0,0
EAB2553A4AB3F86B,0,0,0,ui_map_icon_obj_champion,1BF85AE6F0BCE359,splash,contractAccept,,0,,,,,,0,,0,0,,0,,,0,,,0,,,0,,0,0
123BABEC19ED689F,0,0,0,icon_splash_hq,7D39BDC96AF29BFC,splash,contractUpdate,,0,,,,,,0,,0,0,,0,,,0,,,0,,,0,,0,0
65234F3626D3E5AB,0,0,0,icon_splash_hq,2F466933DF0AEB01,splash,phaseChange,,0,,,splashNotifications.splashAlternativeColor1,,,0,,0,0,,0,,,0,,,0,,,0,,0,0
4EBC44521D9A1B18,0,0,0,icon_splash_skill_shot,0,splash,skill,,0,,,,0,0,0,,0,0,,0,,,0,,,0,,,0,,0,0
8677B7BA02F174E2,0,0,0,icon_splash_skill_shot,0,splash,skill,,0,,,,0,0,0,,0,0,,0,,,0,,,0,,,0,,0,0
BE3AA9B2EEAE0AB,0,0,0,icon_splash_skill_shot,0,splash,skill,,0,,,,0,0,0,,0,0,,0,,,0,,,0,,,0,,0,0
4BCD72192562800,0,0,0,icon_splash_skill_shot,0,splash,skill,,0,,,,0,0,0,,0,0,,0,,,0,,,0,,,0,,0,0
340BFB317F197C56,0,0,0,icon_splash_skill_shot,0,splash,skill,,0,,,,0,0,0,,0,0,,0,,,0,,,0,,,0,,0,0
3B0971C196FC30A2,0,0,0,icon_splash_skill_shot,0,splash,skill,,0,,,,0,0,0,,0,0,,0,,,0,,,0,,,0,,0,0
118051A8408B2956,0,0,0,icon_splash_skill_shot,0,splash,skill,,0,,,,0,0,0,,0,0,,0,,,0,,,0,,,0,,0,0
87961EC12428CEF7,0,0,0,ui_map_icon_loc_embassy,8EDB707F8D823CD4,splash,contractUpdate,,0,,,,,,0,,0,0,,0,,,0,,,0,,,0,,0,0
9F0E4E6DFB784A9F,0,0,0,ui_map_icon_loc_civic_center,8EDB707F8D823CD4,splash,contractUpdate,,0,,,,,,0,,0,0,,0,,,0,,,0,,,0,,0,0
4EC9502C8F927D7E,0,0,0,ui_map_icon_loc_fort,8EDB707F8D823CD4,splash,contractUpdate,,0,,,,,,0,,0,0,,0,,,0,,,0,,,0,,0,0
8E1ADFA2E66A4,0,0,0,ui_map_icon_loc_cave,8EDB707F8D823CD4,splash,contractUpdate,,0,,,,,,0,,0,0,,0,,,0,,,0,,,0,,0,0
D44B9212EB475C3F,0,0,0,ui_map_icon_loc_mall,8EDB707F8D823CD4,splash,contractUpdate,,0,,,,,,0,,0,0,,0,,,0,,,0,,,0,,0,0
C148118098F014BB,0,0,0,ui_map_icon_loc_marshland,8EDB707F8D823CD4,splash,contractUpdate,,0,,,,,,0,,0,0,,0,,,0,,,0,,,0,,0,0
AB0EDF487981A991,0,0,0,ui_map_icon_loc_oilfield,8EDB707F8D823CD4,splash,contractUpdate,,0,,,,,,0,,0,0,,0,,,0,,,0,,,0,,0,0
7EDF542EA203C8EA,0,0,0,ui_map_icon_loc_police_station,8EDB707F8D823CD4,splash,contractUpdate,,0,,,,,,0,,0,0,,0,,,0,,,0,,,0,,0,0
8426B6A9A9B5D267,0,0,0,ui_map_icon_loc_post_office,8EDB707F8D823CD4,splash,contractUpdate,,0,,,,,,0,,0,0,,0,,,0,,,0,,,0,,0,0
10D62E3244ECB85B,0,0,0,ui_map_icon_loc_ship,8EDB707F8D823CD4,splash,contractUpdate,,0,,,,,,0,,0,0,,0,,,0,,,0,,,0,,0,0
550B70B24F542735,0,0,0,ui_map_icon_loc_terminal,8EDB707F8D823CD4,splash,contractUpdate,,0,,,,,,0,,0,0,,0,,,0,,,0,,,0,,0,0
44552C16CC3EA7DC,0,0,0,ui_map_icon_loc_tower,8EDB707F8D823CD4,splash,contractUpdate,,0,,,,,,0,,0,0,,0,,,0,,,0,,,0,,0,0
C8250C2BCE84DB4D,0,0,0,ui_map_icon_loc_warehouse,8EDB707F8D823CD4,splash,contractUpdate,,0,,,,,,0,,0,0,,0,,,0,,,0,,,0,,0,0
397015FA876E62B2,0,0,0,blank,4349F9861517A6A6,splash,,,0,,,,,,0,,0,0,,0,,,0,,,0,,,0,,0,0
B39BBFEF37B546C7,0,0,0,blank,4349F9861517A6A6,splash,,,0,,,,,,0,,0,0,,0,,,0,,,0,,,0,,0,0
2B7F8B5419ED72E,0,0,0,blank,4349F9861517A6A6,splash,,,0,,,,,,0,,0,0,,0,,,0,,,0,,,0,,0,0
72B19A656FDA2AD3,0,0,0,blank,4349F9861517A6A6,splash,,,0,,,,,,0,,0,0,,0,,,0,,,0,,,0,,0,0
ED567CCAF534B4C3,0,0,0,hud_icon_objective_trophy_s03,B75CF6F64FBCE9FC,playercard_splash,gameplay,,0,,,,,,0,,0,0,,0,,,0,,,0,,,0,,0,0
B97CF17F54627942,0,0,0,hud_icon_objective_trophy_s03,5EED4E8C10FC63BC,playercard_splash,gameplay,,0,,,,,,0,,0,0,,0,,,0,,,0,,,0,,0,0
1DCB1D692D01AA90,0,0,0,hud_icon_objective_trophy_s03,B75CF6F64FBCE9FC,playercard_splash,gameplay,,0,,,,,,0,,0,0,,0,,,0,,,0,,,0,,0,0
FED12FD1FA61E361,0,0,0,hud_icon_objective_trophy_s03,5EED4E8C10FC63BC,playercard_splash,gameplay,,0,,,,,,0,,0,0,,0,,,0,,,0,,,0,,0,0
35F933684BFCA7A6,0,0,0,hud_icon_objective_trophy_s03,B75CF6F64FBCE9FC,playercard_splash,gameplay,,0,,,,,,0,,0,0,,0,,,0,,,0,,,0,,0,0
28784466C192A6F3,0,0,0,hud_icon_objective_trophy_s03,5EED4E8C10FC63BC,playercard_splash,gameplay,,0,,,,,,0,,0,0,,0,,,0,,,0,,,0,,0,0
6C36C17E9ABAAB1F,0,0,0,hud_icon_objective_trophy_s03,A4EACCCD1BE5543F,playercard_splash,gameplay,,0,,,,,,0,,0,0,,0,,,0,,,0,,,0,,0,0
3C7754A562C5063,0,0,0,hud_icon_objective_trophy_s03,B75CF6F64FBCE9FC,playercard_splash,gameplay,,0,,,,,,0,,0,0,,0,,,0,,,0,,,0,,0,0
CC86B7AFA7BE4EC5,0,0,0,hud_icon_objective_trophy_s03,B75CF6F64FBCE9FC,playercard_splash,gameplay,,0,,,,,,0,,0,0,,0,,,0,,,0,,,0,,0,0
CCB945806D13FD43,0,0,0,icon_splash_skill_shot,0,,,,0,,,,0,0,0,,0,0,,0,,,0,,,0,,,0,,0,0
D7637699E926CBC6,0,0,0,icon_splash_skill_shot,0,,,,0,,,,0,0,0,,0,0,,0,,,0,,,0,,,0,,0,0
E2005424F0CFB53E,0,0,0,icon_splash_skill_shot,0,,,,0,,,,0,0,0,,0,0,,0,,,0,,,0,,,0,,0,0
F378A31AC17A12FE,0,0,0,icon_splash_skill_shot,0,,,,0,,,,0,0,0,,0,0,,0,,,0,,,0,,,0,,0,0
A3D0DF7949EDA7F5,0,0,0,icon_splash_skill_shot,0,,,,0,,,,0,0,0,,0,0,,0,,,0,,,0,,,0,,0,0
5CF315AB81D0FE8F,0,0,0,icon_splash_skill_shot,0,,,,0,,,,0,0,0,,0,0,,0,,,0,,,0,,,0,,0,0
BF9B8AB1DEA1F35C,0,0,0,icon_splash_skill_shot,0,,,,0,,,,0,0,0,,0,0,,0,,,0,,,0,,,0,,0,0
A29DE7389F4D3633,0,0,0,icon_splash_skill_shot,0,,,,0,,,,0,0,0,,0,0,,0,,,0,,,0,,,0,,0,0
F9E393CC0985A261,0,0,0,icon_splash_skill_shot,0,,,,0,,,,0,0,0,,0,0,,0,,,0,,,0,,,0,,0,0
67DB9A8E7EB0570B,0,0,0,icon_splash_skill_shot,0,,,,0,,,,0,0,0,,0,0,,0,,,0,,,0,,,0,,0,0
471DAA4238670E26,0,0,0,icon_splash_skill_shot,0,,,,0,,,,0,0,0,,0,0,,0,,,0,,,0,,,0,,0,0
1AF73648CB367F43,0,0,0,icon_splash_skill_shot,0,,,,0,,,,0,0,0,,0,0,,0,,,0,,,0,,,0,,0,0
EC320D3B0E932ECC,0,0,0,icon_splash_skill_shot,0,,,,0,,,,0,0,0,,0,0,,0,,,0,,,0,,,0,,0,0
3DFFA47537EA2280,0,0,0,icon_splash_skill_shot,0,,,,0,,,,0,0,0,,0,0,,0,,,0,,,0,,,0,,0,0
6D65A58E1DE667E1,0,0,0,icon_splash_skill_shot,0,,,,0,,,,0,0,0,,0,0,,0,,,0,,,0,,,0,,0,0
32F5ADDA6DEA5496,0,0,0,hud_icon_splash_kill,0,splash,skill,,0,,,,0,0,0,,0,0,,0,,,0,,,0,,,0,,0,0
503431BE2973FC9B,0,0,0,hud_icon_splash_kill,0,splash,skill,,0,,,,0,0,0,,0,0,,0,,,0,,,0,,,0,,0,0
BF39416A176595AA,0,0,0,hud_icon_splash_kill,0,splash,skill,,0,,,,0,0,0,,0,0,,0,,,0,,,0,,,0,,0,0
F87DEDF6AA32E256,0,0,0,hud_icon_splash_kill,0,splash,skill,,0,,,,0,0,0,,0,0,,0,,,0,,,0,,,0,,0,0
ballmode_rammed_ball,0,0,0,hud_icon_splash_kill,0,splash,skill,,0,,,,0,0,0,,0,0,,0,,,0,,,0,,,0,,0,0
622E70D79766B33F,0,0,0,hud_icon_splash_kill,0,splash,skill,,0,,,,0,0,0,,0,0,,0,,,0,,,0,,,0,,0,0
24EA0BE5EFEC97C5,0,0,0,hud_icon_splash_kill,0,splash,skill,,0,,,,0,0,0,,0,0,,0,,,0,,,0,,,0,,0,0
78BF5D029B54A6D9,0,0,0,hud_icon_splash_kill,0,splash,skill,,0,,,,,,0,,0,0,,0,,,0,,,0,,,0,,0,0
7F2B80912012133F,0,0,0,hud_icon_splash_kill,0,splash,skill,,0,,,,0,0,0,,0,0,,0,,,0,,,0,,,0,,0,0
3739425D7660F02D,0,0,0,hud_icon_objective_soccer_friendly_goal,0,splash,phaseChange,,0,,,,,,0,,0,0,,0,,,0,,,0,,,0,,0,0
5748EED2EFE65DD0,0,0,0,hud_icon_objective_soccer_enemy_goal,0,splash,phaseChange,,0,,,,,,0,,0,0,,0,,,0,,,0,,,0,,0,0
658B3639A239F41A,0,0,0,hud_icon_splash_kill,0,splash,phaseChange,,0,,,,,,0,,0,0,,0,,,0,,,0,,,0,,0,0
89E428EE14238868,0,0,0,hud_icon_splash_kill,0,splash,skill,,0,,,,,,0,,0,0,,0,,,0,,,0,,,0,,0,0
8FAF0791FDC5B581,0,0,0,,0,splash,skill,,0,,,,,,0,,0,0,,0,,,0,,,0,,,0,,0,0
33312ECA34CF9691,0,0,0,,0,splash,matchNotificationWithSub,,0,,,splashNotifications.hvtAlert,,,0,,0,0,,0,,,0,,,0,,,0,HVT,0,0
174FC5D757F7E0CB,0,0,0,icon_mp_mode_hvt_realism,0,splash,local,,0,,,,,,0,,0,0,,0,,,0,,,0,,,0,,0,0
8DF85E1523767D00,0,0,0,icon_mp_mode_hvt_hcore,0,splash,local,,0,,,,,,0,,0,0,,0,,,0,,,0,,,0,,0,0
C848DFDD9F079443,0,0,0,icon_splash_skill_shot,0,splash,skill,,0,,,,0,0,0,,0,0,,0,,,0,,,0,,,0,,0,0
555C52EF1FCB4417,0,0,0,icon_mp_mode_hvt,0,splash,local,,0,,,,,,0,,0,0,,0,,,0,,,0,,,0,,0,0
A8CD2254F8C02A4B,0,0,0,icon_mp_mode_hvt,0,splash,local,,0,,,,,,0,,0,0,,0,,,0,,,0,,,0,,0,0
D9F9D4F137590D3B,0,0,0,icon_mp_mode_hvt,0,splash,local,,0,,,,,,0,,0,0,,0,,,0,,,0,,,0,,0,0
E7321C2C761418A4,0,0,0,icon_mp_mode_hvt,0,splash,local,,0,,,,,,0,,0,0,,0,,,0,,,0,,,0,,0,0
77B5D87217CAE7A3,0,0,0,icon_mp_mode_hvt,0,splash,skill,,0,,,,,,0,,0,0,,0,,,0,,,0,,,0,,0,0
D132F951CBF73638,0,0,0,icon_mp_mode_hvt,0,splash,skill,,0,,,,,,0,,0,0,,0,,,0,,,0,,,0,,0,0
4B1D4CCB21B4CA0C,0,0,0,blank,1BF85AE6F0BCE359,splash,contractAccept,,0,,,,,1,0,,0,0,,0,,,0,,,0,,,0,,0,0
135F68AF35E53355,0,0,0,blank,1DFC3E128EBC0200,splash,contractUpdate,,0,,,,,1,0,,0,0,,0,,,0,,,0,,,0,,0,0
F811D5BA6B73DE28,0,0,0,blank,1BF85AE6F0BCE359,splash,contractAccept,,0,,,,,1,0,,0,0,,0,,,0,,,0,,,0,,0,0
5174970F983A6D1,0,0,0,jup_icon_splash_secure_backing,4349F9861517A6A6,splash,local,,0,,,,,,0,,0,0,,0,,,0,,,0,,,0,,0,0
41684827F2C216B6,0,0,0,jup_icon_splash_secure_backing,1E4684DF2117BA45,splash,local,,0,,,,,,0,,0,0,,0,,,0,,,0,,,0,,0,0
A93BC913AE0BBBC6,0,0,0,jup_icon_splash_secure_backing,4349F9861517A6A6,splash,local,,0,,,,,,0,,0,0,,0,,,0,,,0,,,0,,0,0
B669F3D54D9FBF61,0,0,0,jup_icon_splash_secure_backing,1E4684DF2117BA45,splash,local,,0,,,,,,0,,0,0,,0,,,0,,,0,,,0,,0,0
3B6E58967BF57499,0,0,0,jup_icon_splash_secure_backing,4349F9861517A6A6,splash,local,,0,,,HUD.friendlyTeam,,,0,,0,0,,0,,,0,,,0,,,0,,0,0
C7F7BA7FE899D9A3,0,0,0,,4349F9861517A6A6,splash,warModeLastChance,,0,,,HUD.friendlyTeam,,,0,,0,0,,0,,,0,,,0,,,0,,0,0
89EA0475610F25BE,0,0,0,jup_icon_splash_secure_backing,1E4684DF2117BA45,splash,local,,0,,,HUD.enemyTeam,,,0,,0,0,,0,,,0,,,0,,,0,,0,0
8B25C2C59B73EB46,0,0,0,icon_splash_skill_shot,0,splash,skill,,0,,,,0,0,0,,0,0,,0,,,0,,,0,,,0,,0,0
C2A81E1BB7EC57C2,0,0,0,icon_splash_skill_shot,0,splash,skill,,0,,,,0,0,0,,0,0,,0,,,0,,,0,,,0,,0,0
AB380575E645F59,0,0,0,icon_splash_skill_shot,0,splash,skill,,0,,,,0,0,0,,0,0,,0,,,0,,,0,,,0,,0,0
1E81F3E4398C19DD,0,0,0,icon_splash_skill_shot,0,splash,skill,,0,,,,0,0,0,,0,0,,0,,,0,,,0,,,0,,0,0
D930550D6611434C,0,0,0,icon_splash_skill_shot,0,splash,skill,,0,,,,0,0,0,,0,0,,0,,,0,,,0,,,0,,0,0
EC8A2DC2F4E07935,0,0,0,icon_splash_skill_shot,0,splash,skill,,0,,,,0,0,0,,0,0,,0,,,0,,,0,,,0,,0,0
57E238C776C8E030,0,0,0,icon_splash_skill_shot,0,splash,skill,,0,,,,0,0,0,,0,0,,0,,,0,,,0,,,0,,0,0
D9283D3795EE1CA0,0,0,0,icon_splash_skill_shot,0,splash,skill,,0,,,,0,0,0,,0,0,,0,,,0,,,0,,,0,,0,0
FBC15FAADFADEE5D,0,0,0,icon_splash_skill_shot,0,splash,skill,,0,,,,0,0,0,,0,0,,0,,,0,,,0,,,0,,0,0
9B82AB032940A3D6,0,0,0,icon_splash_skill_shot,0,splash,skill,,0,,,,0,0,0,,0,0,,0,,,0,,,0,,,0,,0,0
F971655F11159A88,0,0,0,icon_splash_skill_shot,0,splash,skill,,0,,,,0,0,0,,0,0,,0,,,0,,,0,,,0,,0,0
BAEC289CFE7055C2,0,0,0,icon_splash_skill_shot,0,splash,skill,,0,,,,0,0,0,,0,0,,0,,,0,,,0,,,0,,0,0
47D77149E0E99A14,0,0,0,icon_splash_skill_shot,0,splash,skill,,0,,,,0,0,0,,0,0,,0,,,0,,,0,,,0,,0,0
8BC1D18DCD87C8A3,0,0,0,icon_splash_skill_shot,0,splash,skill,,0,,,,0,0,0,,0,0,,0,,,0,,,0,,,0,,0,0
32DA3AAB2AC19F9E,0,0,0,icon_splash_skill_shot,0,splash,skill,,0,,,,0,0,0,,0,0,,0,,,0,,,0,,,0,,0,0
93FA2B505B757A38,0,0,0,icon_splash_skill_shot,0,splash,skill,,0,,,,0,0,0,,0,0,,0,,,0,,,0,,,0,,0,0
18C44B230263DA2C,0,0,0,icon_splash_skill_shot,0,splash,skill,,0,,,,0,0,0,,0,0,,0,,,0,,,0,,,0,,0,0
168B32093420E2F,0,0,0,icon_splash_skill_shot,0,splash,skill,,0,,,,0,0,0,,0,0,,0,,,0,,,0,,,0,,0,0
70456407E088F468,0,0,0,icon_splash_skill_shot,0,splash,skill,,0,,,,0,0,0,,0,0,,0,,,0,,,0,,,0,,0,0
A0E490BE654A4FA8,0,0,0,icon_splash_skill_shot,0,splash,skill,,0,,,,0,0,0,,0,0,,0,,,0,,,0,,,0,,0,0
3A01ED4E57A4FAA2,0,0,0,icon_splash_skill_shot,0,splash,skill,,0,,,,0,0,0,,0,0,,0,,,0,,,0,,,0,,0,0
3818DD528F142987,0,0,0,icon_splash_skill_shot,0,splash,skill,,0,,,,0,0,0,,0,0,,0,,,0,,,0,,,0,,0,0
690087E1D0C26F49,0,0,0,icon_splash_skill_shot,0,splash,skill,,0,,,,0,0,0,,0,0,,0,,,0,,,0,,,0,,0,0
6540FE71B5EDA3FB,0,0,0,icon_splash_skill_shot,0,splash,skill,,0,,,,0,0,0,,0,0,,0,,,0,,,0,,,0,,0,0
F1B94BD47AF6D947,0,0,0,icon_splash_skill_shot,0,splash,skill,,0,,,,0,0,0,,0,0,,0,,,0,,,0,,,0,,0,0
829F771D70A75937,0,0,0,,0,splash,skill,,0,,,,0,0,0,,0,0,,0,,,0,,,0,,,0,,0,0
7BCF4357B9EE8D9A,0,0,0,,0,splash,skill,,0,,,,0,0,0,,0,0,,0,,,0,,,0,,,0,,0,0
C4A41D69E7440DC3,0,0,0,,0,splash,skill,,0,,,,0,0,0,,0,0,,0,,,0,,,0,,,0,,0,0
6DB5034F05DB9EC0,0,0,0,,0,splash,skill,,0,,,,0,0,0,,0,0,,0,,,0,,,0,,,0,,0,0
4AE9AD522095EE31,0,0,0,,0,splash,skill,,0,,,,0,0,0,,0,0,,0,,,0,,,0,,,0,,0,0
81A9C1C924B14BBA,0,0,0,,0,splash,skill,,0,,,,0,0,0,,0,0,,0,,,0,,,0,,,0,,0,0
395340C089630375,0,0,0,,0,splash,skill,,0,,,,0,0,0,,0,0,,0,,,0,,,0,,,0,,0,0
A648A48B3A761036,0,0,0,,0,splash,skill,,0,,,,0,0,0,,0,0,,0,,,0,,,0,,,0,,0,0
B2A15BA5409C3D64,0,0,0,,0,splash,skill,,0,,,,0,0,0,,0,0,,0,,,0,,,0,,,0,,0,0
F95E4D51587AEA39,0,0,0,,0,splash,skill,,0,,,,0,0,0,,0,0,,0,,,0,,,0,,,0,,0,0
A11B33BFB5DE050C,0,0,0,,0,splash,skill,,0,,,,0,0,0,,0,0,,0,,,0,,,0,,,0,,0,0
B57660AA67ECA19D,0,0,0,hud_icon_objective_hq,0,splash,gameplay,,0,,,HUD.friendlyTeam,,,0,,0,0,,0,,,0,,,0,,,0,,0,0
6D626151F754F5B9,0,0,0,hud_icon_objective_hq,0,splash,gameplay,,0,,,HUD.enemyTeam,,,0,,0,0,,0,,,0,,,0,,,0,,0,0
D8FBF259DC717B3F,0,0,0,icon_waypoint_bomb,0,splash,local,,0,,,HUD.friendlyTeam,,,0,,0,0,,0,,,0,,,0,,,0,,0,0
A9E5F3523F236D9B,0,0,0,icon_waypoint_bomb,0,splash,local,,0,,,HUD.enemyTeam,,,0,,0,0,,0,,,0,,,0,,,0,,0,0
6E27C3FEEB9F19AC,0,0,0,icon_waypoint_hostage_captive,0,splash,local,,0,,,HUD.friendlyTeam,,,0,,0,0,,0,,,0,,,0,,,0,,0,0
48A7B9E7BA704684,0,0,0,icon_waypoint_hostage,0,splash,local,,0,,,HUD.enemyTeam,,,0,,0,0,,0,,,0,,,0,,,0,,0,0
79D2669958129E8D,0,0,0,icon_waypoint_hq_friendly,0,splash,local,,0,,,HUD.friendlyTeam,,,0,,0,0,,0,,,0,,,0,,,0,,0,0
1734231E07FD7D69,0,0,0,icon_waypoint_hq_enemy,0,splash,local,,0,,,HUD.enemyTeam,,,0,,0,0,,0,,,0,,,0,,,0,,0,0
FBD556AE087E8B54,0,0,0,icon_waypoint_hq_friendly,0,splash,local,,0,,,HUD.friendlyTeam,,,0,,0,0,,0,,,0,,,0,,,0,,0,0
ED5473199D9C02CC,0,0,0,icon_waypoint_hq_enemy,0,splash,local,,0,,,HUD.enemyTeam,,,0,,0,0,,0,,,0,,,0,,,0,,0,0
8C1D906E40829CBB,0,0,0,icon_waypoint_hq_friendly,0,splash,local,,0,,,HUD.friendlyTeam,,,0,,0,0,,0,,,0,,,0,,,0,,0,0
45A5FF412EC96C57,0,0,0,icon_waypoint_hq_enemy,0,splash,local,,0,,,HUD.enemyTeam,,,0,,0,0,,0,,,0,,,0,,,0,,0,0
DDBD2D979474BAF8,0,0,0,icon_waypoint_hq_friendly,0,splash,local,,0,,,HUD.friendlyTeam,,,0,,0,0,,0,,,0,,,0,,,0,,0,0
7D2D586C02891180,0,0,0,icon_waypoint_hq_enemy,0,splash,local,,0,,,HUD.enemyTeam,,,0,,0,0,,0,,,0,,,0,,,0,,0,0
A80DCDC83DBE3FA3,0,0,0,icon_waypoint_hq_friendly,0,splash,local,,0,,,HUD.friendlyTeam,,,0,,0,0,,0,,,0,,,0,,,0,,0,0
F516980D2743067F,0,0,0,icon_waypoint_hq_enemy,0,splash,local,,0,,,HUD.enemyTeam,,,0,,0,0,,0,,,0,,,0,,,0,,0,0
EFEAD17364A17211,0,0,0,hud_icon_objective_radar,4349F9861517A6A6,splash,gameplay,,0,,,HUD.friendlyTeam,,,0,,0,0,,0,,,0,,,0,,,0,,0,0
5D64411FB4DCAAF6,0,0,0,hud_icon_objective_radar,1E4684DF2117BA45,splash,gameplay,,0,,,HUD.enemyTeam,,,0,,0,0,,0,,,0,,,0,,,0,,0,0
D6CF9DBBFDC7ED25,0,0,0,hud_icon_objective_sam,4349F9861517A6A6,splash,gameplay,,0,,,HUD.friendlyTeam,,,0,,0,0,,0,,,0,,,0,,,0,,0,0
576F59CDD7A051A2,0,0,0,hud_icon_objective_sam,1E4684DF2117BA45,splash,gameplay,,0,,,HUD.enemyTeam,,,0,,0,0,,0,,,0,,,0,,,0,,0,0
1119A186C759272F,0,0,0,hud_icon_objective_hack,4349F9861517A6A6,splash,gameplay,,0,,,HUD.friendlyTeam,,,0,,0,0,,0,,,0,,,0,,,0,,0,0
82E948B1FF217FAC,0,0,0,hud_icon_objective_hack,1E4684DF2117BA45,splash,gameplay,,0,,,HUD.enemyTeam,,,0,,0,0,,0,,,0,,,0,,,0,,0,0
1A51175369A5858C,0,0,0,icon_waypoint_hq_friendly,4349F9861517A6A6,splash,local,,0,,,HUD.friendlyTeam,,,0,,0,0,,0,,,0,,,0,,,0,,0,0
972A24F8769B87E7,0,0,0,icon_waypoint_hq_enemy,1E4684DF2117BA45,splash,local,,0,,,HUD.enemyTeam,,,0,,0,0,,0,,,0,,,0,,,0,,0,0
786C14952E2BA486,0,0,0,icon_waypoint_bomb,4349F9861517A6A6,splash,local,,0,,,HUD.enemyTeam,,,0,,0,0,,0,,,0,,,0,,,0,,0,0
FF293DAA90676C21,0,0,0,icon_waypoint_bomb,1E4684DF2117BA45,splash,local,,0,,,HUD.friendlyTeam,,,0,,0,0,,0,,,0,,,0,,,0,,0,0
279C16D6D7CBF09F,0,0,0,icon_waypoint_hostage_captive,4349F9861517A6A6,splash,local,,0,,,HUD.friendlyTeam,,,0,,0,0,,0,,,0,,,0,,,0,,0,0
C296C221EB47B4DC,0,0,0,icon_waypoint_hostage,1E4684DF2117BA45,splash,local,,0,,,HUD.enemyTeam,,,0,,0,0,,0,,,0,,,0,,,0,,0,0
9C60B80DCEFC77C,0,0,0,icon_waypoint_hq_friendly,4349F9861517A6A6,splash,local,,0,,,HUD.friendlyTeam,,,0,,0,0,,0,,,0,,,0,,,0,,0,0
290B360AD682FD7,0,0,0,icon_waypoint_hq_enemy,1E4684DF2117BA45,splash,local,,0,,,HUD.enemyTeam,,,0,,0,0,,0,,,0,,,0,,,0,,0,0
B4E1F0A40E778DF7,0,0,0,icon_waypoint_hq_friendly,4349F9861517A6A6,splash,local,,0,,,HUD.friendlyTeam,,,0,,0,0,,0,,,0,,,0,,,0,,0,0
48407C249A94B1B4,0,0,0,icon_waypoint_hq_enemy,1E4684DF2117BA45,splash,local,,0,,,HUD.enemyTeam,,,0,,0,0,,0,,,0,,,0,,,0,,0,0
B7508CACCD38D3C2,0,0,0,icon_waypoint_hq_friendly,4349F9861517A6A6,splash,local,,0,,,HUD.friendlyTeam,,,0,,0,0,,0,,,0,,,0,,,0,,0,0
EDFF4253F8D72C5,0,0,0,icon_waypoint_hq_enemy,1E4684DF2117BA45,splash,local,,0,,,HUD.enemyTeam,,,0,,0,0,,0,,,0,,,0,,,0,,0,0
78D135952E80DCCB,0,0,0,icon_waypoint_hq_friendly,4349F9861517A6A6,splash,local,,0,,,HUD.friendlyTeam,,,0,,0,0,,0,,,0,,,0,,,0,,0,0
6236A1DB66357C50,0,0,0,icon_waypoint_hq_enemy,1E4684DF2117BA45,splash,local,,0,,,HUD.enemyTeam,,,0,,0,0,,0,,,0,,,0,,,0,,0,0
33623BDBC423C8CA,0,0,0,icon_waypoint_hq_friendly,4349F9861517A6A6,splash,local,,0,,,HUD.friendlyTeam,,,0,,0,0,,0,,,0,,,0,,,0,,0,0
985D952DA74717ED,0,0,0,icon_waypoint_hq_enemy,1E4684DF2117BA45,splash,local,,0,,,HUD.enemyTeam,,,0,,0,0,,0,,,0,,,0,,,0,,0,0
99B6DABDAE91B7EE,0,0,0,icon_waypoint_hq_friendly,0,splash,local,,0,,,HUD.friendlyTeam,,,0,,0,0,,0,,,0,,,0,,,0,,0,0
B9C1A5B36C2B86E9,0,0,0,icon_waypoint_hq_enemy,0,splash,local,,0,,,HUD.enemyTeam,,,0,,0,0,,0,,,0,,,0,,,0,,0,0
62BCD487E892B428,0,0,0,icon_waypoint_bomb,4349F9861517A6A6,splash,local,,0,,,HUD.enemyTeam,,,0,,0,0,,0,,,0,,,0,,,0,,0,0
AFB69B5E2B2E53DB,0,0,0,icon_waypoint_bomb,0,splash,local,,0,,,HUD.friendlyTeam,,,0,,0,0,,0,,,0,,,0,,,0,,0,0
746929921FA512E5,0,0,0,icon_waypoint_hostage_captive,0,splash,local,,0,,,HUD.friendlyTeam,,,0,,0,0,,0,,,0,,,0,,,0,,0,0
96808EEEC0341662,0,0,0,icon_waypoint_hostage,0,splash,local,,0,,,HUD.enemyTeam,,,0,,0,0,,0,,,0,,,0,,,0,,0,0
212A1E14990ABFC2,0,0,0,icon_waypoint_hq_friendly,0,splash,local,,0,,,HUD.friendlyTeam,,,0,,0,0,,0,,,0,,,0,,,0,,0,0
F85FEC0129D2FEC5,0,0,0,icon_waypoint_hq_enemy,0,splash,local,,0,,,HUD.enemyTeam,,,0,,0,0,,0,,,0,,,0,,,0,,0,0
982495FC564520ED,0,0,0,hud_icon_vehicle_samsite,0,splash,local,,0,,,HUD.enemyTeam,,,0,,0,0,,0,,,0,,,0,,,0,,0,0
8C9E7C7A9EEFE2EA,0,0,0,hud_icon_vehicle_samsite,0,splash,local,,0,,,HUD.friendlyTeam,,,0,,0,0,,0,,,0,,,0,,,0,,0,0
B33A313F6245F318,0,0,0,icon_waypoint_hq_friendly,0,splash,local,,0,,,HUD.friendlyTeam,,,0,,0,0,,0,,,0,,,0,,,0,,0,0
608E51F599EA06CB,0,0,0,icon_waypoint_hq_enemy,0,splash,local,,0,,,HUD.enemyTeam,,,0,,0,0,,0,,,0,,,0,,,0,,0,0
6256B587E83BCC49,0,0,0,icon_waypoint_hq_friendly,0,splash,local,,0,,,HUD.friendlyTeam,,,0,,0,0,,0,,,0,,,0,,,0,,0,0
5019246045B529EE,0,0,0,icon_waypoint_hq_enemy,0,splash,local,,0,,,HUD.enemyTeam,,,0,,0,0,,0,,,0,,,0,,,0,,0,0
D21CC604BCB0489C,0,0,0,icon_waypoint_hq_friendly,0,splash,local,,0,,,HUD.friendlyTeam,,,0,,0,0,,0,,,0,,,0,,,0,,0,0
FF32BA76E89B137,0,0,0,icon_waypoint_hq_enemy,0,splash,local,,0,,,HUD.enemyTeam,,,0,,0,0,,0,,,0,,,0,,,0,,0,0
84EA5653BE8F407,0,0,0,hud_icon_objective_hq,4349F9861517A6A6,splash,gameplay,,0,,,HUD.friendlyTeam,,,0,,0,0,,0,,,0,,,0,,,0,,0,0
4AC068DCB2A44CDC,0,0,0,hud_icon_objective_hq,1E4684DF2117BA45,splash,gameplay,,0,,,HUD.enemyTeam,,,0,,0,0,,0,,,0,,,0,,,0,,0,0
E8A251E4F09F5175,0,0,0,hud_icon_objective_tank,4349F9861517A6A6,splash,gameplay,,0,,,HUD.friendlyTeam,,,0,,0,0,,0,,,0,,,0,,,0,,0,0
99DF6E4A17DF173A,0,0,0,hud_icon_objective_tank,1E4684DF2117BA45,splash,gameplay,,0,,,HUD.enemyTeam,,,0,,0,0,,0,,,0,,,0,,,0,,0,0
3FE6A5A0733AE2BD,0,0,0,hud_icon_objective_bomb,4349F9861517A6A6,splash,gameplay,,0,,,HUD.friendlyTeam,,,0,,0,0,,0,,,0,,,0,,,0,,0,0
5C3330E74A02F4D2,0,0,0,hud_icon_objective_bomb,4349F9861517A6A6,splash,gameplay,,0,,,HUD.enemyTeam,,,0,,0,0,,0,,,0,,,0,,,0,,0,0
A5C86B8D89CBF3D,0,0,0,hud_icon_objective_wheelson,4349F9861517A6A6,splash,gameplay,,0,,,HUD.friendlyTeam,,,0,,0,0,,0,,,0,,,0,,,0,,0,0
4D92A75D891B9652,0,0,0,hud_icon_objective_wheelson,4349F9861517A6A6,splash,gameplay,,0,,,HUD.enemyTeam,,,0,,0,0,,0,,,0,,,0,,,0,,0,0
6E4D44EF48AC0033,0,0,0,ui_map_icon_repair,0,splash,local,,0,,,HUD.enemyTeam,,,0,,0,0,,0,,,0,,,0,,,0,,0,0
7A4BA6FE288D0AA,0,0,0,ui_icon_scorestreaks_widget_carepackage,0,splash,local,,0,,,HUD.enemyTeam,,,0,,0,0,,0,,,0,,,0,,,0,,0,0
2B15569420488108,0,0,0,icon_waypoint_ied,B955ED7B14B3A935,playercard_splash,gameplay,,0,,,,,,0,,0,0,,0,,,0,,,0,,,0,,0,0
B8456A9CFD69849C,0,0,0,icon_waypoint_ied,B955ED7B14B3A935,playercard_splash,gameplay,,0,,,,,,0,,0,0,,0,,,0,,,0,,,0,,0,0
29493EFD5ECE48CD,0,0,0,hud_icon_objective_server_hack,4349F9861517A6A6,splash,gameplay,,0,,,HUD.friendlyTeam,,,0,,0,0,,0,,,0,,,0,,,0,,0,0
5FB6A1A804862AAD,0,0,0,hud_icon_objective_server_hack,4349F9861517A6A6,splash,gameplay,,0,,,HUD.enemyTeam,,,0,,0,0,,0,,,0,,,0,,,0,,0,0
CF42989D187382EA,0,0,0,hud_icon_objective_filter,4349F9861517A6A6,splash,gameplay,,0,,,HUD.friendlyTeam,,,0,,0,0,,0,,,0,,,0,,,0,,0,0
A44009F49C28B3A6,0,0,0,hud_icon_objective_filter,4349F9861517A6A6,splash,gameplay,,0,,,HUD.enemyTeam,,,0,,0,0,,0,,,0,,,0,,,0,,0,0
648845AE75D0470D,0,0,0,hud_icon_objective_hack,4349F9861517A6A6,splash,gameplay,,0,,,HUD.friendlyTeam,,,0,,0,0,,0,,,0,,,0,,,0,,0,0
335D05BF71D8A3ED,0,0,0,hud_icon_objective_hack,4349F9861517A6A6,splash,gameplay,,0,,,HUD.enemyTeam,,,0,,0,0,,0,,,0,,,0,,,0,,0,0
B1472C231D5FF5D9,0,0,0,hud_icon_objective_bomb,4349F9861517A6A6,splash,gameplay,,0,,,HUD.friendlyTeam,,,0,,0,0,,0,,,0,,,0,,,0,,0,0
934BF682B2974499,0,0,0,hud_icon_objective_bomb,4349F9861517A6A6,splash,gameplay,,0,,,HUD.enemyTeam,,,0,,0,0,,0,,,0,,,0,,,0,,0,0
870BBEAB3EBF5699,0,0,0,hud_icon_objective_filter,0,playercard_splash,global,,0,,,,,,0,,0,0,,0,,,0,,,0,,,0,,0,0
92EBF95794004673,0,0,0,hud_icon_objective_filter,0,playercard_splash,global,,0,,,,,,0,,0,0,,0,,,0,,,0,,,0,,0,0
413B3CB404019D7A,0,0,0,hud_icon_splash_kill,0,splash,skill,,0,,,,0,0,0,,0,0,,0,,,0,,,0,,,0,,0,0
FF01718CBA9CB661,0,0,0,hud_icon_splash_kill,0,splash,skill,,0,,,,0,0,0,,0,0,,0,,,0,,,0,,,0,,0,0
D3C08C3F6954453C,0,0,0,hud_icon_splash_kill,0,splash,skill,,0,,,,0,0,0,,0,0,,0,,,0,,,0,,,0,,0,0
DD4C110C01E2B46F,0,0,0,hud_icon_splash_kill,0,splash,skill,,0,,,,0,0,0,,0,0,,0,,,0,,,0,,,0,,0,0
551EAF3C0CC43C44,0,0,0,hud_icon_splash_kill,0,splash,skill,,0,,,,0,0,0,,0,0,,0,,,0,,,0,,,0,,0,0
5262EF3ADF2E95F4,0,0,0,hud_icon_splash_kill,0,splash,skill,,0,,,,0,0,0,,0,0,,0,,,0,,,0,,,0,,0,0
837AC343227CF54C,0,0,0,hud_icon_splash_kill,0,splash,skill,,0,,,,0,0,0,,0,0,,0,,,0,,,0,,,0,,0,0
5F5800E4ADB393CB,0,0,0,hud_icon_splash_kill,0,splash,skill,,0,,,,0,0,0,,0,0,,0,,,0,,,0,,,0,,0,0
A613AC32C76F535E,0,0,0,hud_icon_splash_kill,0,splash,skill,,0,,,,0,0,0,,0,0,,0,,,0,,,0,,,0,,0,0
C39A3BBF9D039B0B,0,0,0,hud_icon_splash_kill,0,splash,skill,,0,,,,0,0,0,,0,0,,0,,,0,,,0,,,0,,0,0
DD165303108035BB,0,0,0,hud_icon_splash_kill,0,splash,skill,,0,,,,0,0,0,,0,0,,0,,,0,,,0,,,0,,0,0
EA55EC00DB67FF1E,0,0,0,hud_icon_splash_kill,0,splash,skill,,0,,,,0,0,0,,0,0,,0,,,0,,,0,,,0,,0,0
5FBE5E8DD01CADA,0,0,0,hud_icon_splash_kill,0,splash,skill,,0,,,,0,0,0,,0,0,,0,,,0,,,0,,,0,,0,0
DA4D3A59D273BD01,0,0,0,hud_icon_splash_kill,0,splash,skill,,0,,,,0,0,0,,0,0,,0,,,0,,,0,,,0,,0,0
CDB0B0F5B69AE667,0,0,0,hud_icon_splash_kill,0,splash,skill,,0,,,,0,0,0,,0,0,,0,,,0,,,0,,,0,,0,0
CDB0B1F5B69AE81A,0,0,0,hud_icon_splash_kill,0,splash,skill,,0,,,,0,0,0,,0,0,,0,,,0,,,0,,,0,,0,0
5E185EFA38230885,0,0,0,hud_icon_splash_kill,0,splash,skill,,0,,,,0,0,0,,0,0,,0,,,0,,,0,,,0,,0,0
5E185BFA3823036C,0,0,0,hud_icon_splash_kill,0,splash,skill,,0,,,,0,0,0,,0,0,,0,,,0,,,0,,,0,,0,0
5E185CFA3823051F,0,0,0,hud_icon_splash_kill,0,splash,skill,,0,,,,0,0,0,,0,0,,0,,,0,,,0,,,0,,0,0
5177E185D94D2F25,0,0,0,hud_icon_splash_kill,0,splash,skill,,0,,,,0,0,0,,0,0,,0,,,0,,,0,,,0,,0,0
FCB724A65F578CD9,0,0,0,hud_icon_splash_kill,0,splash,skill,,0,,,,0,0,0,,0,0,,0,,,0,,,0,,,0,,0,0
1248868D628044B9,0,0,0,hud_icon_splash_kill,0,splash,skill,,0,,,,0,0,0,,0,0,,0,,,0,,,0,,,0,,0,0
69417236D2C59279,0,0,0,hud_icon_splash_kill,0,splash,skill,,0,,,,0,0,0,,0,0,,0,,,0,,,0,,,0,,0,0
A1FE766B68D1E6A0,0,0,0,hud_icon_splash_kill,0,splash,skill,,0,,,,0,0,0,,0,0,,0,,,0,,,0,,,0,,0,0
9CA753F6A4698C38,0,0,0,hud_icon_splash_kill,0,splash,skill,,0,,,,0,0,0,,0,0,,0,,,0,,,0,,,0,,0,0
6F0D3F2E6CF9CFA2,0,0,0,,0,splash,local,,0,,,,,1,0,,0,0,,0,,,0,,,0,,,0,,0,0
7F123E521FF8EC9B,0,0,0,,0,splash,local,,0,,,,,,0,,0,0,,0,,,0,,,0,,,0,,0,0
9F7B46E27E962F59,0,0,0,,0,splash,local,,0,,,,,,0,,0,0,,0,,,0,,,0,,,0,,0,0
56DB108798FC15CF,0,0,0,,0,splash,local,,0,,,,,,0,,0,0,,0,,,0,,,0,,,0,,0,0
6A39E883C87EF76F,0,0,0,,0,splash,local,,0,,,,,,0,,0,0,,0,,,0,,,0,,,0,,0,0
EDC759AB451B3D98,0,0,0,hud_icon_challenge,D8A2EDAB16B242B3,splash,challengeComplete,,0,,,,,,0,,0,0,,0,,,0,,,0,,,0,,0,0
342CE3047A7C1FE,0,0,0,,0,splash,local,,0,,,,,,0,,0,0,,0,,,0,,,0,,,0,,0,0
EEAD7D8AD3D6ECD8,0,0,0,,0,splash,local,,0,,,,,,0,,0,0,,0,,,0,,,0,,,0,,0,0
4EEE2253A0D109F1,0,0,0,,0,splash,local,,0,,,,,,0,,0,0,,0,,,0,,,0,,,0,,0,0
55E031B507A4099E,0,0,0,,0,splash,local,,0,,,,,,0,,0,0,,0,,,0,,,0,,,0,,0,0
55E030B507A407EB,0,0,0,,0,splash,local,,0,,,,,,0,,0,0,,0,,,0,,,0,,,0,,0,0
55E02FB507A40638,0,0,0,,0,splash,local,,0,,,,,,0,,0,0,,0,,,0,,,0,,,0,,0,0
B312CBB05EEDC301,0,0,0,,0,splash,local,,0,,,,,,0,,0,0,,0,,,0,,,0,,,0,,0,0
1727510982991B63,0,0,0,,0,splash,local,,0,,,,,,0,,0,0,,0,,,0,,,0,,,0,,0,0
92EDF9395016C2AE,0,0,0,,0,splash,local,,0,,,,,,0,,0,0,,0,,,0,,,0,,,0,,0,0
47CFAC6454147621,0,0,0,,0,splash,local,,0,,,,,,0,,0,0,,0,,,0,,,0,,,0,,0,0
B744684D23AC5020,0,0,0,,0,splash,local,,0,,,,,,0,,0,0,,0,,,0,,,0,,,0,,0,0
DD583321DF04F8C3,0,0,0,,0,splash,local,,0,,,,,,0,,0,0,,0,,,0,,,0,,,0,,0,0
86D8E037EC92167B,0,0,0,hud_icon_splash_kill,0,splash,skill,,0,,,,0,0,0,,0,0,,0,,,0,,,0,,,0,,0,0
EE98A5E91EB314B,0,0,0,hud_icon_splash_kill,0,splash,skill,,0,,,,0,0,0,,0,0,,0,,,0,,,0,,,0,,0,0
6F7BB4CADF5D7AAA,0,0,0,,0,splash,local,,0,,,,,,0,,0,0,,0,,,0,,,0,,,0,,0,0
6F7BB3CADF5D78F7,0,0,0,,0,splash,local,,0,,,,,,0,,0,0,,0,,,0,,,0,,,0,,0,0
6F7BB2CADF5D7744,0,0,0,,0,splash,local,,0,,,,,,0,,0,0,,0,,,0,,,0,,,0,,0,0
