0,ui_playercard_001,ui_playercard_001,0,standard,,TRUE,0,,,0
1,ui_playercard_002,ui_playercard_002,0,standard,,TRUE,0,,,0
2,ui_playercard_003,ui_playercard_003,0,standard,,TRUE,0,,,0
3,ui_playercard_004,ui_playercard_004,0,standard,,TRUE,0,,,0
4,ui_playercard_005,ui_playercard_005,0,standard,,TRUE,0,,,0
5,ui_playercard_006,ui_playercard_006,0,standard,,TRUE,0,,,0
6,ui_playercard_007,ui_playercard_007,0,standard,,TRUE,0,,,0
7,ui_playercard_008,ui_playercard_008,0,standard,,TRUE,0,,,0
8,ui_playercard_009,ui_playercard_009,0,standard,,TRUE,0,,,0
9,ui_playercard_010,ui_playercard_010,0,standard,,TRUE,0,,,0
10,ui_playercard_011,ui_playercard_011,0,standard,,TRUE,0,,,0
11,ui_playercard_012,ui_playercard_012,0,standard,,TRUE,0,,,0
12,ui_playercard_013,ui_playercard_013,0,standard,,TRUE,0,,,0
13,ui_playercard_014,ui_playercard_014,0,standard,,TRUE,0,,,0
14,ui_playercard_015,ui_playercard_015,0,standard,,TRUE,0,,,0
15,ui_playercard_016,ui_playercard_016,0,standard,,TRUE,0,,,0
16,ui_playercard_017,ui_playercard_017,0,standard,,TRUE,0,,,0
17,ui_playercard_018,ui_playercard_018,0,standard,,TRUE,0,,,0
18,ui_playercard_019,ui_playercard_019,0,standard,,TRUE,0,,,0
19,ui_playercard_020,ui_playercard_020,0,standard,,TRUE,0,,,0
20,ui_playercard_021,ui_playercard_021,0,standard,,TRUE,0,,,0
21,ui_playercard_022,ui_playercard_022,0,standard,,TRUE,0,,,0
22,ui_playercard_023,ui_playercard_023,0,standard,,TRUE,0,,,0
23,ui_playercard_024,ui_playercard_024,0,standard,,TRUE,0,,,0
24,ui_playercard_025,ui_playercard_025,0,standard,,TRUE,0,,,0
25,ui_playercard_026,ui_playercard_026,0,standard,,TRUE,0,,,0
26,ui_playercard_027,ui_playercard_027,0,standard,,TRUE,0,,,0
27,ui_playercard_028,ui_playercard_028,0,standard,,TRUE,0,,,0
28,ui_playercard_029,ui_playercard_029,0,standard,,TRUE,0,,,0
29,ui_playercard_030,ui_playercard_030,0,standard,,TRUE,0,,,0
30,ui_playercard_031,ui_playercard_031,0,standard,,TRUE,0,,,0
31,ui_playercard_032,ui_playercard_032,0,standard,,TRUE,0,,,0
32,ui_playercard_033,ui_playercard_033,0,standard,,TRUE,0,,,0
33,ui_playercard_034,ui_playercard_034,0,standard,,TRUE,0,,,0
34,ui_playercard_035,ui_playercard_035,0,standard,,TRUE,0,,,0
35,ui_playercard_036,ui_playercard_036,0,standard,,TRUE,0,,,0
36,ui_playercard_037,ui_playercard_037,0,standard,,TRUE,0,,,0
37,ui_playercard_038,ui_playercard_038,0,standard,,TRUE,0,,,0
38,ui_playercard_039,ui_playercard_039,0,standard,,TRUE,0,,,0
39,ui_playercard_040,ui_playercard_040,0,standard,,TRUE,0,,,0
40,ui_playercard_041,ui_playercard_041,0,standard,,TRUE,0,,,0
41,ui_playercard_042,ui_playercard_042,0,standard,,TRUE,0,,,0
42,ui_playercard_043,ui_playercard_043,0,standard,,TRUE,0,,,0
43,ui_playercard_044,ui_playercard_044,0,standard,,TRUE,0,,,0
44,ui_playercard_045,ui_playercard_045,0,standard,,TRUE,0,,,0
45,ui_playercard_046,ui_playercard_046,0,standard,,TRUE,0,,,0
46,ui_playercard_047,ui_playercard_047,0,standard,,TRUE,0,,,0
47,ui_playercard_048,ui_playercard_048,0,standard,,TRUE,0,,,0
48,ui_playercard_049,ui_playercard_049,0,standard,,TRUE,0,,,0
49,ui_playercard_050,ui_playercard_050,0,standard,,TRUE,0,,,0
50,ui_playercard_051,ui_playercard_051,0,standard,,TRUE,0,,,0
51,ui_playercard_052,ui_playercard_052,0,standard,,TRUE,0,,,0
52,ui_playercard_053,ui_playercard_053,0,standard,,TRUE,0,,,0
53,ui_playercard_054,ui_playercard_054,0,standard,,TRUE,0,,,0
54,ui_playercard_055,ui_playercard_055,0,standard,,TRUE,0,,,0
55,ui_playercard_056,ui_playercard_056,0,standard,,TRUE,0,,,0
56,ui_playercard_057,ui_playercard_057,0,standard,,TRUE,0,,,0
57,ui_playercard_058,ui_playercard_058,0,standard,,TRUE,0,,,0
58,ui_playercard_059,ui_playercard_059,0,standard,,TRUE,0,,,0
59,ui_playercard_060,ui_playercard_060,0,standard,,TRUE,0,,,0
60,ui_playercard_061,ui_playercard_061,0,standard,,TRUE,0,,,0
61,ui_playercard_062,ui_playercard_062,0,standard,,TRUE,0,,,0
62,ui_playercard_063,ui_playercard_063,0,standard,,TRUE,0,,,0
63,ui_playercard_064,ui_playercard_064,0,standard,,TRUE,0,,,0
64,ui_playercard_065,ui_playercard_065,0,standard,,TRUE,0,,,0
65,ui_playercard_066,ui_playercard_066,0,standard,,TRUE,0,,,0
66,ui_playercard_067,ui_playercard_067,0,standard,,TRUE,0,,,0
67,ui_playercard_068,ui_playercard_068,0,standard,,TRUE,0,,,0
68,ui_playercard_069,ui_playercard_069,0,standard,,TRUE,0,,,0
69,ui_playercard_070,ui_playercard_070,0,standard,,TRUE,0,,,0
70,ui_playercard_071,ui_playercard_071,0,standard,,TRUE,0,,,0
71,ui_playercard_072,ui_playercard_072,0,standard,,TRUE,0,,,0
72,ui_playercard_073,ui_playercard_073,0,standard,,TRUE,0,,,0
73,ui_playercard_074,ui_playercard_074,0,standard,,TRUE,0,,,0
74,ui_playercard_075,ui_playercard_075,0,standard,,TRUE,0,,,0
75,ui_playercard_076,ui_playercard_076,0,standard,,TRUE,0,,,0
76,ui_playercard_077,ui_playercard_077,0,standard,,TRUE,0,,,0
77,ui_playercard_078,ui_playercard_078,0,standard,,TRUE,0,,,0
78,ui_playercard_079,ui_playercard_079,0,standard,,TRUE,0,,,0
79,ui_playercard_080,ui_playercard_080,0,standard,,TRUE,0,,,0
80,ui_playercard_081,ui_playercard_081,0,standard,,TRUE,0,,,0
81,ui_playercard_082,ui_playercard_082,0,standard,,TRUE,0,,,0
82,ui_playercard_083,ui_playercard_083,0,standard,,TRUE,0,,,0
83,ui_playercard_084,ui_playercard_084,0,standard,,TRUE,0,,,0
84,ui_playercard_085,ui_playercard_085,0,standard,,TRUE,0,,,0
85,ui_playercard_086,ui_playercard_086,0,standard,,TRUE,0,,,0
86,ui_playercard_087,ui_playercard_087,0,standard,,TRUE,0,,,0
87,ui_playercard_088,ui_playercard_088,0,standard,,TRUE,0,,,0
88,ui_playercard_089,ui_playercard_089,0,standard,,TRUE,0,,,0
89,ui_playercard_090,ui_playercard_090,0,standard,,TRUE,0,,,0
90,ui_playercard_091,ui_playercard_091,0,standard,,TRUE,0,,,0
91,ui_playercard_092,ui_playercard_092,0,standard,,TRUE,0,,,0
92,ui_playercard_093,ui_playercard_093,0,standard,,TRUE,0,,,0
93,ui_playercard_094,ui_playercard_094,0,standard,,TRUE,0,,,0
94,ui_playercard_095,ui_playercard_095,0,standard,,TRUE,0,,,0
95,ui_playercard_096,ui_playercard_096,0,standard,,TRUE,0,,,0
96,ui_playercard_097,ui_playercard_097,0,standard,,TRUE,0,,,0
97,ui_playercard_098,ui_playercard_098,0,standard,,TRUE,0,,,0
98,ui_playercard_099,ui_playercard_099,0,standard,,TRUE,0,,,0
99,ui_playercard_100,ui_playercard_100,0,standard,,TRUE,0,,,0
100,ui_playercard_101,ui_playercard_101,0,standard,,TRUE,0,,,0
101,ui_playercard_102,ui_playercard_102,0,standard,,TRUE,0,,,0
102,ui_playercard_103,ui_playercard_103,0,standard,,TRUE,0,,,0
103,ui_playercard_104,ui_playercard_104,0,standard,,TRUE,0,,,0
104,ui_playercard_105,ui_playercard_105,0,standard,,TRUE,0,,,0
105,ui_playercard_106,ui_playercard_106,0,standard,,TRUE,0,,,0
106,ui_playercard_107,ui_playercard_107,0,standard,,TRUE,0,,,0
107,ui_playercard_108,ui_playercard_108,0,standard,,TRUE,0,,,0
108,ui_playercard_109,ui_playercard_109,0,standard,,TRUE,0,,,0
109,ui_playercard_110,ui_playercard_110,0,standard,,TRUE,0,,,0
110,ui_playercard_111,ui_playercard_111,0,standard,,TRUE,0,,,0
111,ui_playercard_112,ui_playercard_112,0,standard,,TRUE,0,,,0
112,ui_playercard_113,ui_playercard_113,0,standard,,TRUE,0,,,0
113,ui_playercard_114,ui_playercard_114,0,standard,,TRUE,0,,,0
114,ui_playercard_115,ui_playercard_115,0,standard,,TRUE,0,,,0
115,ui_playercard_116,ui_playercard_116,0,standard,,TRUE,0,,,0
116,ui_playercard_117,ui_playercard_117,0,standard,,TRUE,0,,,0
117,ui_playercard_118,ui_playercard_118,0,standard,,TRUE,0,,,0
118,ui_playercard_119,ui_playercard_119,0,standard,,TRUE,0,,,0
119,ui_playercard_120,ui_playercard_120,0,standard,,TRUE,0,,,0
120,ui_playercard_121,ui_playercard_121,0,standard,,TRUE,0,,,0
121,ui_playercard_122,ui_playercard_122,0,standard,,TRUE,0,,,0
122,ui_playercard_123,ui_playercard_123,0,standard,,TRUE,0,,,0
123,ui_playercard_124,ui_playercard_124,0,standard,,TRUE,0,,,0
124,ui_playercard_125,ui_playercard_125,0,standard,,TRUE,0,,,0
125,ui_playercard_126,ui_playercard_126,0,standard,,TRUE,0,,,0
126,ui_playercard_127,ui_playercard_127,0,standard,,TRUE,0,,,0
127,ui_playercard_128,ui_playercard_128,0,standard,,TRUE,0,,,0
128,ui_playercard_129,ui_playercard_129,0,standard,,TRUE,0,,,0
129,ui_playercard_130,ui_playercard_130,0,standard,,TRUE,0,,,0
130,ui_playercard_131,ui_playercard_131,0,standard,,TRUE,0,,,0
131,ui_playercard_132,ui_playercard_132,0,standard,,TRUE,0,,,0
132,ui_playercard_133,ui_playercard_133,0,standard,,TRUE,0,,,0
133,ui_playercard_134,ui_playercard_134,0,standard,,TRUE,0,,,0
134,ui_playercard_135,ui_playercard_135,0,standard,,TRUE,0,,,0
135,ui_playercard_136,ui_playercard_136,0,standard,,TRUE,0,,,0
136,ui_playercard_137,ui_playercard_137,0,standard,,TRUE,0,,,0
137,ui_playercard_138,ui_playercard_138,0,standard,,TRUE,0,,,0
138,ui_playercard_139,ui_playercard_139,0,standard,,TRUE,0,,,0
139,ui_playercard_140,ui_playercard_140,0,standard,,TRUE,0,,,0
140,ui_playercard_141,ui_playercard_141,0,standard,,TRUE,0,,,0
141,ui_playercard_142,ui_playercard_142,0,standard,,TRUE,0,,,0
142,ui_playercard_143,ui_playercard_143,0,standard,,TRUE,0,,,0
143,ui_playercard_144,ui_playercard_144,0,standard,,TRUE,0,,,0
144,ui_playercard_145,ui_playercard_145,0,standard,,TRUE,0,,,0
145,ui_playercard_146,ui_playercard_146,0,standard,,TRUE,0,,,0
146,ui_playercard_147,ui_playercard_147,0,standard,,TRUE,0,,,0
147,ui_playercard_148,ui_playercard_148,0,standard,,TRUE,0,,,0
148,ui_playercard_149,ui_playercard_149,0,standard,,TRUE,0,,,0
149,ui_playercard_150,ui_playercard_150,0,standard,,TRUE,0,,,0
150,ui_playercard_151,ui_playercard_151,0,standard,,TRUE,0,,,0
151,ui_playercard_152,ui_playercard_152,0,standard,,TRUE,0,,,0
152,ui_playercard_153,ui_playercard_153,0,standard,,TRUE,0,,,0
153,ui_playercard_154,ui_playercard_154,0,standard,,TRUE,0,,,0
154,ui_playercard_155,ui_playercard_155,0,standard,,TRUE,0,,,0
155,ui_playercard_156,ui_playercard_156,0,standard,,TRUE,0,,,0
156,ui_playercard_157,ui_playercard_157,0,standard,,TRUE,0,,,0
157,ui_playercard_158,ui_playercard_158,0,standard,,TRUE,0,,,0
158,ui_playercard_159,ui_playercard_159,0,standard,,TRUE,0,,,0
159,ui_playercard_160,ui_playercard_160,0,standard,,TRUE,0,,,0
160,ui_playercard_161,ui_playercard_161,0,standard,,TRUE,0,,,0
161,ui_playercard_162,ui_playercard_162,0,standard,,TRUE,0,,,0
162,ui_playercard_163,ui_playercard_163,0,standard,,TRUE,0,,,0
163,ui_playercard_164,ui_playercard_164,0,standard,,TRUE,0,,,0
164,ui_playercard_165,ui_playercard_165,0,standard,,TRUE,0,,,0
165,ui_playercard_166,ui_playercard_166,0,standard,,TRUE,0,,,0
166,ui_playercard_167,ui_playercard_167,0,standard,,TRUE,0,,,0
167,ui_playercard_168,ui_playercard_168,0,standard,,TRUE,0,,,0
168,ui_playercard_169,ui_playercard_169,0,standard,,TRUE,0,,,0
169,ui_playercard_170,ui_playercard_170,0,standard,,TRUE,0,,,0
170,ui_playercard_171,ui_playercard_171,0,standard,,TRUE,0,,,0
171,ui_playercard_172,ui_playercard_172,0,standard,,TRUE,0,,,0
172,ui_playercard_173,ui_playercard_173,0,standard,,TRUE,0,,,0
173,ui_playercard_174,ui_playercard_174,0,standard,,TRUE,0,,,0
174,ui_playercard_175,ui_playercard_175,0,standard,,TRUE,0,,,0
175,ui_playercard_176,ui_playercard_176,0,standard,,TRUE,0,,,0
176,ui_playercard_177,ui_playercard_177,0,standard,,TRUE,0,,,0
177,ui_playercard_178,ui_playercard_178,0,standard,,TRUE,0,,,0
178,ui_playercard_179,ui_playercard_179,0,standard,,TRUE,0,,,0
179,ui_playercard_180,ui_playercard_180,0,standard,,TRUE,0,,,0
180,ui_playercard_181,ui_playercard_181,0,standard,,TRUE,0,,,0
181,ui_playercard_182,ui_playercard_182,0,standard,,TRUE,0,,,0
182,ui_playercard_183,ui_playercard_183,0,standard,,TRUE,0,,,0
183,ui_playercard_184,ui_playercard_184,0,standard,,TRUE,0,,,0
184,ui_playercard_185,ui_playercard_185,0,standard,,TRUE,0,,,0
185,ui_playercard_186,ui_playercard_186,0,standard,,TRUE,0,,,0
186,ui_playercard_187,ui_playercard_187,0,standard,,TRUE,0,,,0
187,ui_playercard_188,ui_playercard_188,0,standard,,TRUE,0,,,0
188,ui_playercard_189,ui_playercard_189,0,standard,,TRUE,0,,,0
189,ui_playercard_190,ui_playercard_190,0,standard,,TRUE,0,,,0
190,ui_playercard_191,ui_playercard_191,0,standard,,TRUE,0,,,0
191,ui_playercard_192,ui_playercard_192,0,standard,,TRUE,0,,,0
192,ui_playercard_193,ui_playercard_193,0,standard,,TRUE,0,,,0
193,ui_playercard_194,ui_playercard_194,0,standard,,TRUE,0,,,0
194,ui_playercard_195,ui_playercard_195,0,standard,,TRUE,0,,,0
195,ui_playercard_196,ui_playercard_196,0,standard,,TRUE,0,,,0
196,ui_playercard_197,ui_playercard_197,0,standard,,TRUE,0,,,0
197,ui_playercard_198,ui_playercard_198,0,standard,,TRUE,0,,,0
198,ui_playercard_199,ui_playercard_199,0,standard,,TRUE,0,,,0
199,ui_playercard_200,ui_playercard_200,0,standard,,TRUE,0,,,0
200,ui_playercard_201,ui_playercard_201,0,standard,,TRUE,0,,,0
201,ui_playercard_202,ui_playercard_202,0,standard,,TRUE,0,,,0
202,ui_playercard_203,ui_playercard_203,0,standard,,TRUE,0,,,0
203,ui_playercard_204,ui_playercard_204,0,standard,,TRUE,0,,,0
204,ui_playercard_205,ui_playercard_205,0,standard,,TRUE,0,,,0
205,ui_playercard_206,ui_playercard_206,0,standard,,TRUE,0,,,0
206,ui_playercard_207,ui_playercard_207,0,standard,,TRUE,0,,,0
207,ui_playercard_208,ui_playercard_208,0,standard,,TRUE,0,,,0
208,ui_playercard_209,ui_playercard_209,0,standard,,TRUE,0,,,0
209,ui_playercard_210,ui_playercard_210,0,standard,,TRUE,0,,,0
210,ui_playercard_211,ui_playercard_211,0,standard,,TRUE,0,,,0
211,ui_playercard_212,ui_playercard_212,0,standard,,TRUE,0,,,0
212,ui_playercard_213,ui_playercard_213,0,standard,,TRUE,0,,,0
213,ui_playercard_214,ui_playercard_214,0,standard,,TRUE,0,,,0
214,ui_playercard_215,ui_playercard_215,0,standard,,TRUE,0,,,0
215,ui_playercard_216,ui_playercard_216,0,standard,,TRUE,0,,,0
216,ui_playercard_217,ui_playercard_217,0,standard,,TRUE,0,,,0
217,ui_playercard_218,ui_playercard_218,0,standard,,TRUE,0,,,0
218,ui_playercard_219,ui_playercard_219,0,standard,,TRUE,0,,,0
219,ui_playercard_220,ui_playercard_220,0,standard,,TRUE,0,,,0
220,ui_playercard_221,ui_playercard_221,0,standard,,TRUE,0,,,0
221,ui_playercard_222,ui_playercard_222,0,standard,,TRUE,0,,,0
222,ui_playercard_223,ui_playercard_223,0,standard,,TRUE,0,,,0
223,ui_playercard_224,ui_playercard_224,0,standard,,TRUE,0,,,0
224,ui_playercard_225,ui_playercard_225,0,standard,,TRUE,0,,,0
225,ui_playercard_226,ui_playercard_226,0,standard,,TRUE,0,,,0
226,ui_playercard_227,ui_playercard_227,0,standard,,TRUE,0,,,0
227,ui_playercard_228,ui_playercard_228,0,standard,,TRUE,0,,,0
228,ui_playercard_229,ui_playercard_229,0,standard,,TRUE,0,,,0
229,ui_playercard_230,ui_playercard_230,0,standard,,TRUE,0,,,0
230,ui_playercard_231,ui_playercard_231,0,standard,,TRUE,0,,,0
231,ui_playercard_232,ui_playercard_232,0,standard,,TRUE,0,,,0
232,ui_playercard_233,ui_playercard_233,0,standard,,TRUE,0,,,0
233,ui_playercard_234,ui_playercard_234,0,standard,,TRUE,0,,,0
234,ui_playercard_235,ui_playercard_235,0,standard,,TRUE,0,,,0
235,ui_playercard_236,ui_playercard_236,0,standard,,TRUE,0,,,0
236,ui_playercard_237,ui_playercard_237,0,standard,,TRUE,1,,,0
237,ui_playercard_238,ui_playercard_238,0,standard,,TRUE,0,,,0
238,ui_playercard_239,ui_playercard_239,0,standard,,TRUE,0,,,0
239,ui_playercard_240,ui_playercard_240,0,standard,,TRUE,0,,,0
240,ui_playercard_241,ui_playercard_241,0,standard,,TRUE,0,,,0
241,ui_playercard_242,ui_playercard_242,0,standard,,TRUE,0,,,0
242,ui_playercard_243,ui_playercard_243,0,standard,,TRUE,0,,,0
243,ui_playercard_244,ui_playercard_244,0,standard,,TRUE,0,,,0
244,ui_playercard_245,ui_playercard_245,0,standard,,TRUE,0,,,0
245,ui_playercard_246,ui_playercard_246,0,standard,,TRUE,0,,,0
246,ui_playercard_247,ui_playercard_247,0,standard,,TRUE,0,,,0
247,ui_playercard_248,ui_playercard_248,0,standard,,TRUE,0,,,0
248,ui_playercard_249,ui_playercard_249,0,standard,,TRUE,0,,,0
249,ui_playercard_250,ui_playercard_250,0,standard,,TRUE,0,,,0
250,ui_playercard_251,ui_playercard_251,0,standard,,TRUE,0,,,0
251,ui_playercard_252,ui_playercard_252,0,standard,,TRUE,0,,,0
252,ui_playercard_253,ui_playercard_253,0,standard,,TRUE,0,,,0
253,ui_playercard_254,ui_playercard_254,0,standard,,TRUE,0,,,0
254,ui_playercard_255,ui_playercard_255,0,standard,,TRUE,0,,,0
255,ui_playercard_256,ui_playercard_256,0,standard,,TRUE,0,,,0
256,ui_playercard_257,ui_playercard_257,0,standard,,TRUE,0,,,0
257,ui_playercard_258,ui_playercard_258,0,standard,,TRUE,0,,,0
258,ui_playercard_259,ui_playercard_259,0,standard,,TRUE,0,,,0
259,ui_playercard_260,ui_playercard_260,0,standard,,TRUE,0,,,0
260,ui_playercard_261,ui_playercard_261,0,standard,,TRUE,0,,,0
261,ui_playercard_262,ui_playercard_262,0,standard,,TRUE,0,,,0
262,ui_playercard_263,ui_playercard_263,0,standard,,TRUE,0,,,0
263,ui_playercard_264,ui_playercard_264,0,standard,,TRUE,0,,,0
264,ui_playercard_265,ui_playercard_265,0,standard,,TRUE,0,,,0
265,ui_playercard_266,ui_playercard_266,0,standard,,TRUE,0,,,0
266,ui_playercard_267,ui_playercard_267,0,standard,,TRUE,0,,,0
267,ui_playercard_268,ui_playercard_268,0,standard,,TRUE,0,,,0
268,ui_playercard_269,ui_playercard_269,0,standard,,TRUE,0,,,0
269,ui_playercard_270,ui_playercard_270,0,standard,,TRUE,0,,,0
270,ui_playercard_271,ui_playercard_271,0,standard,,TRUE,0,,,0
271,ui_playercard_272,ui_playercard_272,0,standard,,TRUE,0,,,0
272,ui_playercard_273,ui_playercard_273,0,standard,,TRUE,0,,,0
273,ui_playercard_274,ui_playercard_274,0,standard,,TRUE,0,,,0
274,ui_playercard_275,ui_playercard_275,0,standard,,TRUE,0,,,0
275,ui_playercard_276,ui_playercard_276,0,standard,,TRUE,0,,,0
276,ui_playercard_277,ui_playercard_277,0,standard,,TRUE,0,,,0
277,ui_playercard_278,ui_playercard_278,0,standard,,TRUE,0,,,0
278,ui_playercard_279,ui_playercard_279,0,standard,,TRUE,0,,,0
279,ui_playercard_280,ui_playercard_280,0,standard,,TRUE,0,,,0
280,ui_playercard_281,ui_playercard_281,0,standard,,TRUE,0,,,0
281,ui_playercard_282,ui_playercard_282,0,standard,,TRUE,0,,,0
282,ui_playercard_283,ui_playercard_283,0,standard,,TRUE,0,,,0
283,ui_playercard_284,ui_playercard_284,0,standard,,TRUE,0,,,0
284,ui_playercard_285,ui_playercard_285,0,standard,,TRUE,0,,,0
285,ui_playercard_286,ui_playercard_286,0,standard,,TRUE,0,,,0
286,ui_playercard_287,ui_playercard_287,0,standard,,TRUE,0,,,0
287,ui_playercard_288,ui_playercard_288,0,standard,,TRUE,0,,,0
288,ui_playercard_289,ui_playercard_289,0,standard,,TRUE,0,,,0
289,ui_playercard_290,ui_playercard_290,0,standard,,TRUE,0,,,0
290,ui_playercard_291,ui_playercard_291,0,standard,,TRUE,0,,,0
291,ui_playercard_292,ui_playercard_292,0,standard,,TRUE,0,,,0
292,ui_playercard_293,ui_playercard_293,0,standard,,TRUE,0,,,0
293,ui_playercard_294,ui_playercard_294,0,standard,,TRUE,0,,,0
294,ui_playercard_295,ui_playercard_295,0,standard,,TRUE,0,,,0
295,ui_playercard_296,ui_playercard_296,0,standard,,TRUE,0,,,0
296,ui_playercard_297,ui_playercard_297,0,standard,,TRUE,0,,,0
297,ui_playercard_298,ui_playercard_298,0,standard,,TRUE,0,,,0
298,ui_playercard_299,ui_playercard_299,0,standard,,TRUE,0,,,0
299,ui_playercard_300,ui_playercard_300,0,standard,,TRUE,0,,,0
300,ui_playercard_301,ui_playercard_301,0,standard,,TRUE,0,,,0
301,ui_playercard_302,ui_playercard_302,0,standard,,TRUE,0,,,0
302,ui_playercard_303,ui_playercard_303,0,standard,,TRUE,0,,,0
303,ui_playercard_304,ui_playercard_304,0,standard,,TRUE,0,,,0
304,ui_playercard_305,ui_playercard_305,0,standard,,TRUE,0,,,0
305,ui_playercard_306,ui_playercard_306,0,standard,,TRUE,0,,,0
306,ui_playercard_307,ui_playercard_307,0,standard,,TRUE,0,,,0
307,ui_playercard_308,ui_playercard_308,0,standard,,TRUE,0,,,0
308,ui_playercard_309,ui_playercard_309,0,standard,,TRUE,0,,,0
309,ui_playercard_310,ui_playercard_310,0,standard,,TRUE,0,,,0
310,ui_playercard_311,ui_playercard_311,0,standard,,TRUE,0,,,0
311,ui_playercard_312,ui_playercard_312,0,standard,,TRUE,0,,,0
312,ui_playercard_313,ui_playercard_313,0,standard,,TRUE,0,,,0
313,ui_playercard_314,ui_playercard_314,0,standard,,TRUE,0,,,0
314,ui_playercard_315,ui_playercard_315,0,standard,,TRUE,0,,,0
315,ui_playercard_316,ui_playercard_316,0,standard,,TRUE,0,,,0
316,ui_playercard_317,ui_playercard_317,0,standard,,TRUE,0,,,0
317,ui_playercard_318,ui_playercard_318,0,standard,,TRUE,0,,,0
318,ui_playercard_319,ui_playercard_319,0,standard,,TRUE,0,,,0
319,ui_playercard_320,ui_playercard_320,0,standard,,TRUE,0,,,0
320,ui_playercard_321,ui_playercard_321,0,standard,,TRUE,0,,,0
321,ui_playercard_322,ui_playercard_322,0,standard,,TRUE,0,,,0
322,ui_playercard_323,ui_playercard_323,0,standard,,TRUE,0,,,0
323,ui_playercard_324,ui_playercard_324,0,standard,,TRUE,0,,,0
324,ui_playercard_325,ui_playercard_325,0,standard,,TRUE,0,,,0
325,ui_playercard_326,ui_playercard_326,0,standard,,TRUE,0,,,0
326,ui_playercard_327,ui_playercard_327,0,standard,,TRUE,0,,,0
327,ui_playercard_328,ui_playercard_328,0,standard,,TRUE,0,,,0
328,ui_playercard_329,ui_playercard_329,0,standard,,TRUE,0,,,0
329,ui_playercard_330,ui_playercard_330,0,standard,,TRUE,0,,,0
330,ui_playercard_331,ui_playercard_331,0,standard,,TRUE,0,,,0
331,ui_playercard_332,ui_playercard_332,0,standard,,TRUE,0,,,0
332,ui_playercard_333,ui_playercard_333,0,standard,,TRUE,0,,,0
333,ui_playercard_334,ui_playercard_334,0,standard,,TRUE,0,,,0
334,ui_playercard_335,ui_playercard_335,0,standard,,TRUE,0,,,0
335,ui_playercard_336,ui_playercard_336,0,standard,,TRUE,0,,,0
336,ui_playercard_337,ui_playercard_337,0,standard,,TRUE,0,,,0
337,ui_playercard_338,ui_playercard_338,0,standard,,TRUE,0,,,0
338,ui_playercard_339,ui_playercard_339,0,standard,,TRUE,0,,,0
339,ui_playercard_340,ui_playercard_340,0,standard,,TRUE,0,,,0
340,ui_playercard_341,ui_playercard_341,0,standard,,TRUE,0,,,0
341,ui_playercard_342,ui_playercard_342,0,standard,,TRUE,0,,,0
342,ui_playercard_343,ui_playercard_343,0,standard,,TRUE,0,,,0
343,ui_playercard_344,ui_playercard_344,0,standard,,TRUE,0,,,0
344,ui_playercard_345,ui_playercard_345,0,standard,,TRUE,0,,,0
345,ui_playercard_346,ui_playercard_346,0,standard,,TRUE,0,,,0
346,ui_playercard_347,ui_playercard_347,0,standard,,TRUE,0,,,0
347,ui_playercard_348,ui_playercard_348,0,standard,,TRUE,0,,,0
348,ui_playercard_349,ui_playercard_349,0,standard,,TRUE,0,,,0
349,ui_playercard_350,ui_playercard_350,0,standard,,TRUE,0,,,0
350,ui_playercard_351,ui_playercard_351,0,standard,,TRUE,0,,,0
351,ui_playercard_352,ui_playercard_352,0,standard,,TRUE,0,,,0
352,ui_playercard_353,ui_playercard_353,0,standard,,TRUE,0,,,0
353,ui_playercard_354,ui_playercard_354,0,standard,,TRUE,0,,,0
354,ui_playercard_355,ui_playercard_355,0,standard,,TRUE,0,,,0
355,ui_playercard_356,ui_playercard_356,0,standard,,TRUE,0,,,0
356,ui_playercard_357,ui_playercard_357,0,standard,,TRUE,0,,,0
357,ui_playercard_358,ui_playercard_358,0,standard,,TRUE,0,,,0
358,ui_playercard_359,ui_playercard_359,0,standard,,TRUE,0,,,0
359,ui_playercard_360,ui_playercard_360,0,standard,,TRUE,0,,,0
360,ui_playercard_361,ui_playercard_361,0,standard,,TRUE,0,,,0
361,ui_playercard_362,ui_playercard_362,0,standard,,TRUE,0,,,0
362,ui_playercard_363,ui_playercard_363,0,standard,,TRUE,0,,,0
363,ui_playercard_364,ui_playercard_364,0,standard,,TRUE,0,,,0
364,ui_playercard_365,ui_playercard_365,0,standard,,TRUE,0,,,0
365,ui_playercard_366,ui_playercard_366,0,standard,,TRUE,0,,,0
366,ui_playercard_367,ui_playercard_367,0,standard,,TRUE,0,,,0
367,ui_playercard_368,ui_playercard_368,0,standard,,TRUE,0,,,0
368,ui_playercard_369,ui_playercard_369,0,standard,,TRUE,0,,,0
369,ui_playercard_370,ui_playercard_370,0,standard,,TRUE,0,,,0
370,ui_playercard_371,ui_playercard_371,0,standard,,TRUE,0,,,0
371,ui_playercard_372,ui_playercard_372,0,standard,,TRUE,0,,,0
372,ui_playercard_373,ui_playercard_373,0,standard,,TRUE,0,,,0
373,ui_playercard_374,ui_playercard_374,0,standard,,TRUE,0,,,0
374,ui_playercard_375,ui_playercard_375,0,standard,,TRUE,0,,,0
375,ui_playercard_376,ui_playercard_376,0,standard,,TRUE,0,,,0
376,ui_playercard_377,ui_playercard_377,0,standard,,TRUE,0,,,0
377,ui_playercard_378,ui_playercard_378,0,standard,,TRUE,0,,,0
378,ui_playercard_379,ui_playercard_379,0,standard,,TRUE,0,,,0
379,ui_playercard_380,ui_playercard_380,0,standard,,TRUE,0,,,0
380,ui_playercard_381,ui_playercard_381,0,standard,,TRUE,0,,,0
381,ui_playercard_382,ui_playercard_382,0,standard,,TRUE,0,,,0
382,ui_playercard_383,ui_playercard_383,0,standard,,TRUE,0,,,0
383,ui_playercard_384,ui_playercard_384,0,standard,,TRUE,0,,,0
384,ui_playercard_385,ui_playercard_385,0,standard,,TRUE,0,,,0
385,ui_playercard_386,ui_playercard_386,0,standard,,TRUE,0,,,0
386,ui_playercard_387,ui_playercard_387,0,standard,,TRUE,0,,,0
387,ui_playercard_388,ui_playercard_388,0,standard,,TRUE,0,,,0
388,ui_playercard_389,ui_playercard_389,0,standard,,TRUE,0,,,0
389,ui_playercard_390,ui_playercard_390,0,standard,,TRUE,0,,,0
390,ui_playercard_391,ui_playercard_391,0,standard,,TRUE,0,,,0
391,ui_playercard_392,ui_playercard_392,0,standard,,TRUE,0,,,0
392,ui_playercard_393,ui_playercard_393,0,standard,,TRUE,0,,,0
393,ui_playercard_394,ui_playercard_394,0,standard,,TRUE,0,,,0
394,ui_playercard_395,ui_playercard_395,0,standard,,TRUE,0,,,0
395,ui_playercard_396,ui_playercard_396,0,standard,,TRUE,0,,,0
396,ui_playercard_397,ui_playercard_397,0,standard,,TRUE,0,,,0
397,ui_playercard_398,ui_playercard_398,0,standard,,TRUE,0,,,0
398,ui_playercard_399,ui_playercard_399,0,standard,,TRUE,0,,,0
399,ui_playercard_400,ui_playercard_400,0,standard,,TRUE,0,,,0
400,ui_playercard_401,ui_playercard_401,0,standard,,TRUE,0,,,0
401,ui_playercard_402,ui_playercard_402,0,standard,,TRUE,0,,,0
402,ui_playercard_403,ui_playercard_403,0,standard,,TRUE,0,,,0
403,ui_playercard_404,ui_playercard_404,0,standard,,TRUE,0,,,0
404,ui_playercard_405,ui_playercard_405,0,standard,,TRUE,0,,,0
405,ui_playercard_406,ui_playercard_406,0,standard,,TRUE,0,,,0
406,ui_playercard_407,ui_playercard_407,0,standard,,TRUE,0,,,0
407,ui_playercard_408,ui_playercard_408,0,standard,,TRUE,0,,,0
408,ui_playercard_409,ui_playercard_409,0,standard,,TRUE,0,,,0
409,ui_playercard_410,ui_playercard_410,0,standard,,TRUE,0,,,0
410,ui_playercard_411,ui_playercard_411,0,standard,,TRUE,0,,,0
411,ui_playercard_412,ui_playercard_412,0,standard,,TRUE,0,,,0
412,ui_playercard_413,ui_playercard_413,0,standard,,TRUE,0,,,0
413,ui_playercard_414,ui_playercard_414,0,standard,,TRUE,0,,,0
414,ui_playercard_415,ui_playercard_415,0,standard,,TRUE,0,,,0
415,ui_playercard_416,ui_playercard_416,0,standard,,TRUE,0,,,0
416,ui_playercard_417,ui_playercard_417,0,standard,,TRUE,0,,,0
417,ui_playercard_418,ui_playercard_418,0,standard,,TRUE,0,,,0
418,ui_playercard_419,ui_playercard_419,0,standard,,TRUE,0,,,0
419,ui_playercard_420,ui_playercard_420,0,standard,,TRUE,0,,,0
420,ui_playercard_421,ui_playercard_421,0,standard,,TRUE,0,,,0
421,ui_playercard_422,ui_playercard_422,0,standard,,TRUE,0,,,0
422,ui_playercard_423,ui_playercard_423,0,standard,,TRUE,0,,,0
423,ui_playercard_424,ui_playercard_424,0,standard,,TRUE,0,,,0
424,ui_playercard_425,ui_playercard_425,0,standard,,TRUE,0,,,0
425,ui_playercard_426,ui_playercard_426,0,standard,,TRUE,0,,,0
426,ui_playercard_427,ui_playercard_427,0,standard,,TRUE,0,,,0
427,ui_playercard_428,ui_playercard_428,0,standard,,TRUE,0,,,0
428,ui_playercard_429,ui_playercard_429,0,standard,,TRUE,0,,,0
429,ui_playercard_430,ui_playercard_430,0,standard,,TRUE,0,,,0
430,ui_playercard_431,ui_playercard_431,0,standard,,TRUE,0,,,0
431,ui_playercard_432,ui_playercard_432,0,standard,,TRUE,0,,,0
432,ui_playercard_433,ui_playercard_433,0,standard,,TRUE,0,,,0
433,ui_playercard_434,ui_playercard_434,0,standard,,TRUE,0,,,0
434,ui_playercard_435,ui_playercard_435,0,standard,,TRUE,0,,,0
435,ui_playercard_436,ui_playercard_436,0,standard,,TRUE,0,,,0
436,ui_playercard_437,ui_playercard_437,0,standard,,TRUE,0,,,0
437,ui_playercard_438,ui_playercard_438,0,standard,,TRUE,0,,,0
438,ui_playercard_439,ui_playercard_439,0,standard,,TRUE,0,,,0
439,ui_playercard_440,ui_playercard_440,0,standard,,TRUE,0,,,0
440,ui_playercard_441,ui_playercard_441,0,standard,,TRUE,0,,,0
441,ui_playercard_442,ui_playercard_442,0,standard,,TRUE,0,,,0
442,ui_playercard_443,ui_playercard_443,0,standard,,TRUE,0,,,0
443,ui_playercard_444,ui_playercard_444,0,standard,,TRUE,0,,,0
444,ui_playercard_445,ui_playercard_445,0,standard,,TRUE,0,,,0
445,ui_playercard_446,ui_playercard_446,0,standard,,TRUE,0,,,0
446,ui_playercard_447,ui_playercard_447,0,standard,,TRUE,0,,,0
447,ui_playercard_448,ui_playercard_448,0,standard,,TRUE,0,,,0
448,ui_playercard_449,ui_playercard_449,0,standard,,TRUE,0,,,0
449,ui_playercard_450,ui_playercard_450,0,standard,,TRUE,0,,,0
450,ui_playercard_451,ui_playercard_451,0,standard,,TRUE,0,,,0
451,ui_playercard_452,ui_playercard_452,0,standard,,TRUE,0,,,0
452,ui_playercard_453,ui_playercard_453,0,standard,,TRUE,0,,,0
453,ui_playercard_454,ui_playercard_454,0,standard,,TRUE,0,,,0
454,ui_playercard_455,ui_playercard_455,0,standard,,TRUE,0,,,0
455,ui_playercard_456,ui_playercard_456,0,standard,,TRUE,0,,,0
456,ui_playercard_457,ui_playercard_457,0,standard,,TRUE,0,,,0
457,ui_playercard_458,ui_playercard_458,0,standard,,TRUE,0,,,0
458,ui_playercard_459,ui_playercard_459,0,standard,,TRUE,0,,,0
459,ui_playercard_460,ui_playercard_460,0,standard,,TRUE,0,,,0
460,ui_playercard_461,ui_playercard_461,0,standard,,TRUE,0,,,0
461,ui_playercard_462,ui_playercard_462,0,standard,,TRUE,0,,,0
462,ui_playercard_463,ui_playercard_463,0,standard,,TRUE,0,,,0
463,ui_playercard_464,ui_playercard_464,0,standard,,TRUE,0,,,0
464,ui_playercard_465,ui_playercard_465,0,standard,,TRUE,0,,,0
465,ui_playercard_466,ui_playercard_466,0,standard,,TRUE,0,,,0
466,ui_playercard_467,ui_playercard_467,0,standard,,TRUE,0,,,0
467,ui_playercard_468,ui_playercard_468,0,standard,,TRUE,0,,,0
468,ui_playercard_469,ui_playercard_469,0,standard,,TRUE,0,,,0
469,ui_playercard_470,ui_playercard_470,0,standard,,TRUE,0,,,0
470,ui_playercard_471,ui_playercard_471,0,standard,,TRUE,0,,,0
471,ui_playercard_472,ui_playercard_472,0,standard,,TRUE,0,,,0
472,ui_playercard_473,ui_playercard_473,0,standard,,TRUE,0,,,0
473,ui_playercard_474,ui_playercard_474,0,standard,,TRUE,0,,,0
474,ui_playercard_475,ui_playercard_475,0,standard,,TRUE,0,,,0
475,ui_playercard_476,ui_playercard_476,0,standard,,TRUE,0,,,0
476,ui_playercard_477,ui_playercard_477,0,standard,,TRUE,0,,,0
477,ui_playercard_478,ui_playercard_478,0,standard,,TRUE,0,,,0
478,ui_playercard_479,ui_playercard_479,0,standard,,TRUE,0,,,0
479,ui_playercard_480,ui_playercard_480,0,standard,,TRUE,0,,,0
480,ui_playercard_481,ui_playercard_481,0,standard,,TRUE,0,,,0
481,ui_playercard_482,ui_playercard_482,0,standard,,TRUE,0,,,0
482,ui_playercard_483,ui_playercard_483,0,standard,,TRUE,0,,,0
483,ui_playercard_484,ui_playercard_484,0,standard,,TRUE,0,,,0
484,ui_playercard_485,ui_playercard_485,0,standard,,TRUE,0,,,0
485,ui_playercard_486,ui_playercard_486,0,standard,,TRUE,0,,,0
486,ui_playercard_487,ui_playercard_487,0,standard,,TRUE,0,,,0
487,ui_playercard_488,ui_playercard_488,0,standard,,TRUE,0,,,0
488,ui_playercard_489,ui_playercard_489,0,standard,,TRUE,0,,,0
489,ui_playercard_490,ui_playercard_490,0,standard,,TRUE,0,,,0
490,ui_playercard_491,ui_playercard_491,0,standard,,TRUE,0,,,0
491,ui_playercard_492,ui_playercard_492,0,standard,,TRUE,0,,,0
492,ui_playercard_493,ui_playercard_493,0,standard,,TRUE,0,,,0
493,ui_playercard_494,ui_playercard_494,0,standard,,TRUE,0,,,0
494,ui_playercard_495,ui_playercard_495,0,standard,,TRUE,0,,,0
495,ui_playercard_496,ui_playercard_496,0,standard,,TRUE,0,,,0
496,ui_playercard_497,ui_playercard_497,0,standard,,TRUE,0,,,0
497,ui_playercard_498,ui_playercard_498,0,standard,,TRUE,0,,,0
498,ui_playercard_499,ui_playercard_499,0,standard,,TRUE,0,,,0
499,ui_playercard_500,ui_playercard_500,0,standard,,TRUE,0,,,0
500,ui_playercard_501,ui_playercard_501,0,standard,,TRUE,0,,,0
501,ui_playercard_502,ui_playercard_502,0,standard,,TRUE,0,,,0
502,ui_playercard_503,ui_playercard_503,0,standard,,TRUE,0,,,0
503,ui_playercard_504,ui_playercard_504,0,standard,,TRUE,0,,,0
504,ui_playercard_505,ui_playercard_505,0,standard,,TRUE,0,,,0
505,ui_playercard_506,ui_playercard_506,0,standard,,TRUE,0,,,0
506,ui_playercard_507,ui_playercard_507,0,standard,,TRUE,0,,,0
507,ui_playercard_508,ui_playercard_508,0,standard,,TRUE,0,,,0
508,ui_playercard_509,ui_playercard_509,0,standard,,TRUE,0,,,0
509,ui_playercard_510,ui_playercard_510,0,standard,,TRUE,0,,,0
510,ui_playercard_511,ui_playercard_511,0,standard,,TRUE,0,,,0
511,ui_playercard_512,ui_playercard_512,0,standard,,TRUE,0,,,0
512,ui_playercard_513,ui_playercard_513,0,standard,,TRUE,0,,,0
513,ui_playercard_514,ui_playercard_514,0,standard,,TRUE,0,,,0
514,ui_playercard_515,ui_playercard_515,0,standard,,TRUE,0,,,0
515,ui_playercard_516,ui_playercard_516,0,standard,,TRUE,0,,,0
516,ui_playercard_517,ui_playercard_517,0,standard,,TRUE,0,,,0
517,ui_playercard_518,ui_playercard_518,0,standard,,TRUE,0,,,0
518,ui_playercard_519,ui_playercard_519,0,standard,,TRUE,0,,,0
519,ui_playercard_520,ui_playercard_520,0,standard,,TRUE,0,,,0
520,ui_playercard_521,ui_playercard_521,0,standard,,TRUE,0,,,0
521,ui_playercard_522,ui_playercard_522,0,standard,,TRUE,0,,,0
522,ui_playercard_523,ui_playercard_523,0,standard,,TRUE,0,,,0
523,ui_playercard_524,ui_playercard_524,0,standard,,TRUE,0,,,0
524,ui_playercard_525,ui_playercard_525,0,standard,,TRUE,0,,,0
525,ui_playercard_526,ui_playercard_526,0,standard,,TRUE,0,,,0
526,ui_playercard_527,ui_playercard_527,0,standard,,TRUE,0,,,0
527,ui_playercard_528,ui_playercard_528,0,standard,,TRUE,0,,,0
528,ui_playercard_529,ui_playercard_529,0,standard,,TRUE,0,,,0
529,ui_playercard_530,ui_playercard_530,0,standard,,TRUE,0,,,0
530,ui_playercard_531,ui_playercard_531,0,standard,,TRUE,0,,,0
531,ui_playercard_532,ui_playercard_532,0,standard,,TRUE,0,,,0
532,ui_playercard_533,ui_playercard_533,0,standard,,TRUE,0,,,0
533,ui_playercard_534,ui_playercard_534,0,standard,,TRUE,0,,,0
534,ui_playercard_535,ui_playercard_535,0,standard,,TRUE,0,,,0
535,ui_playercard_536,ui_playercard_536,0,standard,,TRUE,0,,,0
536,ui_playercard_537,ui_playercard_537,0,standard,,TRUE,0,,,0
537,ui_playercard_538,ui_playercard_538,0,standard,,TRUE,0,,,0
538,ui_playercard_539,ui_playercard_539,0,standard,,TRUE,0,,,0
539,ui_playercard_540,ui_playercard_540,0,standard,,TRUE,0,,,0
540,ui_playercard_541,ui_playercard_541,0,standard,,TRUE,0,,,0
541,ui_playercard_542,ui_playercard_542,0,standard,,TRUE,0,,,0
542,ui_playercard_543,ui_playercard_543,0,standard,,TRUE,0,,,0
543,ui_playercard_544,ui_playercard_544,0,standard,,TRUE,0,,,0
544,ui_playercard_545,ui_playercard_545,0,standard,,TRUE,0,,,0
545,ui_playercard_546,ui_playercard_546,0,standard,,TRUE,0,,,0
546,ui_playercard_547,ui_playercard_547,0,standard,,TRUE,0,,,0
547,ui_playercard_548,ui_playercard_548,0,standard,,TRUE,0,,,0
548,ui_playercard_549,ui_playercard_549,0,standard,,TRUE,0,,,0
549,ui_playercard_550,ui_playercard_550,0,standard,,TRUE,0,,,0
550,ui_playercard_551,ui_playercard_551,0,standard,,TRUE,0,,,0
551,ui_playercard_552,ui_playercard_552,0,standard,,TRUE,0,,,0
552,ui_playercard_553,ui_playercard_553,0,standard,,TRUE,0,,,0
553,ui_playercard_554,ui_playercard_554,0,standard,,TRUE,0,,,0
554,ui_playercard_555,ui_playercard_555,0,standard,,TRUE,0,,,0
555,ui_playercard_556,ui_playercard_556,0,standard,,TRUE,0,,,0
556,ui_playercard_557,ui_playercard_557,0,standard,,TRUE,0,,,0
557,ui_playercard_558,ui_playercard_558,0,standard,,TRUE,0,,,0
558,ui_playercard_559,ui_playercard_559,0,standard,,,0,,,1
559,ui_playercard_560,ui_playercard_560,0,standard,,,0,,,1
560,ui_playercard_561,ui_playercard_561,0,standard,,,0,,,1
561,ui_playercard_562,ui_playercard_562,0,standard,,,0,,,1
562,ui_playercard_563,ui_playercard_563,0,standard,,,0,,,1
563,ui_playercard_564,ui_playercard_564,0,standard,,,0,,,1
564,ui_playercard_565,ui_playercard_565,0,standard,,,0,,,1
565,ui_playercard_566,ui_playercard_566,0,standard,,TRUE,0,,,0
566,ui_playercard_567,ui_playercard_567,0,standard,,TRUE,0,,,0
567,ui_playercard_568,ui_playercard_568,0,standard,,TRUE,0,,,0
568,ui_playercard_569,ui_playercard_569,0,standard,,TRUE,0,,,0
569,ui_playercard_570,ui_playercard_570,0,standard,,TRUE,0,,,0
570,ui_playercard_571,ui_playercard_571,0,standard,,TRUE,0,,,0
571,ui_playercard_572,ui_playercard_572,0,standard,,TRUE,0,,,0
572,ui_playercard_573,ui_playercard_573,0,standard,,TRUE,0,,,0
573,ui_playercard_574,ui_playercard_574,0,standard,,TRUE,0,,,0
574,ui_playercard_575,ui_playercard_575,0,standard,,TRUE,0,,,0
575,ui_playercard_576,ui_playercard_576,0,standard,,TRUE,0,,,0
576,ui_playercard_577,ui_playercard_577,0,standard,,TRUE,0,,,0
577,ui_playercard_578,ui_playercard_578,0,standard,,TRUE,0,,,0
578,ui_playercard_579,ui_playercard_579,0,standard,,TRUE,0,,,0
579,ui_playercard_580,ui_playercard_580,0,standard,,TRUE,0,,,0
580,ui_playercard_581,ui_playercard_581,0,standard,,TRUE,0,,,0
581,ui_playercard_582,ui_playercard_582,0,standard,,TRUE,0,,,0
582,ui_playercard_583,ui_playercard_583,0,standard,,TRUE,0,,,0
583,ui_playercard_584,ui_playercard_584,0,standard,,TRUE,0,,,0
584,ui_playercard_585,ui_playercard_585,0,standard,,TRUE,0,,,0
585,ui_playercard_586,ui_playercard_586,0,standard,,TRUE,0,,,0
586,ui_playercard_587,ui_playercard_587,0,standard,,TRUE,0,,,0
587,ui_playercard_588,ui_playercard_588,0,standard,,TRUE,0,,,0
588,ui_playercard_589,ui_playercard_589,0,standard,,TRUE,0,,,0
589,ui_playercard_590,ui_playercard_590,0,standard,,TRUE,0,,,0
590,ui_playercard_591,ui_playercard_591,0,standard,,TRUE,0,,,0
591,ui_playercard_592,ui_playercard_592,0,standard,,TRUE,0,,,0
592,ui_playercard_593,ui_playercard_593,0,standard,,TRUE,0,,,0
593,ui_playercard_594,ui_playercard_594,0,standard,,TRUE,0,,,0
594,ui_playercard_595,ui_playercard_595,0,standard,,TRUE,0,,,0
595,ui_playercard_596,ui_playercard_596,0,standard,,TRUE,0,,,0
596,ui_playercard_597,ui_playercard_597,0,standard,,TRUE,0,,,0
597,ui_playercard_598,ui_playercard_598,0,standard,,TRUE,0,,,0
598,ui_playercard_599,ui_playercard_599,0,standard,,TRUE,0,,,0
599,ui_playercard_600,ui_playercard_600,0,standard,,TRUE,0,,,0
600,ui_playercard_601,ui_playercard_601,0,standard,,TRUE,0,,,0
601,ui_playercard_602,ui_playercard_602,0,standard,,TRUE,0,,,0
602,ui_playercard_603,ui_playercard_603,0,standard,,TRUE,0,,,0
603,ui_playercard_604,ui_playercard_604,0,standard,,TRUE,0,,,0
604,ui_playercard_605,ui_playercard_605,0,standard,,TRUE,0,,,0
605,ui_playercard_606,ui_playercard_606,0,standard,,TRUE,0,,,0
606,ui_playercard_607,ui_playercard_607,0,standard,,TRUE,0,,,0
607,ui_playercard_608,ui_playercard_608,0,standard,,TRUE,0,,,0
608,ui_playercard_609,ui_playercard_609,0,standard,,TRUE,0,,,0
609,ui_playercard_610,ui_playercard_610,0,standard,,TRUE,0,,,0
610,ui_playercard_611,ui_playercard_611,0,standard,,TRUE,0,,,0
611,ui_playercard_612,ui_playercard_612,0,standard,,TRUE,0,,,0
612,ui_playercard_613,ui_playercard_613,0,standard,,TRUE,0,,,0
613,ui_playercard_614,ui_playercard_614,0,standard,,TRUE,0,,,0
614,ui_playercard_615,ui_playercard_615,0,standard,,TRUE,0,,,0
615,ui_playercard_616,ui_playercard_616,0,standard,,TRUE,0,,,0
616,ui_playercard_617,ui_playercard_617,0,standard,,TRUE,0,,,0
617,ui_playercard_618,ui_playercard_618,0,standard,,TRUE,0,,,0
618,ui_playercard_619,ui_playercard_619,0,standard,,TRUE,0,,,0
619,ui_playercard_620,ui_playercard_620,0,standard,,TRUE,0,,,0
620,ui_playercard_621,ui_playercard_621,0,standard,,TRUE,0,,,0
621,ui_playercard_622,ui_playercard_622,0,standard,,TRUE,0,,,0
622,ui_playercard_623,ui_playercard_623,0,standard,,TRUE,0,,,0
623,ui_playercard_624,ui_playercard_624,0,standard,,TRUE,0,,,0
624,ui_playercard_625,ui_playercard_625,0,standard,,TRUE,0,,,0
625,ui_playercard_626,ui_playercard_626,0,standard,,TRUE,0,,,0
626,ui_playercard_627,ui_playercard_627,0,standard,,TRUE,0,,,0
627,ui_playercard_628,ui_playercard_628,0,standard,,TRUE,0,,,0
628,ui_playercard_629,ui_playercard_629,0,standard,,TRUE,0,,,0
629,ui_playercard_630,ui_playercard_630,0,standard,,TRUE,0,,,0
630,ui_playercard_631,ui_playercard_631,0,standard,,TRUE,0,,,0
631,ui_playercard_632,ui_playercard_632,0,standard,,TRUE,0,,,0
632,ui_playercard_633,ui_playercard_633,0,standard,,TRUE,0,,,0
633,ui_playercard_634,ui_playercard_634,0,standard,,TRUE,0,,,0
634,ui_playercard_635,ui_playercard_635,0,standard,,TRUE,0,,,0
635,ui_playercard_636,ui_playercard_636,0,standard,,TRUE,0,,,0
636,ui_playercard_637,ui_playercard_637,0,standard,,TRUE,0,,,0
637,ui_playercard_638,ui_playercard_638,0,standard,,TRUE,0,,,0
638,ui_playercard_639,ui_playercard_639,0,standard,,TRUE,0,,,0
639,ui_playercard_640,ui_playercard_640,0,standard,,TRUE,0,,,0
640,ui_playercard_641,ui_playercard_641,0,standard,,TRUE,0,,,0
641,ui_playercard_642,ui_playercard_642,0,standard,,TRUE,0,,,0
642,ui_playercard_643,ui_playercard_643,0,standard,,TRUE,0,,,0
643,ui_playercard_644,ui_playercard_644,0,standard,,TRUE,0,,,0
644,ui_playercard_645,ui_playercard_645,0,standard,,TRUE,0,,,0
645,ui_playercard_646,ui_playercard_646,0,standard,,TRUE,0,,,0
646,ui_playercard_647,ui_playercard_647,0,standard,,TRUE,0,,,0
647,ui_playercard_648,ui_playercard_648,0,standard,,TRUE,0,,,0
648,ui_playercard_649,ui_playercard_649,0,standard,,TRUE,0,,,0
649,ui_playercard_650,ui_playercard_650,0,standard,,TRUE,0,,,0
650,ui_playercard_651,ui_playercard_651,0,standard,,TRUE,0,,,0
651,ui_playercard_652,ui_playercard_652,0,standard,,TRUE,0,,,0
652,ui_playercard_653,ui_playercard_653,0,standard,,TRUE,0,,,0
653,ui_playercard_654,ui_playercard_654,0,standard,,TRUE,0,,,0
654,ui_playercard_655,ui_playercard_655,0,standard,,TRUE,0,,,0
655,ui_playercard_656,ui_playercard_656,0,standard,,TRUE,0,,,0
656,ui_playercard_657,ui_playercard_657,0,standard,,TRUE,0,,,0
657,ui_playercard_658,ui_playercard_658,0,standard,,TRUE,0,,,0
658,ui_playercard_659,ui_playercard_659,0,standard,,TRUE,0,,,0
659,ui_playercard_660,ui_playercard_660,0,standard,,TRUE,0,,,0
660,ui_playercard_661,ui_playercard_661,0,standard,,TRUE,0,,,0
661,ui_playercard_662,ui_playercard_662,0,standard,,TRUE,0,,,0
662,ui_playercard_663,ui_playercard_663,0,standard,,TRUE,0,,,0
663,ui_playercard_664,ui_playercard_664,0,standard,,TRUE,0,,,0
664,ui_playercard_665,ui_playercard_665,0,standard,,TRUE,0,,,0
665,ui_playercard_666,ui_playercard_666,0,standard,,TRUE,0,,,0
666,ui_playercard_667,ui_playercard_667,0,standard,,TRUE,0,,,0
667,ui_playercard_668,ui_playercard_668,0,standard,,TRUE,0,,,0
668,ui_playercard_669,ui_playercard_669,0,standard,,TRUE,0,,,0
669,ui_playercard_670,ui_playercard_670,0,standard,,TRUE,0,,,0
670,ui_playercard_671,ui_playercard_671,0,standard,,TRUE,0,,,0
671,ui_playercard_672,ui_playercard_672,0,standard,,TRUE,0,,,0
672,ui_playercard_673,ui_playercard_673,0,standard,,TRUE,0,,,0
673,ui_playercard_674,ui_playercard_674,0,standard,,TRUE,0,,,0
674,ui_playercard_675,ui_playercard_675,0,standard,,TRUE,0,,,0
675,ui_playercard_676,ui_playercard_676,0,standard,,TRUE,0,,,0
676,ui_playercard_677,ui_playercard_677,0,standard,,TRUE,0,,,0
677,ui_playercard_678,ui_playercard_678,0,standard,,TRUE,0,,,0
678,ui_playercard_679,ui_playercard_679,0,standard,,TRUE,0,,,0
679,ui_playercard_680,ui_playercard_680,0,standard,,TRUE,0,,,0
680,ui_playercard_681,ui_playercard_681,0,standard,,TRUE,0,,,0
681,ui_playercard_682,ui_playercard_682,0,standard,,TRUE,0,,,0
682,ui_playercard_683,ui_playercard_683,0,standard,,TRUE,0,,,0
683,ui_playercard_684,ui_playercard_684,0,standard,,TRUE,0,,,0
684,ui_playercard_685,ui_playercard_685,0,standard,,TRUE,0,,,0
685,ui_playercard_686,ui_playercard_686,0,standard,,TRUE,0,,,0
686,ui_playercard_687,ui_playercard_687,0,standard,,TRUE,0,,,0
687,ui_playercard_688,ui_playercard_688,0,standard,,TRUE,0,,,0
688,ui_playercard_689,ui_playercard_689,0,standard,,TRUE,0,,,0
689,ui_playercard_690,ui_playercard_690,0,standard,,TRUE,0,,,0
690,ui_playercard_691,ui_playercard_691,0,standard,,TRUE,0,,,0
691,ui_playercard_692,ui_playercard_692,0,standard,,TRUE,0,,,0
692,ui_playercard_693,ui_playercard_693,0,standard,,TRUE,0,,,0
693,ui_playercard_694,ui_playercard_694,0,standard,,TRUE,0,,,0
694,ui_playercard_695,ui_playercard_695,0,standard,,TRUE,0,,,0
695,ui_playercard_696,ui_playercard_696,0,standard,,TRUE,0,,,0
696,ui_playercard_697,ui_playercard_697,0,standard,,TRUE,0,,,0
697,ui_playercard_698,ui_playercard_698,0,standard,,TRUE,0,,,0
698,ui_playercard_699,ui_playercard_699,0,standard,,TRUE,0,,,0
699,ui_playercard_700,ui_playercard_700,0,standard,,TRUE,0,,,0
700,ui_playercard_701,ui_playercard_701,0,standard,,TRUE,0,,,0
701,ui_playercard_702,ui_playercard_702,0,standard,,TRUE,0,,,0
702,ui_playercard_703,ui_playercard_703,0,standard,,TRUE,0,,,0
703,ui_playercard_704,ui_playercard_704,0,standard,,TRUE,0,,,0
704,ui_playercard_705,ui_playercard_705,0,standard,,TRUE,0,,,0
705,ui_playercard_706,ui_playercard_706,0,standard,,TRUE,0,,,0
706,ui_playercard_707,ui_playercard_707,0,standard,,TRUE,0,,,0
707,ui_playercard_708,ui_playercard_708,0,standard,,TRUE,0,,,0
708,ui_playercard_709,ui_playercard_709,0,standard,,TRUE,0,,,0
709,ui_playercard_710,ui_playercard_710,0,standard,,TRUE,0,,,0
710,ui_playercard_711,ui_playercard_711,0,standard,,TRUE,0,,,0
711,ui_playercard_712,ui_playercard_712,0,standard,,TRUE,0,,,0
712,ui_playercard_713,ui_playercard_713,0,standard,,TRUE,0,,,0
713,ui_playercard_714,ui_playercard_714,0,standard,,TRUE,0,,,0
714,ui_playercard_715,ui_playercard_715,0,standard,,TRUE,0,,,0
715,ui_playercard_716,ui_playercard_716,0,standard,,TRUE,0,,,0
716,ui_playercard_717,ui_playercard_717,0,standard,,TRUE,0,,,0
717,ui_playercard_718,ui_playercard_718,0,standard,,TRUE,0,,,0
718,ui_playercard_719,ui_playercard_719,0,standard,,TRUE,0,,,0
719,ui_playercard_720,ui_playercard_720,0,standard,,TRUE,0,,,0
720,ui_playercard_721,ui_playercard_721,0,standard,,TRUE,0,,,0
721,ui_playercard_722,ui_playercard_722,0,standard,,TRUE,0,,,0
722,ui_playercard_723,ui_playercard_723,0,standard,,TRUE,0,,,0
723,ui_playercard_724,ui_playercard_724,0,standard,,TRUE,0,,,0
724,ui_playercard_725,ui_playercard_725,0,standard,,TRUE,0,,,0
725,ui_playercard_726,ui_playercard_726,0,standard,,TRUE,0,,,0
726,ui_playercard_727,ui_playercard_727,0,standard,,TRUE,0,,,0
727,ui_playercard_728,ui_playercard_728,0,standard,,TRUE,0,,,0
728,ui_playercard_729,ui_playercard_729,0,standard,,TRUE,0,,,0
729,ui_playercard_730,ui_playercard_730,0,standard,,TRUE,0,,,0
730,ui_playercard_731,ui_playercard_731,0,standard,,TRUE,0,,,0
731,ui_playercard_732,ui_playercard_732,0,standard,,TRUE,0,,,0
732,ui_playercard_733,ui_playercard_733,0,standard,,TRUE,0,,,0
733,ui_playercard_734,ui_playercard_734,0,standard,,TRUE,0,,,0
734,ui_playercard_735,ui_playercard_735,0,standard,,TRUE,0,,,0
735,ui_playercard_736,ui_playercard_736,0,standard,,TRUE,0,,,0
736,ui_playercard_737,ui_playercard_737,0,standard,,TRUE,0,,,0
737,ui_playercard_738,ui_playercard_738,0,standard,,TRUE,0,,,0
738,ui_playercard_739,ui_playercard_739,0,standard,,TRUE,0,,,0
739,ui_playercard_740,ui_playercard_740,0,standard,,TRUE,0,,,0
740,ui_playercard_741,ui_playercard_741,0,standard,,TRUE,0,,,0
741,ui_playercard_742,ui_playercard_742,0,standard,,TRUE,0,,,0
742,ui_playercard_743,ui_playercard_743,0,standard,,TRUE,0,,,0
743,ui_playercard_744,ui_playercard_744,0,standard,,TRUE,0,,,0
744,ui_playercard_745,ui_playercard_745,0,standard,,TRUE,0,,,0
745,ui_playercard_746,ui_playercard_746,0,standard,,TRUE,0,,,0
746,ui_playercard_747,ui_playercard_747,0,standard,,TRUE,0,,,0
747,ui_playercard_748,ui_playercard_748,0,standard,,TRUE,0,,,0
748,ui_playercard_749,ui_playercard_749,0,standard,,TRUE,0,,,0
749,ui_playercard_750,ui_playercard_750,0,standard,,TRUE,0,,,0
750,ui_playercard_751,ui_playercard_751,0,standard,,TRUE,0,,,0
751,ui_playercard_752,ui_playercard_752,0,standard,,TRUE,0,,,0
752,ui_playercard_753,ui_playercard_753,0,standard,,TRUE,0,,,0
753,ui_playercard_754,ui_playercard_754,0,standard,,TRUE,0,,,0
754,ui_playercard_755,ui_playercard_755,0,standard,,TRUE,0,,,0
755,ui_playercard_756,ui_playercard_756,0,standard,,TRUE,0,,,0
756,ui_playercard_757,ui_playercard_757,0,standard,,TRUE,0,,,0
757,ui_playercard_758,ui_playercard_758,0,standard,,TRUE,0,,,0
758,ui_playercard_759,ui_playercard_759,0,standard,,TRUE,0,,,0
759,ui_playercard_760,ui_playercard_760,0,standard,,TRUE,0,,,0
760,ui_playercard_761,ui_playercard_761,0,standard,,TRUE,0,,,0
761,ui_playercard_762,ui_playercard_762,0,standard,,TRUE,0,,,0
762,ui_playercard_763,ui_playercard_763,0,standard,,TRUE,0,,,0
763,ui_playercard_764,ui_playercard_764,0,standard,,TRUE,0,,,0
764,ui_playercard_765,ui_playercard_765,0,standard,,TRUE,0,,,0
765,ui_playercard_766,ui_playercard_766,0,standard,,TRUE,0,,,0
766,ui_playercard_767,ui_playercard_767,0,standard,,TRUE,0,,,0
767,ui_playercard_768,ui_playercard_768,0,standard,,TRUE,0,,,0
768,ui_playercard_769,ui_playercard_769,0,standard,,TRUE,0,,,0
769,ui_playercard_770,ui_playercard_770,0,standard,,TRUE,0,,,0
770,ui_playercard_771,ui_playercard_771,0,standard,,TRUE,0,,,0
771,ui_playercard_772,ui_playercard_772,0,standard,,TRUE,0,,,0
772,ui_playercard_773,ui_playercard_773,0,standard,,TRUE,0,,,0
773,ui_playercard_774,ui_playercard_774,0,standard,,TRUE,0,,,0
774,ui_playercard_775,ui_playercard_775,0,standard,,TRUE,0,,,0
775,ui_playercard_776,ui_playercard_776,0,standard,,TRUE,0,,,0
776,ui_playercard_777,ui_playercard_777,0,standard,,TRUE,0,,,0
777,ui_playercard_778,ui_playercard_778,0,standard,,TRUE,0,,,0
778,ui_playercard_779,ui_playercard_779,0,standard,,TRUE,0,,,0
779,ui_playercard_780,ui_playercard_780,0,standard,,TRUE,0,,,0
780,ui_playercard_781,ui_playercard_781,0,standard,,TRUE,0,,,0
781,ui_playercard_782,ui_playercard_782,0,standard,,TRUE,0,,,0
782,ui_playercard_783,ui_playercard_783,0,standard,,TRUE,0,,,0
783,ui_playercard_784,ui_playercard_784,0,standard,,TRUE,0,,,0
784,ui_playercard_785,ui_playercard_785,0,standard,,TRUE,0,,,0
785,ui_playercard_786,ui_playercard_786,0,standard,,TRUE,0,,,0
786,ui_playercard_787,ui_playercard_787,0,standard,,TRUE,0,,,0
787,ui_playercard_788,ui_playercard_788,0,standard,,TRUE,0,,,0
788,ui_playercard_789,ui_playercard_789,0,standard,,TRUE,0,,,0
789,ui_playercard_790,ui_playercard_790,0,standard,,TRUE,0,,,0
790,ui_playercard_791,ui_playercard_791,0,standard,,TRUE,0,,,0
791,ui_playercard_792,ui_playercard_792,0,standard,,TRUE,0,,,0
792,ui_playercard_793,ui_playercard_793,0,standard,,TRUE,0,,,0
793,ui_playercard_794,ui_playercard_794,0,standard,,TRUE,0,,,0
794,ui_playercard_795,ui_playercard_795,0,standard,,TRUE,0,,,0
795,ui_playercard_796,ui_playercard_796,0,standard,,TRUE,0,,,0
796,ui_playercard_797,ui_playercard_797,0,standard,,TRUE,0,,,0
797,ui_playercard_798,ui_playercard_798,0,standard,,TRUE,0,,,0
798,ui_playercard_799,ui_playercard_799,0,standard,,TRUE,0,,,0
799,ui_playercard_800,ui_playercard_800,0,standard,,TRUE,0,,,0
800,ui_playercard_801,ui_playercard_801,0,standard,,TRUE,0,,,0
801,ui_playercard_802,ui_playercard_802,0,standard,,TRUE,0,,,0
802,ui_playercard_803,ui_playercard_803,0,standard,,TRUE,0,,,0
803,ui_playercard_804,ui_playercard_804,0,standard,,TRUE,0,,,0
804,ui_playercard_805,ui_playercard_805,0,standard,,TRUE,0,,,0
805,ui_playercard_806,ui_playercard_806,0,standard,,TRUE,0,,,0
806,ui_playercard_807,ui_playercard_807,0,standard,,TRUE,0,,,0
807,ui_playercard_808,ui_playercard_808,0,standard,,TRUE,0,,,0
808,ui_playercard_809,ui_playercard_809,0,standard,,TRUE,0,,,0
809,ui_playercard_810,ui_playercard_810,0,standard,,TRUE,0,,,0
810,ui_playercard_811,ui_playercard_811,0,standard,,TRUE,0,,,0
811,ui_playercard_812,ui_playercard_812,0,standard,,TRUE,0,,,0
812,ui_playercard_813,ui_playercard_813,0,standard,,TRUE,0,,,0
813,ui_playercard_814,ui_playercard_814,0,standard,,,0,,,1
814,ui_playercard_815,ui_playercard_815,0,standard,,,0,,,1
815,ui_playercard_816,ui_playercard_816,0,standard,,,0,,,1
816,ui_playercard_817,ui_playercard_817,0,standard,,,0,,,1
817,ui_playercard_818,ui_playercard_818,0,standard,,TRUE,0,,,0
818,ui_playercard_819,ui_playercard_819,0,standard,,TRUE,0,,,0
819,ui_playercard_820,ui_playercard_820,0,standard,,TRUE,0,,,0
820,ui_playercard_821,ui_playercard_821,0,standard,,TRUE,0,,,0
821,ui_playercard_822,ui_playercard_822,0,standard,,TRUE,0,,,0
822,ui_playercard_823,ui_playercard_823,0,standard,,TRUE,0,,,0
823,ui_playercard_824,ui_playercard_824,0,standard,,TRUE,0,,,0
824,ui_playercard_825,ui_playercard_825,0,standard,,TRUE,0,,,0
825,ui_playercard_826,ui_playercard_826,0,standard,,TRUE,0,,,0
826,ui_playercard_827,ui_playercard_827,0,standard,,TRUE,0,,,0
827,ui_playercard_828,ui_playercard_828,0,standard,,TRUE,0,,,0
828,ui_playercard_829,ui_playercard_829,0,standard,,TRUE,0,,,0
829,ui_playercard_830,ui_playercard_830,0,standard,,TRUE,0,,,0
830,ui_playercard_831,ui_playercard_831,0,standard,,TRUE,0,,,0
831,ui_playercard_832,ui_playercard_832,0,standard,,TRUE,0,,,0
832,ui_playercard_833,ui_playercard_833,0,standard,,TRUE,0,,,0
833,ui_playercard_834,ui_playercard_834,0,standard,,TRUE,0,,,0
834,ui_playercard_835,ui_playercard_835,0,standard,,TRUE,0,,,0
835,ui_playercard_836,ui_playercard_836,0,standard,,TRUE,0,,,0
836,ui_playercard_837,ui_playercard_837,0,standard,,TRUE,0,,,0
837,ui_playercard_838,ui_playercard_838,0,standard,,TRUE,0,,,0
838,ui_playercard_839,ui_playercard_839,0,standard,,TRUE,0,,,0
839,ui_playercard_840,ui_playercard_840,0,standard,,TRUE,0,,,0
840,ui_playercard_841,ui_playercard_841,0,standard,,TRUE,0,,,0
841,ui_playercard_842,ui_playercard_842,0,standard,,TRUE,0,,,0
842,ui_playercard_843,ui_playercard_843,0,standard,,TRUE,0,,,0
843,ui_playercard_844,ui_playercard_844,0,standard,,TRUE,0,,,0
844,ui_playercard_845,ui_playercard_845,0,standard,,TRUE,0,,,0
845,ui_playercard_846,ui_playercard_846,0,standard,,TRUE,0,,,0
846,ui_playercard_847,ui_playercard_847,0,standard,,TRUE,0,,,0
847,ui_playercard_848,ui_playercard_848,0,standard,,TRUE,0,,,0
848,ui_playercard_849,ui_playercard_849,0,standard,,TRUE,0,,,0
849,ui_playercard_850,ui_playercard_850,0,standard,,TRUE,0,,,0
850,ui_playercard_851,ui_playercard_851,0,standard,,TRUE,0,,,0
851,ui_playercard_852,ui_playercard_852,0,standard,,TRUE,0,,,0
852,ui_playercard_853,ui_playercard_853,0,standard,,TRUE,0,,,0
853,ui_playercard_854,ui_playercard_854,0,standard,,TRUE,0,,,0
854,ui_playercard_855,ui_playercard_855,0,standard,,TRUE,0,,,0
855,ui_playercard_856,ui_playercard_856,0,standard,,TRUE,0,,,0
856,ui_playercard_857,ui_playercard_857,0,standard,,TRUE,0,,,0
857,ui_playercard_858,ui_playercard_858,0,standard,,TRUE,0,,,0
858,ui_playercard_859,ui_playercard_859,0,standard,,TRUE,0,,,0
859,ui_playercard_860,ui_playercard_860,0,standard,,TRUE,0,,,0
860,ui_playercard_861,ui_playercard_861,0,standard,,TRUE,0,,,0
861,ui_playercard_862,ui_playercard_862,0,standard,,TRUE,0,,,0
862,ui_playercard_863,ui_playercard_863,0,standard,,TRUE,0,,,0
863,ui_playercard_864,ui_playercard_864,0,standard,,TRUE,0,,,0
864,ui_playercard_865,ui_playercard_865,0,standard,,TRUE,0,,,0
865,ui_playercard_866,ui_playercard_866,0,standard,,TRUE,0,,,0
866,ui_playercard_867,ui_playercard_867,0,standard,,TRUE,0,,,0
867,ui_playercard_868,ui_playercard_868,0,standard,,TRUE,0,,,0
868,ui_playercard_869,ui_playercard_869,0,standard,,TRUE,0,,,0
869,ui_playercard_870,ui_playercard_870,0,standard,,TRUE,0,,,0
870,ui_playercard_871,ui_playercard_871,0,standard,,TRUE,0,,,0
871,ui_playercard_872,ui_playercard_872,0,standard,,TRUE,0,,,0
872,ui_playercard_873,ui_playercard_873,0,standard,,TRUE,0,,,0
873,ui_playercard_874,ui_playercard_874,0,standard,,TRUE,0,,,0
874,ui_playercard_875,ui_playercard_875,0,standard,,TRUE,0,,,0
875,ui_playercard_876,ui_playercard_876,0,standard,,TRUE,0,,,0
876,ui_playercard_877,ui_playercard_877,0,standard,,TRUE,1,,,0
877,ui_playercard_878,ui_playercard_878,0,standard,,TRUE,0,,,0
878,ui_playercard_879,ui_playercard_879,0,standard,,TRUE,0,,,0
879,ui_playercard_880,ui_playercard_880,0,standard,,TRUE,0,,,0
880,ui_playercard_881,ui_playercard_881,0,standard,,TRUE,0,,,0
881,ui_playercard_882,ui_playercard_882,0,standard,,TRUE,0,,,0
882,ui_playercard_883,ui_playercard_883,0,standard,,TRUE,0,,,0
883,ui_playercard_884,ui_playercard_884,0,standard,,TRUE,0,,,0
884,ui_playercard_885,ui_playercard_885,0,standard,,TRUE,0,,,0
885,ui_playercard_886,ui_playercard_886,0,standard,,TRUE,0,,,0
886,ui_playercard_887,ui_playercard_887,0,standard,,TRUE,0,,,0
887,ui_playercard_888,ui_playercard_888,0,standard,,TRUE,0,,,0
888,ui_playercard_889,ui_playercard_889,0,standard,,TRUE,0,,,0
889,ui_playercard_890,ui_playercard_890,0,standard,,TRUE,0,,,0
890,ui_playercard_891,ui_playercard_891,0,standard,,TRUE,0,,,0
891,ui_playercard_892,ui_playercard_892,0,standard,,TRUE,0,,,0
892,ui_playercard_893,ui_playercard_893,0,standard,,TRUE,0,,,0
893,ui_playercard_894,ui_playercard_894,0,standard,,TRUE,0,,,0
894,ui_playercard_895,ui_playercard_895,0,standard,,TRUE,0,,,0
895,ui_playercard_896,ui_playercard_896,0,standard,,TRUE,0,,,0
896,ui_playercard_897,ui_playercard_897,0,standard,,TRUE,0,,,0
897,ui_playercard_898,ui_playercard_898,0,standard,,TRUE,0,,,0
898,ui_playercard_899,ui_playercard_899,0,standard,,TRUE,0,,,0
899,ui_playercard_900,ui_playercard_900,0,standard,,TRUE,0,,,0
900,ui_playercard_901,ui_playercard_901,0,standard,,TRUE,0,,,0
901,ui_playercard_902,ui_playercard_902,0,standard,,TRUE,0,,,0
902,ui_playercard_903,ui_playercard_903,0,standard,,TRUE,0,,,0
903,ui_playercard_904,ui_playercard_904,0,standard,,TRUE,0,,,0
904,ui_playercard_905,ui_playercard_905,0,standard,,TRUE,0,,,0
905,ui_playercard_906,ui_playercard_906,0,standard,,TRUE,0,,,0
906,ui_playercard_907,ui_playercard_907,0,standard,,TRUE,0,,,0
907,ui_playercard_908,ui_playercard_908,0,standard,,TRUE,0,,,0
908,ui_playercard_909,ui_playercard_909,0,standard,,TRUE,0,,,0
909,ui_playercard_910,ui_playercard_910,0,standard,,TRUE,0,,,0
910,ui_playercard_911,ui_playercard_911,0,standard,,TRUE,0,,,0
911,ui_playercard_912,ui_playercard_912,0,standard,,TRUE,0,,,0
912,ui_playercard_913,ui_playercard_913,0,standard,,TRUE,0,,,0
913,ui_playercard_914,ui_playercard_914,0,standard,,TRUE,0,,,0
914,ui_playercard_915,ui_playercard_915,0,standard,,TRUE,0,,,0
915,ui_playercard_916,ui_playercard_916,0,standard,,TRUE,0,,,0
916,ui_playercard_917,ui_playercard_917,0,standard,,TRUE,0,,,0
917,ui_playercard_918,ui_playercard_918,0,standard,,TRUE,0,,,0
918,ui_playercard_919,ui_playercard_919,0,standard,,TRUE,0,,,0
919,ui_playercard_920,ui_playercard_920,0,standard,,TRUE,0,,,0
920,ui_playercard_921,ui_playercard_921,0,standard,,TRUE,0,,,0
921,ui_playercard_922,ui_playercard_922,0,standard,,TRUE,0,,,0
922,ui_playercard_923,ui_playercard_923,0,standard,,TRUE,0,,,0
923,ui_playercard_924,ui_playercard_924,0,standard,,TRUE,0,,,0
924,ui_playercard_925,ui_playercard_925,0,standard,,TRUE,0,,,0
925,ui_playercard_926,ui_playercard_926,0,standard,,TRUE,0,,,0
926,ui_playercard_927,ui_playercard_927,0,standard,,TRUE,0,,,0
927,ui_playercard_928,ui_playercard_928,0,standard,,TRUE,0,,,0
928,ui_playercard_929,ui_playercard_929,0,standard,,TRUE,0,,,0
929,ui_playercard_930,ui_playercard_930,0,standard,,TRUE,0,,,0
930,ui_playercard_931,ui_playercard_931,0,standard,,TRUE,0,,,0
931,ui_playercard_932,ui_playercard_932,0,standard,,TRUE,0,,,0
932,ui_playercard_933,ui_playercard_933,0,standard,,TRUE,0,,,0
933,ui_playercard_934,ui_playercard_934,0,standard,,TRUE,0,,,0
934,ui_playercard_935,ui_playercard_935,0,standard,,TRUE,0,,,0
935,ui_playercard_936,ui_playercard_936,0,standard,,TRUE,0,,,0
936,ui_playercard_937,ui_playercard_937,0,standard,,TRUE,0,,,0
937,ui_playercard_938,ui_playercard_938,0,standard,,TRUE,0,,,0
938,ui_playercard_939,ui_playercard_939,0,standard,,TRUE,0,,,0
939,ui_playercard_940,ui_playercard_940,0,standard,,TRUE,0,,,0
940,ui_playercard_941,ui_playercard_941,0,standard,,TRUE,0,,,0
941,ui_playercard_942,ui_playercard_942,0,standard,,TRUE,0,,,0
942,ui_playercard_943,ui_playercard_943,0,standard,,TRUE,0,,,0
943,ui_playercard_944,ui_playercard_944,0,standard,,TRUE,0,,,0
944,ui_playercard_945,ui_playercard_945,0,standard,,TRUE,0,,,0
945,ui_playercard_946,ui_playercard_946,0,standard,,TRUE,0,,,0
946,ui_playercard_947,ui_playercard_947,0,standard,,TRUE,0,,,0
947,ui_playercard_948,ui_playercard_948,0,standard,,TRUE,0,,,0
948,ui_playercard_949,ui_playercard_949,0,standard,,TRUE,0,,,0
949,ui_playercard_950,ui_playercard_950,0,standard,,TRUE,0,,,0
950,ui_playercard_951,ui_playercard_951,0,standard,,TRUE,0,,,0
951,ui_playercard_952,ui_playercard_952,0,standard,,TRUE,0,,,0
952,ui_playercard_953,ui_playercard_953,0,standard,,TRUE,0,,,0
953,ui_playercard_954,ui_playercard_954,0,standard,,TRUE,0,,,0
954,ui_playercard_955,ui_playercard_955,0,standard,,TRUE,0,,,0
955,ui_playercard_956,ui_playercard_956,0,standard,,TRUE,0,,,0
956,ui_playercard_957,ui_playercard_957,0,standard,,TRUE,0,,,0
957,ui_playercard_958,ui_playercard_958,0,standard,,TRUE,0,,,0
958,ui_playercard_959,ui_playercard_959,0,standard,,TRUE,0,,,0
959,ui_playercard_960,ui_playercard_960,0,standard,,TRUE,0,,,0
960,ui_playercard_961,ui_playercard_961,0,standard,,TRUE,0,,,0
961,ui_playercard_962,ui_playercard_962,0,standard,,TRUE,0,,,0
962,ui_playercard_963,ui_playercard_963,0,standard,,TRUE,0,,,0
963,ui_playercard_964,ui_playercard_964,0,standard,,TRUE,0,,,0
964,ui_playercard_965,ui_playercard_965,0,standard,,TRUE,0,,,0
965,ui_playercard_966,ui_playercard_966,0,standard,,TRUE,0,,,0
966,ui_playercard_967,ui_playercard_967,0,standard,,TRUE,0,,,0
967,ui_playercard_968,ui_playercard_968,0,standard,,TRUE,0,,,0
968,ui_playercard_969,ui_playercard_969,0,standard,,TRUE,0,,,0
969,ui_playercard_970,ui_playercard_970,0,standard,,TRUE,0,,,0
970,ui_playercard_971,ui_playercard_971,0,standard,,TRUE,0,,,0
971,ui_playercard_972,ui_playercard_972,0,standard,,TRUE,0,,,0
972,ui_playercard_973,ui_playercard_973,0,standard,,TRUE,0,,,0
973,ui_playercard_974,ui_playercard_974,0,standard,,TRUE,0,,,0
974,ui_playercard_975,ui_playercard_975,0,standard,,TRUE,0,,,0
975,ui_playercard_976,ui_playercard_976,0,standard,,TRUE,0,,,0
976,ui_playercard_977,ui_playercard_977,0,standard,,TRUE,0,,,0
977,ui_playercard_978,ui_playercard_978,0,standard,,TRUE,0,,,0
978,ui_playercard_979,ui_playercard_979,0,standard,,TRUE,0,,,0
979,ui_playercard_980,ui_playercard_980,0,standard,,TRUE,0,,,0
980,ui_playercard_981,ui_playercard_981,0,standard,,TRUE,0,,,0
981,ui_playercard_982,ui_playercard_982,0,standard,,TRUE,0,,,0
982,ui_playercard_983,ui_playercard_983,0,standard,,TRUE,0,,,0
983,ui_playercard_984,ui_playercard_984,0,standard,,TRUE,0,,,0
984,ui_playercard_985,ui_playercard_985,0,standard,,TRUE,0,,,0
985,ui_playercard_986,ui_playercard_986,0,standard,,TRUE,0,,,0
986,ui_playercard_987,ui_playercard_987,0,standard,,TRUE,0,,,0
987,ui_playercard_988,ui_playercard_988,0,standard,,TRUE,0,,,0
988,ui_playercard_989,ui_playercard_989,0,standard,,TRUE,0,,,0
989,ui_playercard_990,ui_playercard_990,0,standard,,TRUE,0,,,0
990,ui_playercard_991,ui_playercard_991,0,standard,,TRUE,0,,,0
991,ui_playercard_992,ui_playercard_992,0,standard,,TRUE,0,,,0
992,ui_playercard_993,ui_playercard_993,0,standard,,TRUE,0,,,0
993,ui_playercard_994,ui_playercard_994,0,standard,,TRUE,0,,,0
994,ui_playercard_995,ui_playercard_995,0,standard,,TRUE,0,,,0
995,ui_playercard_996,ui_playercard_996,0,standard,,TRUE,0,,,0
996,ui_playercard_997,ui_playercard_997,0,standard,,TRUE,0,,,0
997,ui_playercard_998,ui_playercard_998,0,standard,,TRUE,0,,,0
998,ui_playercard_999,ui_playercard_999,0,standard,,TRUE,0,,,0
999,ui_playercard_1000,ui_playercard_1000,0,standard,,TRUE,0,,,0
1000,ui_playercard_1001,ui_playercard_1001,0,standard,,TRUE,0,,,0
1001,ui_playercard_1002,ui_playercard_1002,0,standard,,TRUE,0,,,0
1002,ui_playercard_1003,ui_playercard_1003,0,standard,,TRUE,0,,,0
1003,ui_playercard_1004,ui_playercard_1004,0,standard,,TRUE,0,,,0
1004,ui_playercard_1005,ui_playercard_1005,0,standard,,TRUE,0,,,0
1005,ui_playercard_1006,ui_playercard_1006,0,standard,,TRUE,0,,,0
1006,ui_playercard_1007,ui_playercard_1007,0,standard,,TRUE,0,,,0
1007,ui_playercard_1008,ui_playercard_1008,0,standard,,TRUE,0,,,0
1008,ui_playercard_1009,ui_playercard_1009,0,standard,,TRUE,0,,,0
1009,ui_playercard_1010,ui_playercard_1010,0,standard,,TRUE,0,,,0
1010,ui_playercard_1011,ui_playercard_1011,0,standard,,TRUE,0,,,0
1011,ui_playercard_1012,ui_playercard_1012,0,standard,,TRUE,0,,,0
1012,wzm_ui_playercard_001,wzm_ui_playercard_001,0,standard,,TRUE,0,,,0
1013,wzm_ui_playercard_002,wzm_ui_playercard_002,0,standard,,TRUE,0,,,0
1014,wzm_ui_playercard_003,wzm_ui_playercard_003,0,standard,,TRUE,0,,,0
1015,wzm_ui_playercard_005,wzm_ui_playercard_005,0,standard,,TRUE,0,,,0
1016,wzm_ui_playercard_006,wzm_ui_playercard_006,0,standard,,TRUE,0,,,0
1017,wzm_ui_playercard_007,wzm_ui_playercard_007,0,standard,,TRUE,0,,,0
1018,ui_playercard_mastery_element119_ahotel,ui_playercard_mastery_element119_ahotel,0,standard,,TRUE,0,,,0
1019,ui_playercard_mastery_element119_akilo,ui_playercard_mastery_element119_akilo,0,standard,,TRUE,0,,,0
1020,ui_playercard_mastery_element119_akilo105,ui_playercard_mastery_element119_akilo105,0,standard,,TRUE,0,,,0
1021,ui_playercard_mastery_element119_akilo74,ui_playercard_mastery_element119_akilo74,0,standard,,TRUE,0,,,0
1022,ui_playercard_mastery_element119_alpha57,ui_playercard_mastery_element119_alpha57,0,standard,,TRUE,0,,,0
1023,ui_playercard_mastery_element119_apapa,ui_playercard_mastery_element119_apapa,0,standard,,TRUE,0,,,0
1024,ui_playercard_mastery_element119_augolf,ui_playercard_mastery_element119_augolf,0,standard,,TRUE,0,,,0
1025,ui_playercard_mastery_element119_aviktor,ui_playercard_mastery_element119_aviktor,0,standard,,TRUE,0,,,0
1026,ui_playercard_mastery_element119_beta,ui_playercard_mastery_element119_beta,0,standard,,TRUE,0,,,0
1027,ui_playercard_mastery_element119_charlie725,ui_playercard_mastery_element119_charlie725,0,standard,,TRUE,0,,,0
1028,ui_playercard_mastery_element119_decho,ui_playercard_mastery_element119_decho,0,standard,,TRUE,0,,,0
1029,ui_playercard_mastery_element119_foxtrot,ui_playercard_mastery_element119_foxtrot,0,standard,,TRUE,0,,,0
1030,ui_playercard_mastery_element119_golf17,ui_playercard_mastery_element119_golf17,0,standard,,TRUE,0,,,0
1031,ui_playercard_mastery_element119_golf18,ui_playercard_mastery_element119_golf18,0,standard,,TRUE,0,,,0
1032,ui_playercard_mastery_element119_golf3,ui_playercard_mastery_element119_golf3,0,standard,,TRUE,0,,,0
1033,ui_playercard_mastery_element119_gromeo,ui_playercard_mastery_element119_gromeo,0,standard,,TRUE,0,,,0
1034,ui_playercard_mastery_element119_juliet,ui_playercard_mastery_element119_juliet,0,standard,,TRUE,0,,,0
1035,ui_playercard_mastery_element119_kgolf,ui_playercard_mastery_element119_kgolf,0,standard,,TRUE,0,,,0
1036,ui_playercard_mastery_element119_kilo21,ui_playercard_mastery_element119_kilo21,0,standard,,TRUE,0,,,0
1037,ui_playercard_mastery_element119_kilo53,ui_playercard_mastery_element119_kilo53,0,standard,,TRUE,0,,,0
1038,ui_playercard_mastery_element119_la700,ui_playercard_mastery_element119_la700,0,standard,,TRUE,0,,,0
1039,ui_playercard_mastery_element119_limax,ui_playercard_mastery_element119_limax,0,standard,,TRUE,0,,,0
1040,ui_playercard_mastery_element119_mbravo,ui_playercard_mastery_element119_mbravo,0,standard,,TRUE,0,,,0
1041,ui_playercard_mastery_element119_mike1014,ui_playercard_mastery_element119_mike1014,0,standard,,TRUE,0,,,0
1042,ui_playercard_mastery_element119_mike14,ui_playercard_mastery_element119_mike14,0,standard,,TRUE,0,,,0
1043,ui_playercard_mastery_element119_mike16,ui_playercard_mastery_element119_mike16,0,standard,,TRUE,0,,,0
1044,ui_playercard_mastery_element119_mike24,ui_playercard_mastery_element119_mike24,0,standard,,TRUE,0,,,0
1045,ui_playercard_mastery_element119_mike4,ui_playercard_mastery_element119_mike4,0,standard,,TRUE,0,,,0
1046,ui_playercard_mastery_element119_mpapa5,ui_playercard_mastery_element119_mpapa5,0,standard,,TRUE,0,,,0
1047,ui_playercard_mastery_element119_mpapa7,ui_playercard_mastery_element119_mpapa7,0,standard,,TRUE,0,,,0
1048,ui_playercard_mastery_element119_mromeo,ui_playercard_mastery_element119_mromeo,0,standard,,TRUE,0,,,0
1049,ui_playercard_mastery_element119_msecho,ui_playercard_mastery_element119_msecho,0,standard,,TRUE,0,,,0
1050,ui_playercard_mastery_element119_mviktor,ui_playercard_mastery_element119_mviktor,0,standard,,TRUE,0,,,0
1051,ui_playercard_mastery_element119_ngolf7,ui_playercard_mastery_element119_ngolf7,0,standard,,TRUE,0,,,0
1052,ui_playercard_mastery_element119_papa220,ui_playercard_mastery_element119_papa220,0,standard,,TRUE,0,,,0
1053,ui_playercard_mastery_element119_papa90,ui_playercard_mastery_element119_papa90,0,standard,,TRUE,0,,,0
1054,ui_playercard_mastery_element119_pgolf1,ui_playercard_mastery_element119_pgolf1,0,standard,,TRUE,0,,,0
1055,ui_playercard_mastery_element119_riotshield,ui_playercard_mastery_element119_riotshield,0,standard,,TRUE,0,,,0
1056,ui_playercard_mastery_element119_rkilo,ui_playercard_mastery_element119_rkilo,0,standard,,TRUE,0,,,0
1057,ui_playercard_mastery_element119_rpapa7,ui_playercard_mastery_element119_rpapa7,0,standard,,TRUE,0,,,0
1058,ui_playercard_mastery_element119_sa700,ui_playercard_mastery_element119_sa700,0,standard,,TRUE,0,,,0
1059,ui_playercard_mastery_element119_sbeta,ui_playercard_mastery_element119_sbeta,0,standard,,TRUE,0,,,0
1060,ui_playercard_mastery_element119_scharlie,ui_playercard_mastery_element119_scharlie,0,standard,,TRUE,0,,,0
1061,ui_playercard_mastery_element119_schotel,ui_playercard_mastery_element119_schotel,0,standard,,TRUE,0,,,0
1062,ui_playercard_mastery_element119_scromeo,ui_playercard_mastery_element119_scromeo,0,standard,,TRUE,0,,,0
1063,ui_playercard_mastery_element119_slima,ui_playercard_mastery_element119_slima,0,standard,,TRUE,0,,,0
1064,ui_playercard_mastery_element119_soscar14,ui_playercard_mastery_element119_soscar14,0,standard,,TRUE,0,,,0
1065,ui_playercard_mastery_element119_swhiskey,ui_playercard_mastery_element119_swhiskey,0,standard,,TRUE,0,,,0
1066,ui_playercard_mastery_element119_tacticalknife,ui_playercard_mastery_element119_tacticalknife,0,standard,,TRUE,0,,,0
1067,ui_playercard_mastery_element119_victor,ui_playercard_mastery_element119_victor,0,standard,,TRUE,0,,,0
1068,ui_playercard_mastery_element119_xmike2010,ui_playercard_mastery_element119_xmike2010,0,standard,,TRUE,0,,,0
1069,ui_playercard_mastery_gold_ahotel,ui_playercard_mastery_gold_ahotel,0,standard,,TRUE,0,,,0
1070,ui_playercard_mastery_gold_akilo,ui_playercard_mastery_gold_akilo,0,standard,,TRUE,0,,,0
1071,ui_playercard_mastery_gold_akilo105,ui_playercard_mastery_gold_akilo105,0,standard,,TRUE,0,,,0
1072,ui_playercard_mastery_gold_akilo74,ui_playercard_mastery_gold_akilo74,0,standard,,TRUE,0,,,0
1073,ui_playercard_mastery_gold_alpha57,ui_playercard_mastery_gold_alpha57,0,standard,,TRUE,0,,,0
1074,ui_playercard_mastery_gold_apapa,ui_playercard_mastery_gold_apapa,0,standard,,TRUE,0,,,0
1075,ui_playercard_mastery_gold_augolf,ui_playercard_mastery_gold_augolf,0,standard,,TRUE,0,,,0
1076,ui_playercard_mastery_gold_aviktor,ui_playercard_mastery_gold_aviktor,0,standard,,TRUE,0,,,0
1077,ui_playercard_mastery_gold_beta,ui_playercard_mastery_gold_beta,0,standard,,TRUE,0,,,0
1078,ui_playercard_mastery_gold_charlie725,ui_playercard_mastery_gold_charlie725,0,standard,,TRUE,0,,,0
1079,ui_playercard_mastery_gold_decho,ui_playercard_mastery_gold_decho,0,standard,,TRUE,0,,,0
1080,ui_playercard_mastery_gold_foxtrot,ui_playercard_mastery_gold_foxtrot,0,standard,,TRUE,0,,,0
1081,ui_playercard_mastery_gold_golf17,ui_playercard_mastery_gold_golf17,0,standard,,TRUE,0,,,0
1082,ui_playercard_mastery_gold_golf18,ui_playercard_mastery_gold_golf18,0,standard,,TRUE,0,,,0
1083,ui_playercard_mastery_gold_golf3,ui_playercard_mastery_gold_golf3,0,standard,,TRUE,0,,,0
1084,ui_playercard_mastery_gold_gromeo,ui_playercard_mastery_gold_gromeo,0,standard,,TRUE,0,,,0
1085,ui_playercard_mastery_gold_juliet,ui_playercard_mastery_gold_juliet,0,standard,,TRUE,0,,,0
1086,ui_playercard_mastery_gold_kgolf,ui_playercard_mastery_gold_kgolf,0,standard,,TRUE,0,,,0
1087,ui_playercard_mastery_gold_kilo21,ui_playercard_mastery_gold_kilo21,0,standard,,TRUE,0,,,0
1088,ui_playercard_mastery_gold_kilo53,ui_playercard_mastery_gold_kilo53,0,standard,,TRUE,0,,,0
1089,ui_playercard_mastery_gold_la700,ui_playercard_mastery_gold_la700,0,standard,,TRUE,0,,,0
1090,ui_playercard_mastery_gold_limax,ui_playercard_mastery_gold_limax,0,standard,,TRUE,0,,,0
1091,ui_playercard_mastery_gold_mbravo,ui_playercard_mastery_gold_mbravo,0,standard,,TRUE,0,,,0
1092,ui_playercard_mastery_gold_mike1014,ui_playercard_mastery_gold_mike1014,0,standard,,TRUE,0,,,0
1093,ui_playercard_mastery_gold_mike14,ui_playercard_mastery_gold_mike14,0,standard,,TRUE,0,,,0
1094,ui_playercard_mastery_gold_mike16,ui_playercard_mastery_gold_mike16,0,standard,,TRUE,0,,,0
1095,ui_playercard_mastery_gold_mike24,ui_playercard_mastery_gold_mike24,0,standard,,TRUE,0,,,0
1096,ui_playercard_mastery_gold_mike4,ui_playercard_mastery_gold_mike4,0,standard,,TRUE,0,,,0
1097,ui_playercard_mastery_gold_mpapa5,ui_playercard_mastery_gold_mpapa5,0,standard,,TRUE,0,,,0
1098,ui_playercard_mastery_gold_mpapa7,ui_playercard_mastery_gold_mpapa7,0,standard,,TRUE,0,,,0
1099,ui_playercard_mastery_gold_mromeo,ui_playercard_mastery_gold_mromeo,0,standard,,TRUE,0,,,0
1100,ui_playercard_mastery_gold_msecho,ui_playercard_mastery_gold_msecho,0,standard,,TRUE,0,,,0
1101,ui_playercard_mastery_gold_mviktor,ui_playercard_mastery_gold_mviktor,0,standard,,TRUE,0,,,0
1102,ui_playercard_mastery_gold_ngolf7,ui_playercard_mastery_gold_ngolf7,0,standard,,TRUE,0,,,0
1103,ui_playercard_mastery_gold_papa220,ui_playercard_mastery_gold_papa220,0,standard,,TRUE,0,,,0
1104,ui_playercard_mastery_gold_papa90,ui_playercard_mastery_gold_papa90,0,standard,,TRUE,0,,,0
1105,ui_playercard_mastery_gold_pgolf1,ui_playercard_mastery_gold_pgolf1,0,standard,,TRUE,0,,,0
1106,ui_playercard_mastery_gold_riotshield,ui_playercard_mastery_gold_riotshield,0,standard,,TRUE,0,,,0
1107,ui_playercard_mastery_gold_rkilo,ui_playercard_mastery_gold_rkilo,0,standard,,TRUE,0,,,0
1108,ui_playercard_mastery_gold_rpapa7,ui_playercard_mastery_gold_rpapa7,0,standard,,TRUE,0,,,0
1109,ui_playercard_mastery_gold_sa700,ui_playercard_mastery_gold_sa700,0,standard,,TRUE,0,,,0
1110,ui_playercard_mastery_gold_sbeta,ui_playercard_mastery_gold_sbeta,0,standard,,TRUE,0,,,0
1111,ui_playercard_mastery_gold_scharlie,ui_playercard_mastery_gold_scharlie,0,standard,,TRUE,0,,,0
1112,ui_playercard_mastery_gold_schotel,ui_playercard_mastery_gold_schotel,0,standard,,TRUE,0,,,0
1113,ui_playercard_mastery_gold_scromeo,ui_playercard_mastery_gold_scromeo,0,standard,,TRUE,0,,,0
1114,ui_playercard_mastery_gold_slima,ui_playercard_mastery_gold_slima,0,standard,,TRUE,0,,,0
1115,ui_playercard_mastery_gold_soscar14,ui_playercard_mastery_gold_soscar14,0,standard,,TRUE,0,,,0
1116,ui_playercard_mastery_gold_swhiskey,ui_playercard_mastery_gold_swhiskey,0,standard,,TRUE,0,,,0
1117,ui_playercard_mastery_gold_tacticalknife,ui_playercard_mastery_gold_tacticalknife,0,standard,,TRUE,0,,,0
1118,ui_playercard_mastery_gold_victor,ui_playercard_mastery_gold_victor,0,standard,,TRUE,0,,,0
1119,ui_playercard_mastery_gold_xmike2010,ui_playercard_mastery_gold_xmike2010,0,standard,,TRUE,0,,,0
1120,ui_playercard_mastery_orion_ahotel,ui_playercard_mastery_orion_ahotel,0,standard,,TRUE,0,,,0
1121,ui_playercard_mastery_orion_akilo,ui_playercard_mastery_orion_akilo,0,standard,,TRUE,0,,,0
1122,ui_playercard_mastery_orion_akilo105,ui_playercard_mastery_orion_akilo105,0,standard,,TRUE,0,,,0
1123,ui_playercard_mastery_orion_akilo74,ui_playercard_mastery_orion_akilo74,0,standard,,TRUE,0,,,0
1124,ui_playercard_mastery_orion_alpha57,ui_playercard_mastery_orion_alpha57,0,standard,,TRUE,0,,,0
1125,ui_playercard_mastery_orion_apapa,ui_playercard_mastery_orion_apapa,0,standard,,TRUE,0,,,0
1126,ui_playercard_mastery_orion_augolf,ui_playercard_mastery_orion_augolf,0,standard,,TRUE,0,,,0
1127,ui_playercard_mastery_orion_aviktor,ui_playercard_mastery_orion_aviktor,0,standard,,TRUE,0,,,0
1128,ui_playercard_mastery_orion_beta,ui_playercard_mastery_orion_beta,0,standard,,TRUE,0,,,0
1129,ui_playercard_mastery_orion_charlie725,ui_playercard_mastery_orion_charlie725,0,standard,,TRUE,0,,,0
1130,ui_playercard_mastery_orion_decho,ui_playercard_mastery_orion_decho,0,standard,,TRUE,0,,,0
1131,ui_playercard_mastery_orion_foxtrot,ui_playercard_mastery_orion_foxtrot,0,standard,,TRUE,0,,,0
1132,ui_playercard_mastery_orion_golf17,ui_playercard_mastery_orion_golf17,0,standard,,TRUE,0,,,0
1133,ui_playercard_mastery_orion_golf18,ui_playercard_mastery_orion_golf18,0,standard,,TRUE,0,,,0
1134,ui_playercard_mastery_orion_golf3,ui_playercard_mastery_orion_golf3,0,standard,,TRUE,0,,,0
1135,ui_playercard_mastery_orion_gromeo,ui_playercard_mastery_orion_gromeo,0,standard,,TRUE,0,,,0
1136,ui_playercard_mastery_orion_juliet,ui_playercard_mastery_orion_juliet,0,standard,,TRUE,0,,,0
1137,ui_playercard_mastery_orion_kgolf,ui_playercard_mastery_orion_kgolf,0,standard,,TRUE,0,,,0
1138,ui_playercard_mastery_orion_kilo21,ui_playercard_mastery_orion_kilo21,0,standard,,TRUE,0,,,0
1139,ui_playercard_mastery_orion_kilo53,ui_playercard_mastery_orion_kilo53,0,standard,,TRUE,0,,,0
1140,ui_playercard_mastery_orion_la700,ui_playercard_mastery_orion_la700,0,standard,,TRUE,0,,,0
1141,ui_playercard_mastery_orion_limax,ui_playercard_mastery_orion_limax,0,standard,,TRUE,0,,,0
1142,ui_playercard_mastery_orion_mbravo,ui_playercard_mastery_orion_mbravo,0,standard,,TRUE,0,,,0
1143,ui_playercard_mastery_orion_mike1014,ui_playercard_mastery_orion_mike1014,0,standard,,TRUE,0,,,0
1144,ui_playercard_mastery_orion_mike14,ui_playercard_mastery_orion_mike14,0,standard,,TRUE,0,,,0
1145,ui_playercard_mastery_orion_mike16,ui_playercard_mastery_orion_mike16,0,standard,,TRUE,0,,,0
1146,ui_playercard_mastery_orion_mike24,ui_playercard_mastery_orion_mike24,0,standard,,TRUE,0,,,0
1147,ui_playercard_mastery_orion_mike4,ui_playercard_mastery_orion_mike4,0,standard,,TRUE,0,,,0
1148,ui_playercard_mastery_orion_mpapa5,ui_playercard_mastery_orion_mpapa5,0,standard,,TRUE,0,,,0
1149,ui_playercard_mastery_orion_mpapa7,ui_playercard_mastery_orion_mpapa7,0,standard,,TRUE,0,,,0
1150,ui_playercard_mastery_orion_mromeo,ui_playercard_mastery_orion_mromeo,0,standard,,TRUE,0,,,0
1151,ui_playercard_mastery_orion_msecho,ui_playercard_mastery_orion_msecho,0,standard,,TRUE,0,,,0
1152,ui_playercard_mastery_orion_mviktor,ui_playercard_mastery_orion_mviktor,0,standard,,TRUE,0,,,0
1153,ui_playercard_mastery_orion_ngolf7,ui_playercard_mastery_orion_ngolf7,0,standard,,TRUE,0,,,0
1154,ui_playercard_mastery_orion_papa220,ui_playercard_mastery_orion_papa220,0,standard,,TRUE,0,,,0
1155,ui_playercard_mastery_orion_papa90,ui_playercard_mastery_orion_papa90,0,standard,,TRUE,0,,,0
1156,ui_playercard_mastery_orion_pgolf1,ui_playercard_mastery_orion_pgolf1,0,standard,,TRUE,0,,,0
1157,ui_playercard_mastery_orion_riotshield,ui_playercard_mastery_orion_riotshield,0,standard,,TRUE,0,,,0
1158,ui_playercard_mastery_orion_rkilo,ui_playercard_mastery_orion_rkilo,0,standard,,TRUE,0,,,0
1159,ui_playercard_mastery_orion_rpapa7,ui_playercard_mastery_orion_rpapa7,0,standard,,TRUE,0,,,0
1160,ui_playercard_mastery_orion_sa700,ui_playercard_mastery_orion_sa700,0,standard,,TRUE,0,,,0
1161,ui_playercard_mastery_orion_sbeta,ui_playercard_mastery_orion_sbeta,0,standard,,TRUE,0,,,0
1162,ui_playercard_mastery_orion_scharlie,ui_playercard_mastery_orion_scharlie,0,standard,,TRUE,0,,,0
1163,ui_playercard_mastery_orion_schotel,ui_playercard_mastery_orion_schotel,0,standard,,TRUE,0,,,0
1164,ui_playercard_mastery_orion_scromeo,ui_playercard_mastery_orion_scromeo,0,standard,,TRUE,0,,,0
1165,ui_playercard_mastery_orion_slima,ui_playercard_mastery_orion_slima,0,standard,,TRUE,0,,,0
1166,ui_playercard_mastery_orion_soscar14,ui_playercard_mastery_orion_soscar14,0,standard,,TRUE,0,,,0
1167,ui_playercard_mastery_orion_swhiskey,ui_playercard_mastery_orion_swhiskey,0,standard,,TRUE,0,,,0
1168,ui_playercard_mastery_orion_tacticalknife,ui_playercard_mastery_orion_tacticalknife,0,standard,,TRUE,0,,,0
1169,ui_playercard_mastery_orion_victor,ui_playercard_mastery_orion_victor,0,standard,,TRUE,0,,,0
1170,ui_playercard_mastery_orion_xmike2010,ui_playercard_mastery_orion_xmike2010,0,standard,,TRUE,0,,,0
1171,ui_playercard_mastery_platinum_ahotel,ui_playercard_mastery_platinum_ahotel,0,standard,,TRUE,0,,,0
1172,ui_playercard_mastery_platinum_akilo,ui_playercard_mastery_platinum_akilo,0,standard,,TRUE,0,,,0
1173,ui_playercard_mastery_platinum_akilo105,ui_playercard_mastery_platinum_akilo105,0,standard,,TRUE,0,,,0
1174,ui_playercard_mastery_platinum_akilo74,ui_playercard_mastery_platinum_akilo74,0,standard,,TRUE,0,,,0
1175,ui_playercard_mastery_platinum_alpha57,ui_playercard_mastery_platinum_alpha57,0,standard,,TRUE,0,,,0
1176,ui_playercard_mastery_platinum_apapa,ui_playercard_mastery_platinum_apapa,0,standard,,TRUE,0,,,0
1177,ui_playercard_mastery_platinum_augolf,ui_playercard_mastery_platinum_augolf,0,standard,,TRUE,0,,,0
1178,ui_playercard_mastery_platinum_aviktor,ui_playercard_mastery_platinum_aviktor,0,standard,,TRUE,0,,,0
1179,ui_playercard_mastery_platinum_beta,ui_playercard_mastery_platinum_beta,0,standard,,TRUE,0,,,0
1180,ui_playercard_mastery_platinum_charlie725,ui_playercard_mastery_platinum_charlie725,0,standard,,TRUE,0,,,0
1181,ui_playercard_mastery_platinum_decho,ui_playercard_mastery_platinum_decho,0,standard,,TRUE,0,,,0
1182,ui_playercard_mastery_platinum_foxtrot,ui_playercard_mastery_platinum_foxtrot,0,standard,,TRUE,0,,,0
1183,ui_playercard_mastery_platinum_golf17,ui_playercard_mastery_platinum_golf17,0,standard,,TRUE,0,,,0
1184,ui_playercard_mastery_platinum_golf18,ui_playercard_mastery_platinum_golf18,0,standard,,TRUE,0,,,0
1185,ui_playercard_mastery_platinum_golf3,ui_playercard_mastery_platinum_golf3,0,standard,,TRUE,0,,,0
1186,ui_playercard_mastery_platinum_gromeo,ui_playercard_mastery_platinum_gromeo,0,standard,,TRUE,0,,,0
1187,ui_playercard_mastery_platinum_juliet,ui_playercard_mastery_platinum_juliet,0,standard,,TRUE,0,,,0
1188,ui_playercard_mastery_platinum_kgolf,ui_playercard_mastery_platinum_kgolf,0,standard,,TRUE,0,,,0
1189,ui_playercard_mastery_platinum_kilo21,ui_playercard_mastery_platinum_kilo21,0,standard,,TRUE,0,,,0
1190,ui_playercard_mastery_platinum_kilo53,ui_playercard_mastery_platinum_kilo53,0,standard,,TRUE,0,,,0
1191,ui_playercard_mastery_platinum_la700,ui_playercard_mastery_platinum_la700,0,standard,,TRUE,0,,,0
1192,ui_playercard_mastery_platinum_limax,ui_playercard_mastery_platinum_limax,0,standard,,TRUE,0,,,0
1193,ui_playercard_mastery_platinum_mbravo,ui_playercard_mastery_platinum_mbravo,0,standard,,TRUE,0,,,0
1194,ui_playercard_mastery_platinum_mike1014,ui_playercard_mastery_platinum_mike1014,0,standard,,TRUE,0,,,0
1195,ui_playercard_mastery_platinum_mike14,ui_playercard_mastery_platinum_mike14,0,standard,,TRUE,0,,,0
1196,ui_playercard_mastery_platinum_mike16,ui_playercard_mastery_platinum_mike16,0,standard,,TRUE,0,,,0
1197,ui_playercard_mastery_platinum_mike24,ui_playercard_mastery_platinum_mike24,0,standard,,TRUE,0,,,0
1198,ui_playercard_mastery_platinum_mike4,ui_playercard_mastery_platinum_mike4,0,standard,,TRUE,0,,,0
1199,ui_playercard_mastery_platinum_mpapa5,ui_playercard_mastery_platinum_mpapa5,0,standard,,TRUE,0,,,0
1200,ui_playercard_mastery_platinum_mpapa7,ui_playercard_mastery_platinum_mpapa7,0,standard,,TRUE,0,,,0
1201,ui_playercard_mastery_platinum_mromeo,ui_playercard_mastery_platinum_mromeo,0,standard,,TRUE,0,,,0
1202,ui_playercard_mastery_platinum_msecho,ui_playercard_mastery_platinum_msecho,0,standard,,TRUE,0,,,0
1203,ui_playercard_mastery_platinum_mviktor,ui_playercard_mastery_platinum_mviktor,0,standard,,TRUE,0,,,0
1204,ui_playercard_mastery_platinum_ngolf7,ui_playercard_mastery_platinum_ngolf7,0,standard,,TRUE,0,,,0
1205,ui_playercard_mastery_platinum_papa220,ui_playercard_mastery_platinum_papa220,0,standard,,TRUE,0,,,0
1206,ui_playercard_mastery_platinum_papa90,ui_playercard_mastery_platinum_papa90,0,standard,,TRUE,0,,,0
1207,ui_playercard_mastery_platinum_pgolf1,ui_playercard_mastery_platinum_pgolf1,0,standard,,TRUE,0,,,0
1208,ui_playercard_mastery_platinum_riotshield,ui_playercard_mastery_platinum_riotshield,0,standard,,TRUE,0,,,0
1209,ui_playercard_mastery_platinum_rkilo,ui_playercard_mastery_platinum_rkilo,0,standard,,TRUE,0,,,0
1210,ui_playercard_mastery_platinum_rpapa7,ui_playercard_mastery_platinum_rpapa7,0,standard,,TRUE,0,,,0
1211,ui_playercard_mastery_platinum_sa700,ui_playercard_mastery_platinum_sa700,0,standard,,TRUE,0,,,0
1212,ui_playercard_mastery_platinum_sbeta,ui_playercard_mastery_platinum_sbeta,0,standard,,TRUE,0,,,0
1213,ui_playercard_mastery_platinum_scharlie,ui_playercard_mastery_platinum_scharlie,0,standard,,TRUE,0,,,0
1214,ui_playercard_mastery_platinum_schotel,ui_playercard_mastery_platinum_schotel,0,standard,,TRUE,0,,,0
1215,ui_playercard_mastery_platinum_scromeo,ui_playercard_mastery_platinum_scromeo,0,standard,,TRUE,0,,,0
1216,ui_playercard_mastery_platinum_slima,ui_playercard_mastery_platinum_slima,0,standard,,TRUE,0,,,0
1217,ui_playercard_mastery_platinum_soscar14,ui_playercard_mastery_platinum_soscar14,0,standard,,TRUE,0,,,0
1218,ui_playercard_mastery_platinum_swhiskey,ui_playercard_mastery_platinum_swhiskey,0,standard,,TRUE,0,,,0
1219,ui_playercard_mastery_platinum_tacticalknife,ui_playercard_mastery_platinum_tacticalknife,0,standard,,TRUE,0,,,0
1220,ui_playercard_mastery_platinum_victor,ui_playercard_mastery_platinum_victor,0,standard,,TRUE,0,,,0
1221,ui_playercard_mastery_platinum_xmike2010,ui_playercard_mastery_platinum_xmike2010,0,standard,,TRUE,0,,,0
1222,ui_playercard_1013,ui_playercard_1013,0,standard,,TRUE,0,,,0
1223,ui_playercard_1014,ui_playercard_1014,0,standard,,TRUE,0,,,0
1224,ui_playercard_1015,ui_playercard_1015,0,standard,,TRUE,0,,,0
1225,ui_playercard_1016,ui_playercard_1016,0,standard,,TRUE,0,,,0
1226,ui_playercard_1017,ui_playercard_1017,0,standard,,TRUE,0,,,0
1227,ui_playercard_1018,ui_playercard_1018,0,standard,,TRUE,0,,,0
1228,ui_playercard_1019,ui_playercard_1019,0,standard,,TRUE,0,,,0
1229,ui_playercard_1020,ui_playercard_1020,0,standard,,TRUE,0,,,0
1230,ui_playercard_1021,ui_playercard_1021,0,standard,,TRUE,0,,,0
1231,ui_playercard_1022,ui_playercard_1022,0,standard,,TRUE,0,,,0
1232,ui_playercard_1023,ui_playercard_1023,0,standard,,TRUE,0,,,0
1233,ui_playercard_1024,ui_playercard_1024,0,standard,,TRUE,0,,,0
1234,ui_playercard_1025,ui_playercard_1025,0,standard,,TRUE,0,,,0
1235,ui_playercard_1026,ui_playercard_1026,0,standard,,TRUE,0,,,0
1236,ui_playercard_1027,ui_playercard_1027,0,standard,,TRUE,0,,,0
1237,ui_playercard_1028,ui_playercard_1028,0,standard,,TRUE,0,,,0
1238,ui_playercard_1029,ui_playercard_1029,0,standard,,TRUE,0,,,0
1239,ui_playercard_1030,ui_playercard_1030,0,standard,,TRUE,0,,,0
1240,ui_playercard_1031,ui_playercard_1031,0,standard,,TRUE,0,,,0
1241,ui_playercard_1032,ui_playercard_1032,0,standard,,TRUE,0,,,0
1242,ui_playercard_1033,ui_playercard_1033,0,standard,,TRUE,0,,,0
1243,ui_playercard_1034,ui_playercard_1034,0,standard,,TRUE,0,,,0
1244,ui_playercard_1035,ui_playercard_1035,0,standard,,TRUE,0,,,0
1245,ui_playercard_1036,ui_playercard_1036,0,standard,,TRUE,0,,,0
1246,ui_playercard_1037,ui_playercard_1037,0,standard,,TRUE,0,,,0
1247,ui_playercard_1038,ui_playercard_1038,0,standard,,TRUE,0,,,0
1248,ui_playercard_1039,ui_playercard_1039,0,standard,,TRUE,0,,,0
1249,ui_playercard_1040,ui_playercard_1040,0,standard,,TRUE,0,,,0
1250,ui_playercard_1041,ui_playercard_1041,0,standard,,TRUE,0,,,0
1251,ui_playercard_1042,ui_playercard_1042,0,standard,,TRUE,0,,,0
1252,ui_playercard_1043,ui_playercard_1043,0,standard,,TRUE,0,,,0
1253,ui_playercard_1044,ui_playercard_1044,0,standard,,TRUE,0,,,0
1254,ui_playercard_1045,ui_playercard_1045,0,standard,,TRUE,0,,,0
1255,ui_playercard_1046,ui_playercard_1046,0,standard,,TRUE,0,,,0
1256,ui_playercard_1047,ui_playercard_1047,0,standard,,TRUE,0,,,0
1257,ui_playercard_1048,ui_playercard_1048,0,standard,,TRUE,0,,,0
1258,ui_playercard_1049,ui_playercard_1049,0,standard,,TRUE,0,,,0
1259,ui_playercard_1050,ui_playercard_1050,0,standard,,TRUE,0,,,0
1260,ui_playercard_1051,ui_playercard_1051,0,standard,,TRUE,1,,,0
1261,ui_playercard_1052,ui_playercard_1052,0,standard,,TRUE,1,,,0
1262,ui_playercard_1053,ui_playercard_1053,0,standard,,TRUE,1,,,0
1263,ui_playercard_1054,ui_playercard_1054,0,standard,,TRUE,1,,,0
1264,ui_playercard_1055,ui_playercard_1055,0,standard,,TRUE,1,,,0
1265,ui_playercard_1056,ui_playercard_1056,0,standard,,TRUE,1,,,0
1266,ui_playercard_1057,ui_playercard_1057,0,standard,,TRUE,1,,,0
1267,ui_playercard_1058,ui_playercard_1058,0,standard,,TRUE,1,,,0
1268,ui_playercard_1059,ui_playercard_1059,0,standard,,TRUE,1,,,0
1269,ui_playercard_1060,ui_playercard_1060,0,standard,,TRUE,1,,,0
1270,ui_playercard_1061,ui_playercard_1061,0,standard,,TRUE,1,,,0
1271,ui_playercard_1062,ui_playercard_1062,0,standard,,TRUE,1,,,0
1272,ui_playercard_1063,ui_playercard_1063,0,standard,,TRUE,1,,,0
1273,ui_playercard_1064,ui_playercard_1064,0,standard,,TRUE,1,,,0
1274,ui_playercard_1065,ui_playercard_1065,0,standard,,TRUE,1,,,0
1275,ui_playercard_1066,ui_playercard_1066,0,standard,,TRUE,1,,,0
1276,ui_playercard_1067,ui_playercard_1067,0,standard,,TRUE,1,,,0
1277,ui_playercard_1068,ui_playercard_1068,0,standard,,TRUE,1,,,0
1278,ui_playercard_1069,ui_playercard_1069,0,standard,,TRUE,1,,,0
1279,ui_playercard_1070,ui_playercard_1070,0,standard,,TRUE,0,,,0
1280,ui_playercard_1071,ui_playercard_1071,0,standard,,TRUE,0,,,0
1281,ui_playercard_1072,ui_playercard_1072,0,standard,,TRUE,0,,,0
1282,ui_playercard_1073,ui_playercard_1073,0,standard,,TRUE,0,,,0
1283,ui_playercard_1074,ui_playercard_1074,0,standard,,TRUE,0,,,0
1284,ui_playercard_1075,ui_playercard_1075,0,standard,,TRUE,0,,,0
1285,ui_playercard_1076,ui_playercard_1076,0,standard,,TRUE,0,,,0
1286,ui_playercard_1077,ui_playercard_1077,0,standard,,TRUE,0,,,0
1287,ui_playercard_1078,ui_playercard_1078,0,standard,,TRUE,0,,,0
1288,ui_playercard_1079,ui_playercard_1079,0,standard,,TRUE,0,,,0
1289,ui_playercard_1080,ui_playercard_1080,0,standard,,TRUE,0,,,0
1290,ui_playercard_1081,ui_playercard_1081,0,standard,,TRUE,1,,,0
1291,ui_playercard_1082,ui_playercard_1082,0,standard,,TRUE,1,,,0
1292,ui_playercard_1083,ui_playercard_1083,0,standard,,TRUE,1,,,0
1293,ui_playercard_1084,ui_playercard_1084,0,standard,,TRUE,1,,,0
1294,ui_playercard_1085,ui_playercard_1085,0,standard,,TRUE,1,,,0
1295,ui_playercard_1086,ui_playercard_1086,0,standard,,TRUE,1,,,0
1296,ui_playercard_1087,ui_playercard_1087,0,standard,,TRUE,1,,,0
1297,ui_playercard_1088,ui_playercard_1088,0,standard,,TRUE,1,,,0
1298,ui_playercard_1089,ui_playercard_1089,0,standard,,TRUE,1,,,0
1299,ui_playercard_1090,ui_playercard_1090,0,standard,,TRUE,1,,,0
1300,ui_playercard_1091,ui_playercard_1091,0,standard,,TRUE,1,,,0
1301,ui_playercard_1092,ui_playercard_1092,0,standard,,TRUE,1,,,0
1302,ui_playercard_1093,ui_playercard_1093,0,standard,,TRUE,1,,,0
1303,ui_playercard_1094,ui_playercard_1094,0,standard,,TRUE,1,,,0
1304,ui_playercard_1095,ui_playercard_1095,0,standard,,TRUE,1,,,0
1305,ui_playercard_1096,ui_playercard_1096,0,standard,,TRUE,1,,,0
1306,ui_playercard_1097,ui_playercard_1097,0,standard,,TRUE,0,,,0
1307,ui_playercard_1098,ui_playercard_1098,0,standard,,TRUE,0,,,0
1308,ui_playercard_1099,ui_playercard_1099,0,standard,,TRUE,0,,,0
1309,ui_playercard_1100,ui_playercard_1100,0,standard,,TRUE,0,,,0
1310,ui_playercard_1101,ui_playercard_1101,0,standard,,TRUE,0,,,0
1311,ui_playercard_1102,ui_playercard_1102,0,standard,,TRUE,0,,,0
1312,ui_playercard_1103,ui_playercard_1103,0,standard,,TRUE,0,,,0
1313,ui_playercard_1104,ui_playercard_1104,0,standard,,TRUE,0,,,0
1314,ui_playercard_1105,ui_playercard_1105,0,standard,,TRUE,0,,,0
1315,ui_playercard_1106,ui_playercard_1106,0,standard,,TRUE,0,,,0
1316,ui_playercard_1107,ui_playercard_1107,0,standard,,TRUE,0,,,0
1317,ui_playercard_1108,ui_playercard_1108,0,standard,,TRUE,0,,,0
1318,ui_playercard_1109,ui_playercard_1109,0,standard,,TRUE,1,,,0
1319,ui_playercard_1110,ui_playercard_1110,0,standard,,,0,,,1
1320,ui_playercard_1111,ui_playercard_1111,0,standard,,,0,,,1
1321,ui_playercard_1112,ui_playercard_1112,0,standard,,,0,,,1
1322,ui_playercard_1113,ui_playercard_1113,0,standard,,,0,,,1
1323,ui_playercard_1114,ui_playercard_1114,0,standard,,TRUE,1,,,0
1324,ui_playercard_1115,ui_playercard_1115,0,standard,,TRUE,1,,,0
1325,ui_playercard_1116,ui_playercard_1116,0,standard,,,0,,,1
1326,ui_playercard_1117,ui_playercard_1117,0,standard,,,0,,,1
1327,ui_playercard_1118,ui_playercard_1118,0,standard,,,0,,,1
1328,ui_playercard_1119,ui_playercard_1119,0,standard,,,0,,,1
1329,ui_playercard_1120,ui_playercard_1120,0,standard,,,0,,,1
1330,ui_playercard_1121,ui_playercard_1121,0,standard,,,0,,,1
1331,ui_playercard_1122,ui_playercard_1122,0,standard,,,0,,,1
1332,ui_playercard_1123,ui_playercard_1123,0,standard,,,0,,,1
1333,wzm_ui_playercard_008,wzm_ui_playercard_008,0,standard,,TRUE,0,,,0
1334,wzm_ui_playercard_009,wzm_ui_playercard_009,0,standard,,TRUE,0,,,0
1335,wzm_ui_playercard_010,wzm_ui_playercard_010,0,standard,,TRUE,0,,,0
1336,ui_playercard_1124,ui_playercard_1124,0,standard,,TRUE,0,,,0
1337,ui_playercard_1125,ui_playercard_1125,0,standard,,TRUE,0,,,0
1338,ui_playercard_1126,ui_playercard_1126,0,standard,,TRUE,0,,,0
1339,ui_playercard_1127,ui_playercard_1127,0,standard,,TRUE,0,,,0
1340,ui_playercard_1128,ui_playercard_1128,0,standard,,TRUE,0,,,0
1341,ui_playercard_1129,ui_playercard_1129,0,standard,,TRUE,0,,,0
1342,ui_playercard_1130,ui_playercard_1130,0,standard,,TRUE,0,,,0
1343,ui_playercard_1131,ui_playercard_1131,0,standard,,TRUE,0,,,0
1344,ui_playercard_1132,ui_playercard_1132,0,standard,,TRUE,0,,,0
1345,ui_playercard_1133,ui_playercard_1133,0,standard,,TRUE,0,,,0
1346,ui_playercard_1134,ui_playercard_1134,0,standard,,TRUE,0,,,0
1347,wzm_ui_playercard_011,wzm_ui_playercard_011,0,standard,,TRUE,0,,,0
1348,wzm_ui_playercard_012,wzm_ui_playercard_012,0,standard,,TRUE,0,,,0
1349,wzm_ui_playercard_013,wzm_ui_playercard_013,0,standard,,TRUE,0,,,0
1350,wzm_ui_playercard_014,wzm_ui_playercard_014,0,standard,,TRUE,0,,,0
1351,ui_playercard_mastery_element119_alpha50,ui_playercard_mastery_element119_alpha50,0,standard,,TRUE,0,,,0
1352,ui_playercard_mastery_element119_mcbravo,ui_playercard_mastery_element119_mcbravo,0,standard,,TRUE,0,,,0
1353,ui_playercard_mastery_element119_mcharlie,ui_playercard_mastery_element119_mcharlie,0,standard,,TRUE,0,,,0
1354,ui_playercard_mastery_element119_mpapax,ui_playercard_mastery_element119_mpapax,0,standard,,TRUE,0,,,0
1355,ui_playercard_mastery_gold_alpha50,ui_playercard_mastery_gold_alpha50,0,standard,,TRUE,0,,,0
1356,ui_playercard_mastery_gold_mcbravo,ui_playercard_mastery_gold_mcbravo,0,standard,,TRUE,0,,,0
1357,ui_playercard_mastery_gold_mcharlie,ui_playercard_mastery_gold_mcharlie,0,standard,,TRUE,0,,,0
1358,ui_playercard_mastery_gold_mpapax,ui_playercard_mastery_gold_mpapax,0,standard,,TRUE,0,,,0
1359,ui_playercard_mastery_orion_alpha50,ui_playercard_mastery_orion_alpha50,0,standard,,TRUE,0,,,0
1360,ui_playercard_mastery_orion_mcbravo,ui_playercard_mastery_orion_mcbravo,0,standard,,TRUE,0,,,0
1361,ui_playercard_mastery_orion_mcharlie,ui_playercard_mastery_orion_mcharlie,0,standard,,TRUE,0,,,0
1362,ui_playercard_mastery_orion_mpapax,ui_playercard_mastery_orion_mpapax,0,standard,,TRUE,0,,,0
1363,ui_playercard_mastery_platinum_alpha50,ui_playercard_mastery_platinum_alpha50,0,standard,,TRUE,0,,,0
1364,ui_playercard_mastery_platinum_mcbravo,ui_playercard_mastery_platinum_mcbravo,0,standard,,TRUE,0,,,0
1365,ui_playercard_mastery_platinum_mcharlie,ui_playercard_mastery_platinum_mcharlie,0,standard,,TRUE,0,,,0
1366,ui_playercard_mastery_platinum_mpapax,ui_playercard_mastery_platinum_mpapax,0,standard,,TRUE,0,,,0
1367,wzm_ui_playercard_017,wzm_ui_playercard_017,0,standard,,TRUE,0,,,0
1368,ui_playcard_rankedplay_01,ui_playcard_rankedplay_01,0,standard,,TRUE,0,,,0
1369,ui_playcard_rankedplay_02,ui_playcard_rankedplay_02,0,standard,,TRUE,0,,,0
1370,ui_playcard_rankedplay_03,ui_playcard_rankedplay_03,0,standard,,TRUE,0,,,0
1371,ui_playcard_rankedplay_04,ui_playcard_rankedplay_04,0,standard,,TRUE,0,,,0
1372,ui_playcard_rankedplay_05,ui_playcard_rankedplay_05,0,standard,,TRUE,0,,,0
1373,ui_playcard_rankedplay_06,ui_playcard_rankedplay_06,0,standard,,TRUE,0,,,0
1374,ui_playcard_rankedplay_07,ui_playcard_rankedplay_07,0,standard,,TRUE,0,,,0
1375,ui_playcard_rankedplay_08,ui_playcard_rankedplay_08,0,standard,,TRUE,0,,,0
1376,ui_playcard_rankedplay_09,ui_playcard_rankedplay_09,0,standard,,TRUE,0,,,0
1377,ui_playcard_rankedplay_10,ui_playcard_rankedplay_10,0,standard,,TRUE,0,,,0
1378,ui_playcard_rankedplay_11,ui_playcard_rankedplay_11,0,standard,,TRUE,0,,,0
1379,ui_playcard_rankedplay_12,ui_playcard_rankedplay_12,0,standard,,TRUE,0,,,0
1380,ui_playcard_rankedplay_13,ui_playcard_rankedplay_13,0,standard,,TRUE,0,,,0
1381,mgl_ui_playercard_015,mgl_ui_playercard_015,0,standard,,TRUE,0,,,0
1382,mgl_ui_playercard_016,mgl_ui_playercard_016,0,standard,,TRUE,0,,,0
1383,mgl_ui_playercard_017,mgl_ui_playercard_017,0,standard,,TRUE,0,,,0
1384,mgl_ui_playercard_018,mgl_ui_playercard_018,0,standard,,TRUE,0,,,0
1385,mgl_ui_playercard_019,mgl_ui_playercard_019,0,standard,,TRUE,0,,,0
1386,ui_playercard_mastery_element119_acharlie300,ui_playercard_mastery_element119_acharlie300,0,standard,,TRUE,0,,,0
1387,ui_playercard_mastery_element119_crossbow,ui_playercard_mastery_element119_crossbow,0,standard,,TRUE,0,,,0
1388,ui_playercard_mastery_element119_sword,ui_playercard_mastery_element119_sword,0,standard,,TRUE,0,,,0
1389,ui_playercard_mastery_element119_vecho,ui_playercard_mastery_element119_vecho,0,standard,,TRUE,0,,,0
1390,ui_playercard_mastery_gold_acharlie300,ui_playercard_mastery_gold_acharlie300,0,standard,,TRUE,0,,,0
1391,ui_playercard_mastery_gold_crossbow,ui_playercard_mastery_gold_crossbow,0,standard,,TRUE,0,,,0
1392,ui_playercard_mastery_gold_sword,ui_playercard_mastery_gold_sword,0,standard,,TRUE,0,,,0
1393,ui_playercard_mastery_gold_vecho,ui_playercard_mastery_gold_vecho,0,standard,,TRUE,0,,,0
1394,ui_playercard_mastery_orion_acharlie300,ui_playercard_mastery_orion_acharlie300,0,standard,,TRUE,0,,,0
1395,ui_playercard_mastery_orion_crossbow,ui_playercard_mastery_orion_crossbow,0,standard,,TRUE,0,,,0
1396,ui_playercard_mastery_orion_sword,ui_playercard_mastery_orion_sword,0,standard,,TRUE,0,,,0
1397,ui_playercard_mastery_orion_vecho,ui_playercard_mastery_orion_vecho,0,standard,,TRUE,0,,,0
1398,ui_playercard_mastery_platinum_acharlie300,ui_playercard_mastery_platinum_acharlie300,0,standard,,TRUE,0,,,0
1399,ui_playercard_mastery_platinum_crossbow,ui_playercard_mastery_platinum_crossbow,0,standard,,TRUE,0,,,0
1400,ui_playercard_mastery_platinum_sword,ui_playercard_mastery_platinum_sword,0,standard,,TRUE,0,,,0
1401,ui_playercard_mastery_platinum_vecho,ui_playercard_mastery_platinum_vecho,0,standard,,TRUE,0,,,0
1402,ui_playercard_rankedplay_14,ui_playercard_rankedplay_14,0,standard,,TRUE,0,,,0
1403,ui_playercard_rankedplay_15,ui_playercard_rankedplay_15,0,standard,,TRUE,0,,,0
1404,ui_playercard_rankedplay_16,ui_playercard_rankedplay_16,0,standard,,TRUE,0,,,0
1405,ui_playercard_wz_rankedplay_01,ui_playercard_wz_rankedplay_01,0,standard,,TRUE,0,,,0
1406,ui_playercard_wz_rankedplay_02,ui_playercard_wz_rankedplay_02,0,standard,,TRUE,0,,,0
1407,ui_playercard_wz_rankedplay_03,ui_playercard_wz_rankedplay_03,0,standard,,TRUE,0,,,0
1408,ui_playercard_wz_rankedplay_04,ui_playercard_wz_rankedplay_04,0,standard,,TRUE,0,,,0
1409,ui_playercard_wz_rankedplay_05,ui_playercard_wz_rankedplay_05,0,standard,,TRUE,0,,,0
1410,ui_playercard_wz_rankedplay_06,ui_playercard_wz_rankedplay_06,0,standard,,TRUE,0,,,0
1411,ui_playercard_wz_rankedplay_07,ui_playercard_wz_rankedplay_07,0,standard,,TRUE,0,,,0
1412,ui_playercard_wz_rankedplay_08,ui_playercard_wz_rankedplay_08,0,standard,,TRUE,0,,,0
1413,ui_playercard_wz_rankedplay_09,ui_playercard_wz_rankedplay_09,0,standard,,TRUE,0,,,0
1414,ui_playercard_wz_rankedplay_10,ui_playercard_wz_rankedplay_10,0,standard,,TRUE,0,,,0
1415,ui_playercard_wz_rankedplay_11,ui_playercard_wz_rankedplay_11,0,standard,,TRUE,0,,,0
1416,ui_playercard_wz_rankedplay_12,ui_playercard_wz_rankedplay_12,0,standard,,TRUE,0,,,0
1417,ui_playercard_wz_rankedplay_13,ui_playercard_wz_rankedplay_13,0,standard,,TRUE,0,,,0
1418,ui_playercard_1135,ui_playercard_1135,0,standard,,TRUE,1,,,0
1419,ui_playercard_1136,ui_playercard_1136,0,standard,,TRUE,1,,,0
1420,ui_playercard_1137,ui_playercard_1137,0,standard,,TRUE,1,,,0
1421,ui_playercard_1138,ui_playercard_1138,0,standard,,TRUE,1,,,0
1422,ui_playercard_1139,ui_playercard_1139,0,standard,,TRUE,1,,,0
1423,ui_playercard_1140,ui_playercard_1140,0,standard,,TRUE,1,,,0
1424,ui_playercard_1141,ui_playercard_1141,0,standard,,TRUE,1,,,0
1425,ui_playercard_1142,ui_playercard_1142,0,standard,,TRUE,1,,,0
1426,ui_playercard_1143,ui_playercard_1143,0,standard,,TRUE,1,,,0
1427,ui_playercard_1144,ui_playercard_1144,0,standard,,TRUE,1,,,0
1428,ui_playercard_1145,ui_playercard_1145,0,standard,,TRUE,1,,,0
1429,ui_playercard_1146,ui_playercard_1146,0,standard,,TRUE,1,,,0
1430,ui_playercard_1147,ui_playercard_1147,0,standard,,TRUE,1,,,0
1431,ui_playercard_1148,ui_playercard_1148,0,standard,,TRUE,0,,,0
1432,ui_playercard_1149,ui_playercard_1149,0,standard,,TRUE,0,,,0
1433,ui_playercard_1150,ui_playercard_1150,0,standard,,TRUE,0,,,0
1434,ui_playercard_1151,ui_playercard_1151,0,standard,,TRUE,0,,,0
1435,ui_playercard_1152,ui_playercard_1152,0,standard,,TRUE,0,,,0
1436,ui_playercard_1153,ui_playercard_1153,0,standard,,TRUE,0,,,0
1437,ui_playercard_1154,ui_playercard_1154,0,standard,,TRUE,0,,,0
1438,ui_playercard_1155,ui_playercard_1155,0,standard,,TRUE,0,,,0
1439,ui_playercard_1156,ui_playercard_1156,0,standard,,TRUE,0,,,0
1440,ui_playercard_1157,ui_playercard_1157,0,standard,,TRUE,0,,,0
1441,ui_playercard_1158,ui_playercard_1158,0,standard,,TRUE,0,,,0
1442,ui_playercard_1159,ui_playercard_1159,0,standard,,TRUE,0,,,0
1443,ui_playercard_1160,ui_playercard_1160,0,standard,,TRUE,1,,,0
1444,ui_playercard_1161,ui_playercard_1161,0,standard,,TRUE,1,,,0
1445,ui_playercard_1162,ui_playercard_1162,0,standard,,TRUE,1,,,0
1446,ui_playercard_1163,ui_playercard_1163,0,standard,,TRUE,1,,,0
1447,ui_playercard_1164,ui_playercard_1164,0,standard,,TRUE,1,,,0
1448,ui_playercard_1165,ui_playercard_1165,0,standard,,TRUE,1,,,0
1449,ui_playercard_1166,ui_playercard_1166,0,standard,,TRUE,1,,,0
1450,ui_playercard_1167,ui_playercard_1167,0,standard,,TRUE,1,,,0
1451,ui_playercard_1168,ui_playercard_1168,0,standard,,TRUE,0,,,0
1452,ui_playercard_1169,ui_playercard_1169,0,standard,,TRUE,0,,,0
1453,ui_playercard_1170,ui_playercard_1170,0,standard,,TRUE,0,,,0
1454,ui_playercard_1171,ui_playercard_1171,0,standard,,TRUE,0,,,0
1455,ui_playercard_1172,ui_playercard_1172,0,standard,,TRUE,0,,,0
1456,ui_playercard_1173,ui_playercard_1173,0,standard,,TRUE,0,,,0
1457,ui_playercard_1174,ui_playercard_1174,0,standard,,TRUE,0,,,0
1458,ui_playercard_1175,ui_playercard_1175,0,standard,,TRUE,0,,,0
1459,ui_playercard_1176,ui_playercard_1176,0,standard,,TRUE,0,,,0
1460,ui_playercard_1177,ui_playercard_1177,0,standard,,TRUE,0,,,0
1461,ui_playercard_1178,ui_playercard_1178,0,standard,,TRUE,0,,,0
1462,ui_playercard_1179,ui_playercard_1179,0,standard,,TRUE,0,,,0
1463,ui_playercard_1180,ui_playercard_1180,0,standard,,TRUE,1,,,0
1464,ui_playercard_1181,ui_playercard_1181,0,standard,,TRUE,1,,,0
1465,ui_playercard_1182,ui_playercard_1182,0,standard,,TRUE,0,,,0
1466,ui_playercard_1183,ui_playercard_1183,0,standard,,TRUE,0,,,0
1467,ui_playercard_1184,ui_playercard_1184,0,standard,,TRUE,0,,,0
1468,ui_playercard_1185,ui_playercard_1185,0,standard,,TRUE,0,,,0
1469,ui_playercard_1186,ui_playercard_1186,0,standard,,TRUE,0,,,0
1470,ui_playercard_1187,ui_playercard_1187,0,standard,,TRUE,0,,,0
1471,ui_playercard_1188,ui_playercard_1188,0,standard,,TRUE,0,,,0
1472,ui_playercard_1189,ui_playercard_1189,0,standard,,TRUE,0,,,0
1473,ui_playercard_1190,ui_playercard_1190,0,standard,,TRUE,0,,,0
1474,ui_playercard_1191,ui_playercard_1191,0,standard,,TRUE,0,,,0
1475,ui_playercard_1192,ui_playercard_1192,0,standard,,TRUE,0,,,0
1476,ui_playercard_1193,ui_playercard_1193,0,standard,,TRUE,0,,,0
1477,ui_playercard_1194,ui_playercard_1194,0,standard,,TRUE,0,,,0
1478,ui_playercard_1195,ui_playercard_1195,0,standard,,TRUE,0,,,0
1479,ui_playercard_1196,ui_playercard_1196,0,standard,,TRUE,0,,,0
1480,ui_playercard_1197,ui_playercard_1197,0,standard,,TRUE,0,,,0
1481,ui_playercard_1198,ui_playercard_1198,0,standard,,TRUE,1,,,0
1482,ui_playercard_1199,ui_playercard_1199,0,standard,,TRUE,1,,,0
1483,ui_playercard_1200,ui_playercard_1200,0,standard,,TRUE,1,,,0
1484,ui_playercard_mastery_element119_stango25,ui_playercard_mastery_element119_stango25,0,standard,,TRUE,0,,,0
1485,ui_playercard_mastery_gold_stango25,ui_playercard_mastery_gold_stango25,0,standard,,TRUE,0,,,0
1486,ui_playercard_mastery_orion_stango25,ui_playercard_mastery_orion_stango25,0,standard,,TRUE,0,,,0
1487,ui_playercard_mastery_platinum_stango25,ui_playercard_mastery_platinum_stango25,0,standard,,TRUE,0,,,0
1488,ui_playercard_1217,ui_playercard_1217,0,standard,,TRUE,0,,,0
1489,ui_playercard_1218,ui_playercard_1218,0,standard,,TRUE,0,,,0
1490,ui_playercard_1219,ui_playercard_1219,0,standard,,TRUE,0,,,0
1491,ui_playercard_1220,ui_playercard_1220,0,standard,,TRUE,0,,,0
1492,ui_playercard_1221,ui_playercard_1221,0,standard,,TRUE,0,,,0
1493,ui_playercard_1222,ui_playercard_1222,0,standard,,TRUE,0,,,0
1494,ui_playercard_1223,ui_playercard_1223,0,standard,,TRUE,0,,,0
1495,ui_playercard_1224,ui_playercard_1224,0,standard,,TRUE,0,,,0
1496,ui_playercard_1225,ui_playercard_1225,0,standard,,TRUE,0,,,0
1497,ui_playercard_1226,ui_playercard_1226,0,standard,,TRUE,0,,,0
1498,ui_playercard_1227,ui_playercard_1227,0,standard,,TRUE,0,,,0
1499,ui_playercard_1235,ui_playercard_1235,0,standard,,TRUE,0,,,0
1500,ui_playercard_1236,ui_playercard_1236,0,standard,,TRUE,0,,,0
1501,ui_playercard_1237,ui_playercard_1237,0,standard,,TRUE,0,,,0
1502,ui_playercard_1238,ui_playercard_1238,0,standard,,TRUE,0,,,0
1503,ui_playercard_1239,ui_playercard_1239,0,standard,,TRUE,0,,,0
1504,ui_playercard_1240,ui_playercard_1240,0,standard,,TRUE,0,,,0
1505,ui_playercard_1241,ui_playercard_1241,0,standard,,TRUE,0,,,0
1506,ui_playercard_1242,ui_playercard_1242,0,standard,,TRUE,0,,,0
1507,ui_playercard_1243,ui_playercard_1243,0,standard,,TRUE,0,,,0
1508,ui_playercard_1244,ui_playercard_1244,0,standard,,TRUE,0,,,0
1509,ui_playercard_1245,ui_playercard_1245,0,standard,,TRUE,0,,,0
1510,ui_playercard_1246,ui_playercard_1246,0,standard,,TRUE,0,,,0
1511,ui_playercard_1249,ui_playercard_1249,0,standard,,TRUE,0,,,0
1512,ui_playercard_1250,ui_playercard_1250,0,standard,,TRUE,0,,,0
1513,ui_playercard_1251,ui_playercard_1251,0,standard,,TRUE,0,,,0
1514,ui_playercard_1252,ui_playercard_1252,0,standard,,TRUE,0,,,0
1515,ui_playercard_1253,ui_playercard_1253,0,standard,,TRUE,0,,,0
1516,ui_playercard_mastery_element119_india,ui_playercard_mastery_element119_india,0,standard,,TRUE,0,,,0
1517,ui_playercard_mastery_element119_ngsierra,ui_playercard_mastery_element119_ngsierra,0,standard,,TRUE,0,,,0
1518,ui_playercard_mastery_gold_india,ui_playercard_mastery_gold_india,0,standard,,TRUE,0,,,0
1519,ui_playercard_mastery_gold_ngsierra,ui_playercard_mastery_gold_ngsierra,0,standard,,TRUE,0,,,0
1520,ui_playercard_mastery_orion_india,ui_playercard_mastery_orion_india,0,standard,,TRUE,0,,,0
1521,ui_playercard_mastery_orion_ngsierra,ui_playercard_mastery_orion_ngsierra,0,standard,,TRUE,0,,,0
1522,ui_playercard_mastery_platinum_india,ui_playercard_mastery_platinum_india,0,standard,,TRUE,0,,,0
1523,ui_playercard_mastery_platinum_ngsierra,ui_playercard_mastery_platinum_ngsierra,0,standard,,TRUE,0,,,0
1524,ui_playercard_rankedplay_17,ui_playercard_rankedplay_17,0,standard,,TRUE,0,,,0
1525,ui_playercard_rankedplay_18,ui_playercard_rankedplay_18,0,standard,,TRUE,0,,,0
1526,ui_playercard_rankedplay_19,ui_playercard_rankedplay_19,0,standard,,TRUE,0,,,0
1527,ui_playercard_wz_rankedplay_14,ui_playercard_wz_rankedplay_14,0,standard,,TRUE,0,,,0
1528,ui_playercard_wz_rankedplay_15,ui_playercard_wz_rankedplay_15,0,standard,,TRUE,0,,,0
1529,ui_playercard_wz_rankedplay_16,ui_playercard_wz_rankedplay_16,0,standard,,TRUE,0,,,0
1530,ui_playercard_mastery_element119_dechoauto,ui_playercard_mastery_element119_dechoauto,0,standard,,TRUE,0,,,0
1531,ui_playercard_mastery_element119_tango9,ui_playercard_mastery_element119_tango9,0,standard,,TRUE,0,,,0
1532,ui_playercard_mastery_gold_dechoauto,ui_playercard_mastery_gold_dechoauto,0,standard,,TRUE,0,,,0
1533,ui_playercard_mastery_gold_tango9,ui_playercard_mastery_gold_tango9,0,standard,,TRUE,0,,,0
1534,ui_playercard_mastery_orion_dechoauto,ui_playercard_mastery_orion_dechoauto,0,standard,,TRUE,0,,,0
1535,ui_playercard_mastery_orion_tango9,ui_playercard_mastery_orion_tango9,0,standard,,TRUE,0,,,0
1536,ui_playercard_mastery_platinum_dechoauto,ui_playercard_mastery_platinum_dechoauto,0,standard,,TRUE,0,,,0
1537,ui_playercard_mastery_platinum_tango9,ui_playercard_mastery_platinum_tango9,0,standard,,TRUE,0,,,0
1538,ui_playercard_rankedplay_20,ui_playercard_rankedplay_20,0,standard,,TRUE,0,,,0
1539,ui_playercard_rankedplay_21,ui_playercard_rankedplay_21,0,standard,,TRUE,0,,,0
1540,ui_playercard_rankedplay_22,ui_playercard_rankedplay_22,0,standard,,TRUE,0,,,0
1541,ui_playercard_wz_rankedplay_17,ui_playercard_wz_rankedplay_17,0,standard,,TRUE,0,,,0
1542,ui_playercard_wz_rankedplay_18,ui_playercard_wz_rankedplay_18,0,standard,,TRUE,0,,,0
1543,ui_playercard_wz_rankedplay_19,ui_playercard_wz_rankedplay_19,0,standard,,TRUE,0,,,0
1544,ui_playercard_mastery_element119_acharlie45,ui_playercard_mastery_element119_acharlie45,0,standard,,TRUE,0,,,0
1545,ui_playercard_mastery_element119_acharlie9,ui_playercard_mastery_element119_acharlie9,0,standard,,TRUE,0,,,0
1546,ui_playercard_mastery_element119_falpha,ui_playercard_mastery_element119_falpha,0,standard,,TRUE,0,,,0
1547,ui_playercard_mastery_element119_fecho,ui_playercard_mastery_element119_fecho,0,standard,,TRUE,0,,,0
1548,ui_playercard_mastery_element119_helima,ui_playercard_mastery_element119_helima,0,standard,,TRUE,0,,,0
1549,ui_playercard_mastery_element119_kamas,ui_playercard_mastery_element119_kamas,0,standard,,TRUE,0,,,0
1550,ui_playercard_mastery_element119_malima,ui_playercard_mastery_element119_malima,0,standard,,TRUE,0,,,0
1551,ui_playercard_mastery_element119_mike2011,ui_playercard_mastery_element119_mike2011,0,standard,,TRUE,0,,,0
1552,ui_playercard_mastery_element119_mkilo3,ui_playercard_mastery_element119_mkilo3,0,standard,,TRUE,0,,,0
1553,ui_playercard_mastery_element119_ralpha,ui_playercard_mastery_element119_ralpha,0,standard,,TRUE,0,,,0
1554,ui_playercard_mastery_element119_tonfa,ui_playercard_mastery_element119_tonfa,0,standard,,TRUE,0,,,0
1555,ui_playercard_mastery_element119_tsierra,ui_playercard_mastery_element119_tsierra,0,standard,,TRUE,0,,,0
1556,ui_playercard_mastery_element119_walpha,ui_playercard_mastery_element119_walpha,0,standard,,TRUE,0,,,0
1557,ui_playercard_mastery_gold_acharlie45,ui_playercard_mastery_gold_acharlie45,0,standard,,TRUE,0,,,0
1558,ui_playercard_mastery_gold_acharlie9,ui_playercard_mastery_gold_acharlie9,0,standard,,TRUE,0,,,0
1559,ui_playercard_mastery_gold_falpha,ui_playercard_mastery_gold_falpha,0,standard,,TRUE,0,,,0
1560,ui_playercard_mastery_gold_fecho,ui_playercard_mastery_gold_fecho,0,standard,,TRUE,0,,,0
1561,ui_playercard_mastery_gold_helima,ui_playercard_mastery_gold_helima,0,standard,,TRUE,0,,,0
1562,ui_playercard_mastery_gold_kamas,ui_playercard_mastery_gold_kamas,0,standard,,TRUE,0,,,0
1563,ui_playercard_mastery_gold_malima,ui_playercard_mastery_gold_malima,0,standard,,TRUE,0,,,0
1564,ui_playercard_mastery_gold_mike2011,ui_playercard_mastery_gold_mike2011,0,standard,,TRUE,0,,,0
1565,ui_playercard_mastery_gold_mkilo3,ui_playercard_mastery_gold_mkilo3,0,standard,,TRUE,0,,,0
1566,ui_playercard_mastery_gold_ralpha,ui_playercard_mastery_gold_ralpha,0,standard,,TRUE,0,,,0
1567,ui_playercard_mastery_gold_tonfa,ui_playercard_mastery_gold_tonfa,0,standard,,TRUE,0,,,0
1568,ui_playercard_mastery_gold_tsierra,ui_playercard_mastery_gold_tsierra,0,standard,,TRUE,0,,,0
1569,ui_playercard_mastery_gold_walpha,ui_playercard_mastery_gold_walpha,0,standard,,TRUE,0,,,0
1570,ui_playercard_mastery_orion_acharlie45,ui_playercard_mastery_orion_acharlie45,0,standard,,TRUE,0,,,0
1571,ui_playercard_mastery_orion_acharlie9,ui_playercard_mastery_orion_acharlie9,0,standard,,TRUE,0,,,0
1572,ui_playercard_mastery_orion_falpha,ui_playercard_mastery_orion_falpha,0,standard,,TRUE,0,,,0
1573,ui_playercard_mastery_orion_fecho,ui_playercard_mastery_orion_fecho,0,standard,,TRUE,0,,,0
1574,ui_playercard_mastery_orion_helima,ui_playercard_mastery_orion_helima,0,standard,,TRUE,0,,,0
1575,ui_playercard_mastery_orion_kamas,ui_playercard_mastery_orion_kamas,0,standard,,TRUE,0,,,0
1576,ui_playercard_mastery_orion_malima,ui_playercard_mastery_orion_malima,0,standard,,TRUE,0,,,0
1577,ui_playercard_mastery_orion_mike2011,ui_playercard_mastery_orion_mike2011,0,standard,,TRUE,0,,,0
1578,ui_playercard_mastery_orion_mkilo3,ui_playercard_mastery_orion_mkilo3,0,standard,,TRUE,0,,,0
1579,ui_playercard_mastery_orion_ralpha,ui_playercard_mastery_orion_ralpha,0,standard,,TRUE,0,,,0
1580,ui_playercard_mastery_orion_tonfa,ui_playercard_mastery_orion_tonfa,0,standard,,TRUE,0,,,0
1581,ui_playercard_mastery_orion_tsierra,ui_playercard_mastery_orion_tsierra,0,standard,,TRUE,0,,,0
1582,ui_playercard_mastery_orion_walpha,ui_playercard_mastery_orion_walpha,0,standard,,TRUE,0,,,0
1583,ui_playercard_mastery_platinum_acharlie45,ui_playercard_mastery_platinum_acharlie45,0,standard,,TRUE,0,,,0
1584,ui_playercard_mastery_platinum_acharlie9,ui_playercard_mastery_platinum_acharlie9,0,standard,,TRUE,0,,,0
1585,ui_playercard_mastery_platinum_falpha,ui_playercard_mastery_platinum_falpha,0,standard,,TRUE,0,,,0
1586,ui_playercard_mastery_platinum_fecho,ui_playercard_mastery_platinum_fecho,0,standard,,TRUE,0,,,0
1587,ui_playercard_mastery_platinum_helima,ui_playercard_mastery_platinum_helima,0,standard,,TRUE,0,,,0
1588,ui_playercard_mastery_platinum_kamas,ui_playercard_mastery_platinum_kamas,0,standard,,TRUE,0,,,0
1589,ui_playercard_mastery_platinum_malima,ui_playercard_mastery_platinum_malima,0,standard,,TRUE,0,,,0
1590,ui_playercard_mastery_platinum_mike2011,ui_playercard_mastery_platinum_mike2011,0,standard,,TRUE,0,,,0
1591,ui_playercard_mastery_platinum_mkilo3,ui_playercard_mastery_platinum_mkilo3,0,standard,,TRUE,0,,,0
1592,ui_playercard_mastery_platinum_ralpha,ui_playercard_mastery_platinum_ralpha,0,standard,,TRUE,0,,,0
1593,ui_playercard_mastery_platinum_tonfa,ui_playercard_mastery_platinum_tonfa,0,standard,,TRUE,0,,,0
1594,ui_playercard_mastery_platinum_tsierra,ui_playercard_mastery_platinum_tsierra,0,standard,,TRUE,0,,,0
1595,ui_playercard_mastery_platinum_walpha,ui_playercard_mastery_platinum_walpha,0,standard,,TRUE,0,,,0
1596,ui_playercard_wz_rankedplay_20,ui_playercard_wz_rankedplay_20,0,standard,,TRUE,0,,,0
1597,ui_playercard_wz_rankedplay_21,ui_playercard_wz_rankedplay_21,0,standard,,TRUE,0,,,0
1598,ui_playercard_wz_rankedplay_22,ui_playercard_wz_rankedplay_22,0,standard,,TRUE,0,,,0
1599,ui_playercard_rankedplay_23,ui_playercard_rankedplay_23,0,standard,,TRUE,0,,,0
1600,ui_playercard_rankedplay_24,ui_playercard_rankedplay_24,0,standard,,TRUE,0,,,0
1601,ui_playercard_rankedplay_25,ui_playercard_rankedplay_25,0,standard,,TRUE,0,,,0
1602,ui_playercard_mastery_element119_pickaxe,ui_playercard_mastery_element119_pickaxe,0,standard,,TRUE,0,,,0
1603,ui_playercard_mastery_element119_sdelta,ui_playercard_mastery_element119_sdelta,0,standard,,TRUE,0,,,0
1604,ui_playercard_mastery_gold_pickaxe,ui_playercard_mastery_gold_pickaxe,0,standard,,TRUE,0,,,0
1605,ui_playercard_mastery_gold_sdelta,ui_playercard_mastery_gold_sdelta,0,standard,,TRUE,0,,,0
1606,ui_playercard_mastery_orion_pickaxe,ui_playercard_mastery_orion_pickaxe,0,standard,,TRUE,0,,,0
1607,ui_playercard_mastery_orion_sdelta,ui_playercard_mastery_orion_sdelta,0,standard,,TRUE,0,,,0
1608,ui_playercard_mastery_platinum_pickaxe,ui_playercard_mastery_platinum_pickaxe,0,standard,,TRUE,0,,,0
1609,ui_playercard_mastery_platinum_sdelta,ui_playercard_mastery_platinum_sdelta,0,standard,,TRUE,0,,,0
1610,cer_ui_playercard_001,cer_ui_playercard_001,0,standard,,TRUE,0,,,0
1611,cer_ui_playercard_002,cer_ui_playercard_002,0,standard,,TRUE,0,,,0
1612,cer_ui_playercard_003,cer_ui_playercard_003,0,standard,,TRUE,0,,,0
1613,cer_ui_playercard_004,cer_ui_playercard_004,0,standard,,TRUE,0,,,0
1614,cer_ui_playercard_005,cer_ui_playercard_005,0,standard,,TRUE,0,,,0
1615,cer_ui_playercard_006,cer_ui_playercard_006,0,standard,,TRUE,0,,,0
1616,cer_ui_playercard_007,cer_ui_playercard_007,0,standard,,TRUE,0,,,0
1617,cer_ui_playercard_008,cer_ui_playercard_008,0,standard,,TRUE,0,,,0
1618,cer_ui_playercard_009,cer_ui_playercard_009,0,standard,,TRUE,0,,,0
1619,cer_ui_playercard_010,cer_ui_playercard_010,0,standard,,TRUE,0,,,0
1620,cer_ui_playercard_011,cer_ui_playercard_011,0,standard,,TRUE,0,,,0
1621,cer_ui_playercard_012,cer_ui_playercard_012,0,standard,,TRUE,0,,,0
1622,cer_ui_playercard_013,cer_ui_playercard_013,0,standard,,TRUE,0,,,0
1623,cer_ui_playercard_014,cer_ui_playercard_014,0,standard,,TRUE,0,,,0
1624,cer_ui_playercard_015,cer_ui_playercard_015,0,standard,,TRUE,0,,,0
1625,cer_ui_playercard_016,cer_ui_playercard_016,0,standard,,TRUE,0,,,0
1626,cer_ui_playercard_017,cer_ui_playercard_017,0,standard,,TRUE,0,,,0
1627,cer_ui_playercard_018,cer_ui_playercard_018,0,standard,,TRUE,0,,,0
1628,cer_ui_playercard_019,cer_ui_playercard_019,0,standard,,TRUE,0,,,0
1629,cer_ui_playercard_020,cer_ui_playercard_020,0,standard,,TRUE,0,,,0
1630,cer_ui_playercard_021,cer_ui_playercard_021,0,standard,,TRUE,0,,,0
1631,cer_ui_playercard_022,cer_ui_playercard_022,0,standard,,TRUE,0,,,0
1632,cer_ui_playercard_023,cer_ui_playercard_023,0,standard,,TRUE,0,,,0
1633,cer_ui_playercard_024,cer_ui_playercard_024,0,standard,,TRUE,0,,,0
1634,cer_ui_playercard_025,cer_ui_playercard_025,0,standard,,TRUE,0,,,0
1635,cer_ui_playercard_026,cer_ui_playercard_026,0,standard,,TRUE,0,,,0
1636,cer_ui_playercard_027,cer_ui_playercard_027,0,standard,,TRUE,0,,,0
1637,cer_ui_playercard_028,cer_ui_playercard_028,0,standard,,TRUE,0,,,0
1638,cer_ui_playercard_029,cer_ui_playercard_029,0,standard,,TRUE,0,,,0
1639,cer_ui_playercard_030,cer_ui_playercard_030,0,standard,,TRUE,0,,,0
1640,cer_ui_playercard_031,cer_ui_playercard_031,0,standard,,TRUE,0,,,0
1641,cer_ui_playercard_032,cer_ui_playercard_032,0,standard,,TRUE,0,,,0
1642,cer_ui_playercard_033,cer_ui_playercard_033,0,standard,,TRUE,0,,,0
1643,cer_ui_playercard_034,cer_ui_playercard_034,0,standard,,TRUE,0,,,0
1644,cer_ui_playercard_035,cer_ui_playercard_035,0,standard,,TRUE,0,,,0
1645,cer_ui_playercard_036,cer_ui_playercard_036,0,standard,,TRUE,0,,,0
1646,cer_ui_playercard_037,cer_ui_playercard_037,0,standard,,TRUE,0,,,0
1647,cer_ui_playercard_038,cer_ui_playercard_038,0,standard,,TRUE,0,,,0
1648,cer_ui_playercard_039,cer_ui_playercard_039,0,standard,,TRUE,0,,,0
1649,cer_ui_playercard_040,cer_ui_playercard_040,0,standard,,TRUE,0,,,0
1650,cer_ui_playercard_041,cer_ui_playercard_041,0,standard,,TRUE,0,,,0
1651,cer_ui_playercard_042,cer_ui_playercard_042,0,standard,,TRUE,0,,,0
1652,cer_ui_playercard_043,cer_ui_playercard_043,0,standard,,TRUE,0,,,0
1653,cer_ui_playercard_044,cer_ui_playercard_044,0,standard,,TRUE,0,,,0
1654,cer_ui_playercard_045,cer_ui_playercard_045,0,standard,,TRUE,0,,,0
1655,cer_ui_playercard_046,cer_ui_playercard_046,0,standard,,TRUE,0,,,0
1656,cer_ui_playercard_047,cer_ui_playercard_047,0,standard,,TRUE,0,,,0
1657,cer_ui_playercard_048,cer_ui_playercard_048,0,standard,,TRUE,0,,,0
1658,cer_ui_playercard_049,cer_ui_playercard_049,0,standard,,TRUE,0,,,0
1659,cer_ui_playercard_050,cer_ui_playercard_050,0,standard,,TRUE,0,,,0
1660,cer_ui_playercard_051,cer_ui_playercard_051,0,standard,,TRUE,0,,,0
1661,cer_ui_playercard_052,cer_ui_playercard_052,0,standard,,TRUE,0,,,0
1662,cer_ui_playercard_053,cer_ui_playercard_053,0,standard,,TRUE,0,,,0
1663,cer_ui_playercard_054,cer_ui_playercard_054,0,standard,,TRUE,0,,,0
1664,cer_ui_playercard_055,cer_ui_playercard_055,0,standard,,TRUE,0,,,0
1665,cer_ui_playercard_056,cer_ui_playercard_056,0,standard,,TRUE,0,,,0
1666,cer_ui_playercard_057,cer_ui_playercard_057,0,standard,,TRUE,0,,,0
1667,cer_ui_playercard_058,cer_ui_playercard_058,0,standard,,TRUE,0,,,0
1668,cer_ui_playercard_059,cer_ui_playercard_059,0,standard,,TRUE,0,,,0
1669,cer_ui_playercard_060,cer_ui_playercard_060,0,standard,,TRUE,0,,,0
1670,cer_ui_playercard_061,cer_ui_playercard_061,0,standard,,TRUE,0,,,0
1671,cer_ui_playercard_062,cer_ui_playercard_062,0,standard,,TRUE,0,,,0
1672,cer_ui_playercard_063,cer_ui_playercard_063,0,standard,,TRUE,0,,,0
1673,cer_ui_playercard_064,cer_ui_playercard_064,0,standard,,TRUE,0,,,0
1674,cer_ui_playercard_065,cer_ui_playercard_065,0,standard,,TRUE,0,,,0
1675,cer_ui_playercard_066,cer_ui_playercard_066,0,standard,,TRUE,0,,,0
1676,cer_ui_playercard_067,cer_ui_playercard_067,0,standard,,TRUE,0,,,0
1677,cer_ui_playercard_068,cer_ui_playercard_068,0,standard,,TRUE,0,,,0
1678,cer_ui_playercard_069,cer_ui_playercard_069,0,standard,,TRUE,0,,,0
1679,cer_ui_playercard_070,cer_ui_playercard_070,0,standard,,TRUE,0,,,0
1680,cer_ui_playercard_071,cer_ui_playercard_071,0,standard,,TRUE,0,,,0
1681,cer_ui_playercard_072,cer_ui_playercard_072,0,standard,,TRUE,0,,,0
1682,cer_ui_playercard_073,cer_ui_playercard_073,0,standard,,TRUE,0,,,0
1683,cer_ui_playercard_074,cer_ui_playercard_074,0,standard,,TRUE,0,,,0
1684,cer_ui_playercard_075,cer_ui_playercard_075,0,standard,,TRUE,0,,,0
1685,cer_ui_playercard_076,cer_ui_playercard_076,0,standard,,TRUE,0,,,0
1686,cer_ui_playercard_077,cer_ui_playercard_077,0,standard,,TRUE,0,,,0
1687,cer_ui_playercard_078,cer_ui_playercard_078,0,standard,,TRUE,0,,,0
1688,cer_ui_playercard_079,cer_ui_playercard_079,0,standard,,TRUE,0,,,0
1689,cer_ui_playercard_080,cer_ui_playercard_080,0,standard,,TRUE,0,,,0
1690,cer_ui_playercard_081,cer_ui_playercard_081,0,standard,,TRUE,0,,,0
1691,cer_ui_playercard_082,cer_ui_playercard_082,0,standard,,TRUE,0,,,0
1692,cer_ui_playercard_083,cer_ui_playercard_083,0,standard,,TRUE,0,,,0
1693,cer_ui_playercard_084,cer_ui_playercard_084,0,standard,,TRUE,0,,,0
1694,cer_ui_playercard_085,cer_ui_playercard_085,0,standard,,TRUE,0,,,0
1695,cer_ui_playercard_086,cer_ui_playercard_086,0,standard,,TRUE,0,,,0
1696,cer_ui_playercard_087,cer_ui_playercard_087,0,standard,,TRUE,0,,,0
1697,cer_ui_playercard_088,cer_ui_playercard_088,0,standard,,TRUE,0,,,0
1698,cer_ui_playercard_089,cer_ui_playercard_089,0,standard,,TRUE,0,,,0
1699,cer_ui_playercard_090,cer_ui_playercard_090,0,standard,,TRUE,0,,,0
1700,cer_ui_playercard_091,cer_ui_playercard_091,0,standard,,TRUE,0,,,0
1701,cer_ui_playercard_092,cer_ui_playercard_092,0,standard,,TRUE,0,,,0
1702,cer_ui_playercard_093,cer_ui_playercard_093,0,standard,,TRUE,0,,,0
1703,cer_ui_playercard_094,cer_ui_playercard_094,0,standard,,TRUE,0,,,0
1704,cer_ui_playercard_095,cer_ui_playercard_095,0,standard,,TRUE,0,,,0
1705,cer_ui_playercard_096,cer_ui_playercard_096,0,standard,,TRUE,0,,,0
1706,cer_ui_playercard_097,cer_ui_playercard_097,0,standard,,TRUE,0,,,0
1707,cer_ui_playercard_098,cer_ui_playercard_098,0,standard,,TRUE,0,,,0
1708,cer_ui_playercard_099,cer_ui_playercard_099,0,standard,,TRUE,0,,,0
1709,cer_ui_playercard_100,cer_ui_playercard_100,0,standard,,TRUE,0,,,0
1710,cer_ui_playercard_101,cer_ui_playercard_101,0,standard,,TRUE,0,,,0
1711,cer_ui_playercard_102,cer_ui_playercard_102,0,standard,,TRUE,0,,,0
1712,cer_ui_playercard_103,cer_ui_playercard_103,0,standard,,TRUE,0,,,0
1713,cer_ui_playercard_104,cer_ui_playercard_104,0,standard,,TRUE,0,,,0
1714,cer_ui_playercard_105,cer_ui_playercard_105,0,standard,,TRUE,0,,,0
1715,cer_ui_playercard_106,cer_ui_playercard_106,0,standard,,TRUE,0,,,0
1716,cer_ui_playercard_107,cer_ui_playercard_107,0,standard,,TRUE,0,,,0
1717,cer_ui_playercard_108,cer_ui_playercard_108,0,standard,,TRUE,0,,,0
1718,cer_ui_playercard_109,cer_ui_playercard_109,0,standard,,TRUE,0,,,0
1719,cer_ui_playercard_110,cer_ui_playercard_110,0,standard,,TRUE,0,,,0
1720,cer_ui_playercard_111,cer_ui_playercard_111,0,standard,,TRUE,0,,,0
1721,cer_ui_playercard_112,cer_ui_playercard_112,0,standard,,TRUE,0,,,0
1722,cer_ui_playercard_113,cer_ui_playercard_113,0,standard,,TRUE,0,,,0
1723,cer_ui_playercard_114,cer_ui_playercard_114,0,standard,,TRUE,0,,,0
1724,cer_ui_playercard_115,cer_ui_playercard_115,0,standard,,TRUE,0,,,0
1725,cer_ui_playercard_116,cer_ui_playercard_116,0,standard,,TRUE,0,,,0
1726,cer_ui_playercard_117,cer_ui_playercard_117,0,standard,,TRUE,0,,,0
1727,cer_ui_playercard_118,cer_ui_playercard_118,0,standard,,TRUE,0,,,0
1728,cer_ui_playercard_119,cer_ui_playercard_119,0,standard,,TRUE,0,,,0
1729,cer_ui_playercard_120,cer_ui_playercard_120,0,standard,,TRUE,0,,,0
1730,cer_ui_playercard_121,cer_ui_playercard_121,0,standard,,TRUE,0,,,0
1731,cer_ui_playercard_122,cer_ui_playercard_122,0,standard,,TRUE,0,,,0
1732,cer_ui_playercard_123,cer_ui_playercard_123,0,standard,,TRUE,0,,,0
1733,cer_ui_playercard_124,cer_ui_playercard_124,0,standard,,TRUE,0,,,0
1734,cer_ui_playercard_125,cer_ui_playercard_125,0,standard,,TRUE,0,,,0
1735,cer_ui_playercard_126,cer_ui_playercard_126,0,standard,,TRUE,0,,,0
1736,cer_ui_playercard_127,cer_ui_playercard_127,0,standard,,TRUE,0,,,0
1737,cer_ui_playercard_128,cer_ui_playercard_128,0,standard,,TRUE,0,,,0
1738,cer_ui_playercard_129,cer_ui_playercard_129,0,standard,,TRUE,0,,,0
1739,cer_ui_playercard_130,cer_ui_playercard_130,0,standard,,TRUE,0,,,0
1740,cer_ui_playercard_131,cer_ui_playercard_131,0,standard,,TRUE,0,,,0
1741,cer_ui_playercard_132,cer_ui_playercard_132,0,standard,,TRUE,0,,,0
1742,cer_ui_playercard_133,cer_ui_playercard_133,0,standard,,TRUE,0,,,0
1743,cer_ui_playercard_134,cer_ui_playercard_134,0,standard,,TRUE,0,,,0
1744,cer_ui_playercard_135,cer_ui_playercard_135,0,standard,,TRUE,0,,,0
1745,cer_ui_playercard_136,cer_ui_playercard_136,0,standard,,TRUE,0,,,0
1746,cer_ui_playercard_137,cer_ui_playercard_137,0,standard,,TRUE,0,,,0
1747,cer_ui_playercard_138,cer_ui_playercard_138,0,standard,,TRUE,0,,,0
1748,cer_ui_playercard_139,cer_ui_playercard_139,0,standard,,TRUE,0,,,0
1749,cer_ui_playercard_140,cer_ui_playercard_140,0,standard,,TRUE,0,,,0
1750,cer_ui_playercard_141,cer_ui_playercard_141,0,standard,,TRUE,0,,,0
1751,cer_ui_playercard_142,cer_ui_playercard_142,0,standard,,TRUE,0,,,0
1752,cer_ui_playercard_143,cer_ui_playercard_143,0,standard,,TRUE,0,,,0
1753,cer_ui_playercard_144,cer_ui_playercard_144,0,standard,,TRUE,0,,,0
1754,cer_ui_playercard_145,cer_ui_playercard_145,0,standard,,TRUE,0,,,0
1755,cer_ui_playercard_146,cer_ui_playercard_146,0,standard,,TRUE,0,,,0
1756,cer_ui_playercard_147,cer_ui_playercard_147,0,standard,,TRUE,0,,,0
1757,cer_ui_playercard_148,cer_ui_playercard_148,0,standard,,TRUE,0,,,0
1758,cer_ui_playercard_149,cer_ui_playercard_149,0,standard,,TRUE,0,,,0
1759,cer_ui_playercard_150,cer_ui_playercard_150,0,standard,,TRUE,0,,,0
1760,cer_ui_playercard_151,cer_ui_playercard_151,0,standard,,TRUE,0,,,0
1761,cer_ui_playercard_152,cer_ui_playercard_152,0,standard,,TRUE,0,,,0
1762,cer_ui_playercard_153,cer_ui_playercard_153,0,standard,,TRUE,0,,,0
1763,cer_ui_playercard_154,cer_ui_playercard_154,0,standard,,TRUE,0,,,0
1764,cer_ui_playercard_155,cer_ui_playercard_155,0,standard,,TRUE,0,,,0
1765,cer_ui_playercard_156,cer_ui_playercard_156,0,standard,,TRUE,0,,,0
1766,cer_ui_playercard_157,cer_ui_playercard_157,0,standard,,TRUE,0,,,0
1767,cer_ui_playercard_158,cer_ui_playercard_158,0,standard,,TRUE,0,,,0
1768,cer_ui_playercard_159,cer_ui_playercard_159,0,standard,,TRUE,0,,,0
1769,cer_ui_playercard_160,cer_ui_playercard_160,0,standard,,TRUE,0,,,0
1770,cer_ui_playercard_161,cer_ui_playercard_161,0,standard,,TRUE,0,,,0
1771,cer_ui_playercard_162,cer_ui_playercard_162,0,standard,,TRUE,0,,,0
1772,cer_ui_playercard_163,cer_ui_playercard_163,0,standard,,TRUE,0,,,0
1773,cer_ui_playercard_164,cer_ui_playercard_164,0,standard,,TRUE,0,,,0
1774,cer_ui_playercard_165,cer_ui_playercard_165,0,standard,,TRUE,0,,,0
1775,cer_ui_playercard_166,cer_ui_playercard_166,0,standard,,TRUE,0,,,0
1776,cer_ui_playercard_167,cer_ui_playercard_167,0,standard,,TRUE,0,,,0
1777,cer_ui_playercard_168,cer_ui_playercard_168,0,standard,,TRUE,0,,,0
1778,cer_ui_playercard_169,cer_ui_playercard_169,0,standard,,TRUE,0,,,0
1779,cer_ui_playercard_170,cer_ui_playercard_170,0,standard,,TRUE,0,,,0
1780,cer_ui_playercard_171,cer_ui_playercard_171,0,standard,,TRUE,0,,,0
1781,cer_ui_playercard_172,cer_ui_playercard_172,0,standard,,TRUE,0,,,0
1782,cer_ui_playercard_173,cer_ui_playercard_173,0,standard,,TRUE,0,,,0
1783,cer_ui_playercard_174,cer_ui_playercard_174,0,standard,,TRUE,0,,,0
1784,cer_ui_playercard_175,cer_ui_playercard_175,0,standard,,TRUE,0,,,0
1785,cer_ui_playercard_176,cer_ui_playercard_176,0,standard,,TRUE,0,,,0
1786,cer_ui_playercard_177,cer_ui_playercard_177,0,standard,,TRUE,0,,,0
1787,cer_ui_playercard_178,cer_ui_playercard_178,0,standard,,TRUE,0,,,0
1788,cer_ui_playercard_179,cer_ui_playercard_179,0,standard,,TRUE,0,,,0
1789,cer_ui_playercard_180,cer_ui_playercard_180,0,standard,,TRUE,0,,,0
1790,cer_ui_playercard_181,cer_ui_playercard_181,0,standard,,TRUE,0,,,0
1791,cer_ui_playercard_182,cer_ui_playercard_182,0,standard,,TRUE,0,,,0
1792,cer_ui_playercard_183,cer_ui_playercard_183,0,standard,,TRUE,0,,,0
1793,cer_ui_playercard_184,cer_ui_playercard_184,0,standard,,TRUE,0,,,0
1794,cer_ui_playercard_185,cer_ui_playercard_185,0,standard,,TRUE,0,,,0
1795,cer_ui_playercard_186,cer_ui_playercard_186,0,standard,,TRUE,0,,,0
1796,cer_ui_playercard_187,cer_ui_playercard_187,0,standard,,TRUE,0,,,0
1797,cer_ui_playercard_188,cer_ui_playercard_188,0,standard,,TRUE,0,,,0
1798,cer_ui_playercard_189,cer_ui_playercard_189,0,standard,,TRUE,0,,,0
1799,cer_ui_playercard_190,cer_ui_playercard_190,0,standard,,TRUE,0,,,0
1800,cer_ui_playercard_191,cer_ui_playercard_191,0,standard,,TRUE,0,,,0
1801,cer_ui_playercard_192,cer_ui_playercard_192,0,standard,,TRUE,0,,,0
1802,cer_ui_playercard_193,cer_ui_playercard_193,0,standard,,TRUE,0,,,0
1803,cer_ui_playercard_194,cer_ui_playercard_194,0,standard,,TRUE,0,,,0
1804,cer_ui_playercard_195,cer_ui_playercard_195,0,standard,,TRUE,0,,,0
1805,cer_ui_playercard_196,cer_ui_playercard_196,0,standard,,TRUE,0,,,0
1806,cer_ui_playercard_197,cer_ui_playercard_197,0,standard,,TRUE,0,,,0
1807,cer_ui_playercard_198,cer_ui_playercard_198,0,standard,,TRUE,0,,,0
1808,cer_ui_playercard_199,cer_ui_playercard_199,0,standard,,TRUE,0,,,0
1809,cer_ui_playercard_200,cer_ui_playercard_200,0,standard,,TRUE,0,,,0
1810,cer_ui_playercard_201,cer_ui_playercard_201,0,standard,,TRUE,0,,,0
1811,cer_ui_playercard_203,cer_ui_playercard_203,0,standard,,TRUE,0,,,0
1812,cer_ui_playercard_204,cer_ui_playercard_204,0,standard,,TRUE,0,,,0
1813,cer_ui_playercard_205,cer_ui_playercard_205,0,standard,,TRUE,0,,,0
1814,cer_ui_playercard_206,cer_ui_playercard_206,0,standard,,TRUE,0,,,0
1815,cer_ui_playercard_207,cer_ui_playercard_207,0,standard,,TRUE,0,,,0
1816,cer_ui_playercard_208,cer_ui_playercard_208,0,standard,,TRUE,0,,,0
1817,cer_ui_playercard_209,cer_ui_playercard_209,0,standard,,TRUE,0,,,0
1818,cer_ui_playercard_210,cer_ui_playercard_210,0,standard,,TRUE,0,,,0
1819,cer_ui_playercard_211,cer_ui_playercard_211,0,standard,,TRUE,0,,,0
1820,cer_ui_playercard_212,cer_ui_playercard_212,0,standard,,TRUE,0,,,0
1821,cer_ui_playercard_213,cer_ui_playercard_213,0,standard,,TRUE,0,,,0
1822,cer_ui_playercard_214,cer_ui_playercard_214,0,standard,,TRUE,0,,,0
1823,cer_ui_playercard_215,cer_ui_playercard_215,0,standard,,TRUE,0,,,0
1824,cer_ui_playercard_216,cer_ui_playercard_216,0,standard,,TRUE,0,,,0
1825,cer_ui_playercard_217,cer_ui_playercard_217,0,standard,,TRUE,0,,,0
1826,cer_ui_playercard_218,cer_ui_playercard_218,0,standard,,TRUE,0,,,0
1827,cer_ui_playercard_219,cer_ui_playercard_219,0,standard,,TRUE,0,,,0
1828,cer_ui_playercard_220,cer_ui_playercard_220,0,standard,,TRUE,0,,,0
1829,cer_ui_playercard_221,cer_ui_playercard_221,0,standard,,TRUE,0,,,0
1830,cer_ui_playercard_222,cer_ui_playercard_222,0,standard,,TRUE,0,,,0
1831,cer_ui_playercard_223,cer_ui_playercard_223,0,standard,,TRUE,0,,,0
1832,cer_ui_playercard_224,cer_ui_playercard_224,0,standard,,TRUE,0,,,0
1833,cer_ui_playercard_225,cer_ui_playercard_225,0,standard,,TRUE,0,,,0
1834,cer_ui_playercard_226,cer_ui_playercard_226,0,standard,,TRUE,0,,,0
1835,cer_ui_playercard_227,cer_ui_playercard_227,0,standard,,TRUE,0,,,0
1836,cer_ui_playercard_228,cer_ui_playercard_228,0,standard,,TRUE,0,,,0
1837,cer_ui_playercard_229,cer_ui_playercard_229,0,standard,,TRUE,0,,,0
1838,cer_ui_playercard_230,cer_ui_playercard_230,0,standard,,TRUE,0,,,0
1839,cer_ui_playercard_231,cer_ui_playercard_231,0,standard,,TRUE,0,,,0
1840,cer_ui_playercard_232,cer_ui_playercard_232,0,standard,,TRUE,0,,,0
1841,cer_ui_playercard_233,cer_ui_playercard_233,0,standard,,TRUE,0,,,0
1842,cer_ui_playercard_234,cer_ui_playercard_234,0,standard,,TRUE,0,,,0
1843,cer_ui_playercard_235,cer_ui_playercard_235,0,standard,,TRUE,0,,,0
1844,cer_ui_playercard_236,cer_ui_playercard_236,0,standard,,TRUE,0,,,0
1845,cer_ui_playercard_237,cer_ui_playercard_237,0,standard,,TRUE,0,,,0
1846,cer_ui_playercard_238,cer_ui_playercard_238,0,standard,,TRUE,0,,,0
1847,cer_ui_playercard_239,cer_ui_playercard_239,0,standard,,TRUE,0,,,0
1848,cer_ui_playercard_240,cer_ui_playercard_240,0,standard,,TRUE,0,,,0
1849,cer_ui_playercard_241,cer_ui_playercard_241,0,standard,,TRUE,0,,,0
1850,cer_ui_playercard_242,cer_ui_playercard_242,0,standard,,TRUE,0,,,0
1851,cer_ui_playercard_243,cer_ui_playercard_243,0,standard,,TRUE,0,,,0
1852,cer_ui_playercard_244,cer_ui_playercard_244,0,standard,,TRUE,0,,,0
1853,cer_ui_playercard_245,cer_ui_playercard_245,0,standard,,TRUE,0,,,0
1854,cer_ui_playercard_251,cer_ui_playercard_251,0,standard,,TRUE,0,,,0
1855,cer_ui_playercard_252,cer_ui_playercard_252,0,standard,,TRUE,0,,,0
1856,cer_ui_playercard_246,cer_ui_playercard_246,0,standard,,TRUE,0,,,0
1857,cer_ui_playercard_247,cer_ui_playercard_247,0,standard,,TRUE,0,,,0
1858,cer_ui_playercard_248,cer_ui_playercard_248,0,standard,,TRUE,0,,,0
1859,cer_ui_playercard_249,cer_ui_playercard_249,0,standard,,TRUE,0,,,0
1860,cer_ui_playercard_250,cer_ui_playercard_250,0,standard,,TRUE,0,,,0
1861,cer_ui_playercard_253,cer_ui_playercard_253,0,standard,,TRUE,0,,,0
1862,cer_ui_playercard_254,cer_ui_playercard_254,0,standard,,TRUE,0,,,0
1863,cer_ui_playercard_255,cer_ui_playercard_255,0,standard,,TRUE,0,,,0
1864,cer_ui_playercard_256,cer_ui_playercard_256,0,standard,,TRUE,0,,,0
1865,cer_ui_playercard_257,cer_ui_playercard_257,0,standard,,TRUE,0,,,0
1866,cer_ui_playercard_258,cer_ui_playercard_258,0,standard,,TRUE,0,,,0
1867,cer_ui_playercard_259,cer_ui_playercard_259,0,standard,,TRUE,0,,,0
1868,cer_ui_playercard_260,cer_ui_playercard_260,0,standard,,TRUE,0,,,0
1869,cer_ui_playercard_261,cer_ui_playercard_261,0,standard,,TRUE,0,,,0
1870,cer_ui_playercard_262,cer_ui_playercard_262,0,standard,,TRUE,0,,,0
1871,cer_ui_playercard_263,cer_ui_playercard_263,0,standard,,TRUE,0,,,0
1872,cer_ui_playercard_264,cer_ui_playercard_264,0,standard,,TRUE,0,,,0
1873,cer_ui_playercard_265,cer_ui_playercard_265,0,standard,,TRUE,0,,,0
1874,cer_ui_playercard_266,cer_ui_playercard_266,0,standard,,TRUE,0,,,0
1875,cer_ui_playercard_267,cer_ui_playercard_267,0,standard,,TRUE,0,,,0
1876,cer_ui_playercard_268,cer_ui_playercard_268,0,standard,,TRUE,0,,,0
1877,cer_ui_playercard_269,cer_ui_playercard_269,0,standard,,TRUE,0,,,0
1878,cer_ui_playercard_270,cer_ui_playercard_270,0,standard,,TRUE,0,,,0
1879,cer_ui_playercard_271,cer_ui_playercard_271,0,standard,,TRUE,0,,,0
1880,cer_ui_playercard_272,cer_ui_playercard_272,0,standard,,TRUE,0,,,0
1881,cer_ui_playercard_273,cer_ui_playercard_273,0,standard,,TRUE,0,,,0
1882,cer_ui_playercard_274,cer_ui_playercard_274,0,standard,,TRUE,0,,,0
1883,cer_ui_playercard_275,cer_ui_playercard_275,0,standard,,TRUE,0,,,0
1884,cer_ui_playercard_276,cer_ui_playercard_276,0,standard,,TRUE,0,,,0
1885,cer_ui_playercard_277,cer_ui_playercard_277,0,standard,,TRUE,0,,,0
1886,cer_ui_playercard_278,cer_ui_playercard_278,0,standard,,TRUE,0,,,0
1887,cer_ui_playercard_279,cer_ui_playercard_279,0,standard,,TRUE,0,,,0
1888,cer_ui_playercard_280,cer_ui_playercard_280,0,standard,,TRUE,0,,,0
1889,cer_ui_playercard_281,cer_ui_playercard_281,0,standard,,TRUE,0,,,0
1890,cer_ui_playercard_282,cer_ui_playercard_282,0,standard,,TRUE,0,,,0
1891,cer_ui_playercard_283,cer_ui_playercard_283,0,standard,,TRUE,0,,,0
1892,cer_ui_playercard_284,cer_ui_playercard_284,0,standard,,TRUE,0,,,0
1893,cer_ui_playercard_285,cer_ui_playercard_285,0,standard,,TRUE,0,,,0
1894,cer_ui_playercard_286,cer_ui_playercard_286,0,standard,,TRUE,0,,,0
1895,cer_ui_playercard_287,cer_ui_playercard_287,0,standard,,TRUE,0,,,0
1896,cer_ui_playercard_288,cer_ui_playercard_288,0,standard,,TRUE,0,,,0
1897,cer_ui_playercard_289,cer_ui_playercard_289,0,standard,,TRUE,0,,,0
1898,cer_ui_playercard_290,cer_ui_playercard_290,0,standard,,TRUE,0,,,0
1899,cer_ui_playercard_291,cer_ui_playercard_291,0,standard,,TRUE,0,,,0
1900,cer_ui_playercard_292,cer_ui_playercard_292,0,standard,,TRUE,0,,,0
1901,cer_ui_playercard_293,cer_ui_playercard_293,0,standard,,TRUE,0,,,0
1902,cer_ui_playercard_294,cer_ui_playercard_294,0,standard,,TRUE,0,,,0
1903,cer_ui_playercard_295,cer_ui_playercard_295,0,standard,,TRUE,0,,,0
1904,cer_ui_playercard_296,cer_ui_playercard_296,0,standard,,TRUE,0,,,0
1905,cer_ui_playercard_297,cer_ui_playercard_297,0,standard,,TRUE,0,,,0
1906,cer_ui_playercard_298,cer_ui_playercard_298,0,standard,,TRUE,0,,,0
1907,cer_ui_playercard_299,cer_ui_playercard_299,0,standard,,TRUE,0,,,0
1908,cer_ui_playercard_202,cer_ui_playercard_202,0,standard,,TRUE,0,,,0
1909,cer_ui_playercard_300,cer_ui_playercard_300,0,standard,,TRUE,0,,,0
1910,cer_ui_playercard_301,cer_ui_playercard_301,0,standard,,TRUE,0,,,0
1911,cer_ui_playercard_302,cer_ui_playercard_302,0,standard,,TRUE,0,,,0
1912,cer_ui_playercard_303,cer_ui_playercard_303,0,standard,,TRUE,0,,,0
1913,cer_ui_playercard_304,cer_ui_playercard_304,0,standard,,TRUE,0,,,0
1914,cer_ui_playercard_305,cer_ui_playercard_305,0,standard,,TRUE,0,,,0
1915,cer_ui_playercard_306,cer_ui_playercard_306,0,standard,,TRUE,0,,,0
1916,cer_ui_playercard_307,cer_ui_playercard_307,0,standard,,TRUE,0,,,0
1917,cer_ui_playercard_308,cer_ui_playercard_308,0,standard,,TRUE,0,,,0
1918,cer_ui_playercard_309,cer_ui_playercard_309,0,standard,,TRUE,0,,,0
1919,cer_ui_playercard_310,cer_ui_playercard_310,0,standard,,TRUE,0,,,0
1920,cer_ui_playercard_311,cer_ui_playercard_311,0,standard,,TRUE,0,,,0
1921,cer_ui_playercard_312,cer_ui_playercard_312,0,standard,,TRUE,0,,,0
1922,cer_ui_playercard_313,cer_ui_playercard_313,0,standard,,TRUE,0,,,0
1923,cer_ui_playercard_314,cer_ui_playercard_314,0,standard,,TRUE,0,,,0
1924,cer_ui_playercard_315,cer_ui_playercard_315,0,standard,,TRUE,0,,,0
1925,cer_ui_playercard_316,cer_ui_playercard_316,0,standard,,TRUE,0,,,0
1926,cer_ui_playercard_317,cer_ui_playercard_317,0,standard,,TRUE,0,,,0
1927,cer_ui_playercard_318,cer_ui_playercard_318,0,standard,,TRUE,0,,,0
1928,cer_ui_playercard_319,cer_ui_playercard_319,0,standard,,TRUE,0,,,0
1929,cer_ui_playercard_320,cer_ui_playercard_320,0,standard,,TRUE,0,,,0
1930,cer_ui_playercard_321,cer_ui_playercard_321,0,standard,,TRUE,0,,,0
1931,cer_ui_playercard_322,cer_ui_playercard_322,0,standard,,TRUE,0,,,0
1932,cer_ui_playercard_323,cer_ui_playercard_323,0,standard,,TRUE,0,,,0
1933,cer_ui_playercard_324,cer_ui_playercard_324,0,standard,,TRUE,0,,,0
1934,cer_ui_playercard_325,cer_ui_playercard_325,0,standard,,TRUE,0,,,0
1935,cer_ui_playercard_326,cer_ui_playercard_326,0,standard,,TRUE,0,,,0
1936,cer_ui_playercard_327,cer_ui_playercard_327,0,standard,,TRUE,0,,,0
1937,cer_ui_playercard_328,cer_ui_playercard_328,0,standard,,TRUE,0,,,0
1938,cer_ui_playercard_329,cer_ui_playercard_329,0,standard,,TRUE,0,,,0
1939,cer_ui_playercard_330,cer_ui_playercard_330,0,standard,,TRUE,0,,,0
1940,cer_ui_playercard_334,cer_ui_playercard_334,0,standard,,TRUE,0,,,0
1941,cer_ui_playercard_331,cer_ui_playercard_331,0,standard,,TRUE,0,,,0
1942,cer_ui_playercard_332,cer_ui_playercard_332,0,standard,,TRUE,0,,,0
1943,cer_ui_playercard_333,cer_ui_playercard_333,0,standard,,TRUE,0,,,0
1944,cer_ui_playercard_335,cer_ui_playercard_335,0,standard,,TRUE,0,,,0
1945,cer_ui_playercard_336,cer_ui_playercard_336,0,standard,,TRUE,0,,,0
1946,cer_ui_playercard_337,cer_ui_playercard_337,0,standard,,TRUE,0,,,0
1947,cer_ui_playercard_338,cer_ui_playercard_338,0,standard,,TRUE,0,,,0
1948,cer_ui_playercard_339,cer_ui_playercard_339,0,standard,,TRUE,0,,,0
1949,cer_ui_playercard_340,cer_ui_playercard_340,0,standard,,TRUE,0,,,0
1950,cer_ui_playercard_341,cer_ui_playercard_341,0,standard,,TRUE,0,,,0
1951,cer_ui_playercard_342,cer_ui_playercard_342,0,standard,,TRUE,0,,,0
1952,cer_ui_playercard_343,cer_ui_playercard_343,0,standard,,TRUE,0,,,0
1953,cer_ui_playercard_344,cer_ui_playercard_344,0,standard,,TRUE,0,,,0
1954,cer_ui_playercard_345,cer_ui_playercard_345,0,standard,,TRUE,0,,,0
1955,cer_ui_playercard_346,cer_ui_playercard_346,0,standard,,TRUE,0,,,0
1956,cer_ui_playercard_347,cer_ui_playercard_347,0,standard,,TRUE,0,,,0
1957,cer_ui_playercard_349,cer_ui_playercard_349,0,standard,,TRUE,0,,,0
1958,cer_ui_playercard_350,cer_ui_playercard_350,0,standard,,TRUE,0,,,0
1959,cer_ui_playercard_351,cer_ui_playercard_351,0,standard,,TRUE,0,,,0
1960,cer_ui_playercard_352,cer_ui_playercard_352,0,standard,,TRUE,0,,,0
1961,cer_ui_playercard_353,cer_ui_playercard_353,0,standard,,TRUE,0,,,0
1962,cer_ui_playercard_354,cer_ui_playercard_354,0,standard,,TRUE,0,,,0
1963,cer_ui_playercard_355,cer_ui_playercard_355,0,standard,,TRUE,0,,,0
1964,cer_ui_playercard_356,cer_ui_playercard_356,0,standard,,TRUE,0,,,0
1965,cer_ui_playercard_357,cer_ui_playercard_357,0,standard,,TRUE,0,,,0
1966,cer_ui_playercard_358,cer_ui_playercard_358,0,standard,,TRUE,0,,,0
1967,cer_ui_playercard_359,cer_ui_playercard_359,0,standard,,TRUE,0,,,0
1968,cer_ui_playercard_360,cer_ui_playercard_360,0,standard,,TRUE,0,,,0
1969,cer_ui_playercard_361,cer_ui_playercard_361,0,standard,,TRUE,0,,,0
1970,cer_ui_playercard_362,cer_ui_playercard_362,0,standard,,TRUE,0,,,0
1971,cer_ui_playercard_363,cer_ui_playercard_363,0,standard,,TRUE,0,,,0
1972,cer_ui_playercard_364,cer_ui_playercard_364,0,standard,,TRUE,0,,,0
1973,cer_ui_playercard_365,cer_ui_playercard_365,0,standard,,TRUE,0,,,0
1974,cer_ui_playercard_366,cer_ui_playercard_366,0,standard,,TRUE,0,,,0
1975,cer_ui_playercard_367,cer_ui_playercard_367,0,standard,,TRUE,0,,,0
1976,cer_ui_playercard_368,cer_ui_playercard_368,0,standard,,TRUE,0,,,0
1977,cer_ui_playercard_369,cer_ui_playercard_369,0,standard,,TRUE,0,,,0
1978,cer_ui_playercard_370,cer_ui_playercard_370,0,standard,,TRUE,0,,,0
1979,cer_ui_playercard_371,cer_ui_playercard_371,0,standard,,TRUE,0,,,0
1980,cer_ui_playercard_372,cer_ui_playercard_372,0,standard,,TRUE,0,,,0
1981,cer_ui_playercard_373,cer_ui_playercard_373,0,standard,,TRUE,0,,,0
1982,cer_ui_playercard_374,cer_ui_playercard_374,0,standard,,TRUE,0,,,0
1983,cer_ui_playercard_375,cer_ui_playercard_375,0,standard,,TRUE,0,,,0
1984,cer_ui_playercard_376,cer_ui_playercard_376,0,standard,,TRUE,0,,,0
1985,cer_ui_playercard_377,cer_ui_playercard_377,0,standard,,TRUE,0,,,0
1986,cer_ui_playercard_378,cer_ui_playercard_378,0,standard,,TRUE,0,,,0
1987,cer_ui_playercard_379,cer_ui_playercard_379,0,standard,,TRUE,0,,,0
1988,cer_ui_playercard_380,cer_ui_playercard_380,0,standard,,TRUE,0,,,0
1989,cer_ui_playercard_348,cer_ui_playercard_348,0,standard,,TRUE,0,,,0
1990,cer_ui_playercard_381,cer_ui_playercard_381,0,standard,,TRUE,0,,,0
1991,cer_ui_playercard_382,cer_ui_playercard_382,0,standard,,TRUE,0,,,0
1992,cer_ui_playercard_383,cer_ui_playercard_383,0,standard,,TRUE,0,,,0
1993,cer_ui_playercard_384,cer_ui_playercard_384,0,standard,,TRUE,0,,,0
1994,cer_ui_playercard_385,cer_ui_playercard_385,0,standard,,TRUE,0,,,0
1995,cer_ui_playercard_386,cer_ui_playercard_386,0,standard,,TRUE,0,,,0
1996,cer_ui_playercard_387,cer_ui_playercard_387,0,standard,,TRUE,0,,,0
1997,cer_ui_playercard_388,cer_ui_playercard_388,0,standard,,TRUE,0,,,0
1998,cer_ui_playercard_389,cer_ui_playercard_389,0,standard,,TRUE,0,,,0
1999,cer_ui_playercard_390,cer_ui_playercard_390,0,standard,,TRUE,0,,,0
2000,cer_ui_playercard_391,cer_ui_playercard_391,0,standard,,TRUE,0,,,0
2001,cer_ui_playercard_392,cer_ui_playercard_392,0,standard,,TRUE,0,,,0
2002,cer_ui_playercard_393,cer_ui_playercard_393,0,standard,,TRUE,0,,,0
2003,cer_ui_playercard_394,cer_ui_playercard_394,0,standard,,TRUE,0,,,0
2004,cer_ui_playercard_395,cer_ui_playercard_395,0,standard,,TRUE,0,,,0
2005,cer_ui_playercard_396,cer_ui_playercard_396,0,standard,,TRUE,0,,,0
2006,cer_ui_playercard_397,cer_ui_playercard_397,0,standard,,TRUE,0,,,0
2007,cer_ui_playercard_398,cer_ui_playercard_398,0,standard,,TRUE,0,,,0
2008,cer_ui_playercard_399,cer_ui_playercard_399,0,standard,,TRUE,0,,,0
2009,cer_ui_playercard_400,cer_ui_playercard_400,0,standard,,TRUE,0,,,0
2010,cer_ui_playercard_401,cer_ui_playercard_401,0,standard,,TRUE,0,,,0
2011,cer_ui_playercard_402,cer_ui_playercard_402,0,standard,,TRUE,0,,,0
2012,cer_ui_playercard_403,cer_ui_playercard_403,0,standard,,TRUE,0,,,0
2013,cer_ui_playercard_404,cer_ui_playercard_404,0,standard,,TRUE,0,,,0
2014,cer_ui_playercard_405,cer_ui_playercard_405,0,standard,,TRUE,0,,,0
2015,cer_ui_playercard_406,cer_ui_playercard_406,0,standard,,TRUE,0,,,0
2016,cer_ui_playercard_407,cer_ui_playercard_407,0,standard,,TRUE,0,,,0
2017,cer_ui_playercard_408,cer_ui_playercard_408,0,standard,,TRUE,0,,,0
2018,cer_ui_playercard_409,cer_ui_playercard_409,0,standard,,TRUE,0,,,0
2019,cer_ui_playercard_410,cer_ui_playercard_410,0,standard,,TRUE,0,,,0
2020,cer_ui_playercard_411,cer_ui_playercard_411,0,standard,,TRUE,0,,,0
2021,cer_ui_playercard_412,cer_ui_playercard_412,0,standard,,TRUE,0,,,0
2022,cer_ui_playercard_413,cer_ui_playercard_413,0,standard,,TRUE,0,,,0
2023,cer_ui_playercard_414,cer_ui_playercard_414,0,standard,,TRUE,0,,,0
2024,cer_ui_playercard_415,cer_ui_playercard_415,0,standard,,TRUE,0,,,0
2025,cer_ui_playercard_416,cer_ui_playercard_416,0,standard,,TRUE,0,,,0
2026,cer_ui_playercard_417,cer_ui_playercard_417,0,standard,,TRUE,0,,,0
2027,cer_ui_playercard_418,cer_ui_playercard_418,0,standard,,TRUE,0,,,0
2028,cer_ui_playercard_419,cer_ui_playercard_419,0,standard,,TRUE,0,,,0
2029,cer_ui_playercard_420,cer_ui_playercard_420,0,standard,,TRUE,0,,,0
2030,cer_ui_playercard_421,cer_ui_playercard_421,0,standard,,TRUE,0,,,0
2031,cer_ui_playercard_422,cer_ui_playercard_422,0,standard,,TRUE,0,,,0
2032,cer_ui_playercard_423,cer_ui_playercard_423,0,standard,,TRUE,0,,,0
2033,cer_ui_playercard_424,cer_ui_playercard_424,0,standard,,TRUE,0,,,0
2034,cer_ui_playercard_425,cer_ui_playercard_425,0,standard,,TRUE,0,,,0
2035,cer_ui_playercard_426,cer_ui_playercard_426,0,standard,,TRUE,0,,,0
2036,cer_ui_playercard_427,cer_ui_playercard_427,0,standard,,TRUE,0,,,0
2037,cer_ui_playercard_428,cer_ui_playercard_428,0,standard,,TRUE,0,,,0
2038,cer_ui_playercard_429,cer_ui_playercard_429,0,standard,,TRUE,0,,,0
2039,cer_ui_playercard_430,cer_ui_playercard_430,0,standard,,TRUE,0,,,0
2040,cer_ui_playercard_431,cer_ui_playercard_431,0,standard,,TRUE,0,,,0
2041,cer_ui_playercard_432,cer_ui_playercard_432,0,standard,,TRUE,0,,,0
2042,cer_ui_playercard_433,cer_ui_playercard_433,0,standard,,TRUE,0,,,0
2043,cer_ui_playercard_434,cer_ui_playercard_434,0,standard,,TRUE,0,,,0
2044,cer_ui_playercard_435,cer_ui_playercard_435,0,standard,,TRUE,0,,,0
2045,cer_ui_playercard_436,cer_ui_playercard_436,0,standard,,TRUE,0,,,0
2046,cer_ui_playercard_437,cer_ui_playercard_437,0,standard,,TRUE,0,,,0
2047,cer_ui_playercard_438,cer_ui_playercard_438,0,standard,,TRUE,0,,,0
2048,cer_ui_playercard_439,cer_ui_playercard_439,0,standard,,TRUE,0,,,0
2049,cer_ui_playercard_440,cer_ui_playercard_440,0,standard,,TRUE,0,,,0
2050,cer_ui_playercard_441,cer_ui_playercard_441,0,standard,,TRUE,0,,,0
2051,cer_ui_playercard_442,cer_ui_playercard_442,0,standard,,TRUE,0,,,0
2052,cer_ui_playercard_443,cer_ui_playercard_443,0,standard,,TRUE,0,,,0
2053,cer_ui_playercard_444,cer_ui_playercard_444,0,standard,,TRUE,0,,,0
2054,cer_ui_playercard_445,cer_ui_playercard_445,0,standard,,TRUE,0,,,0
2055,cer_ui_playercard_446,cer_ui_playercard_446,0,standard,,TRUE,0,,,0
2056,cer_ui_playercard_447,cer_ui_playercard_447,0,standard,,TRUE,0,,,0
2057,cer_ui_playercard_448,cer_ui_playercard_448,0,standard,,TRUE,0,,,0
2058,cer_ui_playercard_449,cer_ui_playercard_449,0,standard,,TRUE,0,,,0
2059,cer_ui_playercard_450,cer_ui_playercard_450,0,standard,,TRUE,0,,,0
2060,cer_ui_playercard_451,cer_ui_playercard_451,0,standard,,TRUE,0,,,0
2061,cer_ui_playercard_452,cer_ui_playercard_452,0,standard,,TRUE,0,,,0
2062,cer_ui_playercard_453,cer_ui_playercard_453,0,standard,,TRUE,0,,,0
2063,cer_ui_playercard_454,cer_ui_playercard_454,0,standard,,TRUE,0,,,0
2064,cer_ui_playercard_455,cer_ui_playercard_455,0,standard,,TRUE,0,,,0
2065,cer_ui_playercard_456,cer_ui_playercard_456,0,standard,,TRUE,0,,,0
2066,cer_ui_playercard_457,cer_ui_playercard_457,0,standard,,TRUE,0,,,0
2067,cer_ui_playercard_458,cer_ui_playercard_458,0,standard,,TRUE,0,,,0
2068,cer_ui_playercard_459,cer_ui_playercard_459,0,standard,,TRUE,0,,,0
2069,cer_ui_playercard_460,cer_ui_playercard_460,0,standard,,TRUE,0,,,0
2070,cer_ui_playercard_461,cer_ui_playercard_461,0,standard,,TRUE,0,,,0
2071,cer_ui_playercard_462,cer_ui_playercard_462,0,standard,,TRUE,0,,,0
2072,cer_ui_playercard_463,cer_ui_playercard_463,0,standard,,TRUE,0,,,0
2073,cer_ui_playercard_464,cer_ui_playercard_464,0,standard,,TRUE,0,,,0
2074,cer_ui_playercard_465,cer_ui_playercard_465,0,standard,,TRUE,0,,,0
2075,cer_ui_playercard_466,cer_ui_playercard_466,0,standard,,TRUE,0,,,0
2076,cer_ui_playercard_467,cer_ui_playercard_467,0,standard,,TRUE,0,,,0
2077,cer_ui_playercard_468,cer_ui_playercard_468,0,standard,,TRUE,0,,,0
2078,cer_ui_playercard_469,cer_ui_playercard_469,0,standard,,TRUE,0,,,0
2079,cer_ui_playercard_470,cer_ui_playercard_470,0,standard,,TRUE,0,,,0
2080,cer_ui_playercard_471,cer_ui_playercard_471,0,standard,,TRUE,0,,,0
2081,cer_ui_playercard_472,cer_ui_playercard_472,0,standard,,TRUE,0,,,0
2082,cer_ui_playercard_473,cer_ui_playercard_473,0,standard,,TRUE,0,,,0
2083,cer_ui_playercard_474,cer_ui_playercard_474,0,standard,,TRUE,0,,,0
2084,cer_ui_playercard_475,cer_ui_playercard_475,0,standard,,TRUE,0,,,0
2085,cer_ui_playercard_476,cer_ui_playercard_476,0,standard,,TRUE,0,,,0
2086,cer_ui_playercard_477,cer_ui_playercard_477,0,standard,,TRUE,0,,,0
2087,cer_ui_playercard_478,cer_ui_playercard_478,0,standard,,TRUE,0,,,0
2088,cer_ui_playercard_479,cer_ui_playercard_479,0,standard,,TRUE,0,,,0
2089,cer_ui_playercard_480,cer_ui_playercard_480,0,standard,,TRUE,0,,,0
2090,cer_ui_playercard_481,cer_ui_playercard_481,0,standard,,TRUE,0,,,0
2091,cer_ui_playercard_482,cer_ui_playercard_482,0,standard,,TRUE,0,,,0
2092,cer_ui_playercard_483,cer_ui_playercard_483,0,standard,,TRUE,0,,,0
2093,cer_ui_playercard_484,cer_ui_playercard_484,0,standard,,TRUE,0,,,0
2094,cer_ui_playercard_485,cer_ui_playercard_485,0,standard,,TRUE,0,,,0
2095,cer_ui_playercard_486,cer_ui_playercard_486,0,standard,,TRUE,0,,,0
2096,cer_ui_playercard_487,cer_ui_playercard_487,0,standard,,TRUE,0,,,0
2097,cer_ui_playercard_488,cer_ui_playercard_488,0,standard,,TRUE,0,,,0
2098,cer_ui_playercard_489,cer_ui_playercard_489,0,standard,,TRUE,0,,,0
2099,cer_ui_playercard_490,cer_ui_playercard_490,0,standard,,TRUE,0,,,0
2100,cer_ui_playercard_491,cer_ui_playercard_491,0,standard,,TRUE,0,,,0
2101,cer_ui_playercard_492,cer_ui_playercard_492,0,standard,,TRUE,0,,,0
2102,cer_ui_playercard_493,cer_ui_playercard_493,0,standard,,TRUE,0,,,0
2103,cer_ui_playercard_494,cer_ui_playercard_494,0,standard,,TRUE,0,,,0
2104,cer_ui_playercard_495,cer_ui_playercard_495,0,standard,,TRUE,0,,,0
2105,cer_ui_playercard_496,cer_ui_playercard_496,0,standard,,TRUE,0,,,0
2106,cer_ui_playercard_497,cer_ui_playercard_497,0,standard,,TRUE,0,,,0
2107,cer_ui_playercard_498,cer_ui_playercard_498,0,standard,,TRUE,0,,,0
2108,cer_ui_playercard_499,cer_ui_playercard_499,0,standard,,TRUE,0,,,0
2109,cer_ui_playercard_500,cer_ui_playercard_500,0,standard,,TRUE,0,,,0
2110,cer_ui_playercard_501,cer_ui_playercard_501,0,standard,,TRUE,0,,,0
2111,cer_ui_playercard_502,cer_ui_playercard_502,0,standard,,TRUE,0,,,0
2112,cer_ui_playercard_503,cer_ui_playercard_503,0,standard,,TRUE,0,,,0
2113,cer_ui_playercard_504,cer_ui_playercard_504,0,standard,,TRUE,0,,,0
2114,cer_ui_playercard_505,cer_ui_playercard_505,0,standard,,TRUE,0,,,0
2115,cer_ui_playercard_506,cer_ui_playercard_506,0,standard,,TRUE,0,,,0
2116,cer_ui_playercard_507,cer_ui_playercard_507,0,standard,,TRUE,0,,,0
2117,cer_ui_playercard_508,cer_ui_playercard_508,0,standard,,TRUE,0,,,0
2118,cer_ui_playercard_509,cer_ui_playercard_509,0,standard,,TRUE,0,,,0
2119,cer_ui_playercard_510,cer_ui_playercard_510,0,standard,,TRUE,0,,,0
2120,cer_ui_playercard_511,cer_ui_playercard_511,0,standard,,TRUE,0,,,0
2121,cer_ui_playercard_512,cer_ui_playercard_512,0,standard,,TRUE,0,,,0
2122,cer_ui_playercard_513,cer_ui_playercard_513,0,standard,,TRUE,0,,,0
2123,cer_ui_playercard_514,cer_ui_playercard_514,0,standard,,TRUE,0,,,0
2124,cer_ui_playercard_515,cer_ui_playercard_515,0,standard,,TRUE,0,,,0
2125,cer_ui_playercard_516,cer_ui_playercard_516,0,standard,,TRUE,0,,,0
2126,cer_ui_playercard_517,cer_ui_playercard_517,0,standard,,TRUE,0,,,0
2127,cer_ui_playercard_518,cer_ui_playercard_518,0,standard,,TRUE,0,,,0
2128,cer_ui_playercard_519,cer_ui_playercard_519,0,standard,,TRUE,0,,,0
2129,cer_ui_playercard_520,cer_ui_playercard_520,0,standard,,TRUE,0,,,0
2130,cer_ui_playercard_521,cer_ui_playercard_521,0,standard,,TRUE,0,,,0
2131,cer_ui_playercard_522,cer_ui_playercard_522,0,standard,,TRUE,0,,,0
2132,cer_ui_playercard_523,cer_ui_playercard_523,0,standard,,TRUE,0,,,0
2133,cer_ui_playercard_524,cer_ui_playercard_524,0,standard,,TRUE,0,,,0
2134,cer_ui_playercard_525,cer_ui_playercard_525,0,standard,,TRUE,0,,,0
2135,cer_ui_playercard_526,cer_ui_playercard_526,0,standard,,TRUE,0,,,0
2136,cer_ui_playercard_527,cer_ui_playercard_527,0,standard,,TRUE,0,,,0
2137,cer_ui_playercard_528,cer_ui_playercard_528,0,standard,,TRUE,0,,,0
2138,cer_ui_playercard_529,cer_ui_playercard_529,0,standard,,TRUE,0,,,0
2139,cer_ui_playercard_530,cer_ui_playercard_530,0,standard,,TRUE,0,,,0
2140,cer_ui_playercard_531,cer_ui_playercard_531,0,standard,,TRUE,0,,,0
2141,cer_ui_playercard_532,cer_ui_playercard_532,0,standard,,TRUE,0,,,0
2142,cer_ui_playercard_533,cer_ui_playercard_533,0,standard,,TRUE,0,,,0
2143,cer_ui_playercard_534,cer_ui_playercard_534,0,standard,,TRUE,0,,,0
2144,cer_ui_playercard_535,cer_ui_playercard_535,0,standard,,TRUE,0,,,0
2145,cer_ui_playercard_536,cer_ui_playercard_536,0,standard,,TRUE,0,,,0
2146,cer_ui_playercard_537,cer_ui_playercard_537,0,standard,,TRUE,0,,,0
2147,cer_ui_playercard_538,cer_ui_playercard_538,0,standard,,TRUE,0,,,0
2148,cer_ui_playercard_539,cer_ui_playercard_539,0,standard,,TRUE,0,,,0
2149,cer_ui_playercard_540,cer_ui_playercard_540,0,standard,,TRUE,0,,,0
2150,cer_ui_playercard_541,cer_ui_playercard_541,0,standard,,TRUE,0,,,0
2151,cer_ui_playercard_542,cer_ui_playercard_542,0,standard,,TRUE,0,,,0
2152,cer_ui_playercard_543,cer_ui_playercard_543,0,standard,,TRUE,0,,,0
2153,cer_ui_playercard_544,cer_ui_playercard_544,0,standard,,TRUE,0,,,0
2154,cer_ui_playercard_545,cer_ui_playercard_545,0,standard,,TRUE,0,,,0
2155,cer_ui_playercard_546,cer_ui_playercard_546,0,standard,,TRUE,0,,,0
2156,cer_ui_playercard_547,cer_ui_playercard_547,0,standard,,TRUE,0,,,0
2157,cer_ui_playercard_548,cer_ui_playercard_548,0,standard,,TRUE,0,,,0
2158,cer_ui_playercard_549,cer_ui_playercard_549,0,standard,,TRUE,0,,,0
2159,cer_ui_playercard_550,cer_ui_playercard_550,0,standard,,TRUE,0,,,0
2160,cer_ui_playercard_551,cer_ui_playercard_551,0,standard,,TRUE,0,,,0
2161,cer_ui_playercard_552,cer_ui_playercard_552,0,standard,,TRUE,0,,,0
2162,cer_ui_playercard_553,cer_ui_playercard_553,0,standard,,TRUE,0,,,0
2163,cer_ui_playercard_554,cer_ui_playercard_554,0,standard,,TRUE,0,,,0
2164,cer_ui_playercard_555,cer_ui_playercard_555,0,standard,,TRUE,0,,,0
2165,cer_ui_playercard_556,cer_ui_playercard_556,0,standard,,TRUE,0,,,0
2166,cer_ui_playercard_557,cer_ui_playercard_557,0,standard,,TRUE,0,,,0
2167,cer_ui_playercard_558,cer_ui_playercard_558,0,standard,,TRUE,0,,,0
2168,cer_ui_playercard_559,cer_ui_playercard_559,0,standard,,TRUE,0,,,0
2169,cer_ui_playercard_560,cer_ui_playercard_560,0,standard,,TRUE,0,,,0
2170,cer_ui_playercard_561,cer_ui_playercard_561,0,standard,,TRUE,0,,,0
2171,cer_ui_playercard_562,cer_ui_playercard_562,0,standard,,TRUE,0,,,0
2172,cer_ui_playercard_563,cer_ui_playercard_563,0,standard,,TRUE,0,,,0
2173,cer_ui_playercard_564,cer_ui_playercard_564,0,standard,,TRUE,0,,,0
2174,cer_ui_playercard_565,cer_ui_playercard_565,0,standard,,TRUE,0,,,0
2175,cer_ui_playercard_566,cer_ui_playercard_566,0,standard,,TRUE,0,,,0
2176,cer_ui_playercard_567,cer_ui_playercard_567,0,standard,,TRUE,0,,,0
2177,cer_ui_playercard_568,cer_ui_playercard_568,0,standard,,TRUE,0,,,0
2178,cer_ui_playercard_569,cer_ui_playercard_569,0,standard,,TRUE,0,,,0
2179,cer_ui_playercard_570,cer_ui_playercard_570,0,standard,,TRUE,0,,,0
2180,cer_ui_playercard_571,cer_ui_playercard_571,0,standard,,TRUE,0,,,0
2181,cer_ui_playercard_572,cer_ui_playercard_572,0,standard,,TRUE,0,,,0
2182,cer_ui_playercard_573,cer_ui_playercard_573,0,standard,,TRUE,0,,,0
2183,cer_ui_playercard_574,cer_ui_playercard_574,0,standard,,TRUE,0,,,0
2184,cer_ui_playercard_575,cer_ui_playercard_575,0,standard,,TRUE,0,,,0
2185,cer_ui_playercard_576,cer_ui_playercard_576,0,standard,,TRUE,0,,,0
2186,cer_ui_playercard_577,cer_ui_playercard_577,0,standard,,TRUE,0,,,0
2187,cer_ui_playercard_578,cer_ui_playercard_578,0,standard,,TRUE,0,,,0
2188,cer_ui_playercard_579,cer_ui_playercard_579,0,standard,,TRUE,0,,,0
2189,cer_ui_playercard_580,cer_ui_playercard_580,0,standard,,TRUE,0,,,0
2190,cer_ui_playercard_581,cer_ui_playercard_581,0,standard,,TRUE,0,,,0
2191,cer_ui_playercard_582,cer_ui_playercard_582,0,standard,,TRUE,0,,,0
2192,cer_ui_playercard_583,cer_ui_playercard_583,0,standard,,TRUE,0,,,0
2193,cer_ui_playercard_584,cer_ui_playercard_584,0,standard,,TRUE,0,,,0
2194,cer_ui_playercard_585,cer_ui_playercard_585,0,standard,,TRUE,0,,,0
2195,cer_ui_playercard_586,cer_ui_playercard_586,0,standard,,TRUE,0,,,0
2196,cer_ui_playercard_587,cer_ui_playercard_587,0,standard,,TRUE,0,,,0
