akimbo_golf17,iw9_pi_golf18,akimbo_golf18,0
ammo_12g_db,iw9_sh_charlie725,ammo_12g_db_charlie725,0
ammo_12g_db,iw9_sh_charlie725,ammo_12g_db_charlie725_heavytrig,1
ammo_12g_db,iw9_sh_mbravo,ammo_12g_db_mbravo,0
ammo_12g_db,iw9_sh_mike1014,ammo_12g_db_mike1014,0
ammo_12g_db,iw9_sh_mviktor,ammo_12g_db_mviktor,0
ammo_12g_db,iw9_sh_tsierra12,ammo_12g_db_tsierra12,0
ammo_12g_db,iw9_sh_tsierra12,ammo_12g_db_tsierra12_burst,1
ammo_12g_db,iw9_sh_tsierra12,ammo_12g_db_tsierra12_semi,2
ammo_12g_db,iw9_sh_vecho,ammo_12g_db_vecho,0
ammo_12g_db,jup_jp09_sh_oromeo12,ammo_12g_db_oromeo12,0
ammo_12g_he,iw9_sh_charlie725,ammo_12g_he_charlie725,0
ammo_12g_he,iw9_sh_mbravo,ammo_12g_he_mbravo,0
ammo_12g_he,iw9_sh_mike1014,ammo_12g_he_mike1014,0
ammo_12g_he,iw9_sh_mviktor,ammo_12g_he_mviktor,0
ammo_12g_he,iw9_sh_tsierra12,ammo_12g_he_tsierra12,0
ammo_12g_he,iw9_sh_tsierra12,ammo_12g_he_tsierra12_burst,1
ammo_12g_he,iw9_sh_tsierra12,ammo_12g_he_tsierra12_semi,2
ammo_12g_he,iw9_sh_vecho,ammo_12g_he_vecho,0
ammo_12g_he,jup_jp09_sh_oromeo12,jup_oromeo12_ammo_12g_he,0
ammo_12g_he,jup_jp16_sh_recho870,jup_recho870_ammo_12g_he,0
ammo_12g_he,jup_jp38_sh_spapa12,jup_spapa12_ammo_12g_he,0
ammo_12g_sl,iw9_sh_charlie725,ammo_12g_sl_charlie725,0
ammo_12g_sl,iw9_sh_charlie725,ammo_12g_sl_charlie725_heavytrig,1
ammo_12g_sl,iw9_sh_mbravo,ammo_12g_sl_mbravo,0
ammo_12g_sl,iw9_sh_mike1014,ammo_12g_sl_mike1014,0
ammo_12g_sl,iw9_sh_mviktor,ammo_12g_sl_mviktor,0
ammo_12g_sl,iw9_sh_tsierra12,ammo_12g_sl_tsierra12,0
ammo_12g_sl,iw9_sh_tsierra12,ammo_12g_sl_tsierra12_burst,1
ammo_12g_sl,iw9_sh_tsierra12,ammo_12g_sl_tsierra12_semi,2
ammo_12g_sl,iw9_sh_vecho,ammo_12g_sl_vecho,0
ammo_12g_sl,jup_jp09_sh_oromeo12,jup_oromeo12_ammo_12g_sl,0
ammo_12g_sl,jup_jp16_sh_recho870,jup_recho870_ammo_12g_sl,0
ammo_12g_sl,jup_jp38_sh_spapa12,jup_spapa12_ammo_12g_sl,0
ammo_556n,iw9_ar_acharlie300,ammo_556n_p43,0
ammo_556n_ap,iw9_ar_acharlie300,ammo_556n_ap_p43,0
ammo_556n_db,iw9_ar_acharlie300,ammo_556n_db_p43,0
ammo_556n_fr,iw9_ar_acharlie300,ammo_556n_fr_p43,0
ammo_556n_hp,iw9_ar_acharlie300,ammo_556n_hp_p43,0
ammo_556n_hv,iw9_ar_acharlie300,ammo_556n_hv_p43,0
ammo_556n_op,iw9_ar_acharlie300,ammo_556n_op_p43,0
ammo_blk,iw9_ar_acharlie300,ammo_blk_p43,0
ammo_blk_ap,iw9_ar_acharlie300,ammo_blk_ap_p43,0
ammo_blk_fr,iw9_ar_acharlie300,ammo_blk_fr_p43,0
ammo_blk_tuning_p43,iw9_ar_acharlie300,ammo_blk_tuning_sil_p43,0
ammo_blk_tuning_p43,jup_jp44_ar_stango44,ammo_blk_tuning_sil_p43,0
arscope_therm01,iw9_ar_mike16,arscope_therm01_p01,0
arscope_therm01,iw9_ar_mike4,arscope_therm01_p01,0
arscope_therm01,iw9_br_msecho,arscope_therm01_p01,0
arscope_therm01,jup_jp40_br_hcharlie36,arscope_therm01_p01,0
bar_ar_heavy_p01,iw9_ar_mike16,bar_ar_heavy_p01_mike16,0
bar_ar_heavy_p01,iw9_ar_mike4,bar_ar_heavy_p01_mike4,0
bar_ar_heavy_p03,iw9_ar_augolf,bar_ar_heavy_p03_augolf,0
bar_ar_heavy_p03,iw9_lm_ahotel,bar_ar_heavy_p03_ahotel,0
bar_ar_heavy_p04,iw9_ar_akilo,bar_ar_heavy_p04_akilo,0
bar_ar_heavy_p04,iw9_ar_akilo105,bar_ar_heavy_p04_akilo105,0
bar_ar_hvylong_p04,iw9_ar_akilo,bar_ar_hvylong_p04_akilo,0
bar_ar_hvylong_p04,iw9_ar_akilo105,bar_ar_hvylong_p04_akilo105,0
bar_ar_hvylong_p04,iw9_lm_rkilo,bar_ar_hvylong_p04_rkilo,0
bar_ar_hvyshort_p04,iw9_ar_akilo,bar_ar_hvyshort_p04_akilo,0
bar_ar_hvyshort_p04,iw9_ar_akilo105,bar_ar_hvyshort_p04_akilo105,0
bar_ar_lgtshort_p01,iw9_ar_mike4,bar_ar_lgtshort_p01_mike4,0
bar_ar_lgtshort_p01,iw9_br_msecho,bar_ar_lgtshort_p01_msecho,0
bar_ar_light_p01,iw9_ar_mike4,bar_ar_light_p01_mike4,0
bar_ar_light_p01,iw9_br_msecho,bar_ar_light_p01_msecho,0
bar_ar_light_p03,iw9_ar_augolf,bar_ar_light_p03_augolf,0
bar_ar_light_p03,iw9_sm_apapa,bar_ar_light_p03_apapa,0
bar_ar_long_p01,iw9_ar_mike4,bar_ar_long_p01_mike4,0
bar_ar_long_p01,iw9_br_msecho,bar_ar_long_p01_msecho,0
bar_ar_long_p03,iw9_ar_augolf,bar_ar_long_p03_augolf,0
bar_ar_long_p03,iw9_sm_apapa,bar_ar_long_p03_apapa,0
bar_ar_long_p04,iw9_ar_akilo,bar_ar_long_p04_akilo,0
bar_ar_long_p04,iw9_ar_akilo105,bar_ar_long_p04_akilo105,0
bar_ar_long_p08,iw9_ar_ralpha,bar_ar_long_p08_ralpha,0
bar_ar_longhvy_p01,iw9_ar_mike16,bar_ar_longhvy_p01_mike16,0
bar_ar_longhvy_p01,iw9_ar_mike4,bar_ar_longhvy_p01_mike4,0
bar_ar_p01,iw9_ar_mike16,bar_ar_p01_mike16,0
bar_ar_p01,iw9_br_msecho,bar_ar_p01_msecho,0
bar_ar_p02,iw9_ar_golf3,bar_ar_p02_golf3,0
bar_ar_p02,iw9_ar_kilo53,bar_ar_p02_kilo53,0
bar_ar_p02,iw9_dm_pgolf1,bar_ar_p02_pgolf1,0
bar_ar_p02,iw9_lm_kilo21,bar_ar_p02_kilo21,0
bar_ar_p03,iw9_ar_augolf,bar_ar_p03_augolf,0
bar_ar_p03,iw9_sm_apapa,bar_ar_p03_apapa,0
bar_ar_p04,iw9_ar_akilo,bar_ar_p04_akilo,0
bar_ar_p04,iw9_ar_akilo105,bar_ar_p04_akilo105,0
bar_ar_p08,iw9_ar_ralpha,bar_ar_p08_ralpha,0
bar_ar_short2_p08,iw9_ar_mcharlie,bar_ar_short2_p08_mcharlie,0
bar_ar_short2_p08,iw9_ar_ralpha,bar_ar_short2_p08_ralpha,0
bar_ar_short_p01,iw9_ar_mike16,bar_ar_short_p01_mike16,0
bar_ar_short_p01,iw9_ar_mike4,bar_ar_short_p01_mike4,0
bar_ar_short_p02,iw9_ar_golf3,bar_ar_short_p02_golf3,0
bar_ar_short_p02,iw9_ar_kilo53,bar_ar_short_p02_kilo53,0
bar_ar_short_p08,iw9_ar_ralpha,bar_ar_short_p08_ralpha,0
bar_ar_shorthvy_p01,iw9_ar_mike16,bar_ar_shorthvy_p01_mike16,0
bar_ar_shorthvy_p01,iw9_ar_mike4,bar_ar_shorthvy_p01_mike4,0
bar_br_heavy_p18,iw9_br_soscar14,bar_br_heavy_p18_soscar14,0
bar_br_heavy_p18,iw9_dm_mike14,bar_br_heavy_p18_mike14,0
bar_br_light_p02,iw9_ar_golf3,bar_br_light_p02_golf3,0
bar_br_light_p02,iw9_ar_kilo53,bar_br_light_p02_kilo53,0
bar_br_p02,iw9_ar_golf3,bar_br_p02_golf3,0
bar_br_p02,iw9_dm_pgolf1,bar_br_p02_pgolf1,0
bar_br_p02,iw9_lm_kilo21,bar_br_p02_kilo21,0
bar_br_p18,iw9_br_soscar14,bar_br_p18_soscar14,0
bar_br_p18,iw9_dm_mike14,bar_br_p18_mike14,0
bar_br_short_p18,iw9_br_soscar14,bar_br_short_p18_soscar14,0
bar_br_short_p18,iw9_dm_mike14,bar_br_short_p18_mike14,0
bar_dm_heavy_p18,iw9_br_soscar14,bar_dm_heavy_p18_soscar14,0
bar_dm_heavy_p18,iw9_dm_mike14,bar_dm_heavy_p18_mike14,0
bar_dm_light_p20,iw9_dm_mike24,bar_dm_light_p20_mike24,0
bar_dm_light_p20,iw9_dm_sa700,bar_dm_light_p20_sa700,0
bar_dm_p18,iw9_br_soscar14,bar_dm_p18_soscar14,0
bar_dm_p18,iw9_dm_mike14,bar_dm_p18_mike14,0
bar_dm_p20,iw9_dm_la700,bar_dm_p20_la700,0
bar_dm_p20,iw9_dm_mike24,bar_dm_p20_mike24,0
bar_dm_p20,iw9_dm_sa700,bar_dm_p20_sa700,0
bar_dm_p20,iw9_dm_xmike2010,bar_dm_p20_xmike2010,0
bar_dm_short_p20,iw9_dm_la700,bar_dm_short_p20_la700,0
bar_dm_short_p20,iw9_dm_mike24,bar_dm_short_p20_mike24,0
bar_dm_short_p20,iw9_dm_sa700,bar_dm_short_p20_sa700,0
bar_dm_short_p20,iw9_dm_xmike2010,bar_dm_short_p20_xmike2010,0
bar_lm_heavy_p03,iw9_ar_augolf,bar_lm_heavy_p03_augolf,0
bar_lm_heavy_p03,iw9_lm_ahotel,bar_lm_heavy_p03_ahotel,0
bar_lm_light_p04,iw9_ar_akilo,bar_lm_light_p04_akilo,0
bar_lm_light_p04,iw9_lm_rkilo,bar_lm_light_p04_rkilo,0
bar_lm_long_p02,iw9_ar_golf3,bar_lm_long_p02_golf3,0
bar_lm_long_p02,iw9_lm_kilo21,bar_lm_long_p02_kilo21,0
bar_lm_p02,iw9_ar_golf3,bar_lm_p02_golf3,0
bar_lm_p02,iw9_ar_kilo53,bar_lm_p02_kilo53,0
bar_lm_p02,iw9_lm_kilo21,bar_lm_p02_kilo21,0
bar_lm_short_p02,iw9_ar_golf3,bar_lm_short_p02_golf3,0
bar_lm_short_p02,iw9_ar_kilo53,bar_lm_short_p02_kilo53,0
bar_lm_short_p02,iw9_lm_kilo21,bar_lm_short_p02_kilo21,0
bar_pi_p25,iw9_pi_dechoauto,bar_pi_p25_dechoauto,0
bar_sh_xlong_p14,iw9_sh_charlie725,bar_sh_xlong_p14_doom,0
bar_sm_p43,iw9_sm_acharlie9,bar_sm_p43_acharlie9,0
bar_sm_short_p43,iw9_sm_acharlie9,bar_sm_short_p43_acharlie9,0
bar_sn_heavy_p20,iw9_dm_la700,bar_sn_heavy_p20_la700,0
bar_sn_heavy_p20,iw9_dm_xmike2010,bar_sn_heavy_p20_xmike2010,0
bar_sn_light_p20,iw9_dm_la700,bar_sn_light_p20_la700,0
bar_sn_light_p20,iw9_dm_mike24,bar_sn_light_p20_mike24,0
bar_sn_light_p20,iw9_dm_xmike2010,bar_sn_light_p20_xmike2010,0
bar_sn_p20,iw9_dm_la700,bar_sn_p20_la700,0
bar_sn_p20,iw9_dm_mike24,bar_sn_p20_mike24,0
bar_sn_p20,iw9_dm_xmike2010,bar_sn_p20_xmike2010,0
bargrip_ar_long_p03,iw9_ar_augolf,bargrip_ar_long_p03_augolf,0
bargrip_ar_long_p03,iw9_lm_ahotel,bargrip_ar_long_p03_ahotel,0
barsil_dm_p20,iw9_dm_mike24,barsil_dm_p20_mike24,0
barsil_dm_p20,iw9_dm_sa700,barsil_dm_p20_sa700,0
barsil_lm_p03,iw9_ar_augolf,barsil_lm_p03_augolf,0
barsil_lm_p03,iw9_lm_ahotel,barsil_lm_p03_ahotel,0
bartube_sh_heavy_p13,iw9_sh_mviktor,bar_sh_heavy_p13,0
bartube_sh_hvylong_p13,iw9_sh_mviktor,bar_sh_hvylong_p13,0
bartube_sh_hvyshort_p13,iw9_sh_mviktor,bar_sh_hvyshort_p13,0
bartube_sh_light_p13,iw9_sh_mviktor,bar_sh_light_p13,0
bartube_sh_p13,iw9_sh_mviktor,bar_sh_p13,0
bartube_sh_short_p13,iw9_sh_mviktor,bar_sh_short_p13,0
breacher_ar_01,iw9_ar_mike16,breacher_ar_01_p01,0
breacher_ar_01,iw9_ar_mike4,breacher_ar_01_p01,0
breacher_ar_01,iw9_lm_foxtrot,breacher_ar_01_p01,0
breacher_sm_01,iw9_sm_alpha57,breacher_sm_01_p01,0
comb_ammo_p12,iw9_sh_mike1014,comb_default_ammo_p12,0
comb_ammo_p20,iw9_dm_la700,comb_ammo_p20_la700,0
comb_ammo_p20,iw9_dm_mike24,comb_ammo_p20_mike24,0
comb_heavy_p12,iw9_sh_mike1014,comb_default_heavy_p12,0
comp_ar_06,iw9_ar_mike16,comp_ar_06_p01,0
comp_ar_06,iw9_ar_mike4,comp_ar_06_p01,0
comp_ar_06,iw9_lm_foxtrot,comp_ar_06_p01,0
comp_sm_05,iw9_sm_alpha57,comp_sm_05_p01,0
dmscope02,iw9_dm_pgolf1,pgolf1_scope,0
dmscope_vz01,iw9_dm_la700,mike24_scope,0
dmscope_vz01,iw9_dm_xmike2010,mike24_scope,0
dmscope_vz01,jup_jp35_sn_moscar,mike24_scope,0
dmscope_vz01,jup_jp37_dm_kappa98,dmscope_vz01_kappa98,0
fourx04,iw9_ar_mike16,fourx04_p01,0
fourx04,iw9_ar_mike4,fourx04_p01,0
fourx04,iw9_br_msecho,fourx04_p01,0
fourx04,iw9_lm_foxtrot,fourx04_p01,0
fourx04,jup_jp40_br_hcharlie36,fourx04_p01,0
grip_angled09,iw9_ar_mike16,grip_angled09_p01,0
grip_angled09,iw9_ar_mike4,grip_angled09_p01,0
grip_angled09,iw9_lm_foxtrot,grip_angled09_p01,0
grip_angled09,iw9_sm_alpha57,grip_angled09_p01,0
grip_angled09,jup_jp40_br_hcharlie36,grip_angled09_p01,0
grip_vert05,iw9_ar_mike16,grip_vert05_p01,0
grip_vert05,iw9_ar_mike4,grip_vert05_p01,0
grip_vert05,iw9_br_msecho,grip_vert05_p01,0
grip_vert05,iw9_lm_foxtrot,grip_vert05_p01,0
grip_vert05,iw9_sm_alpha57,grip_vert05_p01,0
grip_vert05,jup_jp40_br_hcharlie36,grip_vert05_p01,0
guard_p19,iw9_dm_sbeta,guard_p19_barsil,0
holo02,iw9_ar_mike16,holo02_p01,0
holo02,iw9_ar_mike4,holo02_p01,0
holo02,iw9_br_msecho,holo02_p01,0
holo02,iw9_lm_foxtrot,holo02_p01,0
holo02,jup_jp40_br_hcharlie36,holo02_p01,0
holo03,iw9_pi_decho,holo03_pstl,0
holo03,iw9_pi_dechoauto,holo03_pstl,0
holo03,iw9_pi_swhiskey,holo03_pstl,0
holo03,jup_jp14_pi_rsierra12,holo03_pstl,0
holorange01,iw9_pi_decho,holorange01_pstl,0
holorange01,iw9_pi_dechoauto,holorange01_pstl,0
holorange01,iw9_pi_swhiskey,holorange01_pstl,0
holorange01,jup_jp14_pi_rsierra12,holorange01_pstl,0
hybrid05,iw9_dm_la700,hybrid05_le,0
hybrid05,iw9_dm_mike24,hybrid05_le,0
hybrid05,iw9_dm_sa700,hybrid05_le,0
hybrid05,iw9_dm_xmike2010,hybrid05_le_tall,0
hybrid05,iw9_sn_alpha50,hybrid05_le,0
hybrid05,iw9_sn_india,hybrid05_le,0
hybrid05,iw9_sn_limax,hybrid05_le,0
hybrid05,iw9_sn_mromeo,hybrid05_le_tall,0
hybrid05,iw9_sn_walpha,hybrid05_le,0
hybrid05,jup_jp10_sn_cdelta50,hybrid05_le,0
hybrid05,jup_jp13_sn_svictor,hybrid05_le,0
hybrid05,jup_jp17_sn_hsierra,hybrid05_le,0
hybrid05,jup_jp35_sn_moscar,hybrid05_le,0
hybrid05,jup_jp36_sn_boscar,hybrid05_le,0
hybridscope_sn01_le,iw9_dm_xmike2010,hybridscope_sn01_le_tall,0
hybridscope_sn01_le,iw9_sn_mromeo,hybridscope_sn01_le_tall,0
hybridtherm02,iw9_dm_la700,hybridtherm02_le,0
hybridtherm02,iw9_dm_mike24,hybridtherm02_le,0
hybridtherm02,iw9_dm_sa700,hybridtherm02_le,0
hybridtherm02,iw9_dm_xmike2010,hybridtherm02_le_tall,0
hybridtherm02,iw9_sn_alpha50,hybridtherm02_le,0
hybridtherm02,iw9_sn_india,hybridtherm02_le,0
hybridtherm02,iw9_sn_limax,hybridtherm02_le,0
hybridtherm02,iw9_sn_mromeo,hybridtherm02_le_tall,0
hybridtherm02,iw9_sn_walpha,hybridtherm02_le,0
hybridtherm02,jup_jp10_sn_cdelta50,hybridtherm02_le,0
hybridtherm02,jup_jp13_sn_svictor,hybridtherm02_le,0
hybridtherm02,jup_jp17_sn_hsierra,hybridtherm02_le,0
hybridtherm02,jup_jp35_sn_moscar,hybridtherm02_le,0
hybridtherm02,jup_jp36_sn_boscar,hybridtherm02_le,0
ironsdefault_mike16,iw9_ar_mike16,ironsdefault_mike4_mike16,0
iw9_ironsdefault_mike4,iw9_ar_mike4,ironsdefault_mike16_mike4,0
iw9_minireddot01,iw9_ar_acharlie300,iw9_minireddot01_tall,0
iw9_minireddot01,iw9_ar_akilo,iw9_minireddot01_tall,0
iw9_minireddot01,iw9_ar_akilo105,iw9_minireddot01_tall,0
iw9_minireddot01,iw9_ar_akilo74,iw9_minireddot01_tall,0
iw9_minireddot01,iw9_ar_augolf,iw9_minireddot01_tall,0
iw9_minireddot01,iw9_ar_falpha,iw9_minireddot01_tall,0
iw9_minireddot01,iw9_ar_falpha,iw9_minireddot01_tall,1
iw9_minireddot01,iw9_ar_fecho,iw9_minireddot01_tall,0
iw9_minireddot01,iw9_ar_fecho,iw9_minireddot01_tall,1
iw9_minireddot01,iw9_ar_golf3,iw9_minireddot01_tall,0
iw9_minireddot01,iw9_ar_helima,iw9_minireddot01_tall,0
iw9_minireddot01,iw9_ar_kilo53,iw9_minireddot01_tall,0
iw9_minireddot01,iw9_ar_malima,iw9_minireddot01_tall,0
iw9_minireddot01,iw9_ar_mcbravo,iw9_minireddot01_tall,0
iw9_minireddot01,iw9_ar_mcharlie,iw9_minireddot01_tall,0
iw9_minireddot01,iw9_ar_mike16,iw9_minireddot01_tall,0
iw9_minireddot01,iw9_ar_mike4,iw9_minireddot01_tall,0
iw9_minireddot01,iw9_ar_ralpha,iw9_minireddot01_tall,0
iw9_minireddot01,iw9_ar_scharlie,iw9_minireddot01_tall,0
iw9_minireddot01,iw9_ar_schotel,iw9_minireddot01_tall,0
iw9_minireddot01,iw9_br_msecho,iw9_minireddot01_tall,0
iw9_minireddot01,iw9_br_ngsierra,iw9_minireddot01_tall,0
iw9_minireddot01,iw9_br_soscar14,iw9_minireddot01_tall,0
iw9_minireddot01,iw9_dm_crossbow,iw9_minireddot01_tall,0
iw9_minireddot01,iw9_dm_mike14,iw9_minireddot01_tall,0
iw9_minireddot01,iw9_dm_mike24,iw9_minireddot01_tall,0
iw9_minireddot01,iw9_dm_pgolf1,iw9_minireddot01_tall,0
iw9_minireddot01,iw9_dm_sa700,iw9_minireddot01_tall,0
iw9_minireddot01,iw9_dm_sbeta,iw9_minireddot01_tall,0
iw9_minireddot01,iw9_dm_scromeo,iw9_minireddot01_tall,0
iw9_minireddot01,iw9_dm_stango25,iw9_minireddot01_tall,0
iw9_minireddot01,iw9_lm_ahotel,iw9_minireddot01_tall,0
iw9_minireddot01,iw9_lm_foxtrot,iw9_minireddot01_tall,0
iw9_minireddot01,iw9_lm_kilo21,iw9_minireddot01_tall,0
iw9_minireddot01,iw9_lm_mkilo3,iw9_minireddot01_tall,0
iw9_minireddot01,iw9_lm_mkilo3,iw9_minireddot01_tall,1
iw9_minireddot01,iw9_lm_ngolf7,iw9_minireddot01_tall,0
iw9_minireddot01,iw9_lm_rkilo,iw9_minireddot01_tall,0
iw9_minireddot01,iw9_lm_slima,iw9_minireddot01_tall,0
iw9_minireddot01,iw9_pi_golf17,iw9_minireddot01_pstl,0
iw9_minireddot01,iw9_pi_golf18,iw9_minireddot01_pstl,0
iw9_minireddot01,iw9_pi_mike2011,iw9_minireddot01_pstl,0
iw9_minireddot01,iw9_pi_papa220,iw9_minireddot01_pstl,0
iw9_minireddot01,iw9_pi_tango9,iw9_minireddot01_pstl,0
iw9_minireddot01,iw9_sh_charlie725,iw9_minireddot01_tall,0
iw9_minireddot01,iw9_sh_mbravo,iw9_minireddot01_tall,0
iw9_minireddot01,iw9_sh_mike1014,iw9_minireddot01_tall,0
iw9_minireddot01,iw9_sh_mviktor,iw9_minireddot01_tall,0
iw9_minireddot01,iw9_sh_tsierra12,iw9_minireddot01_tall,0
iw9_minireddot01,iw9_sh_vecho,iw9_minireddot01_tall,0
iw9_minireddot01,iw9_sm_acharlie45,iw9_minireddot01_tall,0
iw9_minireddot01,iw9_sm_acharlie9,iw9_minireddot01_tall,0
iw9_minireddot01,iw9_sm_alpha57,iw9_minireddot01_tall,0
iw9_minireddot01,iw9_sm_apapa,iw9_minireddot01_tall,0
iw9_minireddot01,iw9_sm_aviktor,iw9_minireddot01_tall,0
iw9_minireddot01,iw9_sm_beta,iw9_minireddot01_tall,0
iw9_minireddot01,iw9_sm_mpapa5,iw9_minireddot01_tall,0
iw9_minireddot01,iw9_sm_mpapa7,iw9_minireddot01_tall,0
iw9_minireddot01,iw9_sm_mpapax,iw9_minireddot01_tall,0
iw9_minireddot01,iw9_sm_papa90,iw9_minireddot01_tall,0
iw9_minireddot01,iw9_sm_sdelta,iw9_minireddot01_tall,0
iw9_minireddot01,iw9_sm_victor,iw9_minireddot01_tall,0
iw9_minireddot01,jup_cp01_sm_coscar635,iw9_minireddot01_tall,0
iw9_minireddot01,jup_cp01_sm_pcharlie9,iw9_minireddot01_tall,0
iw9_minireddot01,jup_cp05_lm_halpha,iw9_minireddot01_tall,0
iw9_minireddot01,jup_cp06_ar_falpha,iw9_minireddot01_tall,0
iw9_minireddot01,jup_cp08_br_xmike5,iw9_minireddot01_tall,0
iw9_minireddot01,jup_cp15_lm_mkilo3,iw9_minireddot01_tall,0
iw9_minireddot01,jup_cp24_pi_glima21,iw9_minireddot01_pstl,0
iw9_minireddot01,jup_cp24_pi_glima21,iw9_minireddot01_tall,1
iw9_minireddot01,jup_jp01_ar_golf36,iw9_minireddot01_tall,0
iw9_minireddot01,jup_jp01_dm_slima8,iw9_minireddot01_tall,0
iw9_minireddot01,jup_jp01_lm_mgolf36,iw9_minireddot01_tall,0
iw9_minireddot01,jup_jp02_ar_bromeo805,iw9_minireddot01_tall,0
iw9_minireddot01,jup_jp02_br_bromeo2,iw9_minireddot01_tall,0
iw9_minireddot01,jup_jp02_dm_bromeop,iw9_minireddot01_tall,0
iw9_minireddot01,jup_jp02_sm_scharlie3,iw9_minireddot01_tall,0
iw9_minireddot01,jup_jp03_ar_aromeo160,iw9_minireddot01_tall,0
iw9_minireddot01,jup_jp03_br_aromeo200,iw9_minireddot01_tall,0
iw9_minireddot01,jup_jp03_sm_pmike,iw9_minireddot01_tall,0
iw9_minireddot01,jup_jp04_sm_lwhiskey,iw9_minireddot01_tall,0
iw9_minireddot01,jup_jp04_sm_umike,iw9_minireddot01_tall,0
iw9_minireddot01,jup_jp05_ar_foxtrot2000,iw9_minireddot01_tall,0
iw9_minireddot01,jup_jp06_lm_pkilop,iw9_minireddot01_tall,0
iw9_minireddot01,jup_jp07_sm_uzulu,iw9_minireddot01_tall,0
iw9_minireddot01,jup_jp07_sm_uzulup,iw9_minireddot01_tall,0
iw9_minireddot01,jup_jp08_ar_qbravo97,iw9_minireddot01_tall,0
iw9_minireddot01,jup_jp08_lm_qbravo95lsw,iw9_minireddot01_tall,0
iw9_minireddot01,jup_jp12_pi_mike93,iw9_minireddot01_pstl,0
iw9_minireddot01,jup_jp12_pi_mike93,iw9_minireddot01_tall,1
iw9_minireddot01,jup_jp13_dm_svictork,iw9_minireddot01_tall,0
iw9_minireddot01,jup_jp19_ar_acharlie,iw9_minireddot01_tall,0
iw9_minireddot01,jup_jp19_br_acharlie450,iw9_minireddot01_tall,0
iw9_minireddot01,jup_jp19_dm_acharlied,iw9_minireddot01_tall,0
iw9_minireddot01,jup_jp20_lm_evictor,iw9_minireddot01_tall,0
iw9_minireddot01,jup_jp25_ar_talpha95,iw9_minireddot01_tall,0
iw9_minireddot01,jup_jp25_sm_talpham,iw9_minireddot01_tall,0
iw9_minireddot01,jup_jp28_lm_rpapa20,iw9_minireddot01_tall,0
iw9_minireddot01,jup_jp31_dm_compound,iw9_minireddot01_tall,0
iw9_minireddot01,jup_jp32_pi_mpapa9,iw9_minireddot01_tall,0
iw9_minireddot01,jup_jp34_ar_balpha27,iw9_minireddot01_tall,0
iw9_minireddot01,jup_jp35_sn_moscar,iw9_minireddot01_tall,0
iw9_minireddot01,jup_jp36_ar_anov94,iw9_minireddot01_tall,0
iw9_minireddot01,jup_jp36_sn_boscar,iw9_minireddot01_tall,0
iw9_minireddot01,jup_jp37_dm_kappa98,iw9_minireddot01_tall,0
iw9_minireddot01,jup_jp40_br_hcharlie36,iw9_minireddot01_tall,0
iw9_minireddot01,jup_jp41_sm_kpappa50,iw9_minireddot01_tall,0
iw9_minireddot01,jup_jp44_ar_stango44,iw9_minireddot01_tall,0
iw9_minireddot02,iw9_ar_acharlie300,iw9_minireddot02_tall,0
iw9_minireddot02,iw9_ar_akilo,iw9_minireddot02_tall,0
iw9_minireddot02,iw9_ar_akilo105,iw9_minireddot02_tall,0
iw9_minireddot02,iw9_ar_akilo74,iw9_minireddot02_tall,0
iw9_minireddot02,iw9_ar_augolf,iw9_minireddot02_tall,0
iw9_minireddot02,iw9_ar_falpha,iw9_minireddot02_tall,0
iw9_minireddot02,iw9_ar_falpha,iw9_minireddot02_tall,1
iw9_minireddot02,iw9_ar_fecho,iw9_minireddot02_tall,0
iw9_minireddot02,iw9_ar_fecho,iw9_minireddot02_tall,1
iw9_minireddot02,iw9_ar_golf3,iw9_minireddot02_tall,0
iw9_minireddot02,iw9_ar_helima,iw9_minireddot02_tall,0
iw9_minireddot02,iw9_ar_kilo53,iw9_minireddot02_tall,0
iw9_minireddot02,iw9_ar_malima,iw9_minireddot02_tall,0
iw9_minireddot02,iw9_ar_mcbravo,iw9_minireddot02_tall,0
iw9_minireddot02,iw9_ar_mcharlie,iw9_minireddot02_tall,0
iw9_minireddot02,iw9_ar_mike16,iw9_minireddot02_tall,0
iw9_minireddot02,iw9_ar_mike4,iw9_minireddot02_tall,0
iw9_minireddot02,iw9_ar_ralpha,iw9_minireddot02_tall,0
iw9_minireddot02,iw9_ar_scharlie,iw9_minireddot02_tall,0
iw9_minireddot02,iw9_ar_schotel,iw9_minireddot02_tall,0
iw9_minireddot02,iw9_br_msecho,iw9_minireddot02_tall,0
iw9_minireddot02,iw9_br_ngsierra,iw9_minireddot02_tall,0
iw9_minireddot02,iw9_br_soscar14,iw9_minireddot02_tall,0
iw9_minireddot02,iw9_dm_crossbow,iw9_minireddot02_tall,0
iw9_minireddot02,iw9_dm_mike14,iw9_minireddot02_tall,0
iw9_minireddot02,iw9_dm_mike24,iw9_minireddot02_tall,0
iw9_minireddot02,iw9_dm_pgolf1,iw9_minireddot02_tall,0
iw9_minireddot02,iw9_dm_sa700,iw9_minireddot02_tall,0
iw9_minireddot02,iw9_dm_sbeta,iw9_minireddot02_tall,0
iw9_minireddot02,iw9_dm_scromeo,iw9_minireddot02_tall,0
iw9_minireddot02,iw9_dm_stango25,iw9_minireddot02_tall,0
iw9_minireddot02,iw9_lm_ahotel,iw9_minireddot02_tall,0
iw9_minireddot02,iw9_lm_foxtrot,iw9_minireddot02_tall,0
iw9_minireddot02,iw9_lm_kilo21,iw9_minireddot02_tall,0
iw9_minireddot02,iw9_lm_mkilo3,iw9_minireddot02_tall,0
iw9_minireddot02,iw9_lm_mkilo3,iw9_minireddot02_tall,1
iw9_minireddot02,iw9_lm_ngolf7,iw9_minireddot02_tall,0
iw9_minireddot02,iw9_lm_rkilo,iw9_minireddot02_tall,0
iw9_minireddot02,iw9_lm_slima,iw9_minireddot02_tall,0
iw9_minireddot02,iw9_pi_golf17,iw9_minireddot02_pstl,0
iw9_minireddot02,iw9_pi_golf18,iw9_minireddot02_pstl,0
iw9_minireddot02,iw9_pi_mike2011,iw9_minireddot02_pstl,0
iw9_minireddot02,iw9_pi_papa220,iw9_minireddot02_pstl,0
iw9_minireddot02,iw9_pi_tango9,iw9_minireddot02_pstl,0
iw9_minireddot02,iw9_sh_charlie725,iw9_minireddot02_tall,0
iw9_minireddot02,iw9_sh_mbravo,iw9_minireddot02_tall,0
iw9_minireddot02,iw9_sh_mike1014,iw9_minireddot02_tall,0
iw9_minireddot02,iw9_sh_mviktor,iw9_minireddot02_tall,0
iw9_minireddot02,iw9_sh_tsierra12,iw9_minireddot02_tall,0
iw9_minireddot02,iw9_sh_vecho,iw9_minireddot02_tall,0
iw9_minireddot02,iw9_sm_acharlie45,iw9_minireddot02_tall,0
iw9_minireddot02,iw9_sm_acharlie9,iw9_minireddot02_tall,0
iw9_minireddot02,iw9_sm_alpha57,iw9_minireddot02_tall,0
iw9_minireddot02,iw9_sm_apapa,iw9_minireddot02_tall,0
iw9_minireddot02,iw9_sm_aviktor,iw9_minireddot02_tall,0
iw9_minireddot02,iw9_sm_beta,iw9_minireddot02_tall,0
iw9_minireddot02,iw9_sm_mpapa5,iw9_minireddot02_tall,0
iw9_minireddot02,iw9_sm_mpapa7,iw9_minireddot02_tall,0
iw9_minireddot02,iw9_sm_mpapax,iw9_minireddot02_tall,0
iw9_minireddot02,iw9_sm_papa90,iw9_minireddot02_tall,0
iw9_minireddot02,iw9_sm_sdelta,iw9_minireddot02_tall,0
iw9_minireddot02,iw9_sm_victor,iw9_minireddot02_tall,0
iw9_minireddot02,jup_cp01_sh_aromeo410,iw9_minireddot02_tall,0
iw9_minireddot02,jup_cp01_sm_coscar635,iw9_minireddot02_tall,0
iw9_minireddot02,jup_cp01_sm_pcharlie9,iw9_minireddot02_tall,0
iw9_minireddot02,jup_cp05_lm_halpha,iw9_minireddot02_tall,0
iw9_minireddot02,jup_cp06_ar_falpha,iw9_minireddot02_tall,0
iw9_minireddot02,jup_cp08_br_xmike5,iw9_minireddot02_tall,0
iw9_minireddot02,jup_cp15_lm_mkilo3,iw9_minireddot02_tall,0
iw9_minireddot02,jup_cp24_pi_glima21,iw9_minireddot02_pstl,0
iw9_minireddot02,jup_cp24_pi_glima21,iw9_minireddot02_tall,1
iw9_minireddot02,jup_jp01_ar_golf36,iw9_minireddot02_tall,0
iw9_minireddot02,jup_jp01_dm_slima8,iw9_minireddot02_tall,0
iw9_minireddot02,jup_jp01_lm_mgolf36,iw9_minireddot02_tall,0
iw9_minireddot02,jup_jp02_ar_bromeo805,iw9_minireddot02_tall,0
iw9_minireddot02,jup_jp02_br_bromeo2,iw9_minireddot02_tall,0
iw9_minireddot02,jup_jp02_dm_bromeop,iw9_minireddot02_tall,0
iw9_minireddot02,jup_jp02_sm_scharlie3,iw9_minireddot02_tall,0
iw9_minireddot02,jup_jp03_ar_aromeo160,iw9_minireddot02_tall,0
iw9_minireddot02,jup_jp03_br_aromeo200,iw9_minireddot02_tall,0
iw9_minireddot02,jup_jp03_sm_pmike,iw9_minireddot02_tall,0
iw9_minireddot02,jup_jp04_sm_lwhiskey,iw9_minireddot02_tall,0
iw9_minireddot02,jup_jp04_sm_umike,iw9_minireddot02_tall,0
iw9_minireddot02,jup_jp05_ar_foxtrot2000,iw9_minireddot02_tall,0
iw9_minireddot02,jup_jp06_lm_pkilop,iw9_minireddot02_tall,0
iw9_minireddot02,jup_jp07_sm_uzulu,iw9_minireddot02_tall,0
iw9_minireddot02,jup_jp07_sm_uzulup,iw9_minireddot02_tall,0
iw9_minireddot02,jup_jp08_ar_qbravo97,iw9_minireddot02_tall,0
iw9_minireddot02,jup_jp08_lm_qbravo95lsw,iw9_minireddot02_tall,0
iw9_minireddot02,jup_jp09_sh_oromeo12,iw9_minireddot02_tall,0
iw9_minireddot02,jup_jp12_pi_mike93,iw9_minireddot02_pstl,0
iw9_minireddot02,jup_jp12_pi_mike93,iw9_minireddot02_tall,1
iw9_minireddot02,jup_jp13_dm_svictork,iw9_minireddot02_tall,0
iw9_minireddot02,jup_jp16_sh_recho870,iw9_minireddot02_tall,0
iw9_minireddot02,jup_jp19_ar_acharlie,iw9_minireddot02_tall,0
iw9_minireddot02,jup_jp19_br_acharlie450,iw9_minireddot02_tall,0
iw9_minireddot02,jup_jp19_dm_acharlied,iw9_minireddot02_tall,0
iw9_minireddot02,jup_jp20_lm_evictor,iw9_minireddot02_tall,0
iw9_minireddot02,jup_jp25_ar_talpha95,iw9_minireddot02_tall,0
iw9_minireddot02,jup_jp25_sm_talpham,iw9_minireddot02_tall,0
iw9_minireddot02,jup_jp28_lm_rpapa20,iw9_minireddot02_tall,0
iw9_minireddot02,jup_jp31_dm_compound,iw9_minireddot02_tall,0
iw9_minireddot02,jup_jp32_pi_mpapa9,iw9_minireddot02_tall,0
iw9_minireddot02,jup_jp34_ar_balpha27,iw9_minireddot02_tall,0
iw9_minireddot02,jup_jp35_sn_moscar,iw9_minireddot02_tall,0
iw9_minireddot02,jup_jp36_ar_anov94,iw9_minireddot02_tall,0
iw9_minireddot02,jup_jp36_sn_boscar,iw9_minireddot02_tall,0
iw9_minireddot02,jup_jp37_dm_kappa98,iw9_minireddot02_tall,0
iw9_minireddot02,jup_jp38_sh_spapa12,iw9_minireddot02_tall,0
iw9_minireddot02,jup_jp40_br_hcharlie36,iw9_minireddot02_tall,0
iw9_minireddot02,jup_jp41_sm_kpappa50,iw9_minireddot02_tall,0
iw9_minireddot02,jup_jp44_ar_stango44,iw9_minireddot02_tall,0
iw9_minireddot03,iw9_ar_acharlie300,iw9_minireddot03_tall,0
iw9_minireddot03,iw9_ar_akilo,iw9_minireddot03_tall,0
iw9_minireddot03,iw9_ar_akilo105,iw9_minireddot03_tall,0
iw9_minireddot03,iw9_ar_akilo74,iw9_minireddot03_tall,0
iw9_minireddot03,iw9_ar_augolf,iw9_minireddot03_tall,0
iw9_minireddot03,iw9_ar_falpha,iw9_minireddot03_tall,0
iw9_minireddot03,iw9_ar_falpha,iw9_minireddot03_tall,1
iw9_minireddot03,iw9_ar_fecho,iw9_minireddot03_tall,0
iw9_minireddot03,iw9_ar_fecho,iw9_minireddot03_tall,1
iw9_minireddot03,iw9_ar_golf3,iw9_minireddot03_tall,0
iw9_minireddot03,iw9_ar_helima,iw9_minireddot03_tall,0
iw9_minireddot03,iw9_ar_kilo53,iw9_minireddot03_tall,0
iw9_minireddot03,iw9_ar_malima,iw9_minireddot03_tall,0
iw9_minireddot03,iw9_ar_mcbravo,iw9_minireddot03_tall,0
iw9_minireddot03,iw9_ar_mcharlie,iw9_minireddot03_tall,0
iw9_minireddot03,iw9_ar_mike16,iw9_minireddot03_tall_p01,0
iw9_minireddot03,iw9_ar_mike4,iw9_minireddot03_tall_p01,0
iw9_minireddot03,iw9_ar_ralpha,iw9_minireddot03_tall,0
iw9_minireddot03,iw9_ar_scharlie,iw9_minireddot03_tall,0
iw9_minireddot03,iw9_ar_schotel,iw9_minireddot03_tall,0
iw9_minireddot03,iw9_br_msecho,iw9_minireddot03_tall_p01,0
iw9_minireddot03,iw9_br_ngsierra,iw9_minireddot03_tall,0
iw9_minireddot03,iw9_br_soscar14,iw9_minireddot03_tall,0
iw9_minireddot03,iw9_dm_crossbow,iw9_minireddot03_tall,0
iw9_minireddot03,iw9_dm_mike14,iw9_minireddot03_tall,0
iw9_minireddot03,iw9_dm_mike24,iw9_minireddot03_tall,0
iw9_minireddot03,iw9_dm_pgolf1,iw9_minireddot03_tall,0
iw9_minireddot03,iw9_dm_sa700,iw9_minireddot03_tall,0
iw9_minireddot03,iw9_dm_sbeta,iw9_minireddot03_tall,0
iw9_minireddot03,iw9_dm_scromeo,iw9_minireddot03_tall,0
iw9_minireddot03,iw9_dm_stango25,iw9_minireddot03_tall,0
iw9_minireddot03,iw9_lm_ahotel,iw9_minireddot03_tall,0
iw9_minireddot03,iw9_lm_foxtrot,iw9_minireddot03_tall,0
iw9_minireddot03,iw9_lm_kilo21,iw9_minireddot03_tall,0
iw9_minireddot03,iw9_lm_mkilo3,iw9_minireddot03_tall,0
iw9_minireddot03,iw9_lm_mkilo3,iw9_minireddot03_tall,1
iw9_minireddot03,iw9_lm_ngolf7,iw9_minireddot03_tall,0
iw9_minireddot03,iw9_lm_rkilo,iw9_minireddot03_tall,0
iw9_minireddot03,iw9_lm_slima,iw9_minireddot03_tall,0
iw9_minireddot03,iw9_pi_golf17,iw9_minireddot03_pstl,0
iw9_minireddot03,iw9_pi_golf18,iw9_minireddot03_pstl,0
iw9_minireddot03,iw9_pi_mike2011,iw9_minireddot03_pstl,0
iw9_minireddot03,iw9_pi_papa220,iw9_minireddot03_pstl,0
iw9_minireddot03,iw9_pi_tango9,iw9_minireddot03_pstl,0
iw9_minireddot03,iw9_sh_charlie725,iw9_minireddot03_tall,0
iw9_minireddot03,iw9_sh_mbravo,iw9_minireddot03_tall,0
iw9_minireddot03,iw9_sh_mike1014,iw9_minireddot03_tall,0
iw9_minireddot03,iw9_sh_mviktor,iw9_minireddot03_tall,0
iw9_minireddot03,iw9_sh_tsierra12,iw9_minireddot03_tall,0
iw9_minireddot03,iw9_sh_vecho,iw9_minireddot03_tall,0
iw9_minireddot03,iw9_sm_acharlie45,iw9_minireddot03_tall,0
iw9_minireddot03,iw9_sm_acharlie9,iw9_minireddot03_tall,0
iw9_minireddot03,iw9_sm_alpha57,iw9_minireddot03_tall_p01,0
iw9_minireddot03,iw9_sm_apapa,iw9_minireddot03_tall,0
iw9_minireddot03,iw9_sm_aviktor,iw9_minireddot03_tall,0
iw9_minireddot03,iw9_sm_beta,iw9_minireddot03_tall,0
iw9_minireddot03,iw9_sm_mpapa5,iw9_minireddot03_tall,0
iw9_minireddot03,iw9_sm_mpapa7,iw9_minireddot03_tall,0
iw9_minireddot03,iw9_sm_mpapax,iw9_minireddot03_tall,0
iw9_minireddot03,iw9_sm_papa90,iw9_minireddot03_tall,0
iw9_minireddot03,iw9_sm_sdelta,iw9_minireddot03_tall,0
iw9_minireddot03,iw9_sm_victor,iw9_minireddot03_tall,0
iw9_minireddot03,jup_cp01_sh_aromeo410,iw9_minireddot03_tall,0
iw9_minireddot03,jup_cp01_sm_coscar635,iw9_minireddot03_tall,0
iw9_minireddot03,jup_cp01_sm_pcharlie9,iw9_minireddot03_tall,0
iw9_minireddot03,jup_cp05_lm_halpha,iw9_minireddot03_tall,0
iw9_minireddot03,jup_cp06_ar_falpha,iw9_minireddot03_tall,0
iw9_minireddot03,jup_cp08_br_xmike5,iw9_minireddot03_tall,0
iw9_minireddot03,jup_cp15_lm_mkilo3,iw9_minireddot03_tall,0
iw9_minireddot03,jup_cp24_pi_glima21,iw9_minireddot03_pstl,0
iw9_minireddot03,jup_cp24_pi_glima21,iw9_minireddot03_tall,1
iw9_minireddot03,jup_jp01_ar_golf36,iw9_minireddot03_tall,0
iw9_minireddot03,jup_jp01_dm_slima8,iw9_minireddot03_tall,0
iw9_minireddot03,jup_jp01_lm_mgolf36,iw9_minireddot03_tall,0
iw9_minireddot03,jup_jp02_ar_bromeo805,iw9_minireddot03_tall,0
iw9_minireddot03,jup_jp02_br_bromeo2,iw9_minireddot03_tall,0
iw9_minireddot03,jup_jp02_dm_bromeop,iw9_minireddot03_tall,0
iw9_minireddot03,jup_jp02_sm_scharlie3,iw9_minireddot03_tall,0
iw9_minireddot03,jup_jp03_ar_aromeo160,iw9_minireddot03_tall,0
iw9_minireddot03,jup_jp03_br_aromeo200,iw9_minireddot03_tall,0
iw9_minireddot03,jup_jp03_sm_pmike,iw9_minireddot03_tall,0
iw9_minireddot03,jup_jp04_sm_lwhiskey,iw9_minireddot03_tall,0
iw9_minireddot03,jup_jp04_sm_umike,iw9_minireddot03_tall,0
iw9_minireddot03,jup_jp05_ar_foxtrot2000,iw9_minireddot03_tall,0
iw9_minireddot03,jup_jp06_lm_pkilop,iw9_minireddot03_tall,0
iw9_minireddot03,jup_jp07_sm_uzulu,iw9_minireddot03_tall,0
iw9_minireddot03,jup_jp07_sm_uzulup,iw9_minireddot03_tall,0
iw9_minireddot03,jup_jp08_ar_qbravo97,iw9_minireddot03_tall,0
iw9_minireddot03,jup_jp08_lm_qbravo95lsw,iw9_minireddot03_tall,0
iw9_minireddot03,jup_jp09_sh_oromeo12,iw9_minireddot03_tall,0
iw9_minireddot03,jup_jp12_pi_mike93,iw9_minireddot03_pstl,0
iw9_minireddot03,jup_jp12_pi_mike93,iw9_minireddot03_tall,1
iw9_minireddot03,jup_jp13_dm_svictork,iw9_minireddot03_tall,0
iw9_minireddot03,jup_jp16_sh_recho870,iw9_minireddot03_tall,0
iw9_minireddot03,jup_jp19_ar_acharlie,iw9_minireddot03_tall,0
iw9_minireddot03,jup_jp19_br_acharlie450,iw9_minireddot03_tall,0
iw9_minireddot03,jup_jp19_dm_acharlied,iw9_minireddot03_tall,0
iw9_minireddot03,jup_jp20_lm_evictor,iw9_minireddot03_tall,0
iw9_minireddot03,jup_jp25_ar_talpha95,iw9_minireddot03_tall,0
iw9_minireddot03,jup_jp25_sm_talpham,iw9_minireddot03_tall,0
iw9_minireddot03,jup_jp28_lm_rpapa20,iw9_minireddot03_tall,0
iw9_minireddot03,jup_jp31_dm_compound,iw9_minireddot03_tall,0
iw9_minireddot03,jup_jp32_pi_mpapa9,iw9_minireddot03_tall,0
iw9_minireddot03,jup_jp34_ar_balpha27,iw9_minireddot03_tall,0
iw9_minireddot03,jup_jp35_sn_moscar,iw9_minireddot03_tall,0
iw9_minireddot03,jup_jp36_ar_anov94,iw9_minireddot03_tall,0
iw9_minireddot03,jup_jp36_sn_boscar,iw9_minireddot03_tall,0
iw9_minireddot03,jup_jp37_dm_kappa98,iw9_minireddot03_tall,0
iw9_minireddot03,jup_jp38_sh_spapa12,iw9_minireddot03_tall,0
iw9_minireddot03,jup_jp40_br_hcharlie36,iw9_minireddot03_tall_p01,0
iw9_minireddot03,jup_jp41_sm_kpappa50,iw9_minireddot03_tall,0
iw9_minireddot03,jup_jp44_ar_stango44,iw9_minireddot03_tall,0
iw9_minireddot04,iw9_ar_acharlie300,iw9_minireddot04_tall,0
iw9_minireddot04,iw9_ar_akilo,iw9_minireddot04_tall,0
iw9_minireddot04,iw9_ar_akilo105,iw9_minireddot04_tall,0
iw9_minireddot04,iw9_ar_akilo74,iw9_minireddot04_tall,0
iw9_minireddot04,iw9_ar_augolf,iw9_minireddot04_tall,0
iw9_minireddot04,iw9_ar_falpha,iw9_minireddot04_tall,0
iw9_minireddot04,iw9_ar_falpha,iw9_minireddot04_tall,1
iw9_minireddot04,iw9_ar_fecho,iw9_minireddot04_tall,0
iw9_minireddot04,iw9_ar_fecho,iw9_minireddot04_tall,1
iw9_minireddot04,iw9_ar_golf3,iw9_minireddot04_tall,0
iw9_minireddot04,iw9_ar_helima,iw9_minireddot04_tall,0
iw9_minireddot04,iw9_ar_kilo53,iw9_minireddot04_tall,0
iw9_minireddot04,iw9_ar_malima,iw9_minireddot04_tall,0
iw9_minireddot04,iw9_ar_mcbravo,iw9_minireddot04_tall,0
iw9_minireddot04,iw9_ar_mcharlie,iw9_minireddot04_tall,0
iw9_minireddot04,iw9_ar_mike16,iw9_minireddot04_tall,0
iw9_minireddot04,iw9_ar_mike4,iw9_minireddot04_tall,0
iw9_minireddot04,iw9_ar_ralpha,iw9_minireddot04_tall,0
iw9_minireddot04,iw9_ar_scharlie,iw9_minireddot04_tall,0
iw9_minireddot04,iw9_ar_schotel,iw9_minireddot04_tall,0
iw9_minireddot04,iw9_br_msecho,iw9_minireddot04_tall,0
iw9_minireddot04,iw9_br_ngsierra,iw9_minireddot04_tall,0
iw9_minireddot04,iw9_br_soscar14,iw9_minireddot04_tall,0
iw9_minireddot04,iw9_dm_crossbow,iw9_minireddot04_tall,0
iw9_minireddot04,iw9_dm_mike14,iw9_minireddot04_tall,0
iw9_minireddot04,iw9_dm_mike24,iw9_minireddot04_tall,0
iw9_minireddot04,iw9_dm_pgolf1,iw9_minireddot04_tall,0
iw9_minireddot04,iw9_dm_sa700,iw9_minireddot04_tall,0
iw9_minireddot04,iw9_dm_sbeta,iw9_minireddot04_tall,0
iw9_minireddot04,iw9_dm_scromeo,iw9_minireddot04_tall,0
iw9_minireddot04,iw9_dm_stango25,iw9_minireddot04_tall,0
iw9_minireddot04,iw9_lm_ahotel,iw9_minireddot04_tall,0
iw9_minireddot04,iw9_lm_foxtrot,iw9_minireddot04_tall,0
iw9_minireddot04,iw9_lm_kilo21,iw9_minireddot04_tall,0
iw9_minireddot04,iw9_lm_mkilo3,iw9_minireddot04_tall,0
iw9_minireddot04,iw9_lm_mkilo3,iw9_minireddot04_tall,1
iw9_minireddot04,iw9_lm_ngolf7,iw9_minireddot04_tall,0
iw9_minireddot04,iw9_lm_rkilo,iw9_minireddot04_tall,0
iw9_minireddot04,iw9_lm_slima,iw9_minireddot04_tall,0
iw9_minireddot04,iw9_pi_golf17,iw9_minireddot04_pstl,0
iw9_minireddot04,iw9_pi_golf18,iw9_minireddot04_pstl,0
iw9_minireddot04,iw9_pi_mike2011,iw9_minireddot04_pstl,0
iw9_minireddot04,iw9_pi_papa220,iw9_minireddot04_pstl,0
iw9_minireddot04,iw9_pi_tango9,iw9_minireddot04_pstl,0
iw9_minireddot04,iw9_sh_charlie725,iw9_minireddot04_tall,0
iw9_minireddot04,iw9_sh_mbravo,iw9_minireddot04_tall,0
iw9_minireddot04,iw9_sh_mike1014,iw9_minireddot04_tall,0
iw9_minireddot04,iw9_sh_mviktor,iw9_minireddot04_tall,0
iw9_minireddot04,iw9_sh_tsierra12,iw9_minireddot04_tall,0
iw9_minireddot04,iw9_sh_vecho,iw9_minireddot04_tall,0
iw9_minireddot04,iw9_sm_acharlie45,iw9_minireddot04_tall,0
iw9_minireddot04,iw9_sm_acharlie9,iw9_minireddot04_tall,0
iw9_minireddot04,iw9_sm_alpha57,iw9_minireddot04_tall,0
iw9_minireddot04,iw9_sm_apapa,iw9_minireddot04_tall,0
iw9_minireddot04,iw9_sm_aviktor,iw9_minireddot04_tall,0
iw9_minireddot04,iw9_sm_beta,iw9_minireddot04_tall,0
iw9_minireddot04,iw9_sm_mpapa5,iw9_minireddot04_tall,0
iw9_minireddot04,iw9_sm_mpapa7,iw9_minireddot04_tall,0
iw9_minireddot04,iw9_sm_mpapax,iw9_minireddot04_tall,0
iw9_minireddot04,iw9_sm_papa90,iw9_minireddot04_tall,0
iw9_minireddot04,iw9_sm_sdelta,iw9_minireddot04_tall,0
iw9_minireddot04,iw9_sm_victor,iw9_minireddot04_tall,0
iw9_minireddot04,jup_cp01_sh_aromeo410,iw9_minireddot04_tall,0
iw9_minireddot04,jup_cp01_sm_coscar635,iw9_minireddot04_tall,0
iw9_minireddot04,jup_cp01_sm_pcharlie9,iw9_minireddot04_tall,0
iw9_minireddot04,jup_cp05_lm_halpha,iw9_minireddot04_tall,0
iw9_minireddot04,jup_cp06_ar_falpha,iw9_minireddot04_tall,0
iw9_minireddot04,jup_cp08_br_xmike5,iw9_minireddot04_tall,0
iw9_minireddot04,jup_cp15_lm_mkilo3,iw9_minireddot04_tall,0
iw9_minireddot04,jup_cp24_pi_glima21,iw9_minireddot04_pstl,0
iw9_minireddot04,jup_cp24_pi_glima21,iw9_minireddot04_tall,1
iw9_minireddot04,jup_jp01_ar_golf36,iw9_minireddot04_tall,0
iw9_minireddot04,jup_jp01_dm_slima8,iw9_minireddot04_tall,0
iw9_minireddot04,jup_jp01_lm_mgolf36,iw9_minireddot04_tall,0
iw9_minireddot04,jup_jp02_ar_bromeo805,iw9_minireddot04_tall,0
iw9_minireddot04,jup_jp02_br_bromeo2,iw9_minireddot04_tall,0
iw9_minireddot04,jup_jp02_dm_bromeop,iw9_minireddot04_tall,0
iw9_minireddot04,jup_jp02_sm_scharlie3,iw9_minireddot04_tall,0
iw9_minireddot04,jup_jp03_ar_aromeo160,iw9_minireddot04_tall,0
iw9_minireddot04,jup_jp03_br_aromeo200,iw9_minireddot04_tall,0
iw9_minireddot04,jup_jp03_sm_pmike,iw9_minireddot04_tall,0
iw9_minireddot04,jup_jp04_sm_lwhiskey,iw9_minireddot04_tall,0
iw9_minireddot04,jup_jp04_sm_umike,iw9_minireddot04_tall,0
iw9_minireddot04,jup_jp05_ar_foxtrot2000,iw9_minireddot04_tall,0
iw9_minireddot04,jup_jp06_lm_pkilop,iw9_minireddot04_tall,0
iw9_minireddot04,jup_jp07_sm_uzulu,iw9_minireddot04_tall,0
iw9_minireddot04,jup_jp07_sm_uzulup,iw9_minireddot04_tall,0
iw9_minireddot04,jup_jp08_ar_qbravo97,iw9_minireddot04_tall,0
iw9_minireddot04,jup_jp08_lm_qbravo95lsw,iw9_minireddot04_tall,0
iw9_minireddot04,jup_jp09_sh_oromeo12,iw9_minireddot04_tall,0
iw9_minireddot04,jup_jp12_pi_mike93,iw9_minireddot04_pstl,0
iw9_minireddot04,jup_jp12_pi_mike93,iw9_minireddot04_tall,1
iw9_minireddot04,jup_jp13_dm_svictork,iw9_minireddot04_tall,0
iw9_minireddot04,jup_jp16_sh_recho870,iw9_minireddot04_tall,0
iw9_minireddot04,jup_jp19_ar_acharlie,iw9_minireddot04_tall,0
iw9_minireddot04,jup_jp19_br_acharlie450,iw9_minireddot04_tall,0
iw9_minireddot04,jup_jp19_dm_acharlied,iw9_minireddot04_tall,0
iw9_minireddot04,jup_jp20_lm_evictor,iw9_minireddot04_tall,0
iw9_minireddot04,jup_jp25_ar_talpha95,iw9_minireddot04_tall,0
iw9_minireddot04,jup_jp25_sm_talpham,iw9_minireddot04_tall,0
iw9_minireddot04,jup_jp28_lm_rpapa20,iw9_minireddot04_tall,0
iw9_minireddot04,jup_jp31_dm_compound,iw9_minireddot04_tall,0
iw9_minireddot04,jup_jp32_pi_mpapa9,iw9_minireddot04_tall,0
iw9_minireddot04,jup_jp34_ar_balpha27,iw9_minireddot04_tall,0
iw9_minireddot04,jup_jp35_sn_moscar,iw9_minireddot04_tall,0
iw9_minireddot04,jup_jp36_ar_anov94,iw9_minireddot04_tall,0
iw9_minireddot04,jup_jp36_sn_boscar,iw9_minireddot04_tall,0
iw9_minireddot04,jup_jp37_dm_kappa98,iw9_minireddot04_tall,0
iw9_minireddot04,jup_jp38_sh_spapa12,iw9_minireddot04_tall,0
iw9_minireddot04,jup_jp40_br_hcharlie36,iw9_minireddot04_tall,0
iw9_minireddot04,jup_jp41_sm_kpappa50,iw9_minireddot04_tall,0
iw9_minireddot04,jup_jp44_ar_stango44,iw9_minireddot04_tall,0
iw9_minireddot05,iw9_ar_acharlie300,iw9_minireddot05_tall,0
iw9_minireddot05,iw9_ar_akilo,iw9_minireddot05_tall,0
iw9_minireddot05,iw9_ar_akilo105,iw9_minireddot05_tall,0
iw9_minireddot05,iw9_ar_akilo74,iw9_minireddot05_tall,0
iw9_minireddot05,iw9_ar_augolf,iw9_minireddot05_tall,0
iw9_minireddot05,iw9_ar_falpha,iw9_minireddot05_tall,0
iw9_minireddot05,iw9_ar_falpha,iw9_minireddot05_tall,1
iw9_minireddot05,iw9_ar_fecho,iw9_minireddot05_tall,0
iw9_minireddot05,iw9_ar_fecho,iw9_minireddot05_tall,1
iw9_minireddot05,iw9_ar_golf3,iw9_minireddot05_tall,0
iw9_minireddot05,iw9_ar_helima,iw9_minireddot05_tall,0
iw9_minireddot05,iw9_ar_kilo53,iw9_minireddot05_tall,0
iw9_minireddot05,iw9_ar_malima,iw9_minireddot05_tall,0
iw9_minireddot05,iw9_ar_mcbravo,iw9_minireddot05_tall,0
iw9_minireddot05,iw9_ar_mcharlie,iw9_minireddot05_tall,0
iw9_minireddot05,iw9_ar_mike16,iw9_minireddot05_tall,0
iw9_minireddot05,iw9_ar_mike4,iw9_minireddot05_tall,0
iw9_minireddot05,iw9_ar_ralpha,iw9_minireddot05_tall,0
iw9_minireddot05,iw9_ar_scharlie,iw9_minireddot05_tall,0
iw9_minireddot05,iw9_ar_schotel,iw9_minireddot05_tall,0
iw9_minireddot05,iw9_br_msecho,iw9_minireddot05_tall,0
iw9_minireddot05,iw9_br_ngsierra,iw9_minireddot05_tall,0
iw9_minireddot05,iw9_br_soscar14,iw9_minireddot05_tall,0
iw9_minireddot05,iw9_dm_crossbow,iw9_minireddot05_tall,0
iw9_minireddot05,iw9_dm_mike14,iw9_minireddot05_tall,0
iw9_minireddot05,iw9_dm_mike24,iw9_minireddot05_tall,0
iw9_minireddot05,iw9_dm_pgolf1,iw9_minireddot05_tall,0
iw9_minireddot05,iw9_dm_sa700,iw9_minireddot05_tall,0
iw9_minireddot05,iw9_dm_sbeta,iw9_minireddot05_tall,0
iw9_minireddot05,iw9_dm_scromeo,iw9_minireddot05_tall,0
iw9_minireddot05,iw9_dm_stango25,iw9_minireddot05_tall,0
iw9_minireddot05,iw9_lm_ahotel,iw9_minireddot05_tall,0
iw9_minireddot05,iw9_lm_foxtrot,iw9_minireddot05_tall,0
iw9_minireddot05,iw9_lm_kilo21,iw9_minireddot05_tall,0
iw9_minireddot05,iw9_lm_mkilo3,iw9_minireddot05_tall,0
iw9_minireddot05,iw9_lm_mkilo3,iw9_minireddot05_tall,1
iw9_minireddot05,iw9_lm_ngolf7,iw9_minireddot05_tall,0
iw9_minireddot05,iw9_lm_rkilo,iw9_minireddot05_tall,0
iw9_minireddot05,iw9_lm_slima,iw9_minireddot05_tall,0
iw9_minireddot05,iw9_pi_golf17,iw9_minireddot05_pstl,0
iw9_minireddot05,iw9_pi_golf18,iw9_minireddot05_pstl,0
iw9_minireddot05,iw9_pi_mike2011,iw9_minireddot05_pstl,0
iw9_minireddot05,iw9_pi_papa220,iw9_minireddot05_pstl,0
iw9_minireddot05,iw9_pi_tango9,iw9_minireddot05_pstl,0
iw9_minireddot05,iw9_sh_charlie725,iw9_minireddot05_tall,0
iw9_minireddot05,iw9_sh_mbravo,iw9_minireddot05_tall,0
iw9_minireddot05,iw9_sh_mike1014,iw9_minireddot05_tall,0
iw9_minireddot05,iw9_sh_mviktor,iw9_minireddot05_tall,0
iw9_minireddot05,iw9_sh_tsierra12,iw9_minireddot05_tall,0
iw9_minireddot05,iw9_sh_vecho,iw9_minireddot05_tall,0
iw9_minireddot05,iw9_sm_acharlie45,iw9_minireddot05_tall,0
iw9_minireddot05,iw9_sm_acharlie9,iw9_minireddot05_tall,0
iw9_minireddot05,iw9_sm_alpha57,iw9_minireddot05_tall,0
iw9_minireddot05,iw9_sm_apapa,iw9_minireddot05_tall,0
iw9_minireddot05,iw9_sm_aviktor,iw9_minireddot05_tall,0
iw9_minireddot05,iw9_sm_beta,iw9_minireddot05_tall,0
iw9_minireddot05,iw9_sm_mpapa5,iw9_minireddot05_tall,0
iw9_minireddot05,iw9_sm_mpapa7,iw9_minireddot05_tall,0
iw9_minireddot05,iw9_sm_mpapax,iw9_minireddot05_tall,0
iw9_minireddot05,iw9_sm_papa90,iw9_minireddot05_tall,0
iw9_minireddot05,iw9_sm_sdelta,iw9_minireddot05_tall,0
iw9_minireddot05,iw9_sm_victor,iw9_minireddot05_tall,0
iw9_minireddot05,jup_cp01_sh_aromeo410,iw9_minireddot05_tall,0
iw9_minireddot05,jup_cp01_sm_coscar635,iw9_minireddot05_tall,0
iw9_minireddot05,jup_cp01_sm_pcharlie9,iw9_minireddot05_tall,0
iw9_minireddot05,jup_cp05_lm_halpha,iw9_minireddot05_tall,0
iw9_minireddot05,jup_cp06_ar_falpha,iw9_minireddot05_tall,0
iw9_minireddot05,jup_cp08_br_xmike5,iw9_minireddot05_tall,0
iw9_minireddot05,jup_cp15_lm_mkilo3,iw9_minireddot05_tall,0
iw9_minireddot05,jup_cp24_pi_glima21,iw9_minireddot05_pstl,0
iw9_minireddot05,jup_cp24_pi_glima21,iw9_minireddot05_tall,1
iw9_minireddot05,jup_jp01_ar_golf36,iw9_minireddot05_tall,0
iw9_minireddot05,jup_jp01_dm_slima8,iw9_minireddot05_tall,0
iw9_minireddot05,jup_jp01_lm_mgolf36,iw9_minireddot05_tall,0
iw9_minireddot05,jup_jp02_ar_bromeo805,iw9_minireddot05_tall,0
iw9_minireddot05,jup_jp02_br_bromeo2,iw9_minireddot05_tall,0
iw9_minireddot05,jup_jp02_dm_bromeop,iw9_minireddot05_tall,0
iw9_minireddot05,jup_jp02_sm_scharlie3,iw9_minireddot05_tall,0
iw9_minireddot05,jup_jp03_ar_aromeo160,iw9_minireddot05_tall,0
iw9_minireddot05,jup_jp03_br_aromeo200,iw9_minireddot05_tall,0
iw9_minireddot05,jup_jp03_sm_pmike,iw9_minireddot05_tall,0
iw9_minireddot05,jup_jp04_sm_lwhiskey,iw9_minireddot05_tall,0
iw9_minireddot05,jup_jp04_sm_umike,iw9_minireddot05_tall,0
iw9_minireddot05,jup_jp05_ar_foxtrot2000,iw9_minireddot05_tall,0
iw9_minireddot05,jup_jp06_lm_pkilop,iw9_minireddot05_tall,0
iw9_minireddot05,jup_jp07_sm_uzulu,iw9_minireddot05_tall,0
iw9_minireddot05,jup_jp07_sm_uzulup,iw9_minireddot05_tall,0
iw9_minireddot05,jup_jp08_ar_qbravo97,iw9_minireddot05_tall,0
iw9_minireddot05,jup_jp08_lm_qbravo95lsw,iw9_minireddot05_tall,0
iw9_minireddot05,jup_jp09_sh_oromeo12,iw9_minireddot05_tall,0
iw9_minireddot05,jup_jp12_pi_mike93,iw9_minireddot05_pstl,0
iw9_minireddot05,jup_jp12_pi_mike93,iw9_minireddot05_tall,1
iw9_minireddot05,jup_jp13_dm_svictork,iw9_minireddot05_tall,0
iw9_minireddot05,jup_jp16_sh_recho870,iw9_minireddot05_tall,0
iw9_minireddot05,jup_jp19_ar_acharlie,iw9_minireddot05_tall,0
iw9_minireddot05,jup_jp19_br_acharlie450,iw9_minireddot05_tall,0
iw9_minireddot05,jup_jp19_dm_acharlied,iw9_minireddot05_tall,0
iw9_minireddot05,jup_jp20_lm_evictor,iw9_minireddot05_tall,0
iw9_minireddot05,jup_jp25_ar_talpha95,iw9_minireddot05_tall,0
iw9_minireddot05,jup_jp25_sm_talpham,iw9_minireddot05_tall,0
iw9_minireddot05,jup_jp28_lm_rpapa20,iw9_minireddot05_tall,0
iw9_minireddot05,jup_jp31_dm_compound,iw9_minireddot05_tall,0
iw9_minireddot05,jup_jp32_pi_mpapa9,iw9_minireddot05_tall,0
iw9_minireddot05,jup_jp34_ar_balpha27,iw9_minireddot05_tall,0
iw9_minireddot05,jup_jp35_sn_moscar,iw9_minireddot05_tall,0
iw9_minireddot05,jup_jp36_ar_anov94,iw9_minireddot05_tall,0
iw9_minireddot05,jup_jp36_sn_boscar,iw9_minireddot05_tall,0
iw9_minireddot05,jup_jp37_dm_kappa98,iw9_minireddot05_tall,0
iw9_minireddot05,jup_jp38_sh_spapa12,iw9_minireddot05_tall,0
iw9_minireddot05,jup_jp40_br_hcharlie36,iw9_minireddot05_tall,0
iw9_minireddot05,jup_jp41_sm_kpappa50,iw9_minireddot05_tall,0
iw9_minireddot05,jup_jp44_ar_stango44,iw9_minireddot05_tall,0
iw9_minireddot06,iw9_ar_acharlie300,iw9_minireddot06_tall,0
iw9_minireddot06,iw9_ar_akilo,iw9_minireddot06_tall,0
iw9_minireddot06,iw9_ar_akilo105,iw9_minireddot06_tall,0
iw9_minireddot06,iw9_ar_akilo74,iw9_minireddot06_tall,0
iw9_minireddot06,iw9_ar_augolf,iw9_minireddot06_tall,0
iw9_minireddot06,iw9_ar_falpha,iw9_minireddot06_tall,0
iw9_minireddot06,iw9_ar_falpha,iw9_minireddot06_tall,1
iw9_minireddot06,iw9_ar_fecho,iw9_minireddot06_tall,0
iw9_minireddot06,iw9_ar_fecho,iw9_minireddot06_tall,1
iw9_minireddot06,iw9_ar_golf3,iw9_minireddot06_tall,0
iw9_minireddot06,iw9_ar_helima,iw9_minireddot06_tall,0
iw9_minireddot06,iw9_ar_kilo53,iw9_minireddot06_tall,0
iw9_minireddot06,iw9_ar_malima,iw9_minireddot06_tall,0
iw9_minireddot06,iw9_ar_mcbravo,iw9_minireddot06_tall,0
iw9_minireddot06,iw9_ar_mcharlie,iw9_minireddot06_tall,0
iw9_minireddot06,iw9_ar_mike16,iw9_minireddot06_tall,0
iw9_minireddot06,iw9_ar_mike4,iw9_minireddot06_tall,0
iw9_minireddot06,iw9_ar_ralpha,iw9_minireddot06_tall,0
iw9_minireddot06,iw9_ar_scharlie,iw9_minireddot06_tall,0
iw9_minireddot06,iw9_ar_schotel,iw9_minireddot06_tall,0
iw9_minireddot06,iw9_br_msecho,iw9_minireddot06_tall,0
iw9_minireddot06,iw9_br_ngsierra,iw9_minireddot06_tall,0
iw9_minireddot06,iw9_br_soscar14,iw9_minireddot06_tall,0
iw9_minireddot06,iw9_dm_crossbow,iw9_minireddot06_tall,0
iw9_minireddot06,iw9_dm_mike14,iw9_minireddot06_tall,0
iw9_minireddot06,iw9_dm_mike24,iw9_minireddot06_tall,0
iw9_minireddot06,iw9_dm_pgolf1,iw9_minireddot06_tall,0
iw9_minireddot06,iw9_dm_sa700,iw9_minireddot06_tall,0
iw9_minireddot06,iw9_dm_sbeta,iw9_minireddot06_tall,0
iw9_minireddot06,iw9_dm_scromeo,iw9_minireddot06_tall,0
iw9_minireddot06,iw9_dm_stango25,iw9_minireddot06_tall,0
iw9_minireddot06,iw9_lm_ahotel,iw9_minireddot06_tall,0
iw9_minireddot06,iw9_lm_foxtrot,iw9_minireddot06_tall,0
iw9_minireddot06,iw9_lm_kilo21,iw9_minireddot06_tall,0
iw9_minireddot06,iw9_lm_mkilo3,iw9_minireddot06_tall,0
iw9_minireddot06,iw9_lm_mkilo3,iw9_minireddot06_tall,1
iw9_minireddot06,iw9_lm_ngolf7,iw9_minireddot06_tall,0
iw9_minireddot06,iw9_lm_rkilo,iw9_minireddot06_tall,0
iw9_minireddot06,iw9_lm_slima,iw9_minireddot06_tall,0
iw9_minireddot06,iw9_pi_golf17,iw9_minireddot06_pstl,0
iw9_minireddot06,iw9_pi_golf18,iw9_minireddot06_pstl,0
iw9_minireddot06,iw9_pi_mike2011,iw9_minireddot06_pstl,0
iw9_minireddot06,iw9_pi_papa220,iw9_minireddot06_pstl,0
iw9_minireddot06,iw9_pi_tango9,iw9_minireddot06_pstl,0
iw9_minireddot06,iw9_sh_charlie725,iw9_minireddot06_tall,0
iw9_minireddot06,iw9_sh_mbravo,iw9_minireddot06_tall,0
iw9_minireddot06,iw9_sh_mike1014,iw9_minireddot06_tall,0
iw9_minireddot06,iw9_sh_mviktor,iw9_minireddot06_tall,0
iw9_minireddot06,iw9_sh_tsierra12,iw9_minireddot06_tall,0
iw9_minireddot06,iw9_sh_vecho,iw9_minireddot06_tall,0
iw9_minireddot06,iw9_sm_acharlie45,iw9_minireddot06_tall,0
iw9_minireddot06,iw9_sm_acharlie9,iw9_minireddot06_tall,0
iw9_minireddot06,iw9_sm_alpha57,iw9_minireddot06_tall,0
iw9_minireddot06,iw9_sm_apapa,iw9_minireddot06_tall,0
iw9_minireddot06,iw9_sm_aviktor,iw9_minireddot06_tall,0
iw9_minireddot06,iw9_sm_beta,iw9_minireddot06_tall,0
iw9_minireddot06,iw9_sm_mpapa5,iw9_minireddot06_tall,0
iw9_minireddot06,iw9_sm_mpapa7,iw9_minireddot06_tall,0
iw9_minireddot06,iw9_sm_mpapax,iw9_minireddot06_tall,0
iw9_minireddot06,iw9_sm_papa90,iw9_minireddot06_tall,0
iw9_minireddot06,iw9_sm_sdelta,iw9_minireddot06_tall,0
iw9_minireddot06,iw9_sm_victor,iw9_minireddot06_tall,0
iw9_minireddot06,jup_cp01_sh_aromeo410,iw9_minireddot06_tall,0
iw9_minireddot06,jup_cp01_sm_coscar635,iw9_minireddot06_tall,0
iw9_minireddot06,jup_cp01_sm_pcharlie9,iw9_minireddot06_tall,0
iw9_minireddot06,jup_cp05_lm_halpha,iw9_minireddot06_tall,0
iw9_minireddot06,jup_cp06_ar_falpha,iw9_minireddot06_tall,0
iw9_minireddot06,jup_cp08_br_xmike5,iw9_minireddot06_tall,0
iw9_minireddot06,jup_cp15_lm_mkilo3,iw9_minireddot06_tall,0
iw9_minireddot06,jup_cp24_pi_glima21,iw9_minireddot06_pstl,0
iw9_minireddot06,jup_cp24_pi_glima21,iw9_minireddot06_tall,1
iw9_minireddot06,jup_jp01_ar_golf36,iw9_minireddot06_tall,0
iw9_minireddot06,jup_jp01_dm_slima8,iw9_minireddot06_tall,0
iw9_minireddot06,jup_jp01_lm_mgolf36,iw9_minireddot06_tall,0
iw9_minireddot06,jup_jp02_ar_bromeo805,iw9_minireddot06_tall,0
iw9_minireddot06,jup_jp02_br_bromeo2,iw9_minireddot06_tall,0
iw9_minireddot06,jup_jp02_dm_bromeop,iw9_minireddot06_tall,0
iw9_minireddot06,jup_jp02_sm_scharlie3,iw9_minireddot06_tall,0
iw9_minireddot06,jup_jp03_ar_aromeo160,iw9_minireddot06_tall,0
iw9_minireddot06,jup_jp03_br_aromeo200,iw9_minireddot06_tall,0
iw9_minireddot06,jup_jp03_sm_pmike,iw9_minireddot06_tall,0
iw9_minireddot06,jup_jp04_sm_lwhiskey,iw9_minireddot06_tall,0
iw9_minireddot06,jup_jp04_sm_umike,iw9_minireddot06_tall,0
iw9_minireddot06,jup_jp05_ar_foxtrot2000,iw9_minireddot06_tall,0
iw9_minireddot06,jup_jp06_lm_pkilop,iw9_minireddot06_tall,0
iw9_minireddot06,jup_jp07_sm_uzulu,iw9_minireddot06_tall,0
iw9_minireddot06,jup_jp07_sm_uzulup,iw9_minireddot06_tall,0
iw9_minireddot06,jup_jp08_ar_qbravo97,iw9_minireddot06_tall,0
iw9_minireddot06,jup_jp08_lm_qbravo95lsw,iw9_minireddot06_tall,0
iw9_minireddot06,jup_jp09_sh_oromeo12,iw9_minireddot06_tall,0
iw9_minireddot06,jup_jp12_pi_mike93,iw9_minireddot06_pstl,0
iw9_minireddot06,jup_jp12_pi_mike93,iw9_minireddot06_tall,1
iw9_minireddot06,jup_jp13_dm_svictork,iw9_minireddot06_tall,0
iw9_minireddot06,jup_jp16_sh_recho870,iw9_minireddot06_tall,0
iw9_minireddot06,jup_jp19_ar_acharlie,iw9_minireddot06_tall,0
iw9_minireddot06,jup_jp19_br_acharlie450,iw9_minireddot06_tall,0
iw9_minireddot06,jup_jp19_dm_acharlied,iw9_minireddot06_tall,0
iw9_minireddot06,jup_jp20_lm_evictor,iw9_minireddot06_tall,0
iw9_minireddot06,jup_jp25_ar_talpha95,iw9_minireddot06_tall,0
iw9_minireddot06,jup_jp25_sm_talpham,iw9_minireddot06_tall,0
iw9_minireddot06,jup_jp28_lm_rpapa20,iw9_minireddot06_tall,0
iw9_minireddot06,jup_jp31_dm_compound,iw9_minireddot06_tall,0
iw9_minireddot06,jup_jp32_pi_mpapa9,iw9_minireddot06_tall,0
iw9_minireddot06,jup_jp34_ar_balpha27,iw9_minireddot06_tall,0
iw9_minireddot06,jup_jp35_sn_moscar,iw9_minireddot06_tall,0
iw9_minireddot06,jup_jp36_ar_anov94,iw9_minireddot06_tall,0
iw9_minireddot06,jup_jp36_sn_boscar,iw9_minireddot06_tall,0
iw9_minireddot06,jup_jp37_dm_kappa98,iw9_minireddot06_tall,0
iw9_minireddot06,jup_jp38_sh_spapa12,iw9_minireddot06_tall,0
iw9_minireddot06,jup_jp40_br_hcharlie36,iw9_minireddot06_tall,0
iw9_minireddot06,jup_jp41_sm_kpappa50,iw9_minireddot06_tall,0
iw9_minireddot06,jup_jp44_ar_stango44,iw9_minireddot06_tall,0
jup_ammo_12g_br,jup_jp09_sh_oromeo12,jup_oromeo12_ammo_12g_br,0
jup_ammo_12g_br,jup_jp16_sh_recho870,jup_recho870_ammo_12g_br,0
jup_ammo_12g_br,jup_jp38_sh_spapa12,jup_spapa12_ammo_12g_br,0
jup_ammo_410g_ball,iw9_dm_sbeta,jup_ammo_410g_ball_amp,0
jup_ammo_410g_db,iw9_dm_sbeta,jup_ammo_410g_db_amp,0
jup_ammo_410g_sl,iw9_dm_sbeta,jup_ammo_410g_sl_amp,0
jup_arscope_vz01_rsierra,jup_jp14_pi_rsierra12,jup_arscope_vz01_rsierra_amp,0
jup_arscope_vz02_rsierra,jup_jp14_pi_rsierra12,jup_arscope_vz02_rsierra_amp,0
jup_cp01_bar,jup_cp01_sh_aromeo410,jup_cp01_sh_aromeo410_bar,0
jup_cp01_bar,jup_cp01_sm_pcharlie9,jup_cp01_sm_pcharlie9_bar,0
jup_cp01_bar_hvy,jup_cp01_sm_pcharlie9,jup_cp01_sm_pcharlie9_bar_hvy,0
jup_cp01_bar_hvy_long,jup_cp01_sm_pcharlie9,jup_cp01_sm_pcharlie9_bar_hvy_long,0
jup_cp01_bar_lgtshort_mike4,jup_cp01_sm_coscar635,jup_cp01_sm_coscar635_bar_lgtshort_mike4,0
jup_cp01_bar_light_long,jup_cp01_sm_pcharlie9,jup_cp01_sm_pcharlie9_bar_light_long,0
jup_cp01_bar_light_mike4,jup_cp01_sm_coscar635,jup_cp01_sm_coscar635_bar_light_mike4,0
jup_cp01_bar_long,jup_cp01_sh_aromeo410,jup_cp01_sh_aromeo410_bar_long,0
jup_cp01_bar_long_mike4,jup_cp01_sm_coscar635,jup_cp01_sm_coscar635_bar_long_mike4,0
jup_cp01_bar_short,jup_cp01_sm_pcharlie9,jup_cp01_sm_pcharlie9_bar_short,0
jup_cp01_bar_shorthvy,jup_cp01_sh_aromeo410,jup_cp01_sh_aromeo410_bar_shorthvy,0
jup_cp01_bar_shorthvy2,jup_cp01_sm_coscar635,jup_cp01_sm_coscar635_bar_shorthvy2,0
jup_cp01_barsil,jup_cp01_sh_aromeo410,jup_cp01_sh_aromeo410_barsil,0
jup_cp01_barsil2,jup_cp01_sm_coscar635,jup_cp01_sm_coscar635_barsil2,0
jup_cp01_barsil3,jup_cp01_sm_coscar635,jup_cp01_sm_coscar635_barsil3,0
jup_cp01_barsil_long,jup_cp01_sm_pcharlie9,jup_cp01_sm_pcharlie9_barsil_long,0
jup_cp01_barsil_short,jup_cp01_sm_pcharlie9,jup_cp01_sm_pcharlie9_barsil_short,0
jup_cp01_drum_100_9mm,jup_cp01_sm_coscar635,jup_cp01_sm_coscar635_drum_100_9mm,0
jup_cp01_mag_16_410g,jup_cp01_sh_aromeo410,jup_cp01_sh_aromeo410_mag_16_410g,0
jup_cp01_mag_20_4x30,jup_cp01_sm_pcharlie9,jup_cp01_sm_pcharlie9_mag_20_4x30,0
jup_cp01_mag_20_9mm,jup_cp01_sm_coscar635,jup_cp01_sm_coscar635_mag_20_9mm,0
jup_cp01_mag_30_4x30,jup_cp01_sm_pcharlie9,jup_cp01_sm_pcharlie9_mag_30_4x30,0
jup_cp01_mag_30_9mm,jup_cp01_sm_coscar635,jup_cp01_sm_coscar635_mag_30_9mm,0
jup_cp01_mag_32_410g,jup_cp01_sh_aromeo410,jup_cp01_sh_aromeo410_mag_32_410g,0
jup_cp01_mag_40_4x30,jup_cp01_sm_pcharlie9,jup_cp01_sm_pcharlie9_mag_40_4x30,0
jup_cp01_mag_50_9mm,jup_cp01_sm_coscar635,jup_cp01_sm_coscar635_mag_50_9mm,0
jup_cp01_mag_8_410g,jup_cp01_sh_aromeo410,jup_cp01_sh_aromeo410_mag_8_410g,0
jup_cp01_pgrip,jup_cp01_sh_aromeo410,jup_cp01_sh_aromeo410_pgrip,0
jup_cp01_pgrip,jup_cp01_sm_coscar635,jup_cp01_sm_coscar635_pgrip,0
jup_cp01_pgrip,jup_cp01_sm_pcharlie9,jup_cp01_sm_pcharlie9_pgrip,0
jup_cp01_pgrip_ass,jup_cp01_sh_aromeo410,jup_cp01_sh_aromeo410_pgrip_ass,0
jup_cp01_pgrip_ass,jup_cp01_sm_coscar635,jup_cp01_sm_coscar635_pgrip_ass,0
jup_cp01_pgrip_ass,jup_cp01_sm_pcharlie9,jup_cp01_sm_pcharlie9_pgrip_ass,0
jup_cp01_pgrip_skelass,jup_cp01_sh_aromeo410,jup_cp01_sh_aromeo410_pgrip_skelass,0
jup_cp01_pgrip_skelass,jup_cp01_sm_coscar635,jup_cp01_sm_coscar635_pgrip_skelass,0
jup_cp01_pgrip_skelass,jup_cp01_sm_pcharlie9,jup_cp01_sm_pcharlie9_pgrip_skelass,0
jup_cp01_pgrip_skelsnp,jup_cp01_sh_aromeo410,jup_cp01_sh_aromeo410_pgrip_skelsnp,0
jup_cp01_pgrip_skelsnp,jup_cp01_sm_coscar635,jup_cp01_sm_coscar635_pgrip_skelsnp,0
jup_cp01_pgrip_skelsnp,jup_cp01_sm_pcharlie9,jup_cp01_sm_pcharlie9_pgrip_aim,0
jup_cp01_pgrip_tac,jup_cp01_sh_aromeo410,jup_cp01_sh_aromeo410_pgrip_tac,0
jup_cp01_pgrip_tac,jup_cp01_sm_coscar635,jup_cp01_sm_coscar635_pgrip_tac,0
jup_cp01_pgrip_tac,jup_cp01_sm_pcharlie9,jup_cp01_sm_pcharlie9_pgrip_tac,0
jup_cp01_sm_coscar635_stock_hmr_amp,jup_jp02_ar_bromeo805,jup_bromeo_stock_hmr_amp,0
jup_cp01_sm_coscar635_stock_hmr_amp,jup_jp02_br_bromeo2,jup_bromeo_stock_hmr_amp,0
jup_cp01_sm_coscar635_stock_hmr_amp,jup_jp02_dm_bromeop,jup_bromeo_stock_hmr_amp,0
jup_cp01_sm_coscar635_stock_hmr_amp,jup_jp19_ar_acharlie,jup_acharlie_stock_hmr_amp,0
jup_cp01_sm_coscar635_stock_hmr_amp,jup_jp19_br_acharlie450,jup_acharlie_stock_hmr_amp,0
jup_cp01_sm_coscar635_stock_hmr_amp,jup_jp19_dm_acharlied,jup_acharlie_stock_hmr_amp,0
jup_cp01_stock,jup_cp01_sh_aromeo410,jup_cp01_sh_aromeo410_stock,0
jup_cp01_stock,jup_cp01_sm_coscar635,jup_cp01_sm_coscar635_stock,0
jup_cp01_stock,jup_cp01_sm_pcharlie9,jup_cp01_sm_pcharlie9_stock,0
jup_cp01_stock_aim,jup_cp01_sm_pcharlie9,jup_cp01_sm_pcharlie9_stock_aim,0
jup_cp01_stock_ass,jup_cp01_sm_pcharlie9,jup_cp01_sm_pcharlie9_stock_ass,0
jup_cp01_stock_assault,jup_cp01_sh_aromeo410,jup_cp01_sh_aromeo410_stock_assault,0
jup_cp01_stock_assault,jup_cp01_sm_coscar635,jup_cp01_sm_coscar635_stock_assault,0
jup_cp01_stock_carbine,jup_cp01_sh_aromeo410,jup_cp01_sh_aromeo410_stock_carbine,0
jup_cp01_stock_carbine,jup_cp01_sm_coscar635,jup_cp01_sm_coscar635_stock_carbine,0
jup_cp01_stock_hvycarbine,jup_cp01_sh_aromeo410,jup_cp01_sh_aromeo410_stock_hvycarbine,0
jup_cp01_stock_hvycarbine,jup_cp01_sm_coscar635,jup_cp01_sm_coscar635_stock_hvycarbine,0
jup_cp01_stock_precision,jup_cp01_sm_coscar635,jup_cp01_sm_coscar635_stock_precision,0
jup_cp01_stock_taclight,jup_cp01_sh_aromeo410,jup_cp01_sh_aromeo410_stock_taclight,0
jup_cp01_stock_taclight,jup_cp01_sm_coscar635,jup_cp01_sm_coscar635_stock_taclight,0
jup_cp01_stock_ultlight,jup_cp01_sh_aromeo410,jup_cp01_sh_aromeo410_stock_ultlight,0
jup_cp01_stock_ultlight,jup_cp01_sm_coscar635,jup_cp01_sm_coscar635_stock_ultlight,0
jup_cp01_stock_ultlight2,jup_cp01_sh_aromeo410,jup_cp01_sh_aromeo410_stock_ultlight2,0
jup_cp01_stock_ultlight2,jup_cp01_sm_coscar635,jup_cp01_sm_coscar635_stock_ultlight2,0
jup_cp01_stockno,jup_cp01_sh_aromeo410,jup_cp01_sh_aromeo410_stockno,0
jup_cp01_stockno,jup_cp01_sm_coscar635,jup_cp01_sm_coscar635_stockno,0
jup_cp01_stockno,jup_cp01_sm_pcharlie9,jup_cp01_sm_pcharlie9_stockno,0
jup_cp01_stockr,jup_cp01_sm_pcharlie9,jup_cp01_sm_pcharlie9_stockr,0
jup_cp05_bar,jup_cp05_lm_halpha,jup_cp05_lm_halpha_bar,0
jup_cp05_bar_light,jup_cp05_lm_halpha,jup_cp05_lm_halpha_bar_light,0
jup_cp05_bar_long,jup_cp05_lm_halpha,jup_cp05_lm_halpha_bar_long,0
jup_cp05_bar_short,jup_cp05_lm_halpha,jup_cp05_lm_halpha_bar_short,0
jup_cp05_drum_150_762n,jup_cp05_lm_halpha,jup_cp05_lm_halpha_drum_150_762n,0
jup_cp05_drum_75_762n,jup_cp05_lm_halpha,jup_cp05_lm_halpha_drum_75_762n,0
jup_cp05_mag_45_762n,jup_cp05_lm_halpha,jup_cp05_lm_halpha_mag_45_762n,0
jup_cp05_pgrip,jup_cp05_lm_halpha,jup_cp05_lm_halpha_pgrip,0
jup_cp05_pgrip_aim,jup_cp05_lm_halpha,jup_cp05_lm_halpha_pgrip_aim,0
jup_cp05_pgrip_ass,jup_cp05_lm_halpha,jup_cp05_lm_halpha_pgrip_ass,0
jup_cp05_pgrip_snp,jup_cp05_lm_halpha,jup_cp05_lm_halpha_pgrip_snp,0
jup_cp05_pgrip_tac,jup_cp05_lm_halpha,jup_cp05_lm_halpha_pgrip_tac,0
jup_cp05_stock,jup_cp05_lm_halpha,jup_cp05_lm_halpha_stock,0
jup_cp05_stock_ass,jup_cp05_lm_halpha,jup_cp05_lm_halpha_stock_ass,0
jup_cp05_stock_hvy,jup_cp05_lm_halpha,jup_cp05_lm_halpha_stock_hvy,0
jup_cp05_stock_lgt,jup_cp05_lm_halpha,jup_cp05_lm_halpha_stock_lgt,0
jup_cp05_stock_tac,jup_cp05_lm_halpha,jup_cp05_lm_halpha_stock_tac,0
jup_cp06_bar,jup_cp06_ar_falpha,jup_cp06_ar_falpha_bar,0
jup_cp06_blong,jup_cp06_ar_falpha,jup_cp06_ar_falpha_blong,0
jup_cp06_bshort,jup_cp06_ar_falpha,jup_cp06_ar_falpha_bshort,0
jup_cp06_bshort2,jup_cp06_ar_falpha,jup_cp06_ar_falpha_bshort2,0
jup_cp06_comb,jup_cp06_ar_falpha,jup_cp06_ar_falpha_comb,0
jup_cp06_comb_ergo,jup_cp06_ar_falpha,jup_cp06_ar_falpha_comb_ergo,0
jup_cp06_comb_heavy,jup_cp06_ar_falpha,jup_cp06_ar_falpha_comb_heavy,0
jup_cp06_comb_tactical,jup_cp06_ar_falpha,jup_cp06_ar_falpha_comb_tactical,0
jup_cp06_mag,jup_cp06_ar_falpha,jup_cp06_ar_falpha_mag,0
jup_cp06_mag_large,jup_cp06_ar_falpha,jup_cp06_ar_falpha_mag_large,0
jup_cp06_mag_xlarge,jup_cp06_ar_falpha,jup_cp06_ar_falpha_mag_xlarge,0
jup_cp06_pgrip,jup_cp06_ar_falpha,jup_cp06_ar_falpha_pgrip,0
jup_cp06_pgrip_aim,jup_cp06_ar_falpha,jup_cp06_ar_falpha_pgrip_aim,0
jup_cp06_pgrip_ass,jup_cp06_ar_falpha,jup_cp06_ar_falpha_pgrip_ass,0
jup_cp06_pgrip_tac,jup_cp06_ar_falpha,jup_cp06_ar_falpha_pgrip_tac,0
jup_cp06_stock,jup_cp06_ar_falpha,jup_cp06_ar_falpha_stock,0
jup_cp06_stock_heavy,jup_cp06_ar_falpha,jup_cp06_ar_falpha_stock_heavy,0
jup_cp06_stock_tactical,jup_cp06_ar_falpha,jup_cp06_ar_falpha_stock_tactical,0
jup_cp08_bar,jup_cp08_br_xmike5,jup_cp08_br_xmike5_bar,0
jup_cp08_bar_lgtlong,jup_cp08_br_xmike5,jup_cp08_br_xmike5_bar_lgtlong,0
jup_cp08_bar_lgtshort,jup_cp08_br_xmike5,jup_cp08_br_xmike5_bar_lgtshort,0
jup_cp08_bar_light,jup_cp08_br_xmike5,jup_cp08_br_xmike5_bar_light,0
jup_cp08_bar_long,jup_cp08_br_xmike5,jup_cp08_br_xmike5_bar_long,0
jup_cp08_bar_short,jup_cp08_br_xmike5,jup_cp08_br_xmike5_bar_short,0
jup_cp08_mag_20_277f,jup_cp08_br_xmike5,jup_cp08_br_xmike5_mag_20_277f,0
jup_cp08_mag_30_277f,jup_cp08_br_xmike5,jup_cp08_br_xmike5_mag_30_277f,0
jup_cp08_mag_45_277f,jup_cp08_br_xmike5,jup_cp08_br_xmike5_mag_45_277f,0
jup_cp08_pgrip,jup_cp08_br_xmike5,jup_cp08_br_xmike5_pgrip,0
jup_cp08_pgrip_aim,jup_cp08_br_xmike5,jup_cp08_br_xmike5_pgrip_aim,0
jup_cp08_pgrip_ass,jup_cp08_br_xmike5,jup_cp08_br_xmike5_pgrip_ass,0
jup_cp08_pgrip_tac,jup_cp08_br_xmike5,jup_cp08_br_xmike5_pgrip_tac,0
jup_cp08_stock,jup_cp08_br_xmike5,jup_cp08_br_xmike5_stock,0
jup_cp08_stock_folding,jup_cp08_br_xmike5,jup_cp08_br_xmike5_stock_folding,0
jup_cp08_stock_heavy,jup_cp08_br_xmike5,jup_cp08_br_xmike5_stock_heavy,0
jup_cp08_stock_hvyprecision,jup_cp08_br_xmike5,jup_cp08_br_xmike5_stock_hvyprecision,0
jup_cp08_stock_lgtprecision,jup_cp08_br_xmike5,jup_cp08_br_xmike5_stock_lgtprecision,0
jup_cp08_stock_light,jup_cp08_br_xmike5,jup_cp08_br_xmike5_stock_light,0
jup_cp08_stockno,jup_cp08_br_xmike5,jup_cp08_br_xmike5_stockno,0
jup_cp15_bar_heavy,jup_cp15_lm_mkilo3,jup_cp15_lm_mkilo3_bar_heavy,0
jup_cp15_bar_light,jup_cp15_lm_mkilo3,jup_cp15_lm_mkilo3_bar_light,0
jup_cp15_bar_long,jup_cp15_lm_mkilo3,jup_cp15_lm_mkilo3_bar_long,0
jup_cp15_bar_short,jup_cp15_lm_mkilo3,jup_cp15_lm_mkilo3_bar_short,0
jup_cp15_bar_sm,jup_cp15_lm_mkilo3,jup_cp15_lm_mkilo3_bar_sm,0
jup_cp15_belt,jup_cp15_lm_mkilo3,jup_cp15_lm_mkilo3_belt,0
jup_cp15_belt_large,jup_cp15_lm_mkilo3,jup_cp15_lm_mkilo3_belt_large,0
jup_cp15_mag_small,jup_cp15_lm_mkilo3,jup_cp15_lm_mkilo3_mag_small,0
jup_cp15_pgrip,jup_cp15_lm_mkilo3,jup_cp15_lm_mkilo3_pgrip,0
jup_cp15_pgrip_ass,jup_cp15_lm_mkilo3,jup_cp15_lm_mkilo3_pgrip_ass,0
jup_cp15_pgrip_tac,jup_cp15_lm_mkilo3,jup_cp15_lm_mkilo3_pgrip_tac,0
jup_cp15_stock,jup_cp15_lm_mkilo3,jup_cp15_lm_mkilo3_stock,0
jup_cp15_stock_heavy,jup_cp15_lm_mkilo3,jup_cp15_lm_mkilo3_stock_heavy,0
jup_cp15_stock_lgttactical,jup_cp15_lm_mkilo3,jup_cp15_lm_mkilo3_stock_lgttactical,0
jup_cp15_stock_light,jup_cp15_lm_mkilo3,jup_cp15_lm_mkilo3_stock_light,0
jup_cp15_stock_tactical,jup_cp15_lm_mkilo3,jup_cp15_lm_mkilo3_stock_tactical,0
jup_cp24_bar,jup_cp24_pi_glima21,jup_cp24_pi_glima21_bar,0
jup_cp24_bar_hvylong,jup_cp24_pi_glima21,jup_cp24_pi_glima21_bar_hvylong,0
jup_cp24_bar_light,jup_cp24_pi_glima21,jup_cp24_pi_glima21_bar_light,0
jup_cp24_drum_40_45acp,jup_cp24_pi_glima21,jup_cp24_pi_glima21_drum_40_45acp,0
jup_cp24_mag_13_45acp,jup_cp24_pi_glima21,jup_cp24_pi_glima21_mag_13_45acp,0
jup_cp24_mag_18_45acp,jup_cp24_pi_glima21,jup_cp24_pi_glima21_mag_18_45acp,0
jup_cp24_mag_30_45acp,jup_cp24_pi_glima21,jup_cp24_pi_glima21_mag_30_45acp,0
jup_cp24_pgrip,jup_cp24_pi_glima21,jup_cp24_pi_glima21_pgrip,0
jup_cp24_pgrip_aim,jup_cp24_pi_glima21,jup_cp24_pi_glima21_pgrip_aim,0
jup_cp24_pgrip_ass,jup_cp24_pi_glima21,jup_cp24_pi_glima21_pgrip_ass,0
jup_cp24_pgrip_tac,jup_cp24_pi_glima21,jup_cp24_pi_glima21_pgrip_tac,0
jup_cp24_stock_tactical,jup_cp24_pi_glima21,jup_cp24_pi_glima21_stock_tactical,0
jup_cp24_stockno,jup_cp24_pi_glima21,jup_cp24_pi_glima21_stockno,0
jup_cp24_trigger,jup_cp24_pi_glima21,jup_cp24_pi_glima21_trigger,0
jup_cp24_trigger_hair,jup_cp24_pi_glima21,jup_cp24_pi_glima21_trigger_hair,0
jup_cp24_trigger_heavy,jup_cp24_pi_glima21,jup_cp24_pi_glima21_trigger_heavy,0
jup_cp24_trigger_light,jup_cp24_pi_glima21,jup_cp24_pi_glima21_trigger_light,0
jup_cp24_trigger_tac,jup_cp24_pi_glima21,jup_cp24_pi_glima21_trigger_tac,0
jup_halpha_amp,jup_cp05_lm_halpha,jup_cp05_lm_halpha_bar_bipod,0
jup_jp01_ar_golf36_bar_amp,jup_jp01_dm_slima8,jup_jp01_dm_slima8_bar_amp,0
jup_jp01_bar,jup_jp01_ar_golf36,jup_jp01_ar_golf36_bar,0
jup_jp01_bar_fusion,jup_jp01_ar_golf36,jup_jp01_ar_golf36_bar_fusion,0
jup_jp01_bar_fusion,jup_jp01_dm_slima8,jup_jp01_dm_slima8_bar_fusion,0
jup_jp01_bar_fusion,jup_jp01_lm_mgolf36,jup_jp01_lm_mgolf36_bar_fusion,0
jup_jp01_bar_heavy,jup_jp01_dm_slima8,jup_jp01_dm_slima8_bar_heavy,0
jup_jp01_bar_heavy,jup_jp01_lm_mgolf36,jup_jp01_lm_mgolf36_bar_heavy,0
jup_jp01_bar_heavy_bipod,jup_jp01_dm_slima8,jup_bipod_mgolf,0
jup_jp01_bar_heavy_bipod,jup_jp01_dm_slima8,jup_jp01_dm_slima8_bar_heavy_bipod,1
jup_jp01_bar_heavy_bipod,jup_jp01_lm_mgolf36,jup_bipod_mgolf,0
jup_jp01_bar_heavy_bipod,jup_jp01_lm_mgolf36,jup_jp01_lm_mgolf36_bar_heavy_bipod,1
jup_jp01_bar_heavy_long,jup_jp01_dm_slima8,jup_jp01_dm_slima8_bar_heavy_long,0
jup_jp01_bar_heavy_long,jup_jp01_lm_mgolf36,jup_jp01_lm_mgolf36_bar_heavy_long,0
jup_jp01_bar_light,jup_jp01_ar_golf36,jup_jp01_ar_golf36_bar_light,0
jup_jp01_bar_short,jup_jp01_ar_golf36,jup_jp01_ar_golf36_bar_short,0
jup_jp01_bar_short_heavy,jup_jp01_ar_golf36,jup_jp01_ar_golf36_bar_short_heavy,0
jup_jp01_bar_short_heavy,jup_jp01_lm_mgolf36,jup_jp01_lm_mgolf36_bar_short_heavy,0
jup_jp01_bar_short_marksman,jup_jp01_dm_slima8,jup_jp01_dm_slima8_bar_short_marksman,0
jup_jp01_comb_ammo,jup_jp01_dm_slima8,jup_jp01_dm_slima8_comb_ammo,0
jup_jp01_comb_default,jup_jp01_dm_slima8,jup_jp01_dm_slima8_comb_default,0
jup_jp01_comb_ergo,jup_jp01_dm_slima8,jup_jp01_dm_slima8_comb_ergo,0
jup_jp01_comb_pouch,jup_jp01_dm_slima8,jup_jp01_dm_slima8_comb_pouch,0
jup_jp01_comb_tactical,jup_jp01_dm_slima8,jup_jp01_dm_slima8_comb_tactical,0
jup_jp01_drum_100_556n,jup_jp01_lm_mgolf36,jup_jp01_lm_mgolf36_drum_100_556n,0
jup_jp01_drum_50_556n,jup_jp01_lm_mgolf36,jup_jp01_lm_mgolf36_drum_50_556n,0
jup_jp01_mag_10_556n,jup_jp01_dm_slima8,jup_jp01_dm_slima8_mag_10_556n,0
jup_jp01_mag_20_556n,jup_jp01_ar_golf36,jup_jp01_ar_golf36_mag_20_556n,0
jup_jp01_mag_20_556n,jup_jp01_dm_slima8,jup_jp01_dm_slima8_mag_20_556n,0
jup_jp01_mag_30_556n,jup_jp01_ar_golf36,jup_jp01_ar_golf36_mag_30_556n,0
jup_jp01_mag_30_556n,jup_jp01_dm_slima8,jup_jp01_dm_slima8_mag_30_556n,0
jup_jp01_mag_40_556n,jup_jp01_ar_golf36,jup_jp01_ar_golf36_mag_40_556n,0
jup_jp01_mag_40_556n,jup_jp01_dm_slima8,jup_jp01_dm_slima8_mag_40_556n,0
jup_jp01_mag_40_556n,jup_jp01_lm_mgolf36,jup_jp01_lm_mgolf36_mag_40_556n,0
jup_jp01_pgrip,jup_jp01_ar_golf36,jup_jp01_ar_golf36_pgrip,0
jup_jp01_pgrip,jup_jp01_lm_mgolf36,jup_jp01_lm_mgolf36_pgrip,0
jup_jp01_pgrip_aim,jup_jp01_ar_golf36,jup_jp01_ar_golf36_pgrip_aim,0
jup_jp01_pgrip_aim,jup_jp01_lm_mgolf36,jup_jp01_lm_mgolf36_pgrip_aim,0
jup_jp01_pgrip_ske,jup_jp01_ar_golf36,jup_jp01_ar_golf36_pgrip_ske,0
jup_jp01_pgrip_ske,jup_jp01_lm_mgolf36,jup_jp01_lm_mgolf36_pgrip_ske,0
jup_jp01_pgrip_snp,jup_jp01_ar_golf36,jup_jp01_ar_golf36_pgrip_snp,0
jup_jp01_pgrip_snp,jup_jp01_lm_mgolf36,jup_jp01_lm_mgolf36_pgrip_snp,0
jup_jp01_pgrip_tac,jup_jp01_ar_golf36,jup_jp01_ar_golf36_pgrip_tac,0
jup_jp01_pgrip_tac,jup_jp01_lm_mgolf36,jup_jp01_lm_mgolf36_pgrip_tac,0
jup_jp01_stock_assault,jup_jp01_ar_golf36,jup_jp01_ar_golf36_stock_assault,0
jup_jp01_stock_assault,jup_jp01_lm_mgolf36,jup_jp01_lm_mgolf36_stock_assault,0
jup_jp01_stock_heavy,jup_jp01_ar_golf36,jup_jp01_ar_golf36_stock_heavy,0
jup_jp01_stock_heavy,jup_jp01_lm_mgolf36,jup_jp01_lm_mgolf36_stock_heavy,0
jup_jp01_stock_marksman_ergo,jup_jp01_dm_slima8,jup_jp01_dm_slima8_stock_marksman_ergo,0
jup_jp01_stock_marksman_padded,jup_jp01_dm_slima8,jup_jp01_dm_slima8_stock_marksman_padded,0
jup_jp01_stock_marksman_reduc,jup_jp01_dm_slima8,jup_jp01_dm_slima8_stock_marksman_reduc,0
jup_jp01_stock_marksman_rubber,jup_jp01_dm_slima8,jup_jp01_dm_slima8_stock_marksman_rubber,0
jup_jp01_stock_skel,jup_jp01_ar_golf36,jup_jp01_ar_golf36_stock_skel,0
jup_jp01_stock_tac,jup_jp01_ar_golf36,jup_jp01_ar_golf36_stock_tac,0
jup_jp01_stock_tac,jup_jp01_lm_mgolf36,jup_jp01_lm_mgolf36_stock_tac,0
jup_jp01_stock_tacheavy,jup_jp01_ar_golf36,jup_jp01_ar_golf36_stock_tacheavy,0
jup_jp01_stock_tacheavy,jup_jp01_lm_mgolf36,jup_jp01_lm_mgolf36_stock_tacheavy,0
jup_jp01_stockno,jup_jp01_ar_golf36,jup_jp01_ar_golf36_stockno,0
jup_jp02_bar,jup_jp02_ar_bromeo805,jup_jp02_ar_bromeo805_bar,0
jup_jp02_bar_heavy,jup_jp02_ar_bromeo805,jup_jp02_ar_bromeo805_bar_heavy,0
jup_jp02_bar_heavy,jup_jp02_br_bromeo2,jup_jp02_br_bromeo2_bar_heavy,0
jup_jp02_bar_heavy_long,jup_jp02_ar_bromeo805,jup_jp02_ar_bromeo805_bar_heavy_long,0
jup_jp02_bar_heavy_long,jup_jp02_br_bromeo2,jup_jp02_br_bromeo2_bar_heavy_long,0
jup_jp02_bar_heavy_long_dm,jup_jp02_dm_bromeop,jup_jp02_dm_bromeop_bar_heavy_long,0
jup_jp02_bar_heavy_short,jup_jp02_ar_bromeo805,jup_jp02_ar_bromeo805_bar_heavy_short,0
jup_jp02_bar_heavy_xlong,jup_jp02_ar_bromeo805,jup_jp02_ar_bromeo805_bar_heavy_xlong,0
jup_jp02_bar_heavy_xlong,jup_jp02_br_bromeo2,jup_jp02_br_bromeo2_bar_heavy_xlong,0
jup_jp02_bar_heavy_xlong_dm,jup_jp02_dm_bromeop,jup_jp02_dm_bromeop_bar_heavy_xlong,0
jup_jp02_bar_heavy_xshort,jup_jp02_ar_bromeo805,jup_jp02_ar_bromeo805_bar_heavy_xshort,0
jup_jp02_bar_lgtlong,jup_jp02_sm_scharlie3,jup_jp02_sm_scharlie3_bar_lgtlong,0
jup_jp02_bar_lgtshort,jup_jp02_sm_scharlie3,jup_jp02_sm_scharlie3_bar_lgtshort,0
jup_jp02_bar_light,jup_jp02_sm_scharlie3,jup_jp02_sm_scharlie3_bar_light,0
jup_jp02_bar_long,jup_jp02_ar_bromeo805,jup_jp02_ar_bromeo805_bar_long,0
jup_jp02_bar_precision,jup_jp02_br_bromeo2,jup_jp02_br_bromeo2_bar_precision,0
jup_jp02_bar_precision,jup_jp02_dm_bromeop,jup_jp02_dm_bromeop_bar_precision,0
jup_jp02_barsil,jup_jp02_sm_scharlie3,jup_jp02_sm_scharlie3_barsil,0
jup_jp02_drum_50_556n,jup_jp02_ar_bromeo805,jup_jp02_ar_bromeo805_drum_50_556n,0
jup_jp02_drum_50_9mm,jup_jp02_sm_scharlie3,jup_jp02_sm_scharlie3_drum_50_9mm,0
jup_jp02_mag_10_762n,jup_jp02_br_bromeo2,jup_jp02_br_bromeo2_mag_10_762n,0
jup_jp02_mag_10_762n,jup_jp02_dm_bromeop,jup_jp02_dm_bromeop_mag_10_762n,0
jup_jp02_mag_20_556n,jup_jp02_ar_bromeo805,jup_jp02_ar_bromeo805_mag_20_556n,0
jup_jp02_mag_20_762n,jup_jp02_br_bromeo2,jup_jp02_br_bromeo2_mag_20_762n,0
jup_jp02_mag_20_762n,jup_jp02_dm_bromeop,jup_jp02_dm_bromeop_mag_20_762n,0
jup_jp02_mag_30_556n,jup_jp02_ar_bromeo805,jup_jp02_ar_bromeo805_mag_30_556n,0
jup_jp02_mag_30_762n,jup_jp02_br_bromeo2,jup_jp02_br_bromeo2_mag_30_762n,0
jup_jp02_mag_30_9mm,jup_jp02_sm_scharlie3,jup_jp02_sm_scharlie3_mag_30_9mm,0
jup_jp02_mag_40_9mm,jup_jp02_sm_scharlie3,jup_jp02_sm_scharlie3_mag_40_9mm,0
jup_jp02_pgrip,jup_jp02_ar_bromeo805,jup_jp02_ar_bromeo805_pgrip,0
jup_jp02_pgrip,jup_jp02_br_bromeo2,jup_jp02_br_bromeo2_pgrip,0
jup_jp02_pgrip,jup_jp02_dm_bromeop,jup_jp02_dm_bromeop_pgrip,0
jup_jp02_pgrip_aim,jup_jp02_ar_bromeo805,jup_jp02_ar_bromeo805_pgrip_aim,0
jup_jp02_pgrip_aim,jup_jp02_br_bromeo2,jup_jp02_br_bromeo2_pgrip_aim,0
jup_jp02_pgrip_aim,jup_jp02_dm_bromeop,jup_jp02_dm_bromeop_pgrip_aim,0
jup_jp02_pgrip_ass,jup_jp02_ar_bromeo805,jup_jp02_ar_bromeo805_pgrip_ass,0
jup_jp02_pgrip_ass,jup_jp02_br_bromeo2,jup_jp02_br_bromeo2_pgrip_ass,0
jup_jp02_pgrip_ass,jup_jp02_dm_bromeop,jup_jp02_dm_bromeop_pgrip_ass,0
jup_jp02_pgrip_ass,jup_jp02_sm_scharlie3,jup_jp02_sm_scharlie3_pgrip_ass,0
jup_jp02_pgrip_grooved,jup_jp02_ar_bromeo805,jup_jp02_ar_bromeo805_pgrip_grooved,0
jup_jp02_pgrip_grooved,jup_jp02_br_bromeo2,jup_jp02_br_bromeo2_pgrip_grooved,0
jup_jp02_pgrip_grooved,jup_jp02_dm_bromeop,jup_jp02_dm_bromeop_pgrip_grooved,0
jup_jp02_pgrip_gtape,jup_jp02_sm_scharlie3,jup_jp02_sm_scharlie3_pgrip_gtape,0
jup_jp02_pgrip_light,jup_jp02_ar_bromeo805,jup_jp02_ar_bromeo805_pgrip_light,0
jup_jp02_pgrip_rubber,jup_jp02_sm_scharlie3,jup_jp02_sm_scharlie3_pgrip_rubber,0
jup_jp02_pgrip_smg,jup_jp02_sm_scharlie3,jup_jp02_sm_scharlie3_pgrip_smg,0
jup_jp02_stock_assault,jup_jp02_ar_bromeo805,jup_jp02_ar_bromeo805_stock_assault,0
jup_jp02_stock_assault,jup_jp02_br_bromeo2,jup_jp02_br_bromeo2_stock_assault,0
jup_jp02_stock_assault,jup_jp02_sm_scharlie3,jup_jp02_sm_scharlie3_stock_assault,0
jup_jp02_stock_folding,jup_jp02_ar_bromeo805,jup_jp02_ar_bromeo805_stock_folding,0
jup_jp02_stock_folding,jup_jp02_br_bromeo2,jup_jp02_br_bromeo2_stock_folding,0
jup_jp02_stock_heavy,jup_jp02_br_bromeo2,jup_jp02_br_bromeo2_stock_heavy,0
jup_jp02_stock_heavy,jup_jp02_dm_bromeop,jup_jp02_dm_bromeop_stock_heavy,0
jup_jp02_stock_heavyskel,jup_jp02_ar_bromeo805,jup_jp02_ar_bromeo805_stock_heavyskel,0
jup_jp02_stock_heavyskel,jup_jp02_br_bromeo2,jup_jp02_br_bromeo2_stock_heavyskel,0
jup_jp02_stock_heavyskel,jup_jp02_dm_bromeop,jup_jp02_dm_bromeop_stock_heavyskel,0
jup_jp02_stock_light,jup_jp02_ar_bromeo805,jup_jp02_ar_bromeo805_stock_light,0
jup_jp02_stock_precision,jup_jp02_dm_bromeop,jup_jp02_dm_bromeop_stock_precision,0
jup_jp02_stock_skel,jup_jp02_sm_scharlie3,jup_jp02_sm_scharlie3_stock_skel,0
jup_jp02_stock_skeltac,jup_jp02_ar_bromeo805,jup_jp02_ar_bromeo805_stock_skeltac,0
jup_jp02_stock_skeltac,jup_jp02_sm_scharlie3,jup_jp02_sm_scharlie3_stock_skeltac,0
jup_jp02_stock_tac,jup_jp02_sm_scharlie3,jup_jp02_sm_scharlie3_stock_tac,0
jup_jp02_stock_tacheavy,jup_jp02_ar_bromeo805,jup_jp02_ar_bromeo805_stock_tacheavy,0
jup_jp02_stock_tacheavy,jup_jp02_br_bromeo2,jup_jp02_br_bromeo2_stock_tacheavy,0
jup_jp02_stock_taclight,jup_jp02_ar_bromeo805,jup_jp02_ar_bromeo805_stock_taclight,0
jup_jp02_stock_taclight,jup_jp02_br_bromeo2,jup_jp02_br_bromeo2_stock_taclight,0
jup_jp02_stock_taclight,jup_jp02_sm_scharlie3,jup_jp02_sm_scharlie3_stock_taclight,0
jup_jp02_stock_weighted,jup_jp02_br_bromeo2,jup_jp02_br_bromeo2_stock_weighted,0
jup_jp02_stock_weighted,jup_jp02_dm_bromeop,jup_jp02_dm_bromeop_stock_weighted,0
jup_jp02_stockno,jup_jp02_ar_bromeo805,jup_jp02_ar_bromeo805_stockno,0
jup_jp02_stockno,jup_jp02_sm_scharlie3,jup_jp02_sm_scharlie3_stockno,0
jup_jp03_bar,jup_jp03_ar_aromeo160,jup_jp03_ar_aromeo160_bar,0
jup_jp03_bar,jup_jp03_sm_pmike,jup_jp03_sm_pmike_bar,0
jup_jp03_bar_heavy,jup_jp03_ar_aromeo160,jup_jp03_ar_aromeo160_bar_heavy,0
jup_jp03_bar_hvylong,jup_jp03_sm_pmike,jup_jp03_sm_pmike_bar_hvylong,0
jup_jp03_bar_hvyshort,jup_jp03_ar_aromeo160,jup_jp03_ar_aromeo160_bar_hvyshort,0
jup_jp03_bar_long,jup_jp03_ar_aromeo160,jup_jp03_ar_aromeo160_bar_long,0
jup_jp03_bar_long,jup_jp03_br_aromeo200,jup_jp03_br_aromeo200_bar_long,0
jup_jp03_bar_long,jup_jp03_sm_pmike,jup_jp03_sm_pmike_bar_long,0
jup_jp03_bar_short,jup_jp03_ar_aromeo160,jup_jp03_ar_aromeo160_bar_short,0
jup_jp03_bar_short,jup_jp03_br_aromeo200,jup_jp03_br_aromeo200_bar_short,0
jup_jp03_drum_100_556n,jup_jp03_ar_aromeo160,jup_jp03_ar_aromeo160_drum_100_556n,0
jup_jp03_drum_50_762n,jup_jp03_br_aromeo200,jup_jp03_br_aromeo200_drum_50_762n,0
jup_jp03_drum_50_9mm,jup_jp03_sm_pmike,jup_jp03_sm_pmike_drum_50_9mm,0
jup_jp03_mag_20_556n,jup_jp03_ar_aromeo160,jup_jp03_ar_aromeo160_mag_20_556n,0
jup_jp03_mag_20_762n,jup_jp03_br_aromeo200,jup_jp03_br_aromeo200_mag_20_762n,0
jup_jp03_mag_20_9mm,jup_jp03_sm_pmike,jup_jp03_sm_pmike_mag_20_9mm,0
jup_jp03_mag_30_556n,jup_jp03_ar_aromeo160,jup_jp03_ar_aromeo160_mag_30_556n,0
jup_jp03_mag_30_762n,jup_jp03_br_aromeo200,jup_jp03_br_aromeo200_mag_30_762n,0
jup_jp03_mag_30_9mm,jup_jp03_sm_pmike,jup_jp03_sm_pmike_mag_30_9mm,0
jup_jp03_mag_40_556n,jup_jp03_ar_aromeo160,jup_jp03_ar_aromeo160_mag_40_556n,0
jup_jp03_pgrip,jup_jp03_ar_aromeo160,jup_jp03_ar_aromeo160_pgrip,0
jup_jp03_pgrip,jup_jp03_sm_pmike,jup_jp03_sm_pmike_pgrip,0
jup_jp03_pgrip_ass,jup_jp03_ar_aromeo160,jup_jp03_ar_aromeo160_pgrip_ass,0
jup_jp03_pgrip_ass,jup_jp03_sm_pmike,jup_jp03_sm_pmike_pgrip_ass,0
jup_jp03_pgrip_snp,jup_jp03_ar_aromeo160,jup_jp03_ar_aromeo160_pgrip_snp,0
jup_jp03_pgrip_tac,jup_jp03_ar_aromeo160,jup_jp03_ar_aromeo160_pgrip_tac,0
jup_jp03_pgrip_tac,jup_jp03_sm_pmike,jup_jp03_sm_pmike_pgrip_tac,0
jup_jp03_stock,jup_jp03_ar_aromeo160,jup_jp03_ar_aromeo160_stock,0
jup_jp03_stock,jup_jp03_sm_pmike,jup_jp03_sm_pmike_stock,0
jup_jp03_stock_ass,jup_jp03_sm_pmike,jup_jp03_sm_pmike_stock_ass,0
jup_jp03_stock_heavy,jup_jp03_ar_aromeo160,jup_jp03_ar_aromeo160_stock_heavy,0
jup_jp03_stock_heavy,jup_jp03_br_aromeo200,jup_jp03_br_aromeo200_stock_heavy,0
jup_jp03_stock_light,jup_jp03_ar_aromeo160,jup_jp03_ar_aromeo160_stock_light,0
jup_jp03_stock_light,jup_jp03_sm_pmike,jup_jp03_sm_pmike_stock_light,0
jup_jp03_stock_precision,jup_jp03_ar_aromeo160,jup_jp03_ar_aromeo160_stock_precision,0
jup_jp03_stock_skel,jup_jp03_ar_aromeo160,jup_jp03_ar_aromeo160_stock_skel,0
jup_jp03_stock_sm,jup_jp03_br_aromeo200,jup_jp03_br_aromeo200_stock_sm,0
jup_jp03_stock_sn,jup_jp03_br_aromeo200,jup_jp03_br_aromeo200_stock_sn,0
jup_jp03_stock_tac,jup_jp03_ar_aromeo160,jup_jp03_ar_aromeo160_stock_tac,0
jup_jp03_stock_tactical,jup_jp03_br_aromeo200,jup_jp03_br_aromeo200_stock_tactical,0
jup_jp03_stockno,jup_jp03_ar_aromeo160,jup_jp03_ar_aromeo160_stockno,0
jup_jp03_stockno,jup_jp03_sm_pmike,jup_jp03_sm_pmike_stockno,0
jup_jp04_bar,jup_jp04_sm_lwhiskey,jup_jp04_sm_lwhiskey_bar,0
jup_jp04_bar,jup_jp04_sm_umike,jup_jp04_sm_umike_bar,0
jup_jp04_bar_heavy,jup_jp04_sm_lwhiskey,jup_jp04_sm_lwhiskey_bar_heavy,0
jup_jp04_bar_heavy,jup_jp04_sm_umike,jup_jp04_sm_umike_bar_heavy,0
jup_jp04_bar_hvylong,jup_jp04_sm_lwhiskey,jup_jp04_sm_lwhiskey_bar_hvylong,0
jup_jp04_bar_hvylong,jup_jp04_sm_umike,jup_jp04_sm_umike_bar_hvylong,0
jup_jp04_bar_long,jup_jp04_sm_lwhiskey,jup_jp04_sm_lwhiskey_bar_long,0
jup_jp04_bar_long,jup_jp04_sm_umike,jup_jp04_sm_umike_bar_long,0
jup_jp04_drum_50_45acp,jup_jp04_sm_umike,jup_jp04_sm_umike_drum_50_45acp,0
jup_jp04_drum_50_9mm,jup_jp04_sm_lwhiskey,jup_jp04_sm_lwhiskey_drum_50_9mm,0
jup_jp04_mag_15_45acp,jup_jp04_sm_umike,jup_jp04_sm_umike_mag_15_45acp,0
jup_jp04_mag_25_45acp,jup_jp04_sm_umike,jup_jp04_sm_umike_mag_25_45acp,0
jup_jp04_mag_25_9mm,jup_jp04_sm_lwhiskey,jup_jp04_sm_lwhiskey_mag_25_9mm,0
jup_jp04_mag_30_45acp,jup_jp04_sm_umike,jup_jp04_sm_umike_mag_30_45acp,0
jup_jp04_mag_30_9mm,jup_jp04_sm_lwhiskey,jup_jp04_sm_lwhiskey_mag_30_9mm,0
jup_jp04_mag_40_9mm,jup_jp04_sm_lwhiskey,jup_jp04_sm_lwhiskey_mag_40_9mm,0
jup_jp04_pgrip,jup_jp04_sm_lwhiskey,jup_jp04_sm_lwhiskey_pgrip,0
jup_jp04_pgrip,jup_jp04_sm_umike,jup_jp04_sm_umike_pgrip,0
jup_jp04_pgrip_aim,jup_jp04_sm_lwhiskey,jup_jp04_sm_lwhiskey_pgrip_aim,0
jup_jp04_pgrip_aim,jup_jp04_sm_umike,jup_jp04_sm_umike_pgrip_aim,0
jup_jp04_pgrip_ass,jup_jp04_sm_lwhiskey,jup_jp04_sm_lwhiskey_pgrip_ass,0
jup_jp04_pgrip_ass,jup_jp04_sm_umike,jup_jp04_sm_umike_pgrip_ass,0
jup_jp04_pgrip_tac,jup_jp04_sm_lwhiskey,jup_jp04_sm_lwhiskey_pgrip_tac,0
jup_jp04_pgrip_tac,jup_jp04_sm_umike,jup_jp04_sm_umike_pgrip_tac,0
jup_jp04_stock_assault,jup_jp04_sm_lwhiskey,jup_jp04_sm_lwhiskey_stock_assault,0
jup_jp04_stock_assault,jup_jp04_sm_umike,jup_jp04_sm_umike_stock_assault,0
jup_jp04_stock_brace,jup_jp04_sm_lwhiskey,jup_jp04_sm_lwhiskey_stock_brace,0
jup_jp04_stock_brace,jup_jp04_sm_umike,jup_jp04_sm_umike_stock_brace,0
jup_jp04_stock_folding,jup_jp04_sm_lwhiskey,jup_jp04_sm_lwhiskey_stock_folding,0
jup_jp04_stock_folding,jup_jp04_sm_umike,jup_jp04_sm_umike_stock_folding,0
jup_jp04_stock_hvybrace,jup_jp04_sm_lwhiskey,jup_jp04_sm_lwhiskey_stock_hvybrace,0
jup_jp04_stock_hvyskel,jup_jp04_sm_lwhiskey,jup_jp04_sm_lwhiskey_stock_hvyskel,0
jup_jp04_stock_hvyskel,jup_jp04_sm_umike,jup_jp04_sm_umike_stock_hvyskel,0
jup_jp04_stock_light,jup_jp04_sm_lwhiskey,jup_jp04_sm_lwhiskey_stock_light,0
jup_jp04_stock_light,jup_jp04_sm_umike,jup_jp04_sm_umike_stock_light,0
jup_jp04_stock_precision,jup_jp04_sm_lwhiskey,jup_jp04_sm_lwhiskey_stock_precision,0
jup_jp04_stock_precision,jup_jp04_sm_umike,jup_jp04_sm_umike_stock_precision,0
jup_jp04_stockno,jup_jp04_sm_lwhiskey,jup_jp04_sm_lwhiskey_stockno,0
jup_jp04_stockno,jup_jp04_sm_umike,jup_jp04_sm_umike_stockno,0
jup_jp05_bar,jup_jp05_ar_foxtrot2000,jup_jp05_ar_foxtrot2000_bar,0
jup_jp05_bar_hvylong,jup_jp05_ar_foxtrot2000,jup_jp05_ar_foxtrot2000_bar_hvylong,0
jup_jp05_bar_light,jup_jp05_ar_foxtrot2000,jup_jp05_ar_foxtrot2000_bar_light,0
jup_jp05_bar_short,jup_jp05_ar_foxtrot2000,jup_jp05_ar_foxtrot2000_bar_short,0
jup_jp05_comb_ergo,jup_jp05_ar_foxtrot2000,jup_jp05_ar_foxtrot2000_comb_ergo,0
jup_jp05_comb_heavy,jup_jp05_ar_foxtrot2000,jup_jp05_ar_foxtrot2000_comb_heavy,0
jup_jp05_comb_tac,jup_jp05_ar_foxtrot2000,jup_jp05_ar_foxtrot2000_comb_tac,0
jup_jp05_mag_20_556n,jup_jp05_ar_foxtrot2000,jup_jp05_ar_foxtrot2000_mag_20_556n,0
jup_jp05_mag_30_556n,jup_jp05_ar_foxtrot2000,jup_jp05_ar_foxtrot2000_mag_30_556n,0
jup_jp05_mag_45_556n,jup_jp05_ar_foxtrot2000,jup_jp05_ar_foxtrot2000_mag_45_556n,0
jup_jp05_pgrip,jup_jp05_ar_foxtrot2000,jup_jp05_ar_foxtrot2000_pgrip,0
jup_jp05_pgrip_aim,jup_jp05_ar_foxtrot2000,jup_jp05_ar_foxtrot2000_pgrip_aim,0
jup_jp05_pgrip_ass,jup_jp05_ar_foxtrot2000,jup_jp05_ar_foxtrot2000_pgrip_ass,0
jup_jp05_pgrip_tac,jup_jp05_ar_foxtrot2000,jup_jp05_ar_foxtrot2000_pgrip_tac,0
jup_jp05_stock,jup_jp05_ar_foxtrot2000,jup_jp05_ar_foxtrot2000_stock,0
jup_jp05_stock_heavy,jup_jp05_ar_foxtrot2000,jup_jp05_ar_foxtrot2000_stock_heavy,0
jup_jp05_stock_padded,jup_jp05_ar_foxtrot2000,jup_jp05_ar_foxtrot2000_stock_padded,0
jup_jp05_stock_reduc,jup_jp05_ar_foxtrot2000,jup_jp05_ar_foxtrot2000_stock_reduc,0
jup_jp06_bar,jup_jp06_lm_pkilop,jup_jp06_lm_pkilop_bar,0
jup_jp06_bar_bulllong,jup_jp06_lm_pkilop,jup_jp06_lm_pkilop_bar_bulllong,0
jup_jp06_bar_heavy,jup_jp06_lm_pkilop,jup_jp06_lm_pkilop_bar_heavy,0
jup_jp06_bar_light,jup_jp06_lm_pkilop,jup_jp06_lm_pkilop_bar_light,0
jup_jp06_bar_short,jup_jp06_lm_pkilop,jup_jp06_lm_pkilop_bar_short,0
jup_jp06_belt_100_762n,jup_jp06_lm_pkilop,jup_jp06_lm_pkilop_belt_100_762n,0
jup_jp06_belt_150_762n,jup_jp06_lm_pkilop,jup_jp06_lm_pkilop_belt_150_762n,0
jup_jp06_belt_200_762n,jup_jp06_lm_pkilop,jup_jp06_lm_pkilop_belt_200_762n,0
jup_jp06_belt_75_762n,jup_jp06_lm_pkilop,jup_jp06_lm_pkilop_belt_75_762n,0
jup_jp06_grip_akilo,jup_jp06_lm_pkilop,jup_jp06_lm_pkilop_grip_akilo,0
jup_jp06_pgrip,jup_jp06_lm_pkilop,jup_jp06_lm_pkilop_pgrip,0
jup_jp06_pgrip_aim,jup_jp06_lm_pkilop,jup_jp06_lm_pkilop_pgrip_aim,0
jup_jp06_pgrip_ass,jup_jp06_lm_pkilop,jup_jp06_lm_pkilop_pgrip_ass,0
jup_jp06_pgrip_snp,jup_jp06_lm_pkilop,jup_jp06_lm_pkilop_pgrip_snp,0
jup_jp06_pgrip_tac,jup_jp06_lm_pkilop,jup_jp06_lm_pkilop_pgrip_tac,0
jup_jp06_stock_heavy,jup_jp06_lm_pkilop,jup_jp06_lm_pkilop_stock_heavy,0
jup_jp06_stock_heavy2,jup_jp06_lm_pkilop,jup_jp06_lm_pkilop_stock_heavy2,0
jup_jp06_stock_heavy3,iw9_lm_rkilo,jup_jp06_lm_pkilop_stock_heavy3_amp,0
jup_jp06_stock_heavy3,jup_jp06_lm_pkilop,jup_jp06_lm_pkilop_stock_heavy3,0
jup_jp06_stock_pdhv,jup_jp06_lm_pkilop,jup_jp06_lm_pkilop_stock_pdhv,0
jup_jp06_stock_sp,jup_jp06_lm_pkilop,jup_jp06_lm_pkilop_stock_sp,0
jup_jp06_stock_tac,jup_jp06_lm_pkilop,jup_jp06_lm_pkilop_stock_tac,0
jup_jp06_ub_bipod,jup_jp06_lm_pkilop,jup_jp06_lm_pkilop_ub_bipod,0
jup_jp07_bar,jup_jp07_pi_uzulum,jup_jp07_pi_uzulum_bar,0
jup_jp07_bar,jup_jp07_sm_uzulu,jup_jp07_sm_uzulu_bar,0
jup_jp07_bar,jup_jp07_sm_uzulup,jup_jp07_sm_uzulup_bar,0
jup_jp07_bar_heavy,jup_jp07_pi_uzulum,jup_jp07_pi_uzulum_bar_heavy,0
jup_jp07_bar_heavy,jup_jp07_sm_uzulu,jup_jp07_sm_uzulu_bar_heavy,0
jup_jp07_bar_heavy,jup_jp07_sm_uzulup,jup_jp07_sm_uzulup_bar_heavy,0
jup_jp07_bar_hvylong,jup_jp07_sm_uzulu,jup_jp07_sm_uzulu_bar_hvylong,0
jup_jp07_bar_hvylong,jup_jp07_sm_uzulup,jup_jp07_sm_uzulup_bar_hvylong,0
jup_jp07_bar_long,jup_jp07_sm_uzulu,jup_jp07_sm_uzulu_bar_long,0
jup_jp07_bar_long,jup_jp07_sm_uzulup,jup_jp07_sm_uzulup_bar_long,0
jup_jp07_bar_long2,jup_jp07_sm_uzulu,jup_jp07_sm_uzulu_bar_long2,0
jup_jp07_bar_long2,jup_jp07_sm_uzulup,jup_jp07_sm_uzulup_bar_long2,0
jup_jp07_bar_short,jup_jp07_pi_uzulum,jup_jp07_pi_uzulum_bar_short,0
jup_jp07_bar_short,jup_jp07_sm_uzulu,jup_jp07_sm_uzulu_bar_short,0
jup_jp07_bar_short,jup_jp07_sm_uzulup,jup_jp07_sm_uzulup_bar_short,0
jup_jp07_bar_shortcomp,jup_jp07_pi_uzulum,jup_jp07_pi_uzulum_bar_shortcomp,0
jup_jp07_bar_shortcomp,jup_jp07_sm_uzulup,jup_jp07_sm_uzulup_bar_shortcomp,0
jup_jp07_barsil,jup_jp07_sm_uzulu,jup_jp07_sm_uzulu_barsil,0
jup_jp07_barsil,jup_jp07_sm_uzulup,jup_jp07_sm_uzulup_barsil,0
jup_jp07_drum_100_9mm,jup_jp07_sm_uzulup,jup_jp07_sm_uzulup_drum_100_9mm,0
jup_jp07_mag_20_9mm,jup_jp07_pi_uzulum,jup_jp07_pi_uzulum_mag_20_9mm,0
jup_jp07_mag_20_9mm,jup_jp07_sm_uzulup,jup_jp07_sm_uzulup_mag_20_9mm,0
jup_jp07_mag_25_9mm,jup_jp07_pi_uzulum,jup_jp07_pi_uzulum_mag_25_9mm,0
jup_jp07_mag_25_9mm,jup_jp07_sm_uzulu,jup_jp07_sm_uzulu_mag_25_9mm,0
jup_jp07_mag_25_9mm,jup_jp07_sm_uzulup,jup_jp07_sm_uzulup_mag_25_9mm,0
jup_jp07_mag_32_9mm,jup_jp07_pi_uzulum,jup_jp07_pi_uzulum_mag_32_9mm,0
jup_jp07_mag_32_9mm,jup_jp07_sm_uzulu,jup_jp07_sm_uzulu_mag_32_9mm,0
jup_jp07_mag_32_9mm,jup_jp07_sm_uzulup,jup_jp07_sm_uzulup_mag_32_9mm,0
jup_jp07_mag_40_9mm,jup_jp07_sm_uzulu,jup_jp07_sm_uzulu_mag_40_9mm,0
jup_jp07_mag_40_9mm,jup_jp07_sm_uzulup,jup_jp07_sm_uzulup_mag_40_9mm,0
jup_jp07_mag_50_9mm,jup_jp07_sm_uzulu,jup_jp07_sm_uzulu_mag_50_9mm,0
jup_jp07_mag_50_9mm,jup_jp07_sm_uzulup,jup_jp07_sm_uzulup_mag_50_9mm,0
jup_jp07_pgrip,jup_jp07_pi_uzulum,jup_jp07_pi_uzulum_pgrip,0
jup_jp07_pgrip,jup_jp07_sm_uzulu,jup_jp07_sm_uzulu_pgrip,0
jup_jp07_pgrip,jup_jp07_sm_uzulup,jup_jp07_sm_uzulup_pgrip,0
jup_jp07_pgrip_aim,jup_jp07_pi_uzulum,jup_jp07_pi_uzulum_pgrip_aim,0
jup_jp07_pgrip_aim,jup_jp07_sm_uzulu,jup_jp07_sm_uzulu_pgrip_aim,0
jup_jp07_pgrip_aim,jup_jp07_sm_uzulup,jup_jp07_sm_uzulup_pgrip_aim,0
jup_jp07_pgrip_ass,jup_jp07_pi_uzulum,jup_jp07_pi_uzulum_pgrip_ass,0
jup_jp07_pgrip_ass,jup_jp07_sm_uzulu,jup_jp07_sm_uzulu_pgrip_ass,0
jup_jp07_pgrip_ass,jup_jp07_sm_uzulup,jup_jp07_sm_uzulup_pgrip_ass,0
jup_jp07_pgrip_tac,jup_jp07_pi_uzulum,jup_jp07_pi_uzulum_pgrip_tac,0
jup_jp07_pgrip_tac,jup_jp07_sm_uzulu,jup_jp07_sm_uzulu_pgrip_tac,0
jup_jp07_pgrip_tac,jup_jp07_sm_uzulup,jup_jp07_sm_uzulup_pgrip_tac,0
jup_jp07_stock_assault,jup_jp07_sm_uzulu,jup_jp07_sm_uzulu_stock_assault,0
jup_jp07_stock_heavy,jup_jp07_sm_uzulu,jup_jp07_sm_uzulu_stock_heavy,0
jup_jp07_stock_heavytac,jup_jp07_sm_uzulup,jup_jp07_sm_uzulup_stock_heavytac,0
jup_jp07_stock_light,jup_jp07_sm_uzulu,jup_jp07_sm_uzulu_stock_light,0
jup_jp07_stock_rod,jup_jp07_sm_uzulup,jup_jp07_sm_uzulup_stock_rod,0
jup_jp07_stock_skelbrace,jup_jp07_pi_uzulum,jup_jp07_pi_uzulum_stock_skelbrace,0
jup_jp07_stock_skelbrace,jup_jp07_sm_uzulup,jup_jp07_sm_uzulup_stock_skelbrace,0
jup_jp07_stock_skeltac,jup_jp07_sm_uzulup,jup_jp07_sm_uzulup_stock_skeltac,0
jup_jp07_stock_tactical,jup_jp07_sm_uzulu,jup_jp07_sm_uzulu_stock_tactical,0
jup_jp07_stock_wire,jup_jp07_pi_uzulum,jup_jp07_pi_uzulum_stock_wire,0
jup_jp07_stock_wire,jup_jp07_sm_uzulu,jup_jp07_sm_uzulu_stock_wire,0
jup_jp07_stock_wire,jup_jp07_sm_uzulup,jup_jp07_sm_uzulup_stock_wire,0
jup_jp07_stockno,jup_jp07_pi_uzulum,jup_jp07_pi_uzulum_stockno,0
jup_jp07_stockno,jup_jp07_sm_uzulu,jup_jp07_sm_uzulu_stockno,0
jup_jp07_stockno,jup_jp07_sm_uzulup,jup_jp07_sm_uzulup_stockno,0
jup_jp08_bar,jup_jp08_ar_qbravo97,jup_jp08_ar_qbravo97_bar,0
jup_jp08_bar,jup_jp08_lm_qbravo95lsw,jup_jp08_ar_qbravo95_bar,0
jup_jp08_bar_hvylong,jup_jp08_ar_qbravo97,jup_jp08_ar_qbravo97_bar_hvylong,0
jup_jp08_bar_hvylong,jup_jp08_lm_qbravo95lsw,jup_jp08_ar_qbravo95_bar_hvylong,0
jup_jp08_bar_hvyshort,jup_jp08_ar_qbravo97,jup_jp08_ar_qbravo97_bar_hvyshort,0
jup_jp08_bar_light,jup_jp08_ar_qbravo97,jup_jp08_ar_qbravo97_bar_light,0
jup_jp08_bar_light,jup_jp08_lm_qbravo95lsw,jup_jp08_lm_qbravo95lsw_bar_light,0
jup_jp08_bar_long,jup_jp08_ar_qbravo97,jup_jp08_ar_qbravo97_bar_long,0
jup_jp08_bar_long,jup_jp08_lm_qbravo95lsw,jup_jp08_ar_qbravo95_bar_long,0
jup_jp08_bar_short,jup_jp08_ar_qbravo97,jup_jp08_ar_qbravo97_bar_short,0
jup_jp08_comb_ammo,jup_jp08_ar_qbravo97,jup_jp08_ar_qbravo97_comb_ammo,0
jup_jp08_comb_ammo,jup_jp08_lm_qbravo95lsw,jup_jp08_lm_qbravo95lsw_comb_ammo,0
jup_jp08_comb_ergo,jup_jp08_ar_qbravo97,jup_jp08_ar_qbravo97_comb_ergo,0
jup_jp08_comb_ergo,jup_jp08_lm_qbravo95lsw,jup_jp08_lm_qbravo95lsw_comb_ergo,0
jup_jp08_comb_pouch,jup_jp08_ar_qbravo97,jup_jp08_ar_qbravo97_comb_pouch,0
jup_jp08_comb_pouch,jup_jp08_lm_qbravo95lsw,jup_jp08_lm_qbravo95lsw_comb_pouch,0
jup_jp08_comb_tac,jup_jp08_ar_qbravo97,jup_jp08_ar_qbravo97_comb_tac,0
jup_jp08_comb_tac,jup_jp08_lm_qbravo95lsw,jup_jp08_lm_qbravo95lsw_comb_tac,0
jup_jp08_drum_100_58h,jup_jp08_lm_qbravo95lsw,jup_jp08_lm_qbravo95lsw_drum_100_58h,0
jup_jp08_drum_60_556n,jup_jp08_ar_qbravo97,jup_jp08_ar_qbravo97_drum_60_556n,0
jup_jp08_drum_60_58h,jup_jp08_lm_qbravo95lsw,jup_jp08_lm_qbravo95lsw_drum_60_58h,0
jup_jp08_mag_20_556n,jup_jp08_ar_qbravo97,jup_jp08_ar_qbravo97_mag_20_556n,0
jup_jp08_mag_30_556n,jup_jp08_ar_qbravo97,jup_jp08_ar_qbravo97_mag_30_556n,0
jup_jp08_mag_40_556n,jup_jp08_ar_qbravo97,jup_jp08_ar_qbravo97_mag_40_556n,0
jup_jp08_pgrip,jup_jp08_ar_qbravo97,jup_jp08_ar_qbravo97_pgrip,0
jup_jp08_pgrip,jup_jp08_lm_qbravo95lsw,jup_jp08_lm_qbravo95lsw_pgrip,0
jup_jp08_pgrip_aim,jup_jp08_ar_qbravo97,jup_jp08_ar_qbravo97_pgrip_aim,0
jup_jp08_pgrip_aim,jup_jp08_lm_qbravo95lsw,jup_jp08_lm_qbravo95lsw_pgrip_aim,0
jup_jp08_pgrip_ass,jup_jp08_ar_qbravo97,jup_jp08_ar_qbravo97_pgrip_ass,0
jup_jp08_pgrip_ass,jup_jp08_lm_qbravo95lsw,jup_jp08_lm_qbravo95lsw_pgrip_ass,0
jup_jp08_pgrip_tac,jup_jp08_ar_qbravo97,jup_jp08_ar_qbravo97_pgrip_tac,0
jup_jp08_pgrip_tac,jup_jp08_lm_qbravo95lsw,jup_jp08_lm_qbravo95lsw_pgrip_tac,0
jup_jp08_stock,jup_jp08_ar_qbravo97,jup_jp08_ar_qbravo97_stock,0
jup_jp08_stock_ergo,jup_jp08_ar_qbravo97,jup_jp08_ar_qbravo97_stock_ergo,0
jup_jp08_stock_ergo,jup_jp08_lm_qbravo95lsw,jup_jp08_lm_qbravo95lsw_stock_ergo,0
jup_jp08_stock_padded,jup_jp08_ar_qbravo97,jup_jp08_ar_qbravo97_stock_padded,0
jup_jp08_stock_padded,jup_jp08_lm_qbravo95lsw,jup_jp08_lm_qbravo95lsw_stock_padded,0
jup_jp08_stock_reduc,jup_jp08_ar_qbravo97,jup_jp08_ar_qbravo97_stock_reduc,0
jup_jp08_stock_reduc,jup_jp08_lm_qbravo95lsw,jup_jp08_lm_qbravo95lsw_stock_reduc,0
jup_jp08_stock_rubber,jup_jp08_ar_qbravo97,jup_jp08_ar_qbravo97_stock_rubber,0
jup_jp08_stock_rubber,jup_jp08_lm_qbravo95lsw,jup_jp08_lm_qbravo95lsw_stock_rubber,0
jup_jp09_bar,jup_jp09_sh_oromeo12,jup_jp09_sh_oromeo12_bar,0
jup_jp09_bar_long,jup_jp09_sh_oromeo12,jup_jp09_sh_oromeo12_bar_long,0
jup_jp09_bar_short,jup_jp09_sh_oromeo12,jup_jp09_sh_oromeo12_bar_short,0
jup_jp09_drum_20_12g,jup_jp09_sh_oromeo12,jup_jp09_sh_oromeo12_drum_20_12g,0
jup_jp09_mag_12_12g,jup_jp09_sh_oromeo12,jup_jp09_sh_oromeo12_mag_12_12g,0
jup_jp09_mag_5_12g,jup_jp09_sh_oromeo12,jup_jp09_sh_oromeo12_mag_5_12g,0
jup_jp09_mag_8_12g,jup_jp09_sh_oromeo12,jup_jp09_sh_oromeo12_mag_8_12g,0
jup_jp09_pgrip,jup_jp09_sh_oromeo12,jup_jp09_sh_oromeo12_pgrip,0
jup_jp09_pgrip_aim,jup_jp09_sh_oromeo12,jup_jp09_sh_oromeo12_pgrip_aim,0
jup_jp09_pgrip_ass,jup_jp09_sh_oromeo12,jup_jp09_sh_oromeo12_pgrip_ass,0
jup_jp09_pgrip_ass2,jup_jp09_sh_oromeo12,jup_jp09_sh_oromeo12_pgrip_ass2,0
jup_jp09_pgrip_snp,jup_jp09_sh_oromeo12,jup_jp09_sh_oromeo12_pgrip_snp,0
jup_jp09_pgrip_tac,jup_jp09_sh_oromeo12,jup_jp09_sh_oromeo12_pgrip_tac,0
jup_jp09_stock,jup_jp09_sh_oromeo12,jup_jp09_sh_oromeo12_stock,0
jup_jp09_stock_brace,jup_jp09_sh_oromeo12,jup_jp09_sh_oromeo12_stock_brace,0
jup_jp09_stock_heavy,jup_jp09_sh_oromeo12,jup_jp09_sh_oromeo12_stock_heavy,0
jup_jp09_stock_tac,jup_jp09_sh_oromeo12,jup_jp09_sh_oromeo12_stock_tac,0
jup_jp09_stock_taclight,jup_jp09_sh_oromeo12,jup_jp09_sh_oromeo12_stock_taclight,0
jup_jp09_stockno,jup_jp09_sh_oromeo12,jup_jp09_sh_oromeo12_stockno,0
jup_jp10_bar,jup_jp10_sn_cdelta50,jup_jp10_sn_cdelta50_bar,0
jup_jp10_bar_hvylong,jup_jp10_sn_cdelta50,jup_jp10_sn_cdelta50_bar_hvylong,0
jup_jp10_bar_hvyshort,jup_jp10_sn_cdelta50,jup_jp10_sn_cdelta50_bar_hvyshort,0
jup_jp10_bar_long,jup_jp10_sn_cdelta50,jup_jp10_sn_cdelta50_bar_long,0
jup_jp10_bar_short,jup_jp10_sn_cdelta50,jup_jp10_sn_cdelta50_bar_short,0
jup_jp10_barsil,jup_jp10_sn_cdelta50,jup_jp10_sn_cdelta50_barsil,0
jup_jp10_bolt,jup_jp10_sn_cdelta50,jup_jp10_sn_cdelta50_bolt,0
jup_jp10_bolt_heavy,jup_jp10_sn_cdelta50,jup_jp10_sn_cdelta50_bolt_heavy,0
jup_jp10_bolt_light,jup_jp10_sn_cdelta50,jup_jp10_sn_cdelta50_bolt_light,0
jup_jp10_guard,jup_jp10_sn_cdelta50,jup_jp10_sn_cdelta50_guard,0
jup_jp10_guardhvy,jup_jp10_sn_cdelta50,jup_jp10_sn_cdelta50_guardhvy,0
jup_jp10_guardlgt,jup_jp10_sn_cdelta50,jup_jp10_sn_cdelta50_guardlgt,0
jup_jp10_mag_10_50b,jup_jp10_sn_cdelta50,jup_jp10_sn_cdelta50_mag_10_50b,0
jup_jp10_mag_5_50b,jup_jp10_sn_cdelta50,jup_jp10_sn_cdelta50_mag_5_50b,0
jup_jp10_mag_7_50b,jup_jp10_sn_cdelta50,jup_jp10_sn_cdelta50_mag_7_50b,0
jup_jp10_pgrip,jup_jp10_sn_cdelta50,jup_jp10_sn_cdelta50_pgrip,0
jup_jp10_pgrip_aim,jup_jp10_sn_cdelta50,jup_jp10_sn_cdelta50_pgrip_aim,0
jup_jp10_pgrip_ass,jup_jp10_sn_cdelta50,jup_jp10_sn_cdelta50_pgrip_ass,0
jup_jp10_pgrip_tac,jup_jp10_sn_cdelta50,jup_jp10_sn_cdelta50_pgrip_tac,0
jup_jp10_stock,jup_jp10_sn_cdelta50,jup_jp10_sn_cdelta50_stock,0
jup_jp10_stock_heavy,jup_jp10_sn_cdelta50,jup_jp10_sn_cdelta50_stock_heavy,0
jup_jp10_stock_light,jup_jp10_sn_cdelta50,jup_jp10_sn_cdelta50_stock_light,0
jup_jp10_stock_skel,jup_jp10_sn_cdelta50,jup_jp10_sn_cdelta50_stock_skel,0
jup_jp10_stock_tac,jup_jp10_sn_cdelta50,jup_jp10_sn_cdelta50_stock_tac,0
jup_jp10_stockno,jup_jp10_sn_cdelta50,jup_jp10_sn_cdelta50_stockno,0
jup_jp12_bar,jup_jp12_pi_mike93,jup_jp12_pi_mike93_bar,0
jup_jp12_bar_hvylong,jup_jp12_pi_mike93,jup_jp12_pi_mike93_bar_hvylong,0
jup_jp12_bar_long,jup_jp12_pi_mike93,jup_jp12_pi_mike93_bar_long,0
jup_jp12_bar_short,jup_jp12_pi_mike93,jup_jp12_pi_mike93_bar_short,0
jup_jp12_drum_50_9mm,jup_jp12_pi_mike93,jup_jp12_pi_mike93_drum_50_9mm,0
jup_jp12_mag_15_9mm,jup_jp12_pi_mike93,jup_jp12_pi_mike93_mag_15_9mm,0
jup_jp12_mag_24_9mm,jup_jp12_pi_mike93,jup_jp12_pi_mike93_mag_24_9mm,0
jup_jp12_mag_30_9mm,jup_jp12_pi_mike93,jup_jp12_pi_mike93_mag_30_9mm,0
jup_jp12_pgrip,jup_jp12_pi_mike93,jup_jp12_pi_mike93_pgrip,0
jup_jp12_pgrip_ass,jup_jp12_pi_mike93,jup_jp12_pi_mike93_pgrip_ass,0
jup_jp12_pgrip_ergo,jup_jp12_pi_mike93,jup_jp12_pi_mike93_pgrip_ergo,0
jup_jp12_pgrip_tac,jup_jp12_pi_mike93,jup_jp12_pi_mike93_pgrip_tac,0
jup_jp12_stock_folding,jup_jp12_pi_mike93,jup_jp12_pi_mike93_stock_folding,0
jup_jp12_stockno,jup_jp12_pi_mike93,jup_jp12_pi_mike93_stockno,0
jup_jp12_trigger,jup_jp12_pi_mike93,jup_jp12_pi_mike93_trigger,0
jup_jp12_trigger_hair,jup_jp12_pi_mike93,jup_jp12_pi_mike93_trigger_hair,0
jup_jp12_trigger_heavy,jup_jp12_pi_mike93,jup_jp12_pi_mike93_trigger_heavy,0
jup_jp12_trigger_light,jup_jp12_pi_mike93,jup_jp12_pi_mike93_trigger_light,0
jup_jp13_bar,jup_jp13_dm_svictork,jup_jp13_dm_svictork_bar,0
jup_jp13_bar,jup_jp13_sn_svictor,jup_jp13_sn_svictor_bar,0
jup_jp13_bar_classic,jup_jp13_dm_svictork,jup_jp13_dm_svictork_bar_classic,0
jup_jp13_bar_classic,jup_jp13_sn_svictor,jup_jp13_sn_svictor_bar_classic,0
jup_jp13_bar_hvylong,jup_jp13_dm_svictork,jup_jp13_dm_svictork_bar_hvylong,0
jup_jp13_bar_hvylong,jup_jp13_sn_svictor,jup_jp13_sn_svictor_bar_hvylong,0
jup_jp13_bar_long,jup_jp13_dm_svictork,jup_jp13_dm_svictork_bar_long,0
jup_jp13_bar_long,jup_jp13_sn_svictor,jup_jp13_sn_svictor_bar_long,0
jup_jp13_bar_mm,jup_jp13_dm_svictork,jup_jp13_dm_svictork_bar_mm,0
jup_jp13_bar_mm,jup_jp13_sn_svictor,jup_jp13_sn_svictor_bar_mm,0
jup_jp13_bar_short,jup_jp13_dm_svictork,jup_jp13_dm_svictork_bar_short,0
jup_jp13_bar_short,jup_jp13_sn_svictor,jup_jp13_sn_svictor_bar_short,0
jup_jp13_mag_10_338lmp,jup_jp13_sn_svictor,jup_jp13_sn_svictor_mag_10_338lmp,0
jup_jp13_mag_10_762r,jup_jp13_dm_svictork,jup_jp13_dm_svictork_mag_10_762r,0
jup_jp13_mag_15_762r,jup_jp13_dm_svictork,jup_jp13_dm_svictork_mag_15_762r,0
jup_jp13_mag_20_338lmp,jup_jp13_sn_svictor,jup_jp13_sn_svictor_mag_20_338lmp,0
jup_jp13_mag_20_762r,jup_jp13_dm_svictork,jup_jp13_dm_svictork_mag_20_762r,0
jup_jp13_mag_5_338lmp,jup_jp13_sn_svictor,jup_jp13_sn_svictor_mag_5_338lmp,0
jup_jp13_pgrip,jup_jp13_dm_svictork,jup_jp13_dm_svictork_pgrip,0
jup_jp13_pgrip,jup_jp13_sn_svictor,jup_jp13_sn_svictor_pgrip,0
jup_jp13_pgrip_aim,jup_jp13_dm_svictork,jup_jp13_dm_svictork_pgrip_aim,0
jup_jp13_pgrip_aim,jup_jp13_sn_svictor,jup_jp13_sn_svictor_pgrip_aim,0
jup_jp13_pgrip_ass,jup_jp13_dm_svictork,jup_jp13_dm_svictork_pgrip_ass,0
jup_jp13_pgrip_ass,jup_jp13_sn_svictor,jup_jp13_sn_svictor_pgrip_ass,0
jup_jp13_pgrip_ass2,jup_jp13_dm_svictork,jup_jp13_dm_svictork_pgrip_ass2,0
jup_jp13_pgrip_ass2,jup_jp13_sn_svictor,jup_jp13_sn_svictor_pgrip_ass2,0
jup_jp13_pgrip_ergo,jup_jp13_dm_svictork,jup_jp13_dm_svictork_pgrip_ergo,0
jup_jp13_pgrip_ergo,jup_jp13_sn_svictor,jup_jp13_sn_svictor_pgrip_ergo,0
jup_jp13_pgrip_snp,jup_jp13_dm_svictork,jup_jp13_dm_svictork_pgrip_snp,0
jup_jp13_pgrip_snp,jup_jp13_sn_svictor,jup_jp13_sn_svictor_pgrip_snp,0
jup_jp13_pgrip_tac,jup_jp13_dm_svictork,jup_jp13_dm_svictork_pgrip_tac,0
jup_jp13_pgrip_tac,jup_jp13_sn_svictor,jup_jp13_sn_svictor_pgrip_tac,0
jup_jp13_stock_ass,jup_jp13_dm_svictork,jup_jp13_dm_svictork_stock_ass,0
jup_jp13_stock_ass,jup_jp13_sn_svictor,jup_jp13_sn_svictor_stock_ass,0
jup_jp13_stock_comptac,jup_jp13_dm_svictork,jup_jp13_dm_svictork_stock_comptac,0
jup_jp13_stock_comptac,jup_jp13_sn_svictor,jup_jp13_sn_svictor_stock_comptac,0
jup_jp13_stock_heavy,jup_jp13_sn_svictor,jup_jp13_sn_svictor_stock_heavy,0
jup_jp13_stock_hvytac,jup_jp13_dm_svictork,jup_jp13_dm_svictork_stock_hvytac,0
jup_jp13_stock_lmm,jup_jp13_dm_svictork,jup_jp13_dm_svictork_stock_lmm,0
jup_jp13_stock_lmm,jup_jp13_sn_svictor,jup_jp13_sn_svictor_stock_lmm,0
jup_jp13_stock_mm,jup_jp13_dm_svictork,jup_jp13_dm_svictork_stock_mm,0
jup_jp13_stock_mm,jup_jp13_sn_svictor,jup_jp13_sn_svictor_stock_mm,0
jup_jp13_stock_padded,jup_jp13_sn_svictor,jup_jp13_sn_svictor_stock_padded,0
jup_jp13_stock_precision,jup_jp13_sn_svictor,jup_jp13_sn_svictor_stock_precision,0
jup_jp13_stock_skel,jup_jp13_dm_svictork,jup_jp13_dm_svictork_stock_skel,0
jup_jp13_stock_skel,jup_jp13_sn_svictor,jup_jp13_sn_svictor_stock_skel,0
jup_jp13_stock_tac,jup_jp13_dm_svictork,jup_jp13_dm_svictork_stock_tac,0
jup_jp14_bar,jup_jp14_pi_rsierra12,jup_jp14_pi_rsierra12_bar,0
jup_jp14_bar_heavy,jup_jp14_pi_rsierra12,jup_jp14_pi_rsierra12_bar_heavy,0
jup_jp14_bar_hvylong,jup_jp14_pi_rsierra12,jup_jp14_pi_rsierra12_bar_hvylong,0
jup_jp14_bar_light,jup_jp14_pi_rsierra12,jup_jp14_pi_rsierra12_bar_light,0
jup_jp14_bar_short,jup_jp14_pi_rsierra12,jup_jp14_pi_rsierra12_bar_short,0
jup_jp14_cylinder_5_12,jup_jp14_pi_rsierra12,jup_jp14_pi_rsierra12_cylinder_5_12,0
jup_jp14_pgrip,jup_jp14_pi_rsierra12,jup_jp14_pi_rsierra12_pgrip,0
jup_jp14_pgrip_aim,jup_jp14_pi_rsierra12,jup_jp14_pi_rsierra12_pgrip_aim,0
jup_jp14_pgrip_ass,jup_jp14_pi_rsierra12,jup_jp14_pi_rsierra12_pgrip_ass,0
jup_jp14_pgrip_stippled,jup_jp14_pi_rsierra12,jup_jp14_pi_rsierra12_pgrip_stippled,0
jup_jp14_pgrip_tac,jup_jp14_pi_rsierra12,jup_jp14_pi_rsierra12_pgrip_tac,0
jup_jp14_speedloader_5_12,jup_jp14_pi_rsierra12,jup_jp14_pi_rsierra12_speedloader_5_12,0
jup_jp14_stock_heavy,jup_jp14_pi_rsierra12,jup_jp14_pi_rsierra12_stock_heavy,0
jup_jp14_stock_precision,jup_jp14_pi_rsierra12,jup_jp14_pi_rsierra12_stock_precision,0
jup_jp14_trigger,jup_jp14_pi_rsierra12,jup_jp14_pi_rsierra12_trigger,0
jup_jp14_trigger_hair,jup_jp14_pi_rsierra12,jup_jp14_pi_rsierra12_trigger_hair,0
jup_jp14_trigger_heavy,jup_jp14_pi_rsierra12,jup_jp14_pi_rsierra12_trigger_heavy,0
jup_jp14_trigger_light,jup_jp14_pi_rsierra12,jup_jp14_pi_rsierra12_trigger_light,0
jup_jp16_bartube,jup_jp16_sh_recho870,jup_jp16_sh_recho870_bartube,0
jup_jp16_bartube_hvylong,jup_jp16_sh_recho870,jup_jp16_sh_recho870_bartube_hvylong,0
jup_jp16_bartube_hvyshort,jup_jp16_sh_recho870,jup_jp16_sh_recho870_bartube_hvyshort,0
jup_jp16_bartube_long,jup_jp16_sh_recho870,jup_jp16_sh_recho870_bartube_long,0
jup_jp16_bartube_short,jup_jp16_sh_recho870,jup_jp16_sh_recho870_bartube_short,0
jup_jp16_bolt,jup_jp16_sh_recho870,jup_jp16_sh_recho870_bolt,0
jup_jp16_bolt_heavy,jup_jp16_sh_recho870,jup_jp16_sh_recho870_bolt_heavy,0
jup_jp16_bolt_light,jup_jp16_sh_recho870,jup_jp16_sh_recho870_bolt_light,0
jup_jp16_guard,jup_jp16_sh_recho870,jup_jp16_sh_recho870_guard,0
jup_jp16_guard_ergo,jup_jp16_sh_recho870,jup_jp16_sh_recho870_guard_ergo,0
jup_jp16_guard_heavy,jup_jp16_sh_recho870,jup_jp16_sh_recho870_guard_heavy,0
jup_jp16_guard_skel,jup_jp16_sh_recho870,jup_jp16_sh_recho870_guard_skel,0
jup_jp16_guard_tac,jup_jp16_sh_recho870,jup_jp16_sh_recho870_guard_tac,0
jup_jp16_pgrip,jup_jp16_sh_recho870,jup_jp16_sh_recho870_pgrip,0
jup_jp16_pgrip_ass,jup_jp16_sh_recho870,jup_jp16_sh_recho870_pgrip_ass,0
jup_jp16_pgrip_skel,jup_jp16_sh_recho870,jup_jp16_sh_recho870_pgrip_skel,0
jup_jp16_pgrip_tac,jup_jp16_sh_recho870,jup_jp16_sh_recho870_pgrip_tac,0
jup_jp16_stock,jup_jp16_sh_recho870,jup_jp16_sh_recho870_stock,0
jup_jp16_stock_assault,jup_jp16_sh_recho870,jup_jp16_sh_recho870_stock_assault,0
jup_jp16_stock_folding,jup_jp16_sh_recho870,jup_jp16_sh_recho870_stock_folding,0
jup_jp16_stock_heavy,jup_jp16_sh_recho870,jup_jp16_sh_recho870_stock_heavy,0
jup_jp16_stock_precision,jup_jp16_sh_recho870,jup_jp16_sh_recho870_stock_precision,0
jup_jp16_stock_tac,jup_jp16_sh_recho870,jup_jp16_sh_recho870_stock_tac,0
jup_jp16_stockno,jup_jp16_sh_recho870,jup_jp16_sh_recho870_stockno,0
jup_jp16_tube_10_12g,jup_jp16_sh_recho870,jup_jp16_sh_recho870_tube_10_12g,0
jup_jp16_tube_4_12g,jup_jp16_sh_recho870,jup_jp16_sh_recho870_tube_4_12g,0
jup_jp16_tube_6_12g,jup_jp16_sh_recho870,jup_jp16_sh_recho870_tube_6_12g,0
jup_jp16_tube_8_12g,jup_jp16_sh_recho870,jup_jp16_sh_recho870_tube_8_12g,0
jup_jp17_bar,jup_jp17_sn_hsierra,jup_jp17_sn_hsierra_bar,0
jup_jp17_bar_hvylong,jup_jp17_sn_hsierra,jup_jp17_sn_hsierra_bar_hvylong,0
jup_jp17_bar_long,jup_jp17_sn_hsierra,jup_jp17_sn_hsierra_bar_long,0
jup_jp17_bar_short,jup_jp17_sn_hsierra,jup_jp17_sn_hsierra_bar_short,0
jup_jp17_mag_5_50b,jup_jp17_sn_hsierra,jup_jp17_sn_hsierra_mag_5_50b,0
jup_jp17_mag_7_50b,jup_jp17_sn_hsierra,jup_jp17_sn_hsierra_mag_7_50b,0
jup_jp17_pgrip,jup_jp17_sn_hsierra,jup_jp17_sn_hsierra_pgrip,0
jup_jp17_pgrip_aim,jup_jp17_sn_hsierra,jup_jp17_sn_hsierra_pgrip_aim,0
jup_jp17_pgrip_ass,jup_jp17_sn_hsierra,jup_jp17_sn_hsierra_pgrip_ass,0
jup_jp17_pgrip_ske,jup_jp17_sn_hsierra,jup_jp17_sn_hsierra_pgrip_ske,0
jup_jp17_pgrip_snp,jup_jp17_sn_hsierra,jup_jp17_sn_hsierra_pgrip_snp,0
jup_jp17_pgrip_tac,jup_jp17_sn_hsierra,jup_jp17_sn_hsierra_pgrip_tac,0
jup_jp17_stock,jup_jp17_sn_hsierra,jup_jp17_sn_hsierra_stock,0
jup_jp17_stock_heavy,jup_jp17_sn_hsierra,jup_jp17_sn_hsierra_stock_heavy,0
jup_jp17_stock_light,jup_jp17_sn_hsierra,jup_jp17_sn_hsierra_stock_light,0
jup_jp17_stock_precision,jup_jp17_sn_hsierra,jup_jp17_sn_hsierra_stock_precision,0
jup_jp17_stock_tac,jup_jp17_sn_hsierra,jup_jp17_sn_hsierra_stock_tac,0
jup_jp19_bar,jup_jp19_ar_acharlie,jup_jp19_ar_acharlie_bar,0
jup_jp19_bar,jup_jp19_br_acharlie450,jup_jp19_br_acharlie450_bar,0
jup_jp19_bar,jup_jp19_dm_acharlied,jup_jp19_dm_acharlied_bar,0
jup_jp19_bar_heavy,jup_jp19_ar_acharlie,jup_jp19_ar_acharlie_bar_heavy,0
jup_jp19_bar_heavy,jup_jp19_br_acharlie450,jup_jp19_br_acharlie450_bar_heavy,0
jup_jp19_bar_heavy2,jup_jp19_br_acharlie450,jup_jp19_br_acharlie450_bar_heavy2,0
jup_jp19_bar_heavy2,jup_jp19_dm_acharlied,jup_jp19_dm_acharlied_bar_heavy2,0
jup_jp19_bar_hvylong,jup_jp19_ar_acharlie,jup_jp19_ar_acharlie_bar_hvylong,0
jup_jp19_bar_hvylong2,jup_jp19_br_acharlie450,jup_jp19_br_acharlie450_bar_hvylong2,0
jup_jp19_bar_hvylong2,jup_jp19_dm_acharlied,jup_jp19_dm_acharlied_bar_hvylong2,0
jup_jp19_bar_hvymarksman,jup_jp19_br_acharlie450,jup_jp19_br_acharlie450_bar_hvymarksman,0
jup_jp19_bar_hvymarksman,jup_jp19_dm_acharlied,jup_jp19_dm_acharlied_bar_hvymarksman,0
jup_jp19_bar_hvyshort,jup_jp19_ar_acharlie,jup_jp19_ar_acharlie_bar_hvyshort,0
jup_jp19_bar_hvyshort2,jup_jp19_ar_acharlie,jup_jp19_ar_acharlie_bar_hvyshort2,0
jup_jp19_bar_hvyshort2,jup_jp19_br_acharlie450,jup_jp19_br_acharlie450_bar_hvyshort2,0
jup_jp19_bar_hvyshort2,jup_jp19_dm_acharlied,jup_jp19_dm_acharlied_bar_hvyshort2,0
jup_jp19_bar_lgtlong,jup_jp19_ar_acharlie,jup_jp19_ar_acharlie_bar_lgtlong,0
jup_jp19_bar_long,jup_jp19_ar_acharlie,jup_jp19_ar_acharlie_bar_long,0
jup_jp19_bar_marksman,jup_jp19_br_acharlie450,jup_jp19_br_acharlie450_bar_marksman,0
jup_jp19_bar_marksman,jup_jp19_dm_acharlied,jup_jp19_dm_acharlied_bar_marksman,0
jup_jp19_barsil,jup_jp19_ar_acharlie,jup_jp19_ar_acharlie_barsil,0
jup_jp19_barsil_lrg,jup_jp19_br_acharlie450,jup_jp19_br_acharlie450_barsil,0
jup_jp19_barsil_lrg,jup_jp19_dm_acharlied,jup_jp19_dm_acharlied_barsil,0
jup_jp19_drum_30_450b,jup_jp19_br_acharlie450,jup_jp19_br_acharlie450_drum_30_450b,0
jup_jp19_drum_60_556n,jup_jp19_ar_acharlie,jup_jp19_ar_acharlie_drum_60_556n,0
jup_jp19_drum_60_68r,jup_jp19_dm_acharlied,jup_jp19_dm_acharlied_drum_60_68r,0
jup_jp19_mag_10_450b,jup_jp19_br_acharlie450,jup_jp19_br_acharlie450_mag_10_450b,0
jup_jp19_mag_10_68r,jup_jp19_dm_acharlied,jup_jp19_dm_acharlied_mag_10_68r,0
jup_jp19_mag_15_450b,jup_jp19_br_acharlie450,jup_jp19_br_acharlie450_mag_15_450b,0
jup_jp19_mag_20_450b,jup_jp19_br_acharlie450,jup_jp19_br_acharlie450_mag_20_450b,0
jup_jp19_mag_20_556n,jup_jp19_ar_acharlie,jup_jp19_ar_acharlie_mag_20_556n,0
jup_jp19_mag_30_556n,jup_jp19_ar_acharlie,jup_jp19_ar_acharlie_mag_30_556n,0
jup_jp19_mag_30_68r,jup_jp19_dm_acharlied,jup_jp19_dm_acharlied_mag_30_68r,0
jup_jp19_mag_40_556n,jup_jp19_ar_acharlie,jup_jp19_ar_acharlie_mag_40_556n,0
jup_jp19_pgrip,jup_jp19_ar_acharlie,jup_jp19_ar_acharlie_pgrip,0
jup_jp19_pgrip,jup_jp19_br_acharlie450,jup_jp19_br_acharlie450_pgrip,0
jup_jp19_pgrip,jup_jp19_dm_acharlied,jup_jp19_dm_acharlied_pgrip,0
jup_jp19_pgrip_aim,jup_jp19_ar_acharlie,jup_jp19_ar_acharlie_pgrip_aim,0
jup_jp19_pgrip_aim,jup_jp19_br_acharlie450,jup_jp19_br_acharlie450_pgrip_aim,0
jup_jp19_pgrip_aim,jup_jp19_dm_acharlied,jup_jp19_dm_acharlied_pgrip_aim,0
jup_jp19_pgrip_ass,jup_jp19_ar_acharlie,jup_jp19_ar_acharlie_pgrip_ass,0
jup_jp19_pgrip_ass,jup_jp19_br_acharlie450,jup_jp19_br_acharlie450_pgrip_ass,0
jup_jp19_pgrip_ass,jup_jp19_dm_acharlied,jup_jp19_dm_acharlied_pgrip_ass,0
jup_jp19_pgrip_snp,jup_jp19_ar_acharlie,jup_jp19_ar_acharlie_pgrip_snp,0
jup_jp19_pgrip_snp,jup_jp19_br_acharlie450,jup_jp19_br_acharlie450_pgrip_snp,0
jup_jp19_pgrip_snp,jup_jp19_dm_acharlied,jup_jp19_dm_acharlied_pgrip_snp,0
jup_jp19_stock_assault,jup_jp19_ar_acharlie,jup_jp19_ar_acharlie_stock_assault,0
jup_jp19_stock_assault,jup_jp19_br_acharlie450,jup_jp19_br_acharlie450_stock_assault,0
jup_jp19_stock_assault,jup_jp19_dm_acharlied,jup_jp19_dm_acharlied_stock_assault,0
jup_jp19_stock_heavy,jup_jp19_ar_acharlie,jup_jp19_ar_acharlie_stock_heavy,0
jup_jp19_stock_heavy,jup_jp19_br_acharlie450,jup_jp19_br_acharlie450_stock_heavy,0
jup_jp19_stock_heavy,jup_jp19_dm_acharlied,jup_jp19_dm_acharlied_stock_heavy,0
jup_jp19_stock_light,jup_jp19_ar_acharlie,jup_jp19_ar_acharlie_stock_light,0
jup_jp19_stock_light,jup_jp19_br_acharlie450,jup_jp19_br_acharlie450_stock_light,0
jup_jp19_stock_light,jup_jp19_dm_acharlied,jup_jp19_dm_acharlied_stock_light,0
jup_jp19_stock_precision,jup_jp19_ar_acharlie,jup_jp19_ar_acharlie_stock_precision,0
jup_jp19_stock_precision,jup_jp19_br_acharlie450,jup_jp19_br_acharlie450_stock_precision,0
jup_jp19_stock_precision,jup_jp19_dm_acharlied,jup_jp19_dm_acharlied_stock_precision,0
jup_jp19_stock_tac,jup_jp19_ar_acharlie,jup_jp19_ar_acharlie_stock_tac,0
jup_jp19_stock_tac,jup_jp19_br_acharlie450,jup_jp19_br_acharlie450_stock_tac,0
jup_jp19_stock_tac,jup_jp19_dm_acharlied,jup_jp19_dm_acharlied_stock_tac,0
jup_jp19_stock_tacheavy,jup_jp19_ar_acharlie,jup_jp19_ar_acharlie_stock_tacheavy,0
jup_jp19_stock_tacheavy,jup_jp19_br_acharlie450,jup_jp19_br_acharlie450_stock_tacheavy,0
jup_jp19_stockno,jup_jp19_ar_acharlie,jup_jp19_ar_acharlie_stockno,0
jup_jp20_bar,jup_jp20_lm_evictor,jup_jp20_lm_evictor_bar,0
jup_jp20_bar_heavy,jup_jp20_lm_evictor,jup_jp20_lm_evictor_bar_heavy,0
jup_jp20_bar_long,jup_jp20_lm_evictor,jup_jp20_lm_evictor_bar_long,0
jup_jp20_bar_short,jup_jp20_lm_evictor,jup_jp20_lm_evictor_bar_short,0
jup_jp20_belt_100_556n,jup_jp20_lm_evictor,jup_jp20_lm_evictor_belt_100_556n,0
jup_jp20_belt_100_762n,jup_jp20_lm_evictor,jup_jp20_lm_evictor_belt_100_762n,0
jup_jp20_belt_200_556n,jup_jp20_lm_evictor,jup_jp20_lm_evictor_belt_200_556n,0
jup_jp20_pgrip,jup_jp20_lm_evictor,jup_jp20_lm_evictor_pgrip,0
jup_jp20_pgrip_aim,jup_jp20_lm_evictor,jup_jp20_lm_evictor_pgrip_aim,0
jup_jp20_pgrip_ass,jup_jp20_lm_evictor,jup_jp20_lm_evictor_pgrip_ass,0
jup_jp20_pgrip_tac,jup_jp20_lm_evictor,jup_jp20_lm_evictor_pgrip_tac,0
jup_jp20_stock,jup_jp20_lm_evictor,jup_jp20_lm_evictor_stock,0
jup_jp20_stock_assault,jup_jp20_lm_evictor,jup_jp20_lm_evictor_stock_assault,0
jup_jp20_stock_heavy,jup_jp20_lm_evictor,jup_jp20_lm_evictor_stock_heavy,0
jup_jp20_stock_precision,jup_jp20_lm_evictor,jup_jp20_lm_evictor_stock_precision,0
jup_jp20_stock_skel,jup_jp20_lm_evictor,jup_jp20_lm_evictor_stock_skel,0
jup_jp20_stock_weighted,jup_jp20_lm_evictor,jup_jp20_lm_evictor_stock_weighted,0
jup_jp25_bar,jup_jp25_ar_talpha95,jup_jp25_ar_talpha95_bar,0
jup_jp25_bar_hvy,jup_jp25_ar_talpha95,jup_jp25_ar_talpha95_bar_hvy,0
jup_jp25_bar_hvylong,jup_jp25_ar_talpha95,jup_jp25_ar_talpha95_bar_hvylong,0
jup_jp25_bar_lgtlong,jup_jp25_ar_talpha95,jup_jp25_ar_talpha95_bar_lgtlong,0
jup_jp25_bar_light,jup_jp25_ar_talpha95,jup_jp25_ar_talpha95_bar_light,0
jup_jp25_bar_light,jup_jp25_sm_talpham,jup_jp25_sm_talpham_bar_light,0
jup_jp25_bar_long,jup_jp25_ar_talpha95,jup_jp25_ar_talpha95_bar_long,0
jup_jp25_bar_shorthvy,jup_jp25_ar_talpha95,jup_jp25_ar_talpha95_bar_shorthvy,0
jup_jp25_bar_shorthvy,jup_jp25_sm_talpham,jup_jp25_sm_talpham_bar_shorthvy,0
jup_jp25_bar_shortlight,jup_jp25_sm_talpham,jup_jp25_sm_talpham_bar_shortlight,0
jup_jp25_bar_xlong,jup_jp25_ar_talpha95,jup_jp25_ar_talpha95_bar_xlong,0
jup_jp25_barsil,jup_jp25_ar_talpha95,jup_jp25_ar_talpha95_barsil,0
jup_jp25_barsil,jup_jp25_sm_talpham,jup_jp25_sm_talpham_barsil,0
jup_jp25_comb_ammo,jup_jp25_ar_talpha95,jup_jp25_ar_talpha95_comb_ammo,0
jup_jp25_comb_ammo,jup_jp25_sm_talpham,jup_jp25_sm_talpham_comb_ammo,0
jup_jp25_comb_ergo,jup_jp25_ar_talpha95,jup_jp25_ar_talpha95_comb_ergo,0
jup_jp25_comb_ergo,jup_jp25_sm_talpham,jup_jp25_sm_talpham_comb_ergo,0
jup_jp25_comb_pouch,jup_jp25_ar_talpha95,jup_jp25_ar_talpha95_comb_pouch,0
jup_jp25_comb_pouch,jup_jp25_sm_talpham,jup_jp25_sm_talpham_comb_pouch,0
jup_jp25_comb_tac,jup_jp25_ar_talpha95,jup_jp25_ar_talpha95_comb_tac,0
jup_jp25_comb_tac,jup_jp25_sm_talpham,jup_jp25_sm_talpham_comb_tac,0
jup_jp25_drum_60_556n,jup_jp25_ar_talpha95,jup_jp25_ar_talpha95_drum_60_556n,0
jup_jp25_mag_20_556n,jup_jp25_ar_talpha95,jup_jp25_ar_talpha95_mag_20_556n,0
jup_jp25_mag_30_556n,jup_jp25_ar_talpha95,jup_jp25_ar_talpha95_mag_30_556n,0
jup_jp25_mag_30_9mm_amp,jup_jp25_ar_talpha95,jup_jp25_ar_talpha95_mag_30_9mm_amp,0
jup_jp25_mag_40_556n,jup_jp25_ar_talpha95,jup_jp25_ar_talpha95_mag_40_556n,0
jup_jp25_pgrip_aim,jup_jp25_ar_talpha95,jup_jp25_ar_talpha95_pgrip_aim,0
jup_jp25_pgrip_aim,jup_jp25_sm_talpham,jup_jp25_sm_talpham_pgrip_aim,0
jup_jp25_pgrip_ass,jup_jp25_ar_talpha95,jup_jp25_ar_talpha95_pgrip_ass,0
jup_jp25_pgrip_ass,jup_jp25_sm_talpham,jup_jp25_sm_talpham_pgrip_ass,0
jup_jp25_pgrip_tac,jup_jp25_ar_talpha95,jup_jp25_ar_talpha95_pgrip_tac,0
jup_jp25_pgrip_tac,jup_jp25_sm_talpham,jup_jp25_sm_talpham_pgrip_tac,0
jup_jp25_sm_mag,jup_jp25_sm_talpham,jup_jp25_sm_talpham_mag_9p,0
jup_jp25_sm_mag_large,jup_jp25_sm_talpham,jup_jp25_sm_talpham_mag_large_9p,0
jup_jp25_sm_mag_xl,jup_jp25_sm_talpham,jup_jp25_sm_talpham_mag_xl_9p,0
jup_jp25_stock,jup_jp25_ar_talpha95,jup_jp25_ar_talpha95_stock,0
jup_jp25_stock,jup_jp25_sm_talpham,jup_jp25_sm_talpham_stock,0
jup_jp25_stock_hvy,jup_jp25_ar_talpha95,jup_jp25_ar_talpha95_stock_hvy,0
jup_jp25_stock_hvy,jup_jp25_sm_talpham,jup_jp25_sm_talpham_stock_hvy,0
jup_jp25_stock_hvy_ass,jup_jp25_ar_talpha95,jup_jp25_ar_talpha95_stock_hvy_ass,0
jup_jp25_stock_hvy_ass,jup_jp25_sm_talpham,jup_jp25_sm_talpham_stock_hvy_ass,0
jup_jp25_stock_tac,jup_jp25_ar_talpha95,jup_jp25_ar_talpha95_stock_tac,0
jup_jp25_stock_tac,jup_jp25_sm_talpham,jup_jp25_sm_talpham_stock_tac,0
jup_jp25_stock_taclight,jup_jp25_ar_talpha95,jup_jp25_ar_talpha95_stock_taclight,0
jup_jp25_stock_taclight,jup_jp25_sm_talpham,jup_jp25_sm_talpham_stock_taclight,0
jup_jp28_bar,jup_jp28_lm_rpapa20,jup_jp28_lm_rpapa20_bar,0
jup_jp28_bar_long,jup_jp28_lm_rpapa20,jup_jp28_lm_rpapa20_bar_long,0
jup_jp28_bar_short,jup_jp28_lm_rpapa20,jup_jp28_lm_rpapa20_bar_short,0
jup_jp28_belt_100_545,jup_jp28_lm_rpapa20,jup_jp28_lm_rpapa20_belt_100_545,0
jup_jp28_belt_150_545,jup_jp28_lm_rpapa20,jup_jp28_lm_rpapa20_belt_150_545,0
jup_jp28_pgrip,jup_jp28_lm_rpapa20,jup_jp28_lm_rpapa20_pgrip,0
jup_jp28_pgrip_aim,jup_jp28_lm_rpapa20,jup_jp28_lm_rpapa20_pgrip_aim,0
jup_jp28_pgrip_ass,jup_jp28_lm_rpapa20,jup_jp28_lm_rpapa20_pgrip_ass,0
jup_jp28_pgrip_snp,jup_jp28_lm_rpapa20,jup_jp28_lm_rpapa20_pgrip_snp,0
jup_jp28_pgrip_tac,jup_jp28_lm_rpapa20,jup_jp28_lm_rpapa20_pgrip_tac,0
jup_jp28_stock,jup_jp28_lm_rpapa20,jup_jp28_lm_rpapa20_stock,0
jup_jp28_stock_ass,jup_jp28_lm_rpapa20,jup_jp28_lm_rpapa20_stock_ass,0
jup_jp28_stock_heavy,jup_jp28_lm_rpapa20,jup_jp28_lm_rpapa20_stock_heavy,0
jup_jp28_stock_light,jup_jp28_lm_rpapa20,jup_jp28_lm_rpapa20_stock_light,0
jup_jp28_stockno,jup_jp28_lm_rpapa20,jup_jp28_lm_rpapa20_stockno,0
jup_jp32_bar,jup_jp32_pi_mpapa9,jup_jp32_pi_mpapa9_bar,0
jup_jp32_bar_heavy,jup_jp32_pi_mpapa9,jup_jp32_pi_mpapa9_bar_heavy,0
jup_jp32_bar_light,jup_jp32_pi_mpapa9,jup_jp32_pi_mpapa9_bar_light,0
jup_jp32_bar_long,jup_jp32_pi_mpapa9,jup_jp32_pi_mpapa9_bar_long,0
jup_jp32_mag,jup_jp32_pi_mpapa9,jup_jp32_pi_mpapa9_mag,0
jup_jp32_mag_large,jup_jp32_pi_mpapa9,jup_jp32_pi_mpapa9_mag_large,0
jup_jp32_mag_small,jup_jp32_pi_mpapa9,jup_jp32_pi_mpapa9_mag_small,0
jup_jp32_pgrip_aim,jup_jp32_pi_mpapa9,jup_jp32_pi_mpapa9_pgrip_aim,0
jup_jp32_pgrip_ass,jup_jp32_pi_mpapa9,jup_jp32_pi_mpapa9_pgrip_ass,0
jup_jp32_pgrip_tac,jup_jp32_pi_mpapa9,jup_jp32_pi_mpapa9_pgrip_tac,0
jup_jp32_stock_assault,jup_jp32_pi_mpapa9,jup_jp32_pi_mpapa9_stock_assault,0
jup_jp32_stock_light,jup_jp32_pi_mpapa9,jup_jp32_pi_mpapa9_stock_light,0
jup_jp32_stock_skel,jup_jp32_pi_mpapa9,jup_jp32_pi_mpapa9_stock_skel,0
jup_jp32_stock_tactical,jup_jp32_pi_mpapa9,jup_jp32_pi_mpapa9_stock_tactical,0
jup_jp32_stockno,jup_jp32_pi_mpapa9,jup_jp32_pi_mpapa9_stockno,0
jup_jp34_bar,jup_jp34_ar_balpha27,jup_jp34_ar_balpha27_bar,0
jup_jp34_bar_burst,jup_jp34_ar_balpha27,jup_jp34_ar_balpha27_bar_burst,0
jup_jp34_bar_heavy,jup_jp34_ar_balpha27,jup_jp34_ar_balpha27_bar_heavy,0
jup_jp34_bar_light,jup_jp34_ar_balpha27,jup_jp34_ar_balpha27_bar_light,0
jup_jp34_bar_long,jup_jp34_ar_balpha27,jup_jp34_ar_balpha27_bar_long,0
jup_jp34_barsil,jup_jp34_ar_balpha27,jup_jp34_ar_balpha27_barsil,0
jup_jp34_pgrip_aim,jup_jp34_ar_balpha27,jup_jp34_ar_balpha27_pgrip_aim,0
jup_jp34_pgrip_ass,jup_jp34_ar_balpha27,jup_jp34_ar_balpha27_pgrip_ass,0
jup_jp34_pgrip_snp,jup_jp34_ar_balpha27,jup_jp34_ar_balpha27_pgrip_snp,0
jup_jp34_pgrip_tac,jup_jp34_ar_balpha27,jup_jp34_ar_balpha27_pgrip_tac,0
jup_jp34_stock,jup_jp34_ar_balpha27,jup_jp34_ar_balpha27_stock,0
jup_jp34_stock_heavy,jup_jp34_ar_balpha27,jup_jp34_ar_balpha27_stock_heavy,0
jup_jp34_stock_light,jup_jp34_ar_balpha27,jup_jp34_ar_balpha27_stock_light,0
jup_jp34_stock_tactical,jup_jp34_ar_balpha27,jup_jp34_ar_balpha27_stock_tactical,0
jup_jp35_bar,jup_jp35_sn_moscar,jup_jp35_sn_moscar_bar,0
jup_jp35_bar_charge,jup_jp35_sn_moscar,jup_jp35_sn_moscar_bar_charge,0
jup_jp35_bar_explode,jup_jp35_sn_moscar,jup_jp35_sn_moscar_bar_explode,0
jup_jp35_bar_heavy,jup_jp35_sn_moscar,jup_jp35_sn_moscar_bar_heavy,0
jup_jp35_bar_light,jup_jp35_sn_moscar,jup_jp35_sn_moscar_bar_light,0
jup_jp35_bar_long,jup_jp35_sn_moscar,jup_jp35_sn_moscar_bar_long,0
jup_jp35_bar_short,jup_jp35_sn_moscar,jup_jp35_sn_moscar_bar_short,0
jup_jp35_bolt,jup_jp35_sn_moscar,jup_jp35_sn_moscar_bolt,0
jup_jp35_bolt_hvy,jup_jp35_sn_moscar,jup_jp35_sn_moscar_bolt_hvy,0
jup_jp35_bolt_light,jup_jp35_sn_moscar,jup_jp35_sn_moscar_bolt_light,0
jup_jp35_pgrip,jup_jp35_sn_moscar,jup_jp35_sn_moscar_pgrip,0
jup_jp35_pgrip_aim,jup_jp35_sn_moscar,jup_jp35_sn_moscar_pgrip_aim,0
jup_jp35_pgrip_ass,jup_jp35_sn_moscar,jup_jp35_sn_moscar_pgrip_ass,0
jup_jp35_pgrip_tac,jup_jp35_sn_moscar,jup_jp35_sn_moscar_pgrip_tac,0
jup_jp35_stock,jup_jp35_sn_moscar,jup_jp35_sn_moscar_stock,0
jup_jp35_stock_hvy,jup_jp35_sn_moscar,jup_jp35_sn_moscar_stock_hvy,0
jup_jp35_stock_lgt,jup_jp35_sn_moscar,jup_jp35_sn_moscar_stock_lgt,0
jup_jp35_stock_tac,jup_jp35_sn_moscar,jup_jp35_sn_moscar_stock_tac,0
jup_jp35_stockno,jup_jp35_sn_moscar,jup_jp35_sn_moscar_stockno,0
jup_jp36_bar,jup_jp36_sn_boscar,jup_jp36_sn_boscar_bar,0
jup_jp36_bar_heavy,jup_jp36_ar_anov94,jup_jp36_ar_anov94_bar_heavy,0
jup_jp36_bar_lgtshort,jup_jp36_ar_anov94,jup_jp36_ar_anov94_bar_lgtshort,0
jup_jp36_bar_light,jup_jp36_ar_anov94,jup_jp36_ar_anov94_bar_light,0
jup_jp36_bar_long,jup_jp36_sn_boscar,jup_jp36_sn_boscar_bar_long,0
jup_jp36_bar_short,jup_jp36_sn_boscar,jup_jp36_sn_boscar_bar_short,0
jup_jp36_barsil,jup_jp36_sn_boscar,jup_jp36_sn_boscar_barsil,0
jup_jp36_bolt,jup_jp36_sn_boscar,jup_jp36_sn_boscar_bolt,0
jup_jp36_bolt_heavy,jup_jp36_sn_boscar,jup_jp36_sn_boscar_bolt_heavy,0
jup_jp36_bolt_heavy,jup_jp36_sn_boscar,jup_jp36_sn_boscar_bolt_heavy_amp,1
jup_jp36_bolt_light,jup_jp36_sn_boscar,jup_jp36_sn_boscar_bolt_light,0
jup_jp36_mag_10_762s,jup_jp36_sn_boscar,jup_jp36_sn_boscar_mag_10_762s,0
jup_jp36_mag_20_545,jup_jp36_ar_anov94,jup_jp36_ar_anov94_mag_20_545,0
jup_jp36_mag_30_545,jup_jp36_ar_anov94,jup_jp36_ar_anov94_mag_30_545,0
jup_jp36_mag_30_762s,jup_jp36_sn_boscar,jup_jp36_sn_boscar_mag_30_762s,0
jup_jp36_mag_45_545,jup_jp36_ar_anov94,jup_jp36_ar_anov94_mag_45_545,0
jup_jp36_mag_60_545,jup_jp36_ar_anov94,jup_jp36_ar_anov94_mag_60_545,0
jup_jp36_pgrip,jup_jp36_ar_anov94,jup_jp36_ar_anov94_pgrip,0
jup_jp36_pgrip,jup_jp36_sn_boscar,jup_jp36_sn_boscar_pgrip,0
jup_jp36_pgrip_ass,jup_jp36_ar_anov94,jup_jp36_ar_anov94_pgrip_ass,0
jup_jp36_pgrip_ass,jup_jp36_sn_boscar,jup_jp36_sn_boscar_pgrip_ass,0
jup_jp36_pgrip_ass2,jup_jp36_ar_anov94,jup_jp36_ar_anov94_pgrip_ass2,0
jup_jp36_pgrip_ass2,jup_jp36_sn_boscar,jup_jp36_sn_boscar_pgrip_ass2,0
jup_jp36_pgrip_skelsnp,jup_jp36_ar_anov94,jup_jp36_ar_anov94_pgrip_skelsnp,0
jup_jp36_pgrip_skelsnp,jup_jp36_sn_boscar,jup_jp36_sn_boscar_pgrip_skelsnp,0
jup_jp36_pgrip_skeltac,jup_jp36_ar_anov94,jup_jp36_ar_anov94_pgrip_skeltac,0
jup_jp36_pgrip_skeltac,jup_jp36_sn_boscar,jup_jp36_sn_boscar_pgrip_skeltac,0
jup_jp36_stock_ass,jup_jp36_ar_anov94,jup_jp36_ar_anov94_stock_ass,0
jup_jp36_stock_ass,jup_jp36_sn_boscar,jup_jp36_sn_boscar_stock_ass,0
jup_jp36_stock_comptac,jup_jp36_ar_anov94,jup_jp36_ar_anov94_stock_comptac,0
jup_jp36_stock_comptac,jup_jp36_sn_boscar,jup_jp36_sn_boscar_stock_comptac,0
jup_jp36_stock_heavy,jup_jp36_ar_anov94,jup_jp36_ar_anov94_stock_heavy,0
jup_jp36_stock_heavy,jup_jp36_sn_boscar,jup_jp36_sn_boscar_stock_heavy,0
jup_jp36_stock_lmm,jup_jp36_ar_anov94,jup_jp36_ar_anov94_stock_lmm,0
jup_jp36_stock_lmm,jup_jp36_sn_boscar,jup_jp36_sn_boscar_stock_lmm,0
jup_jp36_stock_mm,jup_jp36_ar_anov94,jup_jp36_ar_anov94_stock_mm,0
jup_jp36_stock_mm,jup_jp36_sn_boscar,jup_jp36_sn_boscar_stock_mm,0
jup_jp36_stock_precision,jup_jp36_ar_anov94,jup_jp36_ar_anov94_stock_precision,0
jup_jp36_stock_precision,jup_jp36_sn_boscar,jup_jp36_sn_boscar_stock_precision,0
jup_jp36_stock_skel,jup_jp36_ar_anov94,jup_jp36_ar_anov94_stock_skel,0
jup_jp36_stock_skel,jup_jp36_sn_boscar,jup_jp36_sn_boscar_stock_skel,0
jup_jp36_stock_tac,jup_jp36_ar_anov94,jup_jp36_ar_anov94_stock_tac,0
jup_jp36_stock_tac,jup_jp36_sn_boscar,jup_jp36_sn_boscar_stock_tac,0
jup_jp36_stockno,jup_jp36_ar_anov94,jup_jp36_ar_anov94_stockno,0
jup_jp36_stockno,jup_jp36_sn_boscar,jup_jp36_sn_boscar_stockno,0
jup_jp37_bar,jup_jp37_dm_kappa98,jup_jp37_dm_kappa98_bar,0
jup_jp37_bar_hvy,jup_jp37_dm_kappa98,jup_jp37_dm_kappa98_bar_hvy,0
jup_jp37_bar_long,jup_jp37_dm_kappa98,jup_jp37_dm_kappa98_bar_long,0
jup_jp37_bar_short,jup_jp37_dm_kappa98,jup_jp37_dm_kappa98_bar_short,0
jup_jp38_tube_large_12g,jup_jp38_sh_spapa12,jup_jp38_sh_spapa12_tube_large_12g,0
jup_jp38_tube_small_12g,jup_jp38_sh_spapa12,jup_jp38_sh_spapa12_tube_small_12g,0
jup_jp38_tube_std_12g,jup_jp38_sh_spapa12,jup_jp38_sh_spapa12_tube_std_12g,0
jup_jp40_bar,jup_jp40_br_hcharlie36,jup_jp40_br_hcharlie36_bar,0
jup_jp40_bar_hvy,jup_jp40_br_hcharlie36,jup_jp40_br_hcharlie36_bar_hvy,0
jup_jp40_bar_hvylong,jup_jp40_br_hcharlie36,jup_jp40_br_hcharlie36_bar_hvylong,0
jup_jp40_bar_long,jup_jp40_br_hcharlie36,jup_jp40_br_hcharlie36_bar_long,0
jup_jp40_bar_short,jup_jp40_br_hcharlie36,jup_jp40_br_hcharlie36_bar_short,0
jup_jp40_barsil,jup_jp40_br_hcharlie36,jup_jp40_br_hcharlie36_barsil,0
jup_jp40_mag_20_36s,jup_jp40_br_hcharlie36,jup_jp40_br_hcharlie36_mag_20_36s,0
jup_jp40_mag_30_36s,jup_jp40_br_hcharlie36,jup_jp40_br_hcharlie36_mag_30_36s,0
jup_jp40_mag_40_36s,jup_jp40_br_hcharlie36,jup_jp40_br_hcharlie36_mag_40_36s,0
jup_jp40_pgrip,jup_jp40_br_hcharlie36,jup_jp40_br_hcharlie36_pgrip,0
jup_jp40_pgrip_ass,jup_jp40_br_hcharlie36,jup_jp40_br_hcharlie36_pgrip_ass,0
jup_jp40_pgrip_snp,jup_jp40_br_hcharlie36,jup_jp40_br_hcharlie36_pgrip_snp,0
jup_jp40_pgrip_tac,jup_jp40_br_hcharlie36,jup_jp40_br_hcharlie36_pgrip_tac,0
jup_jp40_stock,jup_jp40_br_hcharlie36,jup_jp40_br_hcharlie36_stock,0
jup_jp40_stock_aim,jup_jp40_br_hcharlie36,jup_jp40_br_hcharlie36_stock_aim,0
jup_jp40_stock_ass,jup_jp40_br_hcharlie36,jup_jp40_br_hcharlie36_stock_ass,0
jup_jp40_stock_marksman,jup_jp40_br_hcharlie36,jup_jp40_br_hcharlie36_stock_marksman,0
jup_jp40_stockr,jup_jp40_br_hcharlie36,jup_jp40_br_hcharlie36_stockr,0
jup_jp41_bar,jup_jp41_sm_kpappa50,jup_jp41_sm_kpappa50_bar,0
jup_jp41_bar_light,jup_jp41_sm_kpappa50,jup_jp41_sm_kpappa50_bar_light,0
jup_jp41_bar_long,jup_jp41_sm_kpappa50,jup_jp41_sm_kpappa50_bar_long,0
jup_jp41_barcomp,jup_jp41_sm_kpappa50,jup_jp41_sm_kpappa50_barcomp,0
jup_jp41_mag_50,jup_jp41_sm_kpappa50,jup_jp41_sm_kpappa50_mag_50,0
jup_jp41_pgrip_aim,jup_jp41_sm_kpappa50,jup_jp41_sm_kpappa50_pgrip_aim,0
jup_jp41_pgrip_ass,jup_jp41_sm_kpappa50,jup_jp41_sm_kpappa50_pgrip_ass,0
jup_jp41_pgrip_skel,jup_jp41_sm_kpappa50,jup_jp41_sm_kpappa50_pgrip_skel,0
jup_jp41_stock,jup_jp41_sm_kpappa50,jup_jp41_sm_kpappa50_stock,0
jup_jp41_stock_ass,jup_jp41_sm_kpappa50,jup_jp41_sm_kpappa50_stock_ass,0
jup_jp41_stock_light,jup_jp41_sm_kpappa50,jup_jp41_sm_kpappa50_stock_light,0
jup_jp41_stock_tac,jup_jp41_sm_kpappa50,jup_jp41_sm_kpappa50_stock_tac,0
jup_jp41_stockno,jup_jp41_sm_kpappa50,jup_jp41_sm_kpappa50_stockno,0
jup_jp41_stockr_heavy,jup_jp41_sm_kpappa50,jup_jp41_sm_kpappa50_stockr_heavy,0
jup_jp44_bar,jup_jp44_ar_stango44,jup_jp44_ar_stango44_bar,0
jup_jp44_bar_hvy,jup_jp44_ar_stango44,jup_jp44_ar_stango44_bar_hvy,0
jup_jp44_bar_hvy_long,jup_jp44_ar_stango44,jup_jp44_ar_stango44_bar_hvy_long,0
jup_jp44_bar_long,jup_jp44_ar_stango44,jup_jp44_ar_stango44_bar_long,0
jup_jp44_bar_short,jup_jp44_ar_stango44,jup_jp44_ar_stango44_bar_short,0
jup_jp44_barsil,jup_jp44_ar_stango44,jup_jp44_ar_stango44_barsil,0
jup_jp44_mag_30,jup_jp44_ar_stango44,jup_jp44_ar_stango44_mag_30,0
jup_jp44_mag_40,jup_jp44_ar_stango44,jup_jp44_ar_stango44_mag_40,0
jup_jp44_mag_50,jup_jp44_ar_stango44,jup_jp44_ar_stango44_mag_50,0
jup_jp44_pgrip,jup_jp44_ar_stango44,jup_jp44_ar_stango44_pgrip,0
jup_jp44_pgrip_skel,jup_jp44_ar_stango44,jup_jp44_ar_stango44_pgrip_skelsnp,0
jup_jp44_pgrip_tac,jup_jp44_ar_stango44,jup_jp44_ar_stango44_pgrip_skeltac,0
jup_jp44_stock,jup_jp44_ar_stango44,jup_jp44_ar_stango44_stock,0
jup_jp44_stock_ass,jup_jp44_ar_stango44,jup_jp44_ar_stango44_stock_ass,0
jup_jp44_stock_stockno,jup_jp44_ar_stango44,jup_jp44_ar_stango44_stock_stockno,0
jup_jp44_stock_tac,jup_jp44_ar_stango44,jup_jp44_ar_stango44_stock_tac,0
jup_jp44_stockr,jup_jp44_ar_stango44,jup_jp44_ar_stango44_stockr,0
jup_las_dmscope01,jup_jp37_dm_kappa98,jup_las_dmscope01_kappa98,0
jup_minireddot01,iw9_ar_acharlie300,jup_minireddot01_tall,0
jup_minireddot01,iw9_ar_akilo,jup_minireddot01_tall,0
jup_minireddot01,iw9_ar_akilo105,jup_minireddot01_tall,0
jup_minireddot01,iw9_ar_akilo74,jup_minireddot01_tall,0
jup_minireddot01,iw9_ar_augolf,jup_minireddot01_tall,0
jup_minireddot01,iw9_ar_falpha,jup_minireddot01_tall,0
jup_minireddot01,iw9_ar_falpha,jup_minireddot01_tall,1
jup_minireddot01,iw9_ar_fecho,jup_minireddot01_tall,0
jup_minireddot01,iw9_ar_fecho,jup_minireddot01_tall,1
jup_minireddot01,iw9_ar_golf3,jup_minireddot01_tall,0
jup_minireddot01,iw9_ar_helima,jup_minireddot01_tall,0
jup_minireddot01,iw9_ar_kilo53,jup_minireddot01_tall,0
jup_minireddot01,iw9_ar_malima,jup_minireddot01_tall,0
jup_minireddot01,iw9_ar_mcbravo,jup_minireddot01_tall,0
jup_minireddot01,iw9_ar_mcharlie,jup_minireddot01_tall,0
jup_minireddot01,iw9_ar_mike16,jup_minireddot01_tall,0
jup_minireddot01,iw9_ar_mike4,jup_minireddot01_tall,0
jup_minireddot01,iw9_ar_ralpha,jup_minireddot01_tall,0
jup_minireddot01,iw9_ar_scharlie,jup_minireddot01_tall,0
jup_minireddot01,iw9_ar_schotel,jup_minireddot01_tall,0
jup_minireddot01,iw9_br_msecho,jup_minireddot01_tall,0
jup_minireddot01,iw9_br_ngsierra,jup_minireddot01_tall,0
jup_minireddot01,iw9_br_soscar14,jup_minireddot01_tall,0
jup_minireddot01,iw9_dm_crossbow,jup_minireddot01_tall,0
jup_minireddot01,iw9_dm_mike14,jup_minireddot01_tall,0
jup_minireddot01,iw9_dm_mike24,jup_minireddot01_tall,0
jup_minireddot01,iw9_dm_pgolf1,jup_minireddot01_tall,0
jup_minireddot01,iw9_dm_sa700,jup_minireddot01_tall,0
jup_minireddot01,iw9_dm_sbeta,jup_minireddot01_tall,0
jup_minireddot01,iw9_dm_scromeo,jup_minireddot01_tall,0
jup_minireddot01,iw9_dm_stango25,jup_minireddot01_tall,0
jup_minireddot01,iw9_lm_ahotel,jup_minireddot01_tall,0
jup_minireddot01,iw9_lm_foxtrot,jup_minireddot01_tall,0
jup_minireddot01,iw9_lm_mkilo3,jup_minireddot01_tall,0
jup_minireddot01,iw9_lm_mkilo3,jup_minireddot01_tall,1
jup_minireddot01,iw9_lm_ngolf7,jup_minireddot01_tall,0
jup_minireddot01,iw9_lm_rkilo,jup_minireddot01_tall,0
jup_minireddot01,iw9_lm_slima,jup_minireddot01_tall,0
jup_minireddot01,iw9_pi_decho,jup_minireddot01_pstl,0
jup_minireddot01,iw9_pi_dechoauto,jup_minireddot01_pstl,0
jup_minireddot01,iw9_pi_golf17,jup_minireddot01_pstl,0
jup_minireddot01,iw9_pi_golf18,jup_minireddot01_pstl,0
jup_minireddot01,iw9_pi_mike2011,jup_minireddot01_pstl,0
jup_minireddot01,iw9_pi_papa220,jup_minireddot01_pstl,0
jup_minireddot01,iw9_pi_swhiskey,jup_minireddot01_pstl,0
jup_minireddot01,iw9_pi_tango9,jup_minireddot01_pstl,0
jup_minireddot01,iw9_sh_charlie725,jup_minireddot01_tall,0
jup_minireddot01,iw9_sh_mbravo,jup_minireddot01_tall,0
jup_minireddot01,iw9_sh_mike1014,jup_minireddot01_tall,0
jup_minireddot01,iw9_sh_mviktor,jup_minireddot01_tall,0
jup_minireddot01,iw9_sh_tsierra12,jup_minireddot01_tall,0
jup_minireddot01,iw9_sh_vecho,jup_minireddot01_tall,0
jup_minireddot01,iw9_sm_acharlie45,jup_minireddot01_tall,0
jup_minireddot01,iw9_sm_acharlie9,jup_minireddot01_tall,0
jup_minireddot01,iw9_sm_alpha57,jup_minireddot01_tall,0
jup_minireddot01,iw9_sm_apapa,jup_minireddot01_tall,0
jup_minireddot01,iw9_sm_aviktor,jup_minireddot01_tall,0
jup_minireddot01,iw9_sm_beta,jup_minireddot01_tall,0
jup_minireddot01,iw9_sm_mpapa5,jup_minireddot01_tall,0
jup_minireddot01,iw9_sm_mpapa7,jup_minireddot01_tall,0
jup_minireddot01,iw9_sm_mpapax,jup_minireddot01_tall,0
jup_minireddot01,iw9_sm_papa90,jup_minireddot01_tall,0
jup_minireddot01,iw9_sm_sdelta,jup_minireddot01_tall,0
jup_minireddot01,iw9_sm_victor,jup_minireddot01_tall,0
jup_minireddot01,jup_cp01_sh_aromeo410,jup_minireddot01_tall,0
jup_minireddot01,jup_cp01_sm_coscar635,jup_minireddot01_tall,0
jup_minireddot01,jup_cp01_sm_pcharlie9,jup_minireddot01_tall,0
jup_minireddot01,jup_cp05_lm_halpha,jup_minireddot01_tall,0
jup_minireddot01,jup_cp06_ar_falpha,jup_minireddot01_tall,0
jup_minireddot01,jup_cp08_br_xmike5,jup_minireddot01_tall,0
jup_minireddot01,jup_cp15_lm_mkilo3,jup_minireddot01_tall,0
jup_minireddot01,jup_cp24_pi_glima21,jup_minireddot01_pstl,0
jup_minireddot01,jup_jp01_ar_golf36,jup_minireddot01_tall,0
jup_minireddot01,jup_jp01_dm_slima8,jup_minireddot01_tall,0
jup_minireddot01,jup_jp01_lm_mgolf36,jup_minireddot01_tall,0
jup_minireddot01,jup_jp02_ar_bromeo805,jup_minireddot01_tall,0
jup_minireddot01,jup_jp02_br_bromeo2,jup_minireddot01_tall,0
jup_minireddot01,jup_jp02_dm_bromeop,jup_minireddot01_tall,0
jup_minireddot01,jup_jp02_sm_scharlie3,jup_minireddot01_tall,0
jup_minireddot01,jup_jp03_ar_aromeo160,jup_minireddot01_tall,0
jup_minireddot01,jup_jp03_br_aromeo200,jup_minireddot01_tall,0
jup_minireddot01,jup_jp03_sm_pmike,jup_minireddot01_tall,0
jup_minireddot01,jup_jp04_sm_lwhiskey,jup_minireddot01_tall,0
jup_minireddot01,jup_jp04_sm_umike,jup_minireddot01_tall,0
jup_minireddot01,jup_jp05_ar_foxtrot2000,jup_minireddot01_tall,0
jup_minireddot01,jup_jp06_lm_pkilop,jup_minireddot01_tall,0
jup_minireddot01,jup_jp07_sm_uzulu,jup_minireddot01_tall,0
jup_minireddot01,jup_jp07_sm_uzulup,jup_minireddot01_tall,0
jup_minireddot01,jup_jp08_ar_qbravo97,jup_minireddot01_tall,0
jup_minireddot01,jup_jp08_lm_qbravo95lsw,jup_minireddot01_tall,0
jup_minireddot01,jup_jp09_sh_oromeo12,jup_minireddot01_tall,0
jup_minireddot01,jup_jp12_pi_mike93,jup_minireddot01_pstl,0
jup_minireddot01,jup_jp12_pi_mike93,jup_minireddot01_tall,1
jup_minireddot01,jup_jp13_dm_svictork,jup_minireddot01_tall,0
jup_minireddot01,jup_jp14_pi_rsierra12,jup_minireddot01_pstl,0
jup_minireddot01,jup_jp19_ar_acharlie,jup_minireddot01_tall,0
jup_minireddot01,jup_jp19_br_acharlie450,jup_minireddot01_tall,0
jup_minireddot01,jup_jp19_dm_acharlied,jup_minireddot01_tall,0
jup_minireddot01,jup_jp20_lm_evictor,jup_minireddot01_tall,0
jup_minireddot01,jup_jp25_ar_talpha95,jup_minireddot01_tall,0
jup_minireddot01,jup_jp25_sm_talpham,jup_minireddot01_tall,0
jup_minireddot01,jup_jp28_lm_rpapa20,jup_minireddot01_tall,0
jup_minireddot01,jup_jp31_dm_compound,jup_minireddot01_tall,0
jup_minireddot01,jup_jp32_pi_mpapa9,jup_minireddot01_tall,0
jup_minireddot01,jup_jp34_ar_balpha27,jup_minireddot01_tall,0
jup_minireddot01,jup_jp35_sn_moscar,jup_minireddot01_tall,0
jup_minireddot01,jup_jp36_ar_anov94,jup_minireddot01_tall,0
jup_minireddot01,jup_jp36_sn_boscar,jup_minireddot01_tall,0
jup_minireddot01,jup_jp37_dm_kappa98,jup_minireddot01_tall,0
jup_minireddot01,jup_jp38_sh_spapa12,jup_minireddot01_tall,0
jup_minireddot01,jup_jp40_br_hcharlie36,jup_minireddot01_tall,0
jup_minireddot01,jup_jp41_sm_kpappa50,jup_minireddot01_tall,0
jup_minireddot01,jup_jp44_ar_stango44,jup_minireddot01_tall,0
jup_minireddot_hor,iw9_ar_acharlie300,jup_minireddot_hor_tall,0
jup_minireddot_hor,iw9_ar_akilo,jup_minireddot_hor_tall,0
jup_minireddot_hor,iw9_ar_akilo105,jup_minireddot_hor_tall,0
jup_minireddot_hor,iw9_ar_akilo74,jup_minireddot_hor_tall,0
jup_minireddot_hor,iw9_ar_augolf,jup_minireddot_hor_tall,0
jup_minireddot_hor,iw9_ar_falpha,jup_minireddot_hor_tall,0
jup_minireddot_hor,iw9_ar_falpha,jup_minireddot_hor_tall,1
jup_minireddot_hor,iw9_ar_fecho,jup_minireddot_hor_tall,0
jup_minireddot_hor,iw9_ar_fecho,jup_minireddot_hor_tall,1
jup_minireddot_hor,iw9_ar_golf3,jup_minireddot_hor_tall,0
jup_minireddot_hor,iw9_ar_helima,jup_minireddot_hor_tall,0
jup_minireddot_hor,iw9_ar_kilo53,jup_minireddot_hor_tall,0
jup_minireddot_hor,iw9_ar_malima,jup_minireddot_hor_tall,0
jup_minireddot_hor,iw9_ar_mcbravo,jup_minireddot_hor_tall,0
jup_minireddot_hor,iw9_ar_mcharlie,jup_minireddot_hor_tall,0
jup_minireddot_hor,iw9_ar_mike16,jup_minireddot_hor_tall,0
jup_minireddot_hor,iw9_ar_mike4,jup_minireddot_hor_tall,0
jup_minireddot_hor,iw9_ar_ralpha,jup_minireddot_hor_tall,0
jup_minireddot_hor,iw9_ar_scharlie,jup_minireddot_hor_tall,0
jup_minireddot_hor,iw9_ar_schotel,jup_minireddot_hor_tall,0
jup_minireddot_hor,iw9_br_msecho,jup_minireddot_hor_tall,0
jup_minireddot_hor,iw9_br_ngsierra,jup_minireddot_hor_tall,0
jup_minireddot_hor,iw9_br_soscar14,jup_minireddot_hor_tall,0
jup_minireddot_hor,iw9_dm_crossbow,jup_minireddot_hor_tall,0
jup_minireddot_hor,iw9_dm_mike14,jup_minireddot_hor_tall,0
jup_minireddot_hor,iw9_dm_mike24,jup_minireddot_hor_tall,0
jup_minireddot_hor,iw9_dm_pgolf1,jup_minireddot_hor_tall,0
jup_minireddot_hor,iw9_dm_sa700,jup_minireddot_hor_tall,0
jup_minireddot_hor,iw9_dm_sbeta,jup_minireddot_hor_tall,0
jup_minireddot_hor,iw9_dm_scromeo,jup_minireddot_hor_tall,0
jup_minireddot_hor,iw9_dm_stango25,jup_minireddot_hor_tall,0
jup_minireddot_hor,iw9_lm_ahotel,jup_minireddot_hor_tall,0
jup_minireddot_hor,iw9_lm_foxtrot,jup_minireddot_hor_tall,0
jup_minireddot_hor,iw9_lm_kilo21,jup_minireddot_hor_tall,0
jup_minireddot_hor,iw9_lm_mkilo3,jup_minireddot_hor_tall,0
jup_minireddot_hor,iw9_lm_mkilo3,jup_minireddot_hor_tall,1
jup_minireddot_hor,iw9_lm_ngolf7,jup_minireddot_hor_tall,0
jup_minireddot_hor,iw9_lm_rkilo,jup_minireddot_hor_tall,0
jup_minireddot_hor,iw9_lm_slima,jup_minireddot_hor_tall,0
jup_minireddot_hor,iw9_sm_acharlie45,jup_minireddot_hor_tall,0
jup_minireddot_hor,iw9_sm_acharlie9,jup_minireddot_hor_tall,0
jup_minireddot_hor,iw9_sm_alpha57,jup_minireddot_hor_tall,0
jup_minireddot_hor,iw9_sm_apapa,jup_minireddot_hor_tall,0
jup_minireddot_hor,iw9_sm_aviktor,jup_minireddot_hor_tall,0
jup_minireddot_hor,iw9_sm_beta,jup_minireddot_hor_tall,0
jup_minireddot_hor,iw9_sm_mpapa5,jup_minireddot_hor_tall,0
jup_minireddot_hor,iw9_sm_mpapa7,jup_minireddot_hor_tall,0
jup_minireddot_hor,iw9_sm_mpapax,jup_minireddot_hor_tall,0
jup_minireddot_hor,iw9_sm_papa90,jup_minireddot_hor_tall,0
jup_minireddot_hor,iw9_sm_sdelta,jup_minireddot_hor_tall,0
jup_minireddot_hor,iw9_sm_victor,jup_minireddot_hor_tall,0
jup_minireddot_hor,jup_cp01_sm_coscar635,jup_minireddot_hor_tall,0
jup_minireddot_hor,jup_cp01_sm_pcharlie9,jup_minireddot_hor_tall,0
jup_minireddot_hor,jup_cp05_lm_halpha,jup_minireddot_hor_tall,0
jup_minireddot_hor,jup_cp06_ar_falpha,jup_minireddot_hor_tall,0
jup_minireddot_hor,jup_cp08_br_xmike5,jup_minireddot_hor_tall,0
jup_minireddot_hor,jup_cp15_lm_mkilo3,jup_minireddot_hor_tall,0
jup_minireddot_hor,jup_jp01_ar_golf36,jup_minireddot_hor_tall,0
jup_minireddot_hor,jup_jp01_dm_slima8,jup_minireddot_hor_tall,0
jup_minireddot_hor,jup_jp01_lm_mgolf36,jup_minireddot_hor_tall,0
jup_minireddot_hor,jup_jp02_ar_bromeo805,jup_minireddot_hor_tall,0
jup_minireddot_hor,jup_jp02_br_bromeo2,jup_minireddot_hor_tall,0
jup_minireddot_hor,jup_jp02_dm_bromeop,jup_minireddot_hor_tall,0
jup_minireddot_hor,jup_jp02_sm_scharlie3,jup_minireddot_hor_tall,0
jup_minireddot_hor,jup_jp03_ar_aromeo160,jup_minireddot_hor_tall,0
jup_minireddot_hor,jup_jp03_br_aromeo200,jup_minireddot_hor_tall,0
jup_minireddot_hor,jup_jp03_sm_pmike,jup_minireddot_hor_tall,0
jup_minireddot_hor,jup_jp04_sm_lwhiskey,jup_minireddot_hor_tall,0
jup_minireddot_hor,jup_jp04_sm_umike,jup_minireddot_hor_tall,0
jup_minireddot_hor,jup_jp05_ar_foxtrot2000,jup_minireddot_hor_tall,0
jup_minireddot_hor,jup_jp06_lm_pkilop,jup_minireddot_hor_tall,0
jup_minireddot_hor,jup_jp07_sm_uzulu,jup_minireddot_hor_tall,0
jup_minireddot_hor,jup_jp07_sm_uzulup,jup_minireddot_hor_tall,0
jup_minireddot_hor,jup_jp08_ar_qbravo97,jup_minireddot_hor_tall,0
jup_minireddot_hor,jup_jp08_lm_qbravo95lsw,jup_minireddot_hor_tall,0
jup_minireddot_hor,jup_jp13_dm_svictork,jup_minireddot_hor_tall,0
jup_minireddot_hor,jup_jp19_ar_acharlie,jup_minireddot_hor_tall,0
jup_minireddot_hor,jup_jp19_br_acharlie450,jup_minireddot_hor_tall,0
jup_minireddot_hor,jup_jp19_dm_acharlied,jup_minireddot_hor_tall,0
jup_minireddot_hor,jup_jp20_lm_evictor,jup_minireddot_hor_tall,0
jup_minireddot_hor,jup_jp25_ar_talpha95,jup_minireddot_hor_tall,0
jup_minireddot_hor,jup_jp25_sm_talpham,jup_minireddot_hor_tall,0
jup_minireddot_hor,jup_jp28_lm_rpapa20,jup_minireddot_hor_tall,0
jup_minireddot_hor,jup_jp31_dm_compound,jup_minireddot_hor_tall,0
jup_minireddot_hor,jup_jp32_pi_mpapa9,jup_minireddot_hor_tall,0
jup_minireddot_hor,jup_jp34_ar_balpha27,jup_minireddot_hor_tall,0
jup_minireddot_hor,jup_jp35_sn_moscar,jup_minireddot_hor_tall,0
jup_minireddot_hor,jup_jp36_ar_anov94,jup_minireddot_hor_tall,0
jup_minireddot_hor,jup_jp36_sn_boscar,jup_minireddot_hor_tall,0
jup_minireddot_hor,jup_jp40_br_hcharlie36,jup_minireddot_hor_tall,0
jup_minireddot_hor,jup_jp41_sm_kpappa50,jup_minireddot_hor_tall,0
jup_minireddot_hor,jup_jp44_ar_stango44,jup_minireddot_hor_tall,0
jup_reflex01,iw9_ar_acharlie300,jup_reflex01_tall,0
jup_reflex01,iw9_ar_akilo,jup_reflex01_tall,0
jup_reflex01,iw9_ar_akilo105,jup_reflex01_tall,0
jup_reflex01,iw9_ar_akilo74,jup_reflex01_tall,0
jup_reflex01,iw9_ar_augolf,jup_reflex01_tall,0
jup_reflex01,iw9_ar_falpha,jup_reflex01_tall,0
jup_reflex01,iw9_ar_falpha,jup_reflex01_tall,1
jup_reflex01,iw9_ar_fecho,jup_reflex01_tall,0
jup_reflex01,iw9_ar_fecho,jup_reflex01_tall,1
jup_reflex01,iw9_ar_golf3,jup_reflex01_tall,0
jup_reflex01,iw9_ar_helima,jup_reflex01_tall,0
jup_reflex01,iw9_ar_kilo53,jup_reflex01_tall,0
jup_reflex01,iw9_ar_malima,jup_reflex01_tall,0
jup_reflex01,iw9_ar_mcbravo,jup_reflex01_tall,0
jup_reflex01,iw9_ar_mcharlie,jup_reflex01_tall,0
jup_reflex01,iw9_ar_mike16,jup_reflex01_tall,0
jup_reflex01,iw9_ar_mike4,jup_reflex01_tall,0
jup_reflex01,iw9_ar_ralpha,jup_reflex01_tall,0
jup_reflex01,iw9_ar_scharlie,jup_reflex01_tall,0
jup_reflex01,iw9_ar_schotel,jup_reflex01_tall,0
jup_reflex01,iw9_br_msecho,jup_reflex01_tall,0
jup_reflex01,iw9_br_ngsierra,jup_reflex01_tall,0
jup_reflex01,iw9_br_soscar14,jup_reflex01_tall,0
jup_reflex01,iw9_dm_crossbow,jup_reflex01_tall,0
jup_reflex01,iw9_dm_mike14,jup_reflex01_tall,0
jup_reflex01,iw9_dm_mike24,jup_reflex01_tall,0
jup_reflex01,iw9_dm_pgolf1,jup_reflex01_tall,0
jup_reflex01,iw9_dm_sa700,jup_reflex01_tall,0
jup_reflex01,iw9_dm_sbeta,jup_reflex01_tall,0
jup_reflex01,iw9_dm_scromeo,jup_reflex01_tall,0
jup_reflex01,iw9_dm_stango25,jup_reflex01_tall,0
jup_reflex01,iw9_lm_ahotel,jup_reflex01_tall,0
jup_reflex01,iw9_lm_foxtrot,jup_reflex01_tall,0
jup_reflex01,iw9_lm_kilo21,jup_reflex01_tall,0
jup_reflex01,iw9_lm_mkilo3,jup_reflex01_tall,0
jup_reflex01,iw9_lm_mkilo3,jup_reflex01_tall,1
jup_reflex01,iw9_lm_ngolf7,jup_reflex01_tall,0
jup_reflex01,iw9_lm_rkilo,jup_reflex01_tall,0
jup_reflex01,iw9_lm_slima,jup_reflex01_tall,0
jup_reflex01,iw9_sh_charlie725,jup_reflex01_tall,0
jup_reflex01,iw9_sh_mbravo,jup_reflex01_tall,0
jup_reflex01,iw9_sh_mike1014,jup_reflex01_tall,0
jup_reflex01,iw9_sh_mviktor,jup_reflex01_tall,0
jup_reflex01,iw9_sh_tsierra12,jup_reflex01_tall,0
jup_reflex01,iw9_sh_vecho,jup_reflex01_tall,0
jup_reflex01,iw9_sm_acharlie45,jup_reflex01_tall,0
jup_reflex01,iw9_sm_acharlie9,jup_reflex01_tall,0
jup_reflex01,iw9_sm_alpha57,jup_reflex01_tall,0
jup_reflex01,iw9_sm_apapa,jup_reflex01_tall,0
jup_reflex01,iw9_sm_aviktor,jup_reflex01_tall,0
jup_reflex01,iw9_sm_beta,jup_reflex01_tall,0
jup_reflex01,iw9_sm_mpapa5,jup_reflex01_tall,0
jup_reflex01,iw9_sm_mpapa7,jup_reflex01_tall,0
jup_reflex01,iw9_sm_mpapax,jup_reflex01_tall,0
jup_reflex01,iw9_sm_papa90,jup_reflex01_tall,0
jup_reflex01,iw9_sm_sdelta,jup_reflex01_tall,0
jup_reflex01,iw9_sm_victor,jup_reflex01_tall,0
jup_reflex01,iw9_sn_limax,jup_reflex01_tall,0
jup_reflex01,jup_cp01_sm_coscar635,jup_reflex01_tall,0
jup_reflex01,jup_cp01_sm_pcharlie9,jup_reflex01_tall,0
jup_reflex01,jup_cp06_ar_falpha,jup_reflex01_tall,0
jup_reflex01,jup_cp08_br_xmike5,jup_reflex01_tall,0
jup_reflex01,jup_cp24_pi_glima21,jup_reflex01_tall,0
jup_reflex01,jup_jp01_ar_golf36,jup_reflex01_tall,0
jup_reflex01,jup_jp01_dm_slima8,jup_reflex01_tall,0
jup_reflex01,jup_jp02_ar_bromeo805,jup_reflex01_tall,0
jup_reflex01,jup_jp02_br_bromeo2,jup_reflex01_tall,0
jup_reflex01,jup_jp02_dm_bromeop,jup_reflex01_tall,0
jup_reflex01,jup_jp02_sm_scharlie3,jup_reflex01_tall,0
jup_reflex01,jup_jp03_ar_aromeo160,jup_reflex01_tall,0
jup_reflex01,jup_jp03_br_aromeo200,jup_reflex01_tall,0
jup_reflex01,jup_jp03_sm_pmike,jup_reflex01_tall,0
jup_reflex01,jup_jp04_sm_lwhiskey,jup_reflex01_tall,0
jup_reflex01,jup_jp04_sm_umike,jup_reflex01_tall,0
jup_reflex01,jup_jp05_ar_foxtrot2000,jup_reflex01_tall,0
jup_reflex01,jup_jp07_sm_uzulu,jup_reflex01_tall,0
jup_reflex01,jup_jp07_sm_uzulup,jup_reflex01_tall,0
jup_reflex01,jup_jp08_ar_qbravo97,jup_reflex01_tall,0
jup_reflex01,jup_jp10_sn_cdelta50,jup_reflex01_tall,0
jup_reflex01,jup_jp12_pi_mike93,jup_reflex01_tall,0
jup_reflex01,jup_jp13_dm_svictork,jup_reflex01_tall,0
jup_reflex01,jup_jp19_ar_acharlie,jup_reflex01_tall,0
jup_reflex01,jup_jp19_br_acharlie450,jup_reflex01_tall,0
jup_reflex01,jup_jp19_dm_acharlied,jup_reflex01_tall,0
jup_reflex01,jup_jp25_ar_talpha95,jup_reflex01_tall,0
jup_reflex01,jup_jp25_sm_talpham,jup_reflex01_tall,0
jup_reflex01,jup_jp31_dm_compound,jup_reflex01_tall,0
jup_reflex01,jup_jp32_pi_mpapa9,jup_reflex01_tall,0
jup_reflex01,jup_jp34_ar_balpha27,jup_reflex01_tall,0
jup_reflex01,jup_jp35_sn_moscar,jup_reflex01_tall,0
jup_reflex01,jup_jp36_ar_anov94,jup_reflex01_tall,0
jup_reflex01,jup_jp36_sn_boscar,jup_reflex01_tall,0
jup_reflex01,jup_jp37_dm_kappa98,jup_reflex01_tall,0
jup_reflex01,jup_jp40_br_hcharlie36,jup_reflex01_tall,0
jup_reflex01,jup_jp41_sm_kpappa50,jup_reflex01_tall,0
jup_reflex01,jup_jp44_ar_stango44,jup_reflex01_tall,0
jup_reflex02,iw9_ar_acharlie300,jup_reflex02_tall,0
jup_reflex02,iw9_ar_akilo,jup_reflex02_tall,0
jup_reflex02,iw9_ar_akilo105,jup_reflex02_tall,0
jup_reflex02,iw9_ar_akilo74,jup_reflex02_tall,0
jup_reflex02,iw9_ar_augolf,jup_reflex02_tall,0
jup_reflex02,iw9_ar_falpha,jup_reflex02_tall,0
jup_reflex02,iw9_ar_falpha,jup_reflex02_tall,1
jup_reflex02,iw9_ar_fecho,jup_reflex02_tall,0
jup_reflex02,iw9_ar_fecho,jup_reflex02_tall,1
jup_reflex02,iw9_ar_golf3,jup_reflex02_tall,0
jup_reflex02,iw9_ar_helima,jup_reflex02_tall,0
jup_reflex02,iw9_ar_kilo53,jup_reflex02_tall,0
jup_reflex02,iw9_ar_malima,jup_reflex02_tall,0
jup_reflex02,iw9_ar_mcbravo,jup_reflex02_tall,0
jup_reflex02,iw9_ar_mcharlie,jup_reflex02_tall,0
jup_reflex02,iw9_ar_mike16,jup_reflex02_tall,0
jup_reflex02,iw9_ar_mike4,jup_reflex02_tall,0
jup_reflex02,iw9_ar_ralpha,jup_reflex02_tall,0
jup_reflex02,iw9_ar_scharlie,jup_reflex02_tall,0
jup_reflex02,iw9_ar_schotel,jup_reflex02_tall,0
jup_reflex02,iw9_br_msecho,jup_reflex02_tall,0
jup_reflex02,iw9_br_ngsierra,jup_reflex02_tall,0
jup_reflex02,iw9_br_soscar14,jup_reflex02_tall,0
jup_reflex02,iw9_dm_crossbow,jup_reflex02_tall,0
jup_reflex02,iw9_dm_mike14,jup_reflex02_tall,0
jup_reflex02,iw9_dm_mike24,jup_reflex02_tall,0
jup_reflex02,iw9_dm_pgolf1,jup_reflex02_tall,0
jup_reflex02,iw9_dm_sa700,jup_reflex02_tall,0
jup_reflex02,iw9_dm_sbeta,jup_reflex02_tall,0
jup_reflex02,iw9_dm_scromeo,jup_reflex02_tall,0
jup_reflex02,iw9_dm_stango25,jup_reflex02_tall,0
jup_reflex02,iw9_lm_ahotel,jup_reflex02_tall,0
jup_reflex02,iw9_lm_foxtrot,jup_reflex02_tall,0
jup_reflex02,iw9_lm_kilo21,jup_reflex02_tall,0
jup_reflex02,iw9_lm_mkilo3,jup_reflex02_tall,0
jup_reflex02,iw9_lm_mkilo3,jup_reflex02_tall,1
jup_reflex02,iw9_lm_ngolf7,jup_reflex02_tall,0
jup_reflex02,iw9_lm_rkilo,jup_reflex02_tall,0
jup_reflex02,iw9_lm_slima,jup_reflex02_tall,0
jup_reflex02,iw9_sh_charlie725,jup_reflex02_tall,0
jup_reflex02,iw9_sh_mbravo,jup_reflex02_tall,0
jup_reflex02,iw9_sh_mike1014,jup_reflex02_tall,0
jup_reflex02,iw9_sh_mviktor,jup_reflex02_tall,0
jup_reflex02,iw9_sh_tsierra12,jup_reflex02_tall,0
jup_reflex02,iw9_sh_vecho,jup_reflex02_tall,0
jup_reflex02,iw9_sm_acharlie45,jup_reflex02_tall,0
jup_reflex02,iw9_sm_acharlie9,jup_reflex02_tall,0
jup_reflex02,iw9_sm_alpha57,jup_reflex02_tall,0
jup_reflex02,iw9_sm_apapa,jup_reflex02_tall,0
jup_reflex02,iw9_sm_aviktor,jup_reflex02_tall,0
jup_reflex02,iw9_sm_beta,jup_reflex02_tall,0
jup_reflex02,iw9_sm_mpapa5,jup_reflex02_tall,0
jup_reflex02,iw9_sm_mpapa7,jup_reflex02_tall,0
jup_reflex02,iw9_sm_mpapax,jup_reflex02_tall,0
jup_reflex02,iw9_sm_papa90,jup_reflex02_tall,0
jup_reflex02,iw9_sm_sdelta,jup_reflex02_tall,0
jup_reflex02,iw9_sm_victor,jup_reflex02_tall,0
jup_reflex02,jup_cp01_sm_coscar635,jup_reflex02_tall,0
jup_reflex02,jup_cp01_sm_pcharlie9,jup_reflex02_tall,0
jup_reflex02,jup_cp06_ar_falpha,jup_reflex02_tall,0
jup_reflex02,jup_cp08_br_xmike5,jup_reflex02_tall,0
jup_reflex02,jup_cp24_pi_glima21,jup_reflex02_tall,0
jup_reflex02,jup_jp01_ar_golf36,jup_reflex02_tall,0
jup_reflex02,jup_jp01_dm_slima8,jup_reflex02_tall,0
jup_reflex02,jup_jp02_ar_bromeo805,jup_reflex02_tall,0
jup_reflex02,jup_jp02_br_bromeo2,jup_reflex02_tall,0
jup_reflex02,jup_jp02_dm_bromeop,jup_reflex02_tall,0
jup_reflex02,jup_jp02_sm_scharlie3,jup_reflex02_tall,0
jup_reflex02,jup_jp03_ar_aromeo160,jup_reflex02_tall,0
jup_reflex02,jup_jp03_br_aromeo200,jup_reflex02_tall,0
jup_reflex02,jup_jp03_sm_pmike,jup_reflex02_tall,0
jup_reflex02,jup_jp04_sm_lwhiskey,jup_reflex02_tall,0
jup_reflex02,jup_jp04_sm_umike,jup_reflex02_tall,0
jup_reflex02,jup_jp05_ar_foxtrot2000,jup_reflex02_tall,0
jup_reflex02,jup_jp07_sm_uzulu,jup_reflex02_tall,0
jup_reflex02,jup_jp07_sm_uzulup,jup_reflex02_tall,0
jup_reflex02,jup_jp08_ar_qbravo97,jup_reflex02_tall,0
jup_reflex02,jup_jp12_pi_mike93,jup_reflex02_tall,0
jup_reflex02,jup_jp13_dm_svictork,jup_reflex02_tall,0
jup_reflex02,jup_jp19_ar_acharlie,jup_reflex02_tall,0
jup_reflex02,jup_jp19_br_acharlie450,jup_reflex02_tall,0
jup_reflex02,jup_jp19_dm_acharlied,jup_reflex02_tall,0
jup_reflex02,jup_jp25_ar_talpha95,jup_reflex02_tall,0
jup_reflex02,jup_jp25_sm_talpham,jup_reflex02_tall,0
jup_reflex02,jup_jp31_dm_compound,jup_reflex02_tall,0
jup_reflex02,jup_jp32_pi_mpapa9,jup_reflex02_tall,0
jup_reflex02,jup_jp34_ar_balpha27,jup_reflex02_tall,0
jup_reflex02,jup_jp36_ar_anov94,jup_reflex02_tall,0
jup_reflex02,jup_jp37_dm_kappa98,jup_reflex02_tall,0
jup_reflex02,jup_jp40_br_hcharlie36,jup_reflex02_tall,0
jup_reflex02,jup_jp41_sm_kpappa50,jup_reflex02_tall,0
jup_reflex02,jup_jp44_ar_stango44,jup_reflex02_tall,0
jup_reflex03,iw9_ar_acharlie300,jup_reflex03_tall,0
jup_reflex03,iw9_ar_akilo,jup_reflex03_tall,0
jup_reflex03,iw9_ar_akilo105,jup_reflex03_tall,0
jup_reflex03,iw9_ar_akilo74,jup_reflex03_tall,0
jup_reflex03,iw9_ar_augolf,jup_reflex03_tall,0
jup_reflex03,iw9_ar_falpha,jup_reflex03_tall,0
jup_reflex03,iw9_ar_falpha,jup_reflex03_tall,1
jup_reflex03,iw9_ar_fecho,jup_reflex03_tall,0
jup_reflex03,iw9_ar_fecho,jup_reflex03_tall,1
jup_reflex03,iw9_ar_golf3,jup_reflex03_tall,0
jup_reflex03,iw9_ar_helima,jup_reflex03_tall,0
jup_reflex03,iw9_ar_kilo53,jup_reflex03_tall,0
jup_reflex03,iw9_ar_malima,jup_reflex03_tall,0
jup_reflex03,iw9_ar_mcbravo,jup_reflex03_tall,0
jup_reflex03,iw9_ar_mcharlie,jup_reflex03_tall,0
jup_reflex03,iw9_ar_mike16,jup_reflex03_tall,0
jup_reflex03,iw9_ar_mike4,jup_reflex03_tall,0
jup_reflex03,iw9_ar_ralpha,jup_reflex03_tall,0
jup_reflex03,iw9_ar_scharlie,jup_reflex03_tall,0
jup_reflex03,iw9_ar_schotel,jup_reflex03_tall,0
jup_reflex03,iw9_br_msecho,jup_reflex03_tall,0
jup_reflex03,iw9_br_ngsierra,jup_reflex03_tall,0
jup_reflex03,iw9_br_soscar14,jup_reflex03_tall,0
jup_reflex03,iw9_dm_crossbow,jup_reflex03_tall,0
jup_reflex03,iw9_dm_mike14,jup_reflex03_tall,0
jup_reflex03,iw9_dm_mike24,jup_reflex03_tall,0
jup_reflex03,iw9_dm_pgolf1,jup_reflex03_tall,0
jup_reflex03,iw9_dm_sa700,jup_reflex03_tall,0
jup_reflex03,iw9_dm_sbeta,jup_reflex03_tall,0
jup_reflex03,iw9_dm_scromeo,jup_reflex03_tall,0
jup_reflex03,iw9_dm_stango25,jup_reflex03_tall,0
jup_reflex03,iw9_lm_ahotel,jup_reflex03_tall,0
jup_reflex03,iw9_lm_foxtrot,jup_reflex03_tall,0
jup_reflex03,iw9_lm_kilo21,jup_reflex03_tall,0
jup_reflex03,iw9_lm_mkilo3,jup_reflex03_tall,0
jup_reflex03,iw9_lm_mkilo3,jup_reflex03_tall,1
jup_reflex03,iw9_lm_ngolf7,jup_reflex03_tall,0
jup_reflex03,iw9_lm_rkilo,jup_reflex03_tall,0
jup_reflex03,iw9_lm_slima,jup_reflex03_tall,0
jup_reflex03,iw9_sh_charlie725,jup_reflex03_tall,0
jup_reflex03,iw9_sh_mbravo,jup_reflex03_tall,0
jup_reflex03,iw9_sh_mike1014,jup_reflex03_tall,0
jup_reflex03,iw9_sh_mviktor,jup_reflex03_tall,0
jup_reflex03,iw9_sh_tsierra12,jup_reflex03_tall,0
jup_reflex03,iw9_sh_vecho,jup_reflex03_tall,0
jup_reflex03,iw9_sm_acharlie45,jup_reflex03_tall,0
jup_reflex03,iw9_sm_acharlie9,jup_reflex03_tall,0
jup_reflex03,iw9_sm_alpha57,jup_reflex03_tall,0
jup_reflex03,iw9_sm_apapa,jup_reflex03_tall,0
jup_reflex03,iw9_sm_aviktor,jup_reflex03_tall,0
jup_reflex03,iw9_sm_beta,jup_reflex03_tall,0
jup_reflex03,iw9_sm_mpapa5,jup_reflex03_tall,0
jup_reflex03,iw9_sm_mpapa7,jup_reflex03_tall,0
jup_reflex03,iw9_sm_mpapax,jup_reflex03_tall,0
jup_reflex03,iw9_sm_papa90,jup_reflex03_tall,0
jup_reflex03,iw9_sm_sdelta,jup_reflex03_tall,0
jup_reflex03,iw9_sm_victor,jup_reflex03_tall,0
jup_reflex03,jup_cp01_sm_coscar635,jup_reflex03_tall,0
jup_reflex03,jup_cp01_sm_pcharlie9,jup_reflex03_tall,0
jup_reflex03,jup_cp06_ar_falpha,jup_reflex03_tall,0
jup_reflex03,jup_cp08_br_xmike5,jup_reflex03_tall,0
jup_reflex03,jup_cp24_pi_glima21,jup_reflex03_tall,0
jup_reflex03,jup_jp01_ar_golf36,jup_reflex03_tall,0
jup_reflex03,jup_jp01_dm_slima8,jup_reflex03_tall,0
jup_reflex03,jup_jp02_ar_bromeo805,jup_reflex03_tall,0
jup_reflex03,jup_jp02_br_bromeo2,jup_reflex03_tall,0
jup_reflex03,jup_jp02_dm_bromeop,jup_reflex03_tall,0
jup_reflex03,jup_jp02_sm_scharlie3,jup_reflex03_tall,0
jup_reflex03,jup_jp03_ar_aromeo160,jup_reflex03_tall,0
jup_reflex03,jup_jp03_br_aromeo200,jup_reflex03_tall,0
jup_reflex03,jup_jp03_sm_pmike,jup_reflex03_tall,0
jup_reflex03,jup_jp04_sm_lwhiskey,jup_reflex03_tall,0
jup_reflex03,jup_jp04_sm_umike,jup_reflex03_tall,0
jup_reflex03,jup_jp05_ar_foxtrot2000,jup_reflex03_tall,0
jup_reflex03,jup_jp07_sm_uzulu,jup_reflex03_tall,0
jup_reflex03,jup_jp07_sm_uzulup,jup_reflex03_tall,0
jup_reflex03,jup_jp08_ar_qbravo97,jup_reflex03_tall,0
jup_reflex03,jup_jp12_pi_mike93,jup_reflex03_tall,0
jup_reflex03,jup_jp13_dm_svictork,jup_reflex03_tall,0
jup_reflex03,jup_jp19_ar_acharlie,jup_reflex03_tall,0
jup_reflex03,jup_jp19_br_acharlie450,jup_reflex03_tall,0
jup_reflex03,jup_jp19_dm_acharlied,jup_reflex03_tall,0
jup_reflex03,jup_jp25_ar_talpha95,jup_reflex03_tall,0
jup_reflex03,jup_jp25_sm_talpham,jup_reflex03_tall,0
jup_reflex03,jup_jp31_dm_compound,jup_reflex03_tall,0
jup_reflex03,jup_jp32_pi_mpapa9,jup_reflex03_tall,0
jup_reflex03,jup_jp34_ar_balpha27,jup_reflex03_tall,0
jup_reflex03,jup_jp36_ar_anov94,jup_reflex03_tall,0
jup_reflex03,jup_jp37_dm_kappa98,jup_reflex03_tall,0
jup_reflex03,jup_jp40_br_hcharlie36,jup_reflex03_tall,0
jup_reflex03,jup_jp41_sm_kpappa50,jup_reflex03_tall,0
jup_reflex03,jup_jp44_ar_stango44,jup_reflex03_tall,0
jup_reflex04,iw9_ar_acharlie300,jup_reflex04_tall,0
jup_reflex04,iw9_ar_akilo,jup_reflex04_tall,0
jup_reflex04,iw9_ar_akilo105,jup_reflex04_tall,0
jup_reflex04,iw9_ar_akilo74,jup_reflex04_tall,0
jup_reflex04,iw9_ar_augolf,jup_reflex04_tall,0
jup_reflex04,iw9_ar_falpha,jup_reflex04_tall,0
jup_reflex04,iw9_ar_falpha,jup_reflex04_tall,1
jup_reflex04,iw9_ar_fecho,jup_reflex04_tall,0
jup_reflex04,iw9_ar_fecho,jup_reflex04_tall,1
jup_reflex04,iw9_ar_golf3,jup_reflex04_tall,0
jup_reflex04,iw9_ar_helima,jup_reflex04_tall,0
jup_reflex04,iw9_ar_kilo53,jup_reflex04_tall,0
jup_reflex04,iw9_ar_malima,jup_reflex04_tall,0
jup_reflex04,iw9_ar_mcbravo,jup_reflex04_tall,0
jup_reflex04,iw9_ar_mcharlie,jup_reflex04_tall,0
jup_reflex04,iw9_ar_mike16,jup_reflex04_tall,0
jup_reflex04,iw9_ar_mike4,jup_reflex04_tall,0
jup_reflex04,iw9_ar_ralpha,jup_reflex04_tall,0
jup_reflex04,iw9_ar_scharlie,jup_reflex04_tall,0
jup_reflex04,iw9_ar_schotel,jup_reflex04_tall,0
jup_reflex04,iw9_br_msecho,jup_reflex04_tall,0
jup_reflex04,iw9_br_ngsierra,jup_reflex04_tall,0
jup_reflex04,iw9_br_soscar14,jup_reflex04_tall,0
jup_reflex04,iw9_dm_crossbow,jup_reflex04_tall,0
jup_reflex04,iw9_dm_mike14,jup_reflex04_tall,0
jup_reflex04,iw9_dm_mike24,jup_reflex04_tall,0
jup_reflex04,iw9_dm_pgolf1,jup_reflex04_tall,0
jup_reflex04,iw9_dm_sa700,jup_reflex04_tall,0
jup_reflex04,iw9_dm_sbeta,jup_reflex04_tall,0
jup_reflex04,iw9_dm_scromeo,jup_reflex04_tall,0
jup_reflex04,iw9_dm_stango25,jup_reflex04_tall,0
jup_reflex04,iw9_lm_ahotel,jup_reflex04_tall,0
jup_reflex04,iw9_lm_foxtrot,jup_reflex04_tall,0
jup_reflex04,iw9_lm_kilo21,jup_reflex04_tall,0
jup_reflex04,iw9_lm_mkilo3,jup_reflex04_tall,0
jup_reflex04,iw9_lm_mkilo3,jup_reflex04_tall,1
jup_reflex04,iw9_lm_ngolf7,jup_reflex04_tall,0
jup_reflex04,iw9_lm_rkilo,jup_reflex04_tall,0
jup_reflex04,iw9_lm_slima,jup_reflex04_tall,0
jup_reflex04,iw9_sh_charlie725,jup_reflex04_tall,0
jup_reflex04,iw9_sh_mbravo,jup_reflex04_tall,0
jup_reflex04,iw9_sh_mike1014,jup_reflex04_tall,0
jup_reflex04,iw9_sh_mviktor,jup_reflex04_tall,0
jup_reflex04,iw9_sh_tsierra12,jup_reflex04_tall,0
jup_reflex04,iw9_sh_vecho,jup_reflex04_tall,0
jup_reflex04,iw9_sm_acharlie45,jup_reflex04_tall,0
jup_reflex04,iw9_sm_acharlie9,jup_reflex04_tall,0
jup_reflex04,iw9_sm_alpha57,jup_reflex04_tall,0
jup_reflex04,iw9_sm_apapa,jup_reflex04_tall,0
jup_reflex04,iw9_sm_aviktor,jup_reflex04_tall,0
jup_reflex04,iw9_sm_beta,jup_reflex04_tall,0
jup_reflex04,iw9_sm_mpapa5,jup_reflex04_tall,0
jup_reflex04,iw9_sm_mpapa7,jup_reflex04_tall,0
jup_reflex04,iw9_sm_mpapax,jup_reflex04_tall,0
jup_reflex04,iw9_sm_papa90,jup_reflex04_tall,0
jup_reflex04,iw9_sm_sdelta,jup_reflex04_tall,0
jup_reflex04,iw9_sm_victor,jup_reflex04_tall,0
jup_reflex04,jup_cp01_sm_coscar635,jup_reflex04_tall,0
jup_reflex04,jup_cp01_sm_pcharlie9,jup_reflex04_tall,0
jup_reflex04,jup_cp06_ar_falpha,jup_reflex04_tall,0
jup_reflex04,jup_cp08_br_xmike5,jup_reflex04_tall,0
jup_reflex04,jup_cp24_pi_glima21,jup_reflex04_tall,0
jup_reflex04,jup_jp01_ar_golf36,jup_reflex04_tall,0
jup_reflex04,jup_jp01_dm_slima8,jup_reflex04_tall,0
jup_reflex04,jup_jp02_ar_bromeo805,jup_reflex04_tall,0
jup_reflex04,jup_jp02_br_bromeo2,jup_reflex04_tall,0
jup_reflex04,jup_jp02_dm_bromeop,jup_reflex04_tall,0
jup_reflex04,jup_jp02_sm_scharlie3,jup_reflex04_tall,0
jup_reflex04,jup_jp03_ar_aromeo160,jup_reflex04_tall,0
jup_reflex04,jup_jp03_br_aromeo200,jup_reflex04_tall,0
jup_reflex04,jup_jp03_sm_pmike,jup_reflex04_tall,0
jup_reflex04,jup_jp04_sm_lwhiskey,jup_reflex04_tall,0
jup_reflex04,jup_jp04_sm_umike,jup_reflex04_tall,0
jup_reflex04,jup_jp05_ar_foxtrot2000,jup_reflex04_tall,0
jup_reflex04,jup_jp07_sm_uzulu,jup_reflex04_tall,0
jup_reflex04,jup_jp07_sm_uzulup,jup_reflex04_tall,0
jup_reflex04,jup_jp08_ar_qbravo97,jup_reflex04_tall,0
jup_reflex04,jup_jp12_pi_mike93,jup_reflex04_tall,0
jup_reflex04,jup_jp13_dm_svictork,jup_reflex04_tall,0
jup_reflex04,jup_jp19_ar_acharlie,jup_reflex04_tall,0
jup_reflex04,jup_jp19_br_acharlie450,jup_reflex04_tall,0
jup_reflex04,jup_jp19_dm_acharlied,jup_reflex04_tall,0
jup_reflex04,jup_jp25_ar_talpha95,jup_reflex04_tall,0
jup_reflex04,jup_jp25_sm_talpham,jup_reflex04_tall,0
jup_reflex04,jup_jp31_dm_compound,jup_reflex04_tall,0
jup_reflex04,jup_jp32_pi_mpapa9,jup_reflex04_tall,0
jup_reflex04,jup_jp34_ar_balpha27,jup_reflex04_tall,0
jup_reflex04,jup_jp36_ar_anov94,jup_reflex04_tall,0
jup_reflex04,jup_jp37_dm_kappa98,jup_reflex04_tall,0
jup_reflex04,jup_jp40_br_hcharlie36,jup_reflex04_tall,0
jup_reflex04,jup_jp41_sm_kpappa50,jup_reflex04_tall,0
jup_reflex04,jup_jp44_ar_stango44,jup_reflex04_tall,0
jup_reflex08,iw9_ar_acharlie300,jup_reflex08_tall,0
jup_reflex08,iw9_ar_akilo,jup_reflex08_tall,0
jup_reflex08,iw9_ar_akilo105,jup_reflex08_tall,0
jup_reflex08,iw9_ar_augolf,jup_reflex08_tall,0
jup_reflex08,iw9_ar_falpha,jup_reflex08_tall,0
jup_reflex08,iw9_ar_falpha,jup_reflex08_tall,1
jup_reflex08,iw9_ar_fecho,jup_reflex08_tall,0
jup_reflex08,iw9_ar_fecho,jup_reflex08_tall,1
jup_reflex08,iw9_ar_helima,jup_reflex08_tall,0
jup_reflex08,iw9_ar_malima,jup_reflex08_tall,0
jup_reflex08,iw9_ar_mcbravo,jup_reflex08_tall,0
jup_reflex08,iw9_ar_mcharlie,jup_reflex08_tall,0
jup_reflex08,iw9_ar_mike16,jup_reflex08_tall,0
jup_reflex08,iw9_ar_mike4,jup_reflex08_tall,0
jup_reflex08,iw9_ar_ralpha,jup_reflex08_tall,0
jup_reflex08,iw9_ar_scharlie,jup_reflex08_tall,0
jup_reflex08,iw9_ar_schotel,jup_reflex08_tall,0
jup_reflex08,iw9_br_msecho,jup_reflex08_tall,0
jup_reflex08,iw9_br_ngsierra,jup_reflex08_tall,0
jup_reflex08,iw9_br_soscar14,jup_reflex08_tall,0
jup_reflex08,iw9_dm_crossbow,jup_reflex08_tall,0
jup_reflex08,iw9_dm_mike14,jup_reflex08_tall,0
jup_reflex08,iw9_dm_mike24,jup_reflex08_tall,0
jup_reflex08,iw9_dm_pgolf1,jup_reflex08_tall,0
jup_reflex08,iw9_dm_sa700,jup_reflex08_tall,0
jup_reflex08,iw9_dm_sbeta,jup_reflex08_tall,0
jup_reflex08,iw9_dm_scromeo,jup_reflex08_tall,0
jup_reflex08,iw9_dm_stango25,jup_reflex08_tall,0
jup_reflex08,iw9_lm_ahotel,jup_reflex08_tall,0
jup_reflex08,iw9_lm_foxtrot,jup_reflex08_tall,0
jup_reflex08,iw9_lm_kilo21,jup_reflex08_tall,0
jup_reflex08,iw9_lm_mkilo3,jup_reflex08_tall,0
jup_reflex08,iw9_lm_mkilo3,jup_reflex08_tall,1
jup_reflex08,iw9_lm_ngolf7,jup_reflex08_tall,0
jup_reflex08,iw9_lm_rkilo,jup_reflex08_tall,0
jup_reflex08,iw9_lm_slima,jup_reflex08_tall,0
jup_reflex08,iw9_pi_decho,jup_reflex08_pstl,0
jup_reflex08,iw9_pi_dechoauto,jup_reflex08_pstl,0
jup_reflex08,iw9_sm_acharlie45,jup_reflex08_tall,0
jup_reflex08,iw9_sm_acharlie9,jup_reflex08_tall,0
jup_reflex08,iw9_sm_apapa,jup_reflex08_tall,0
jup_reflex08,iw9_sm_aviktor,jup_reflex08_tall,0
jup_reflex08,iw9_sm_mpapa7,jup_reflex08_tall,0
jup_reflex08,iw9_sm_mpapax,jup_reflex08_tall,0
jup_reflex08,iw9_sm_papa90,jup_reflex08_tall,0
jup_reflex08,iw9_sm_sdelta,jup_reflex08_tall,0
jup_reflex08,iw9_sm_victor,jup_reflex08_tall,0
jup_reflex08,iw9_sn_limax,jup_reflex08_tall,0
jup_reflex08,jup_cp01_sm_coscar635,jup_reflex08_tall,0
jup_reflex08,jup_cp01_sm_pcharlie9,jup_reflex08_tall,0
jup_reflex08,jup_cp06_ar_falpha,jup_reflex08_tall,0
jup_reflex08,jup_cp08_br_xmike5,jup_reflex08_tall,0
jup_reflex08,jup_jp01_ar_golf36,jup_reflex08_tall_amp,0
jup_reflex08,jup_jp01_dm_slima8,jup_reflex08_tall_amp,0
jup_reflex08,jup_jp02_ar_bromeo805,jup_reflex08_tall,0
jup_reflex08,jup_jp02_br_bromeo2,jup_reflex08_tall,0
jup_reflex08,jup_jp02_dm_bromeop,jup_reflex08_tall,0
jup_reflex08,jup_jp02_sm_scharlie3,jup_reflex08_tall,0
jup_reflex08,jup_jp03_ar_aromeo160,jup_reflex08_tall,0
jup_reflex08,jup_jp03_br_aromeo200,jup_reflex08_tall,0
jup_reflex08,jup_jp03_sm_pmike,jup_reflex08_tall,0
jup_reflex08,jup_jp04_sm_lwhiskey,jup_reflex08_tall,0
jup_reflex08,jup_jp04_sm_umike,jup_reflex08_tall,0
jup_reflex08,jup_jp05_ar_foxtrot2000,jup_reflex08_tall,0
jup_reflex08,jup_jp07_sm_uzulup,jup_reflex08_tall,0
jup_reflex08,jup_jp08_ar_qbravo97,jup_reflex08_tall,0
jup_reflex08,jup_jp10_sn_cdelta50,jup_reflex08_tall,0
jup_reflex08,jup_jp13_dm_svictork,jup_reflex08_tall,0
jup_reflex08,jup_jp19_ar_acharlie,jup_reflex08_tall,0
jup_reflex08,jup_jp19_br_acharlie450,jup_reflex08_tall,0
jup_reflex08,jup_jp19_dm_acharlied,jup_reflex08_tall,0
jup_reflex08,jup_jp25_ar_talpha95,jup_reflex08_tall,0
jup_reflex08,jup_jp25_sm_talpham,jup_reflex08_tall,0
jup_reflex08,jup_jp31_dm_compound,jup_reflex08_tall,0
jup_reflex08,jup_jp32_pi_mpapa9,jup_reflex08_tall,0
jup_reflex08,jup_jp34_ar_balpha27,jup_reflex08_tall,0
jup_reflex08,jup_jp35_sn_moscar,jup_reflex08_tall,0
jup_reflex08,jup_jp36_ar_anov94,jup_reflex08_tall,0
jup_reflex08,jup_jp36_sn_boscar,jup_reflex08_tall,0
jup_reflex08,jup_jp37_dm_kappa98,jup_reflex08_tall,0
jup_reflex08,jup_jp40_br_hcharlie36,jup_reflex08_tall,0
jup_reflex08,jup_jp41_sm_kpappa50,jup_reflex08_tall,0
jup_reflex08,jup_jp44_ar_stango44,jup_reflex08_tall,0
jup_reflex_proj,iw9_ar_acharlie300,jup_reflex_proj_tall,0
jup_reflex_proj,iw9_ar_akilo,jup_reflex_proj_tall,0
jup_reflex_proj,iw9_ar_akilo105,jup_reflex_proj_tall,0
jup_reflex_proj,iw9_ar_akilo74,jup_reflex_proj_tall,0
jup_reflex_proj,iw9_ar_augolf,jup_reflex_proj_tall,0
jup_reflex_proj,iw9_ar_falpha,jup_reflex_proj_tall,0
jup_reflex_proj,iw9_ar_falpha,jup_reflex_proj_tall,1
jup_reflex_proj,iw9_ar_fecho,jup_reflex_proj_tall,0
jup_reflex_proj,iw9_ar_fecho,jup_reflex_proj_tall,1
jup_reflex_proj,iw9_ar_golf3,jup_reflex_proj_tall,0
jup_reflex_proj,iw9_ar_helima,jup_reflex_proj_tall,0
jup_reflex_proj,iw9_ar_kilo53,jup_reflex_proj_tall,0
jup_reflex_proj,iw9_ar_malima,jup_reflex_proj_tall,0
jup_reflex_proj,iw9_ar_mcbravo,jup_reflex_proj_tall,0
jup_reflex_proj,iw9_ar_mcharlie,jup_reflex_proj_tall,0
jup_reflex_proj,iw9_ar_mike16,jup_reflex_proj_tall,0
jup_reflex_proj,iw9_ar_mike4,jup_reflex_proj_tall,0
jup_reflex_proj,iw9_ar_ralpha,jup_reflex_proj_tall,0
jup_reflex_proj,iw9_ar_scharlie,jup_reflex_proj_tall,0
jup_reflex_proj,iw9_ar_schotel,jup_reflex_proj_tall,0
jup_reflex_proj,iw9_br_msecho,jup_reflex_proj_tall,0
jup_reflex_proj,iw9_br_ngsierra,jup_reflex_proj_tall,0
jup_reflex_proj,iw9_br_soscar14,jup_reflex_proj_tall,0
jup_reflex_proj,iw9_dm_crossbow,jup_reflex_proj_tall,0
jup_reflex_proj,iw9_dm_mike14,jup_reflex_proj_tall,0
jup_reflex_proj,iw9_dm_mike24,jup_reflex_proj_tall,0
jup_reflex_proj,iw9_dm_pgolf1,jup_reflex_proj_tall,0
jup_reflex_proj,iw9_dm_sa700,jup_reflex_proj_tall,0
jup_reflex_proj,iw9_dm_sbeta,jup_reflex_proj_tall,0
jup_reflex_proj,iw9_dm_scromeo,jup_reflex_proj_tall,0
jup_reflex_proj,iw9_dm_stango25,jup_reflex_proj_tall,0
jup_reflex_proj,iw9_lm_ahotel,jup_reflex_proj_tall,0
jup_reflex_proj,iw9_lm_dblmg,jup_reflex_proj_tall,0
jup_reflex_proj,iw9_lm_dblmg2,jup_reflex_proj_tall,0
jup_reflex_proj,iw9_lm_foxtrot,jup_reflex_proj_tall,0
jup_reflex_proj,iw9_lm_kilo21,jup_reflex_proj_tall,0
jup_reflex_proj,iw9_lm_mkilo3,jup_reflex_proj_tall,0
jup_reflex_proj,iw9_lm_mkilo3,jup_reflex_proj_tall,1
jup_reflex_proj,iw9_lm_ngolf7,jup_reflex_proj_tall,0
jup_reflex_proj,iw9_lm_rkilo,jup_reflex_proj_tall,0
jup_reflex_proj,iw9_lm_slima,jup_reflex_proj_tall,0
jup_reflex_proj,iw9_sh_charlie725,jup_reflex_proj_tall,0
jup_reflex_proj,iw9_sh_mbravo,jup_reflex_proj_tall,0
jup_reflex_proj,iw9_sh_mike1014,jup_reflex_proj_tall,0
jup_reflex_proj,iw9_sh_mviktor,jup_reflex_proj_tall,0
jup_reflex_proj,iw9_sh_tsierra12,jup_reflex_proj_tall,0
jup_reflex_proj,iw9_sh_vecho,jup_reflex_proj_tall,0
jup_reflex_proj,iw9_sm_acharlie45,jup_reflex_proj_tall,0
jup_reflex_proj,iw9_sm_acharlie9,jup_reflex_proj_tall,0
jup_reflex_proj,iw9_sm_alpha57,jup_reflex_proj_tall,0
jup_reflex_proj,iw9_sm_apapa,jup_reflex_proj_tall,0
jup_reflex_proj,iw9_sm_aviktor,jup_reflex_proj_tall,0
jup_reflex_proj,iw9_sm_beta,jup_reflex_proj_tall,0
jup_reflex_proj,iw9_sm_mpapa5,jup_reflex_proj_tall,0
jup_reflex_proj,iw9_sm_mpapa7,jup_reflex_proj_tall,0
jup_reflex_proj,iw9_sm_mpapax,jup_reflex_proj_tall,0
jup_reflex_proj,iw9_sm_papa90,jup_reflex_proj_tall,0
jup_reflex_proj,iw9_sm_sdelta,jup_reflex_proj_tall,0
jup_reflex_proj,iw9_sm_victor,jup_reflex_proj_tall,0
jup_reflex_proj,iw9_sn_limax,jup_reflex_proj_tall,0
jup_reflex_proj,jup_cp01_sm_coscar635,jup_reflex_proj_tall,0
jup_reflex_proj,jup_cp01_sm_pcharlie9,jup_reflex_proj_tall,0
jup_reflex_proj,jup_cp05_lm_halpha,jup_reflex_proj_tall,0
jup_reflex_proj,jup_cp06_ar_falpha,jup_reflex_proj_tall,0
jup_reflex_proj,jup_cp08_br_xmike5,jup_reflex_proj_tall,0
jup_reflex_proj,jup_cp15_lm_mkilo3,jup_reflex_proj_tall,0
jup_reflex_proj,jup_jp01_ar_golf36,jup_reflex_proj_tall,0
jup_reflex_proj,jup_jp01_lm_mgolf36,jup_reflex_proj_tall,0
jup_reflex_proj,jup_jp02_ar_bromeo805,jup_reflex_proj_tall,0
jup_reflex_proj,jup_jp02_br_bromeo2,jup_reflex_proj_tall,0
jup_reflex_proj,jup_jp02_sm_scharlie3,jup_reflex_proj_tall,0
jup_reflex_proj,jup_jp03_ar_aromeo160,jup_reflex_proj_tall,0
jup_reflex_proj,jup_jp03_br_aromeo200,jup_reflex_proj_tall,0
jup_reflex_proj,jup_jp03_sm_pmike,jup_reflex_proj_tall,0
jup_reflex_proj,jup_jp04_sm_lwhiskey,jup_reflex_proj_tall,0
jup_reflex_proj,jup_jp04_sm_umike,jup_reflex_proj_tall,0
jup_reflex_proj,jup_jp05_ar_foxtrot2000,jup_reflex_proj_tall,0
jup_reflex_proj,jup_jp06_lm_pkilop,jup_reflex_proj_tall,0
jup_reflex_proj,jup_jp07_sm_uzulu,jup_reflex_proj_tall,0
jup_reflex_proj,jup_jp07_sm_uzulup,jup_reflex_proj_tall,0
jup_reflex_proj,jup_jp08_ar_qbravo97,jup_reflex_proj_tall,0
jup_reflex_proj,jup_jp08_lm_qbravo95lsw,jup_reflex_proj_tall,0
jup_reflex_proj,jup_jp10_sn_cdelta50,jup_reflex_proj_tall,0
jup_reflex_proj,jup_jp19_ar_acharlie,jup_reflex_proj_tall,0
jup_reflex_proj,jup_jp19_br_acharlie450,jup_reflex_proj_tall,0
jup_reflex_proj,jup_jp20_lm_evictor,jup_reflex_proj_tall,0
jup_reflex_proj,jup_jp25_ar_talpha95,jup_reflex_proj_tall,0
jup_reflex_proj,jup_jp25_sm_talpham,jup_reflex_proj_tall,0
jup_reflex_proj,jup_jp28_lm_rpapa20,jup_reflex_proj_tall,0
jup_reflex_proj,jup_jp32_pi_mpapa9,jup_reflex_proj_tall,0
jup_reflex_proj,jup_jp34_ar_balpha27,jup_reflex_proj_tall,0
jup_reflex_proj,jup_jp35_sn_moscar,jup_reflex_proj_tall,0
jup_reflex_proj,jup_jp36_ar_anov94,jup_reflex_proj_tall,0
jup_reflex_proj,jup_jp36_sn_boscar,jup_reflex_proj_tall,0
jup_reflex_proj,jup_jp40_br_hcharlie36,jup_reflex_proj_tall,0
jup_reflex_proj,jup_jp41_sm_kpappa50,jup_reflex_proj_tall,0
jup_reflex_proj,jup_jp44_ar_stango44,jup_reflex_proj_tall,0
laserbox_ads05,iw9_sn_mromeo,laserbox_ads05_mromeo,0
laserbox_hip01,iw9_ar_mike16,laserbox_hip01_p01,0
laserbox_hip01,iw9_ar_mike4,laserbox_hip01_p01,0
laserbox_hip01,iw9_br_msecho,laserbox_hip01_p01,0
laserbox_hip01,iw9_lm_foxtrot,laserbox_hip01_p01,0
laserbox_hip01,iw9_sm_alpha57,laserbox_hip01_p01,0
mag_ar_hvylarge_p08,iw9_ar_ralpha,mag_ar_hvylarge2_p08,0
mag_ar_large_p03,iw9_ar_augolf,mag_ar_large_p03_augolf,0
mag_ar_large_p03,iw9_lm_ahotel,mag_ar_large_p03_ahotel,0
mag_ar_large_p04,iw9_ar_akilo,mag_ar_large_p04_akilo,0
mag_ar_large_p04,iw9_lm_rkilo,mag_ar_large_p04_rkilo,0
mag_ar_lgtlarge_p04,iw9_ar_akilo105,mag_ar_lgtlarge_p04_akilo105,0
mag_ar_lgtlarge_p04,iw9_ar_akilo74,mag_ar_lgtlarge_p04_akilo74,0
mag_ar_lgtsmall_p04,iw9_ar_akilo105,mag_ar_lgtsmall_p04_akilo105,0
mag_ar_lgtsmall_p04,iw9_ar_akilo74,mag_ar_lgtsmall_p04_akilo74,0
mag_ar_light_p04,iw9_ar_akilo105,mag_ar_light_p04_akilo105,0
mag_ar_light_p04,iw9_ar_akilo74,mag_ar_light_p04_akilo74,0
mag_ar_p03,iw9_ar_augolf,mag_ar_p03_augolf,0
mag_ar_p03,iw9_lm_ahotel,mag_ar_p03_ahotel,0
mag_ar_p04,iw9_ar_akilo,mag_ar_p04_akilo,0
mag_ar_p04,iw9_lm_rkilo,mag_ar_p04_rkilo,0
mag_br_large_p02,iw9_ar_golf3,mag_br_large_p02_golf3,0
mag_br_p02,iw9_ar_golf3,mag_br_p02_golf3,0
mag_br_p02,iw9_dm_pgolf1,mag_br_p02_pgolf1,0
mag_br_p18,iw9_br_soscar14,mag_br_p18_soscar14,0
mag_br_p18,iw9_dm_mike14,mag_br_p18_mike14,0
mag_dm_large_p20,iw9_dm_mike24,mag_dm_large_p20_mike24,0
mag_dm_large_p20,iw9_dm_sa700,mag_dm_large_p20_sa700,0
mag_dm_p20,iw9_dm_mike24,mag_dm_p20_mike24,0
mag_dm_p20,iw9_dm_sa700,mag_dm_p20_sa700,0
mag_dm_xlarge_p20,iw9_dm_mike24,mag_dm_xlarge_p20_mike24,0
mag_dm_xlarge_p20,iw9_dm_sa700,mag_dm_xlarge_p20_sa700,0
mag_pi_p25,iw9_pi_dechoauto,mag_pi_p25_dechoauto,0
mag_sm_p02,iw9_sm_sdelta,mag_sm_p02_sdelta,0
mag_sn_large_p02,iw9_ar_golf3,mag_sn_large_p02_golf3,0
mag_sn_large_p02,iw9_dm_pgolf1,mag_sn_large_p02_pgolf1,0
mag_sn_p02,iw9_ar_golf3,mag_sn_p02_golf3,0
mag_sn_p02,iw9_dm_pgolf1,mag_sn_p02_pgolf1,0
mag_sn_p20,iw9_dm_xmike2010,mag_sn_p20_xmike2010,0
pgrip_aim_p23,iw9_sn_alpha50,pgrip_aim_stockass_p23,0
pgrip_aim_p23,iw9_sn_alpha50,pgrip_aim_stockhvyass_p23,1
pgrip_aim_p23,iw9_sn_alpha50,pgrip_aim_stocksn_p23,2
pgrip_aim_p23,iw9_sn_alpha50,pgrip_aim_stocktac_p23,3
pgrip_ass_p23,iw9_sn_alpha50,pgrip_ass_stockass_p23,0
pgrip_ass_p23,iw9_sn_alpha50,pgrip_ass_stockhvyass_p23,1
pgrip_ass_p23,iw9_sn_alpha50,pgrip_ass_stocksn_p23,2
pgrip_ass_p23,iw9_sn_alpha50,pgrip_ass_stocktac_p23,3
pgrip_p25,iw9_pi_dechoauto,pgrip_p25_dechoauto,0
pgrip_sm_aim_p02,iw9_sm_sdelta,pgrip_sm_aim_p02_sdelta,0
pgrip_sm_aim_p08,iw9_ar_mcbravo,pgrip_ar2_aim_p08,0
pgrip_sm_aim_p08,iw9_ar_mcharlie,pgrip_ar_aim_p08,0
pgrip_sm_aim_p08,iw9_ar_ralpha,pgrip_ar_aim_p08,0
pgrip_sm_ass_p02,iw9_sm_sdelta,pgrip_sm_ass_p02_sdelta,0
pgrip_sm_ass_p08,iw9_ar_mcbravo,pgrip_ar2_ass_p08,0
pgrip_sm_ass_p08,iw9_ar_mcharlie,pgrip_ar_ass_p08,0
pgrip_sm_ass_p08,iw9_ar_ralpha,pgrip_ar_ass_p08,0
pgrip_sm_p43,iw9_sm_acharlie9,pgrip_sm_p43_acharlie9,0
pgrip_sm_tac_p02,iw9_sm_sdelta,pgrip_sm_tac_p02_sdelta,0
pgrip_sm_tac_p08,iw9_ar_mcbravo,pgrip_ar2_tac_p08,0
pgrip_sm_tac_p08,iw9_ar_mcharlie,pgrip_ar_tac_p08,0
pgrip_sm_tac_p08,iw9_ar_ralpha,pgrip_ar_tac_p08,0
pgrip_tac_p23,iw9_sn_alpha50,pgrip_tac_stockass_p23,0
pgrip_tac_p23,iw9_sn_alpha50,pgrip_tac_stockhvy_p23,1
pgrip_tac_p23,iw9_sn_alpha50,pgrip_tac_stocksn_p23,2
pgrip_tac_p23,iw9_sn_alpha50,pgrip_tac_stocktac_p23,3
pgrip_tac_p24,iw9_pi_golf17,pgrip_tac_p24_stock,0
pgrip_tac_p24,iw9_pi_golf18,pgrip_tac_p24_romeo18,0
reflex01,iw9_ar_acharlie300,reflex01_tall,0
reflex01,iw9_ar_akilo,reflex01_tall,0
reflex01,iw9_ar_akilo105,reflex01_tall,0
reflex01,iw9_ar_akilo74,reflex01_tall,0
reflex01,iw9_ar_augolf,reflex01_tall,0
reflex01,iw9_ar_falpha,reflex01_tall,0
reflex01,iw9_ar_falpha,reflex01_tall,1
reflex01,iw9_ar_fecho,reflex01_tall,0
reflex01,iw9_ar_fecho,reflex01_tall,1
reflex01,iw9_ar_golf3,reflex01_tall,0
reflex01,iw9_ar_helima,reflex01_tall,0
reflex01,iw9_ar_kilo53,reflex01_tall,0
reflex01,iw9_ar_malima,reflex01_tall,0
reflex01,iw9_ar_mcbravo,reflex01_tall,0
reflex01,iw9_ar_mcharlie,reflex01_tall,0
reflex01,iw9_ar_mike16,reflex01_tall,0
reflex01,iw9_ar_mike4,reflex01_tall,0
reflex01,iw9_ar_ralpha,reflex01_tall,0
reflex01,iw9_ar_scharlie,reflex01_tall,0
reflex01,iw9_ar_schotel,reflex01_tall,0
reflex01,iw9_br_msecho,reflex01_tall,0
reflex01,iw9_br_ngsierra,reflex01_tall,0
reflex01,iw9_br_soscar14,reflex01_tall,0
reflex01,iw9_dm_crossbow,reflex01_tall,0
reflex01,iw9_dm_mike14,reflex01_tall,0
reflex01,iw9_dm_mike24,reflex01_tall,0
reflex01,iw9_dm_pgolf1,reflex01_tall,0
reflex01,iw9_dm_sa700,reflex01_tall,0
reflex01,iw9_dm_sbeta,reflex01_tall,0
reflex01,iw9_dm_scromeo,reflex01_tall,0
reflex01,iw9_dm_stango25,reflex01_tall,0
reflex01,iw9_lm_ahotel,reflex01_tall,0
reflex01,iw9_lm_foxtrot,reflex01_tall,0
reflex01,iw9_lm_kilo21,reflex01_tall,0
reflex01,iw9_lm_mkilo3,reflex01_tall,0
reflex01,iw9_lm_mkilo3,reflex01_tall,1
reflex01,iw9_lm_ngolf7,reflex01_tall,0
reflex01,iw9_lm_rkilo,reflex01_tall,0
reflex01,iw9_lm_slima,reflex01_tall,0
reflex01,iw9_sh_charlie725,reflex01_tall,0
reflex01,iw9_sh_mbravo,reflex01_tall,0
reflex01,iw9_sh_mike1014,reflex01_tall,0
reflex01,iw9_sh_mviktor,reflex01_tall,0
reflex01,iw9_sh_tsierra12,reflex01_tall,0
reflex01,iw9_sh_vecho,reflex01_tall,0
reflex01,iw9_sm_acharlie45,reflex01_tall,0
reflex01,iw9_sm_acharlie9,reflex01_tall,0
reflex01,iw9_sm_alpha57,reflex01_tall,0
reflex01,iw9_sm_apapa,reflex01_tall,0
reflex01,iw9_sm_aviktor,reflex01_tall,0
reflex01,iw9_sm_beta,reflex01_tall,0
reflex01,iw9_sm_mpapa5,reflex01_tall,0
reflex01,iw9_sm_mpapa7,reflex01_tall,0
reflex01,iw9_sm_mpapax,reflex01_tall,0
reflex01,iw9_sm_papa90,reflex01_tall,0
reflex01,iw9_sm_sdelta,reflex01_tall,0
reflex01,iw9_sm_victor,reflex01_tall,0
reflex01,iw9_sn_limax,reflex01_tall,0
reflex01,jup_cp01_sh_aromeo410,reflex01_tall,0
reflex01,jup_cp01_sm_coscar635,reflex01_tall,0
reflex01,jup_cp01_sm_pcharlie9,reflex01_tall,0
reflex01,jup_cp05_lm_halpha,reflex01_tall,0
reflex01,jup_cp06_ar_falpha,reflex01_tall,0
reflex01,jup_cp08_br_xmike5,reflex01_tall,0
reflex01,jup_cp15_lm_mkilo3,reflex01_tall,0
reflex01,jup_cp24_pi_glima21,reflex01_tall,0
reflex01,jup_jp01_ar_golf36,reflex01_tall,0
reflex01,jup_jp01_dm_slima8,reflex01_tall,0
reflex01,jup_jp01_lm_mgolf36,reflex01_tall,0
reflex01,jup_jp02_ar_bromeo805,reflex01_tall,0
reflex01,jup_jp02_br_bromeo2,reflex01_tall,0
reflex01,jup_jp02_dm_bromeop,reflex01_tall,0
reflex01,jup_jp02_sm_scharlie3,reflex01_tall,0
reflex01,jup_jp03_ar_aromeo160,reflex01_tall,0
reflex01,jup_jp03_br_aromeo200,reflex01_tall,0
reflex01,jup_jp03_sm_pmike,reflex01_tall,0
reflex01,jup_jp04_sm_lwhiskey,reflex01_tall,0
reflex01,jup_jp04_sm_umike,reflex01_tall,0
reflex01,jup_jp05_ar_foxtrot2000,reflex01_tall,0
reflex01,jup_jp06_lm_pkilop,reflex01_tall,0
reflex01,jup_jp07_sm_uzulu,reflex01_tall,0
reflex01,jup_jp07_sm_uzulup,reflex01_tall,0
reflex01,jup_jp08_ar_qbravo97,reflex01_tall,0
reflex01,jup_jp08_lm_qbravo95lsw,reflex01_tall,0
reflex01,jup_jp09_sh_oromeo12,reflex01_tall,0
reflex01,jup_jp10_sn_cdelta50,reflex01_tall,0
reflex01,jup_jp12_pi_mike93,reflex01_tall,0
reflex01,jup_jp13_dm_svictork,reflex01_tall,0
reflex01,jup_jp16_sh_recho870,reflex01_tall,0
reflex01,jup_jp19_ar_acharlie,reflex01_tall,0
reflex01,jup_jp19_br_acharlie450,reflex01_tall,0
reflex01,jup_jp19_dm_acharlied,reflex01_tall,0
reflex01,jup_jp20_lm_evictor,reflex01_tall,0
reflex01,jup_jp25_ar_talpha95,reflex01_tall,0
reflex01,jup_jp25_sm_talpham,reflex01_tall,0
reflex01,jup_jp28_lm_rpapa20,reflex01_tall,0
reflex01,jup_jp31_dm_compound,reflex01_tall,0
reflex01,jup_jp32_pi_mpapa9,reflex01_tall,0
reflex01,jup_jp34_ar_balpha27,reflex01_tall,0
reflex01,jup_jp35_sn_moscar,reflex01_tall,0
reflex01,jup_jp36_ar_anov94,reflex01_tall,0
reflex01,jup_jp36_sn_boscar,reflex01_tall,0
reflex01,jup_jp37_dm_kappa98,reflex01_tall,0
reflex01,jup_jp38_sh_spapa12,reflex01_tall,0
reflex01,jup_jp40_br_hcharlie36,reflex01_tall,0
reflex01,jup_jp41_sm_kpappa50,reflex01_tall,0
reflex01,jup_jp44_ar_stango44,reflex01_tall,0
reflex02,iw9_ar_acharlie300,reflex02_tall,0
reflex02,iw9_ar_akilo,reflex02_tall,0
reflex02,iw9_ar_akilo105,reflex02_tall,0
reflex02,iw9_ar_akilo74,reflex02_tall,0
reflex02,iw9_ar_augolf,reflex02_tall,0
reflex02,iw9_ar_falpha,reflex02_tall,0
reflex02,iw9_ar_falpha,reflex02_tall,1
reflex02,iw9_ar_fecho,reflex02_tall,0
reflex02,iw9_ar_fecho,reflex02_tall,1
reflex02,iw9_ar_golf3,reflex02_tall,0
reflex02,iw9_ar_helima,reflex02_tall,0
reflex02,iw9_ar_kilo53,reflex02_tall,0
reflex02,iw9_ar_malima,reflex02_tall,0
reflex02,iw9_ar_mcbravo,reflex02_tall,0
reflex02,iw9_ar_mcharlie,reflex02_tall,0
reflex02,iw9_ar_mike16,reflex02_tall,0
reflex02,iw9_ar_mike4,reflex02_tall,0
reflex02,iw9_ar_ralpha,reflex02_tall,0
reflex02,iw9_ar_scharlie,reflex02_tall,0
reflex02,iw9_ar_schotel,reflex02_tall,0
reflex02,iw9_br_msecho,reflex02_tall,0
reflex02,iw9_br_ngsierra,reflex02_tall,0
reflex02,iw9_br_soscar14,reflex02_tall,0
reflex02,iw9_dm_crossbow,reflex02_tall,0
reflex02,iw9_dm_mike14,reflex02_tall,0
reflex02,iw9_dm_mike24,reflex02_tall,0
reflex02,iw9_dm_pgolf1,reflex02_tall,0
reflex02,iw9_dm_sa700,reflex02_tall,0
reflex02,iw9_dm_sbeta,reflex02_tall,0
reflex02,iw9_dm_scromeo,reflex02_tall,0
reflex02,iw9_dm_stango25,reflex02_tall,0
reflex02,iw9_lm_ahotel,reflex02_tall,0
reflex02,iw9_lm_foxtrot,reflex02_tall,0
reflex02,iw9_lm_kilo21,reflex02_tall,0
reflex02,iw9_lm_mkilo3,reflex02_tall,0
reflex02,iw9_lm_mkilo3,reflex02_tall,1
reflex02,iw9_lm_ngolf7,reflex02_tall,0
reflex02,iw9_lm_rkilo,reflex02_tall,0
reflex02,iw9_lm_slima,reflex02_tall,0
reflex02,iw9_sh_charlie725,reflex02_tall,0
reflex02,iw9_sh_mbravo,reflex02_tall,0
reflex02,iw9_sh_mike1014,reflex02_tall,0
reflex02,iw9_sh_mviktor,reflex02_tall,0
reflex02,iw9_sh_tsierra12,reflex02_tall,0
reflex02,iw9_sh_vecho,reflex02_tall,0
reflex02,iw9_sm_acharlie45,reflex02_tall,0
reflex02,iw9_sm_acharlie9,reflex02_tall,0
reflex02,iw9_sm_alpha57,reflex02_tall,0
reflex02,iw9_sm_apapa,reflex02_tall,0
reflex02,iw9_sm_aviktor,reflex02_tall,0
reflex02,iw9_sm_beta,reflex02_tall,0
reflex02,iw9_sm_mpapa5,reflex02_tall,0
reflex02,iw9_sm_mpapa7,reflex02_tall,0
reflex02,iw9_sm_mpapax,reflex02_tall,0
reflex02,iw9_sm_papa90,reflex02_tall,0
reflex02,iw9_sm_sdelta,reflex02_tall,0
reflex02,iw9_sm_victor,reflex02_tall,0
reflex02,iw9_sn_limax,reflex02_tall,0
reflex02,jup_cp01_sh_aromeo410,reflex02_tall,0
reflex02,jup_cp01_sm_coscar635,reflex02_tall,0
reflex02,jup_cp01_sm_pcharlie9,reflex02_tall,0
reflex02,jup_cp05_lm_halpha,reflex02_tall,0
reflex02,jup_cp06_ar_falpha,reflex02_tall,0
reflex02,jup_cp08_br_xmike5,reflex02_tall,0
reflex02,jup_cp15_lm_mkilo3,reflex02_tall,0
reflex02,jup_cp24_pi_glima21,reflex02_tall,0
reflex02,jup_jp01_ar_golf36,reflex02_tall,0
reflex02,jup_jp01_dm_slima8,reflex02_tall,0
reflex02,jup_jp01_lm_mgolf36,reflex02_tall,0
reflex02,jup_jp02_ar_bromeo805,reflex02_tall,0
reflex02,jup_jp02_br_bromeo2,reflex02_tall,0
reflex02,jup_jp02_dm_bromeop,reflex02_tall,0
reflex02,jup_jp02_sm_scharlie3,reflex02_tall,0
reflex02,jup_jp03_ar_aromeo160,reflex02_tall,0
reflex02,jup_jp03_br_aromeo200,reflex02_tall,0
reflex02,jup_jp03_sm_pmike,reflex02_tall,0
reflex02,jup_jp04_sm_lwhiskey,reflex02_tall,0
reflex02,jup_jp04_sm_umike,reflex02_tall,0
reflex02,jup_jp05_ar_foxtrot2000,reflex02_tall,0
reflex02,jup_jp06_lm_pkilop,reflex02_tall,0
reflex02,jup_jp07_sm_uzulu,reflex02_tall,0
reflex02,jup_jp07_sm_uzulup,reflex02_tall,0
reflex02,jup_jp08_ar_qbravo97,reflex02_tall,0
reflex02,jup_jp08_lm_qbravo95lsw,reflex02_tall,0
reflex02,jup_jp09_sh_oromeo12,reflex02_tall,0
reflex02,jup_jp10_sn_cdelta50,reflex02_tall,0
reflex02,jup_jp12_pi_mike93,reflex02_tall,0
reflex02,jup_jp13_dm_svictork,reflex02_tall,0
reflex02,jup_jp16_sh_recho870,reflex02_tall,0
reflex02,jup_jp19_ar_acharlie,reflex02_tall,0
reflex02,jup_jp19_br_acharlie450,reflex02_tall,0
reflex02,jup_jp19_dm_acharlied,reflex02_tall,0
reflex02,jup_jp20_lm_evictor,reflex02_tall,0
reflex02,jup_jp25_ar_talpha95,reflex02_tall,0
reflex02,jup_jp25_sm_talpham,reflex02_tall,0
reflex02,jup_jp28_lm_rpapa20,reflex02_tall,0
reflex02,jup_jp31_dm_compound,reflex02_tall,0
reflex02,jup_jp32_pi_mpapa9,reflex02_tall,0
reflex02,jup_jp34_ar_balpha27,reflex02_tall,0
reflex02,jup_jp35_sn_moscar,reflex02_tall,0
reflex02,jup_jp36_ar_anov94,reflex02_tall,0
reflex02,jup_jp36_sn_boscar,reflex02_tall,0
reflex02,jup_jp37_dm_kappa98,reflex02_tall,0
reflex02,jup_jp38_sh_spapa12,reflex02_tall,0
reflex02,jup_jp40_br_hcharlie36,reflex02_tall,0
reflex02,jup_jp41_sm_kpappa50,reflex02_tall,0
reflex02,jup_jp44_ar_stango44,reflex02_tall,0
reflex03,iw9_ar_acharlie300,reflex03_tall,0
reflex03,iw9_ar_akilo,reflex03_tall,0
reflex03,iw9_ar_akilo105,reflex03_tall,0
reflex03,iw9_ar_akilo74,reflex03_tall,0
reflex03,iw9_ar_augolf,reflex03_tall,0
reflex03,iw9_ar_falpha,reflex03_tall,0
reflex03,iw9_ar_falpha,reflex03_tall,1
reflex03,iw9_ar_fecho,reflex03_tall,0
reflex03,iw9_ar_fecho,reflex03_tall,1
reflex03,iw9_ar_golf3,reflex03_tall,0
reflex03,iw9_ar_helima,reflex03_tall,0
reflex03,iw9_ar_kilo53,reflex03_tall,0
reflex03,iw9_ar_malima,reflex03_tall,0
reflex03,iw9_ar_mcbravo,reflex03_tall,0
reflex03,iw9_ar_mcharlie,reflex03_tall,0
reflex03,iw9_ar_mike16,reflex03_tall,0
reflex03,iw9_ar_mike4,reflex03_tall,0
reflex03,iw9_ar_ralpha,reflex03_tall,0
reflex03,iw9_ar_scharlie,reflex03_tall,0
reflex03,iw9_ar_schotel,reflex03_tall,0
reflex03,iw9_br_msecho,reflex03_tall,0
reflex03,iw9_br_ngsierra,reflex03_tall,0
reflex03,iw9_br_soscar14,reflex03_tall,0
reflex03,iw9_dm_crossbow,reflex03_tall,0
reflex03,iw9_dm_mike14,reflex03_tall,0
reflex03,iw9_dm_mike24,reflex03_tall,0
reflex03,iw9_dm_pgolf1,reflex03_tall,0
reflex03,iw9_dm_sa700,reflex03_tall,0
reflex03,iw9_dm_sbeta,reflex03_tall,0
reflex03,iw9_dm_scromeo,reflex03_tall,0
reflex03,iw9_dm_stango25,reflex03_tall,0
reflex03,iw9_lm_ahotel,reflex03_tall,0
reflex03,iw9_lm_foxtrot,reflex03_tall,0
reflex03,iw9_lm_kilo21,reflex03_tall,0
reflex03,iw9_lm_mkilo3,reflex03_tall,0
reflex03,iw9_lm_mkilo3,reflex03_tall,1
reflex03,iw9_lm_ngolf7,reflex03_tall,0
reflex03,iw9_lm_rkilo,reflex03_tall,0
reflex03,iw9_lm_slima,reflex03_tall,0
reflex03,iw9_sh_charlie725,reflex03_tall,0
reflex03,iw9_sh_mbravo,reflex03_tall,0
reflex03,iw9_sh_mike1014,reflex03_tall,0
reflex03,iw9_sh_mviktor,reflex03_tall,0
reflex03,iw9_sh_tsierra12,reflex03_tall,0
reflex03,iw9_sh_vecho,reflex03_tall,0
reflex03,iw9_sm_acharlie45,reflex03_tall,0
reflex03,iw9_sm_acharlie9,reflex03_tall,0
reflex03,iw9_sm_apapa,reflex03_tall,0
reflex03,iw9_sm_aviktor,reflex03_tall,0
reflex03,iw9_sm_beta,reflex03_tall,0
reflex03,iw9_sm_mpapa5,reflex03_tall,0
reflex03,iw9_sm_mpapa7,reflex03_tall,0
reflex03,iw9_sm_mpapax,reflex03_tall,0
reflex03,iw9_sm_papa90,reflex03_tall,0
reflex03,iw9_sm_sdelta,reflex03_tall,0
reflex03,iw9_sm_victor,reflex03_tall,0
reflex03,iw9_sn_limax,reflex03_tall,0
reflex03,jup_cp01_sh_aromeo410,reflex03_tall,0
reflex03,jup_cp01_sm_coscar635,reflex03_tall,0
reflex03,jup_cp01_sm_pcharlie9,reflex03_tall,0
reflex03,jup_cp05_lm_halpha,reflex03_tall,0
reflex03,jup_cp06_ar_falpha,reflex03_tall,0
reflex03,jup_cp08_br_xmike5,reflex03_tall,0
reflex03,jup_cp15_lm_mkilo3,reflex03_tall,0
reflex03,jup_cp24_pi_glima21,reflex03_tall,0
reflex03,jup_jp01_ar_golf36,reflex03_tall,0
reflex03,jup_jp01_dm_slima8,reflex03_tall,0
reflex03,jup_jp01_lm_mgolf36,reflex03_tall,0
reflex03,jup_jp02_ar_bromeo805,reflex03_tall,0
reflex03,jup_jp02_br_bromeo2,reflex03_tall,0
reflex03,jup_jp02_dm_bromeop,reflex03_tall,0
reflex03,jup_jp02_sm_scharlie3,reflex03_tall,0
reflex03,jup_jp03_ar_aromeo160,reflex03_tall,0
reflex03,jup_jp03_br_aromeo200,reflex03_tall,0
reflex03,jup_jp03_sm_pmike,reflex03_tall,0
reflex03,jup_jp04_sm_lwhiskey,reflex03_tall,0
reflex03,jup_jp04_sm_umike,reflex03_tall,0
reflex03,jup_jp05_ar_foxtrot2000,reflex03_tall,0
reflex03,jup_jp06_lm_pkilop,reflex03_tall,0
reflex03,jup_jp07_sm_uzulu,reflex03_tall,0
reflex03,jup_jp07_sm_uzulup,reflex03_tall,0
reflex03,jup_jp08_ar_qbravo97,reflex03_tall,0
reflex03,jup_jp08_lm_qbravo95lsw,reflex03_tall,0
reflex03,jup_jp09_sh_oromeo12,reflex03_tall,0
reflex03,jup_jp10_sn_cdelta50,reflex03_tall,0
reflex03,jup_jp12_pi_mike93,reflex03_tall,0
reflex03,jup_jp13_dm_svictork,reflex03_tall,0
reflex03,jup_jp16_sh_recho870,reflex03_tall,0
reflex03,jup_jp19_ar_acharlie,reflex03_tall,0
reflex03,jup_jp19_br_acharlie450,reflex03_tall,0
reflex03,jup_jp19_dm_acharlied,reflex03_tall,0
reflex03,jup_jp20_lm_evictor,reflex03_tall,0
reflex03,jup_jp25_ar_talpha95,reflex03_tall,0
reflex03,jup_jp25_sm_talpham,reflex03_tall,0
reflex03,jup_jp28_lm_rpapa20,reflex03_tall,0
reflex03,jup_jp31_dm_compound,reflex03_tall,0
reflex03,jup_jp32_pi_mpapa9,reflex03_tall,0
reflex03,jup_jp34_ar_balpha27,reflex03_tall,0
reflex03,jup_jp35_sn_moscar,reflex03_tall,0
reflex03,jup_jp36_ar_anov94,reflex03_tall,0
reflex03,jup_jp36_sn_boscar,reflex03_tall,0
reflex03,jup_jp37_dm_kappa98,reflex03_tall,0
reflex03,jup_jp38_sh_spapa12,reflex03_tall,0
reflex03,jup_jp40_br_hcharlie36,reflex03_tall,0
reflex03,jup_jp41_sm_kpappa50,reflex03_tall,0
reflex03,jup_jp44_ar_stango44,reflex03_tall,0
reflex04,iw9_ar_acharlie300,reflex04_tall,0
reflex04,iw9_ar_akilo,reflex04_tall,0
reflex04,iw9_ar_akilo105,reflex04_tall,0
reflex04,iw9_ar_akilo74,reflex04_tall,0
reflex04,iw9_ar_augolf,reflex04_tall,0
reflex04,iw9_ar_falpha,reflex04_tall,0
reflex04,iw9_ar_falpha,reflex04_tall,1
reflex04,iw9_ar_fecho,reflex04_tall,0
reflex04,iw9_ar_fecho,reflex04_tall,1
reflex04,iw9_ar_golf3,reflex04_tall,0
reflex04,iw9_ar_helima,reflex04_tall,0
reflex04,iw9_ar_kilo53,reflex04_tall,0
reflex04,iw9_ar_malima,reflex04_tall,0
reflex04,iw9_ar_mcbravo,reflex04_tall,0
reflex04,iw9_ar_mcharlie,reflex04_tall,0
reflex04,iw9_ar_mike16,reflex04_tall,0
reflex04,iw9_ar_mike4,reflex04_tall,0
reflex04,iw9_ar_ralpha,reflex04_tall,0
reflex04,iw9_ar_scharlie,reflex04_tall,0
reflex04,iw9_ar_schotel,reflex04_tall,0
reflex04,iw9_br_msecho,reflex04_tall,0
reflex04,iw9_br_ngsierra,reflex04_tall,0
reflex04,iw9_br_soscar14,reflex04_tall,0
reflex04,iw9_dm_crossbow,reflex04_tall,0
reflex04,iw9_dm_mike14,reflex04_tall,0
reflex04,iw9_dm_mike24,reflex04_tall,0
reflex04,iw9_dm_pgolf1,reflex04_tall,0
reflex04,iw9_dm_sa700,reflex04_tall,0
reflex04,iw9_dm_sbeta,reflex04_tall,0
reflex04,iw9_dm_scromeo,reflex04_tall,0
reflex04,iw9_dm_stango25,reflex04_tall,0
reflex04,iw9_lm_ahotel,reflex04_tall,0
reflex04,iw9_lm_foxtrot,reflex04_tall,0
reflex04,iw9_lm_kilo21,reflex04_tall,0
reflex04,iw9_lm_mkilo3,reflex04_tall,0
reflex04,iw9_lm_mkilo3,reflex04_tall,1
reflex04,iw9_lm_ngolf7,reflex04_tall,0
reflex04,iw9_lm_rkilo,reflex04_tall,0
reflex04,iw9_lm_slima,reflex04_tall,0
reflex04,iw9_sh_charlie725,reflex04_tall,0
reflex04,iw9_sh_mbravo,reflex04_tall,0
reflex04,iw9_sh_mike1014,reflex04_tall,0
reflex04,iw9_sh_mviktor,reflex04_tall,0
reflex04,iw9_sh_tsierra12,reflex04_tall,0
reflex04,iw9_sh_vecho,reflex04_tall,0
reflex04,iw9_sm_acharlie45,reflex04_tall,0
reflex04,iw9_sm_acharlie9,reflex04_tall,0
reflex04,iw9_sm_apapa,reflex04_tall,0
reflex04,iw9_sm_aviktor,reflex04_tall,0
reflex04,iw9_sm_beta,reflex04_tall,0
reflex04,iw9_sm_mpapa5,reflex04_tall,0
reflex04,iw9_sm_mpapa7,reflex04_tall,0
reflex04,iw9_sm_mpapax,reflex04_tall,0
reflex04,iw9_sm_papa90,reflex04_tall,0
reflex04,iw9_sm_sdelta,reflex04_tall,0
reflex04,iw9_sm_victor,reflex04_tall,0
reflex04,iw9_sn_limax,reflex04_tall,0
reflex04,jup_cp01_sh_aromeo410,reflex04_tall,0
reflex04,jup_cp01_sm_coscar635,reflex04_tall,0
reflex04,jup_cp01_sm_pcharlie9,reflex04_tall,0
reflex04,jup_cp05_lm_halpha,reflex04_tall,0
reflex04,jup_cp06_ar_falpha,reflex04_tall,0
reflex04,jup_cp08_br_xmike5,reflex04_tall,0
reflex04,jup_cp15_lm_mkilo3,reflex04_tall,0
reflex04,jup_cp24_pi_glima21,reflex04_tall,0
reflex04,jup_jp01_ar_golf36,reflex04_tall,0
reflex04,jup_jp01_dm_slima8,reflex04_tall,0
reflex04,jup_jp01_lm_mgolf36,reflex04_tall,0
reflex04,jup_jp02_ar_bromeo805,reflex04_tall,0
reflex04,jup_jp02_br_bromeo2,reflex04_tall,0
reflex04,jup_jp02_dm_bromeop,reflex04_tall,0
reflex04,jup_jp02_sm_scharlie3,reflex04_tall,0
reflex04,jup_jp03_ar_aromeo160,reflex04_tall,0
reflex04,jup_jp03_br_aromeo200,reflex04_tall,0
reflex04,jup_jp03_sm_pmike,reflex04_tall,0
reflex04,jup_jp04_sm_lwhiskey,reflex04_tall,0
reflex04,jup_jp04_sm_umike,reflex04_tall,0
reflex04,jup_jp05_ar_foxtrot2000,reflex04_tall,0
reflex04,jup_jp06_lm_pkilop,reflex04_tall,0
reflex04,jup_jp07_sm_uzulu,reflex04_tall,0
reflex04,jup_jp07_sm_uzulup,reflex04_tall,0
reflex04,jup_jp08_ar_qbravo97,reflex04_tall,0
reflex04,jup_jp08_lm_qbravo95lsw,reflex04_tall,0
reflex04,jup_jp09_sh_oromeo12,reflex04_tall,0
reflex04,jup_jp10_sn_cdelta50,reflex04_tall,0
reflex04,jup_jp12_pi_mike93,reflex04_tall,0
reflex04,jup_jp13_dm_svictork,reflex04_tall,0
reflex04,jup_jp16_sh_recho870,reflex04_tall,0
reflex04,jup_jp19_ar_acharlie,reflex04_tall,0
reflex04,jup_jp19_br_acharlie450,reflex04_tall,0
reflex04,jup_jp19_dm_acharlied,reflex04_tall,0
reflex04,jup_jp20_lm_evictor,reflex04_tall,0
reflex04,jup_jp25_ar_talpha95,reflex04_tall,0
reflex04,jup_jp25_sm_talpham,reflex04_tall,0
reflex04,jup_jp28_lm_rpapa20,reflex04_tall,0
reflex04,jup_jp31_dm_compound,reflex04_tall,0
reflex04,jup_jp32_pi_mpapa9,reflex04_tall,0
reflex04,jup_jp34_ar_balpha27,reflex04_tall,0
reflex04,jup_jp35_sn_moscar,reflex04_tall,0
reflex04,jup_jp36_ar_anov94,reflex04_tall,0
reflex04,jup_jp36_sn_boscar,reflex04_tall,0
reflex04,jup_jp37_dm_kappa98,reflex04_tall,0
reflex04,jup_jp38_sh_spapa12,reflex04_tall,0
reflex04,jup_jp40_br_hcharlie36,reflex04_tall,0
reflex04,jup_jp41_sm_kpappa50,reflex04_tall,0
reflex04,jup_jp44_ar_stango44,reflex04_tall,0
reflex05,iw9_ar_acharlie300,reflex05_tall,0
reflex05,iw9_ar_akilo,reflex05_tall,0
reflex05,iw9_ar_akilo105,reflex05_tall,0
reflex05,iw9_ar_akilo74,reflex05_tall,0
reflex05,iw9_ar_augolf,reflex05_tall,0
reflex05,iw9_ar_falpha,reflex05_tall,0
reflex05,iw9_ar_falpha,reflex05_tall,1
reflex05,iw9_ar_fecho,reflex05_tall,0
reflex05,iw9_ar_fecho,reflex05_tall,1
reflex05,iw9_ar_golf3,reflex05_tall,0
reflex05,iw9_ar_helima,reflex05_tall,0
reflex05,iw9_ar_kilo53,reflex05_tall,0
reflex05,iw9_ar_malima,reflex05_tall,0
reflex05,iw9_ar_mcbravo,reflex05_tall,0
reflex05,iw9_ar_mcharlie,reflex05_tall,0
reflex05,iw9_ar_mike16,reflex05_tall,0
reflex05,iw9_ar_mike4,reflex05_tall,0
reflex05,iw9_ar_ralpha,reflex05_tall,0
reflex05,iw9_ar_scharlie,reflex05_tall,0
reflex05,iw9_ar_schotel,reflex05_tall,0
reflex05,iw9_br_msecho,reflex05_tall,0
reflex05,iw9_br_ngsierra,reflex05_tall,0
reflex05,iw9_br_soscar14,reflex05_tall,0
reflex05,iw9_dm_crossbow,reflex05_tall,0
reflex05,iw9_dm_mike14,reflex05_tall,0
reflex05,iw9_dm_mike24,reflex05_tall,0
reflex05,iw9_dm_pgolf1,reflex05_tall,0
reflex05,iw9_dm_sa700,reflex05_tall,0
reflex05,iw9_dm_sbeta,reflex05_tall,0
reflex05,iw9_dm_scromeo,reflex05_tall,0
reflex05,iw9_dm_stango25,reflex05_tall,0
reflex05,iw9_lm_ahotel,reflex05_tall,0
reflex05,iw9_lm_foxtrot,reflex05_tall,0
reflex05,iw9_lm_kilo21,reflex05_tall,0
reflex05,iw9_lm_mkilo3,reflex05_tall,0
reflex05,iw9_lm_mkilo3,reflex05_tall,1
reflex05,iw9_lm_ngolf7,reflex05_tall,0
reflex05,iw9_lm_rkilo,reflex05_tall,0
reflex05,iw9_lm_slima,reflex05_tall,0
reflex05,iw9_sh_charlie725,reflex05_tall,0
reflex05,iw9_sh_mbravo,reflex05_tall,0
reflex05,iw9_sh_mike1014,reflex05_tall,0
reflex05,iw9_sh_mviktor,reflex05_tall,0
reflex05,iw9_sh_tsierra12,reflex05_tall,0
reflex05,iw9_sh_vecho,reflex05_tall,0
reflex05,iw9_sm_acharlie45,reflex05_tall,0
reflex05,iw9_sm_acharlie9,reflex05_tall,0
reflex05,iw9_sm_alpha57,reflex05_tall,0
reflex05,iw9_sm_apapa,reflex05_tall,0
reflex05,iw9_sm_aviktor,reflex05_tall,0
reflex05,iw9_sm_beta,reflex05_tall,0
reflex05,iw9_sm_mpapa5,reflex05_tall,0
reflex05,iw9_sm_mpapa7,reflex05_tall,0
reflex05,iw9_sm_mpapax,reflex05_tall,0
reflex05,iw9_sm_papa90,reflex05_tall,0
reflex05,iw9_sm_sdelta,reflex05_tall,0
reflex05,iw9_sm_victor,reflex05_tall,0
reflex05,iw9_sn_limax,reflex05_tall,0
reflex05,jup_cp01_sh_aromeo410,reflex05_tall,0
reflex05,jup_cp01_sm_coscar635,reflex05_tall,0
reflex05,jup_cp01_sm_pcharlie9,reflex05_tall,0
reflex05,jup_cp05_lm_halpha,reflex05_tall,0
reflex05,jup_cp06_ar_falpha,reflex05_tall,0
reflex05,jup_cp08_br_xmike5,reflex05_tall,0
reflex05,jup_cp15_lm_mkilo3,reflex05_tall,0
reflex05,jup_cp24_pi_glima21,reflex05_tall,0
reflex05,jup_jp01_ar_golf36,reflex05_tall,0
reflex05,jup_jp01_dm_slima8,reflex05_tall,0
reflex05,jup_jp01_lm_mgolf36,reflex05_tall,0
reflex05,jup_jp02_ar_bromeo805,reflex05_tall,0
reflex05,jup_jp02_br_bromeo2,reflex05_tall,0
reflex05,jup_jp02_dm_bromeop,reflex05_tall,0
reflex05,jup_jp02_sm_scharlie3,reflex05_tall,0
reflex05,jup_jp03_ar_aromeo160,reflex05_tall,0
reflex05,jup_jp03_br_aromeo200,reflex05_tall,0
reflex05,jup_jp03_sm_pmike,reflex05_tall,0
reflex05,jup_jp04_sm_lwhiskey,reflex05_tall,0
reflex05,jup_jp04_sm_umike,reflex05_tall,0
reflex05,jup_jp05_ar_foxtrot2000,reflex05_tall,0
reflex05,jup_jp06_lm_pkilop,reflex05_tall,0
reflex05,jup_jp07_sm_uzulu,reflex05_tall,0
reflex05,jup_jp07_sm_uzulup,reflex05_tall,0
reflex05,jup_jp08_ar_qbravo97,reflex05_tall,0
reflex05,jup_jp08_lm_qbravo95lsw,reflex05_tall,0
reflex05,jup_jp09_sh_oromeo12,reflex05_tall,0
reflex05,jup_jp10_sn_cdelta50,reflex05_tall,0
reflex05,jup_jp12_pi_mike93,reflex05_tall,0
reflex05,jup_jp13_dm_svictork,reflex05_tall,0
reflex05,jup_jp16_sh_recho870,reflex05_tall,0
reflex05,jup_jp19_ar_acharlie,reflex05_tall,0
reflex05,jup_jp19_br_acharlie450,reflex05_tall,0
reflex05,jup_jp19_dm_acharlied,reflex05_tall,0
reflex05,jup_jp20_lm_evictor,reflex05_tall,0
reflex05,jup_jp25_ar_talpha95,reflex05_tall,0
reflex05,jup_jp25_sm_talpham,reflex05_tall,0
reflex05,jup_jp28_lm_rpapa20,reflex05_tall,0
reflex05,jup_jp31_dm_compound,reflex05_tall,0
reflex05,jup_jp32_pi_mpapa9,reflex05_tall,0
reflex05,jup_jp34_ar_balpha27,reflex05_tall,0
reflex05,jup_jp35_sn_moscar,reflex05_tall,0
reflex05,jup_jp36_ar_anov94,reflex05_tall,0
reflex05,jup_jp36_sn_boscar,reflex05_tall,0
reflex05,jup_jp37_dm_kappa98,reflex05_tall,0
reflex05,jup_jp38_sh_spapa12,reflex05_tall,0
reflex05,jup_jp40_br_hcharlie36,reflex05_tall,0
reflex05,jup_jp41_sm_kpappa50,reflex05_tall,0
reflex05,jup_jp44_ar_stango44,reflex05_tall,0
reflex06,iw9_ar_acharlie300,reflex06_tall,0
reflex06,iw9_ar_akilo,reflex06_tall,0
reflex06,iw9_ar_akilo105,reflex06_tall,0
reflex06,iw9_ar_akilo74,reflex06_tall,0
reflex06,iw9_ar_augolf,reflex06_tall,0
reflex06,iw9_ar_falpha,reflex06_tall,0
reflex06,iw9_ar_falpha,reflex06_tall,1
reflex06,iw9_ar_fecho,reflex06_tall,0
reflex06,iw9_ar_fecho,reflex06_tall,1
reflex06,iw9_ar_golf3,reflex06_tall,0
reflex06,iw9_ar_helima,reflex06_tall,0
reflex06,iw9_ar_kilo53,reflex06_tall,0
reflex06,iw9_ar_malima,reflex06_tall,0
reflex06,iw9_ar_mcbravo,reflex06_tall,0
reflex06,iw9_ar_mcharlie,reflex06_tall,0
reflex06,iw9_ar_mike16,reflex06_tall,0
reflex06,iw9_ar_mike4,reflex06_tall,0
reflex06,iw9_ar_ralpha,reflex06_tall,0
reflex06,iw9_ar_scharlie,reflex06_tall,0
reflex06,iw9_ar_schotel,reflex06_tall,0
reflex06,iw9_br_msecho,reflex06_tall,0
reflex06,iw9_br_ngsierra,reflex06_tall,0
reflex06,iw9_br_soscar14,reflex06_tall,0
reflex06,iw9_dm_crossbow,reflex06_tall,0
reflex06,iw9_dm_mike14,reflex06_tall,0
reflex06,iw9_dm_mike24,reflex06_tall,0
reflex06,iw9_dm_pgolf1,reflex06_tall,0
reflex06,iw9_dm_sa700,reflex06_tall,0
reflex06,iw9_dm_sbeta,reflex06_tall,0
reflex06,iw9_dm_scromeo,reflex06_tall,0
reflex06,iw9_dm_stango25,reflex06_tall,0
reflex06,iw9_lm_ahotel,reflex06_tall,0
reflex06,iw9_lm_foxtrot,reflex06_tall,0
reflex06,iw9_lm_kilo21,reflex06_tall,0
reflex06,iw9_lm_mkilo3,reflex06_tall,0
reflex06,iw9_lm_mkilo3,reflex06_tall,1
reflex06,iw9_lm_ngolf7,reflex06_tall,0
reflex06,iw9_lm_rkilo,reflex06_tall,0
reflex06,iw9_lm_slima,reflex06_tall,0
reflex06,iw9_sh_charlie725,reflex06_tall,0
reflex06,iw9_sh_mbravo,reflex06_tall,0
reflex06,iw9_sh_mike1014,reflex06_tall,0
reflex06,iw9_sh_mviktor,reflex06_tall,0
reflex06,iw9_sh_tsierra12,reflex06_tall,0
reflex06,iw9_sh_vecho,reflex06_tall,0
reflex06,iw9_sm_acharlie45,reflex06_tall,0
reflex06,iw9_sm_acharlie9,reflex06_tall,0
reflex06,iw9_sm_alpha57,reflex06_tall,0
reflex06,iw9_sm_apapa,reflex06_tall,0
reflex06,iw9_sm_aviktor,reflex06_tall,0
reflex06,iw9_sm_beta,reflex06_tall,0
reflex06,iw9_sm_mpapa5,reflex06_tall,0
reflex06,iw9_sm_mpapa7,reflex06_tall,0
reflex06,iw9_sm_mpapax,reflex06_tall,0
reflex06,iw9_sm_papa90,reflex06_tall,0
reflex06,iw9_sm_sdelta,reflex06_tall,0
reflex06,iw9_sm_victor,reflex06_tall,0
reflex06,iw9_sn_limax,reflex06_tall,0
reflex06,jup_cp01_sh_aromeo410,reflex06_tall,0
reflex06,jup_cp01_sm_coscar635,reflex06_tall,0
reflex06,jup_cp01_sm_pcharlie9,reflex06_tall,0
reflex06,jup_cp05_lm_halpha,reflex06_tall,0
reflex06,jup_cp06_ar_falpha,reflex06_tall,0
reflex06,jup_cp08_br_xmike5,reflex06_tall,0
reflex06,jup_cp15_lm_mkilo3,reflex06_tall,0
reflex06,jup_cp24_pi_glima21,reflex06_tall,0
reflex06,jup_jp01_ar_golf36,reflex06_tall,0
reflex06,jup_jp01_dm_slima8,reflex06_tall,0
reflex06,jup_jp01_lm_mgolf36,reflex06_tall,0
reflex06,jup_jp02_ar_bromeo805,reflex06_tall,0
reflex06,jup_jp02_br_bromeo2,reflex06_tall,0
reflex06,jup_jp02_dm_bromeop,reflex06_tall,0
reflex06,jup_jp02_sm_scharlie3,reflex06_tall,0
reflex06,jup_jp03_ar_aromeo160,reflex06_tall,0
reflex06,jup_jp03_br_aromeo200,reflex06_tall,0
reflex06,jup_jp03_sm_pmike,reflex06_tall,0
reflex06,jup_jp04_sm_lwhiskey,reflex06_tall,0
reflex06,jup_jp04_sm_umike,reflex06_tall,0
reflex06,jup_jp05_ar_foxtrot2000,reflex06_tall,0
reflex06,jup_jp06_lm_pkilop,reflex06_tall,0
reflex06,jup_jp07_sm_uzulu,reflex06_tall,0
reflex06,jup_jp07_sm_uzulup,reflex06_tall,0
reflex06,jup_jp08_ar_qbravo97,reflex06_tall,0
reflex06,jup_jp08_lm_qbravo95lsw,reflex06_tall,0
reflex06,jup_jp09_sh_oromeo12,reflex06_tall,0
reflex06,jup_jp10_sn_cdelta50,reflex06_tall,0
reflex06,jup_jp12_pi_mike93,reflex06_tall,0
reflex06,jup_jp13_dm_svictork,reflex06_tall,0
reflex06,jup_jp16_sh_recho870,reflex06_tall,0
reflex06,jup_jp19_ar_acharlie,reflex06_tall,0
reflex06,jup_jp19_br_acharlie450,reflex06_tall,0
reflex06,jup_jp19_dm_acharlied,reflex06_tall,0
reflex06,jup_jp20_lm_evictor,reflex06_tall,0
reflex06,jup_jp25_ar_talpha95,reflex06_tall,0
reflex06,jup_jp25_sm_talpham,reflex06_tall,0
reflex06,jup_jp28_lm_rpapa20,reflex06_tall,0
reflex06,jup_jp31_dm_compound,reflex06_tall,0
reflex06,jup_jp32_pi_mpapa9,reflex06_tall,0
reflex06,jup_jp34_ar_balpha27,reflex06_tall,0
reflex06,jup_jp35_sn_moscar,reflex06_tall,0
reflex06,jup_jp36_ar_anov94,reflex06_tall,0
reflex06,jup_jp36_sn_boscar,reflex06_tall,0
reflex06,jup_jp37_dm_kappa98,reflex06_tall,0
reflex06,jup_jp38_sh_spapa12,reflex06_tall,0
reflex06,jup_jp40_br_hcharlie36,reflex06_tall,0
reflex06,jup_jp41_sm_kpappa50,reflex06_tall,0
reflex06,jup_jp44_ar_stango44,reflex06_tall,0
reflex07,iw9_ar_acharlie300,reflex07_tall,0
reflex07,iw9_ar_akilo,reflex07_tall,0
reflex07,iw9_ar_akilo105,reflex07_tall,0
reflex07,iw9_ar_akilo74,reflex07_tall,0
reflex07,iw9_ar_augolf,reflex07_tall,0
reflex07,iw9_ar_falpha,reflex07_tall,0
reflex07,iw9_ar_falpha,reflex07_tall,1
reflex07,iw9_ar_fecho,reflex07_tall,0
reflex07,iw9_ar_fecho,reflex07_tall,1
reflex07,iw9_ar_golf3,reflex07_tall,0
reflex07,iw9_ar_helima,reflex07_tall,0
reflex07,iw9_ar_kilo53,reflex07_tall,0
reflex07,iw9_ar_malima,reflex07_tall,0
reflex07,iw9_ar_mcbravo,reflex07_tall,0
reflex07,iw9_ar_mcharlie,reflex07_tall,0
reflex07,iw9_ar_mike16,reflex07_tall_p01,0
reflex07,iw9_ar_mike4,reflex07_tall_p01,0
reflex07,iw9_ar_ralpha,reflex07_tall,0
reflex07,iw9_ar_scharlie,reflex07_tall,0
reflex07,iw9_ar_schotel,reflex07_tall,0
reflex07,iw9_br_msecho,reflex07_tall_p01,0
reflex07,iw9_br_ngsierra,reflex07_tall,0
reflex07,iw9_br_soscar14,reflex07_tall,0
reflex07,iw9_dm_crossbow,reflex07_tall,0
reflex07,iw9_dm_mike14,reflex07_tall,0
reflex07,iw9_dm_mike24,reflex07_tall,0
reflex07,iw9_dm_pgolf1,reflex07_tall,0
reflex07,iw9_dm_sa700,reflex07_tall,0
reflex07,iw9_dm_sbeta,reflex07_tall,0
reflex07,iw9_dm_scromeo,reflex07_tall,0
reflex07,iw9_dm_stango25,reflex07_tall,0
reflex07,iw9_lm_ahotel,reflex07_tall,0
reflex07,iw9_lm_foxtrot,reflex07_tall_p01,0
reflex07,iw9_lm_kilo21,reflex07_tall,0
reflex07,iw9_lm_mkilo3,reflex07_tall,0
reflex07,iw9_lm_mkilo3,reflex07_tall,1
reflex07,iw9_lm_ngolf7,reflex07_tall,0
reflex07,iw9_lm_rkilo,reflex07_tall,0
reflex07,iw9_lm_slima,reflex07_tall,0
reflex07,iw9_sh_charlie725,reflex07_tall,0
reflex07,iw9_sh_mbravo,reflex07_tall,0
reflex07,iw9_sh_mike1014,reflex07_tall,0
reflex07,iw9_sh_mviktor,reflex07_tall,0
reflex07,iw9_sh_tsierra12,reflex07_tall,0
reflex07,iw9_sh_vecho,reflex07_tall,0
reflex07,iw9_sm_acharlie45,reflex07_tall,0
reflex07,iw9_sm_acharlie9,reflex07_tall,0
reflex07,iw9_sm_apapa,reflex07_tall,0
reflex07,iw9_sm_aviktor,reflex07_tall,0
reflex07,iw9_sm_beta,reflex07_tall,0
reflex07,iw9_sm_mpapa5,reflex07_tall,0
reflex07,iw9_sm_mpapa7,reflex07_tall,0
reflex07,iw9_sm_mpapax,reflex07_tall,0
reflex07,iw9_sm_papa90,reflex07_tall,0
reflex07,iw9_sm_sdelta,reflex07_tall,0
reflex07,iw9_sm_victor,reflex07_tall,0
reflex07,iw9_sn_limax,reflex07_tall,0
reflex07,jup_cp01_sh_aromeo410,reflex07_tall,0
reflex07,jup_cp01_sm_coscar635,reflex07_tall,0
reflex07,jup_cp01_sm_pcharlie9,reflex07_tall,0
reflex07,jup_cp05_lm_halpha,reflex07_tall,0
reflex07,jup_cp06_ar_falpha,reflex07_tall,0
reflex07,jup_cp08_br_xmike5,reflex07_tall,0
reflex07,jup_cp15_lm_mkilo3,reflex07_tall,0
reflex07,jup_cp24_pi_glima21,reflex07_tall,0
reflex07,jup_jp01_ar_golf36,reflex07_tall,0
reflex07,jup_jp01_dm_slima8,reflex07_tall,0
reflex07,jup_jp01_lm_mgolf36,reflex07_tall,0
reflex07,jup_jp02_ar_bromeo805,reflex07_tall,0
reflex07,jup_jp02_br_bromeo2,reflex07_tall,0
reflex07,jup_jp02_dm_bromeop,reflex07_tall,0
reflex07,jup_jp02_sm_scharlie3,reflex07_tall,0
reflex07,jup_jp03_ar_aromeo160,reflex07_tall,0
reflex07,jup_jp03_br_aromeo200,reflex07_tall,0
reflex07,jup_jp03_sm_pmike,reflex07_tall,0
reflex07,jup_jp04_sm_lwhiskey,reflex07_tall,0
reflex07,jup_jp04_sm_umike,reflex07_tall,0
reflex07,jup_jp05_ar_foxtrot2000,reflex07_tall,0
reflex07,jup_jp06_lm_pkilop,reflex07_tall,0
reflex07,jup_jp07_sm_uzulu,reflex07_tall,0
reflex07,jup_jp07_sm_uzulup,reflex07_tall,0
reflex07,jup_jp08_ar_qbravo97,reflex07_tall,0
reflex07,jup_jp08_lm_qbravo95lsw,reflex07_tall,0
reflex07,jup_jp09_sh_oromeo12,reflex07_tall,0
reflex07,jup_jp10_sn_cdelta50,reflex07_tall,0
reflex07,jup_jp12_pi_mike93,reflex07_tall,0
reflex07,jup_jp13_dm_svictork,reflex07_tall,0
reflex07,jup_jp16_sh_recho870,reflex07_tall,0
reflex07,jup_jp19_ar_acharlie,reflex07_tall,0
reflex07,jup_jp19_br_acharlie450,reflex07_tall,0
reflex07,jup_jp19_dm_acharlied,reflex07_tall,0
reflex07,jup_jp20_lm_evictor,reflex07_tall,0
reflex07,jup_jp25_ar_talpha95,reflex07_tall,0
reflex07,jup_jp25_sm_talpham,reflex07_tall,0
reflex07,jup_jp28_lm_rpapa20,reflex07_tall,0
reflex07,jup_jp31_dm_compound,reflex07_tall,0
reflex07,jup_jp32_pi_mpapa9,reflex07_tall,0
reflex07,jup_jp34_ar_balpha27,reflex07_tall,0
reflex07,jup_jp35_sn_moscar,reflex07_tall,0
reflex07,jup_jp36_ar_anov94,reflex07_tall,0
reflex07,jup_jp36_sn_boscar,reflex07_tall,0
reflex07,jup_jp37_dm_kappa98,reflex07_tall,0
reflex07,jup_jp38_sh_spapa12,reflex07_tall,0
reflex07,jup_jp40_br_hcharlie36,reflex07_tall_p01,0
reflex07,jup_jp41_sm_kpappa50,reflex07_tall,0
reflex07,jup_jp44_ar_stango44,reflex07_tall,0
reflex08,iw9_ar_acharlie300,reflex08_tall,0
reflex08,iw9_ar_akilo,reflex08_tall,0
reflex08,iw9_ar_akilo105,reflex08_tall,0
reflex08,iw9_ar_akilo74,reflex08_tall,0
reflex08,iw9_ar_augolf,reflex08_tall,0
reflex08,iw9_ar_falpha,reflex08_tall,0
reflex08,iw9_ar_falpha,reflex08_tall,1
reflex08,iw9_ar_fecho,reflex08_tall,0
reflex08,iw9_ar_fecho,reflex08_tall,1
reflex08,iw9_ar_golf3,reflex08_tall,0
reflex08,iw9_ar_helima,reflex08_tall,0
reflex08,iw9_ar_kilo53,reflex08_tall,0
reflex08,iw9_ar_malima,reflex08_tall,0
reflex08,iw9_ar_mcbravo,reflex08_tall,0
reflex08,iw9_ar_mcharlie,reflex08_tall,0
reflex08,iw9_ar_mike16,reflex08_tall,0
reflex08,iw9_ar_mike4,reflex08_tall,0
reflex08,iw9_ar_ralpha,reflex08_tall,0
reflex08,iw9_ar_scharlie,reflex08_tall,0
reflex08,iw9_ar_schotel,reflex08_tall,0
reflex08,iw9_br_msecho,reflex08_tall,0
reflex08,iw9_br_ngsierra,reflex08_tall,0
reflex08,iw9_br_soscar14,reflex08_tall,0
reflex08,iw9_dm_crossbow,reflex08_tall,0
reflex08,iw9_dm_mike14,reflex08_tall,0
reflex08,iw9_dm_mike24,reflex08_tall,0
reflex08,iw9_dm_pgolf1,reflex08_tall,0
reflex08,iw9_dm_sa700,reflex08_tall,0
reflex08,iw9_dm_sbeta,reflex08_tall,0
reflex08,iw9_dm_scromeo,reflex08_tall,0
reflex08,iw9_dm_stango25,reflex08_tall,0
reflex08,iw9_lm_ahotel,reflex08_tall,0
reflex08,iw9_lm_foxtrot,reflex08_tall,0
reflex08,iw9_lm_kilo21,reflex08_tall,0
reflex08,iw9_lm_mkilo3,reflex08_tall,0
reflex08,iw9_lm_mkilo3,reflex08_tall,1
reflex08,iw9_lm_ngolf7,reflex08_tall,0
reflex08,iw9_lm_rkilo,reflex08_tall,0
reflex08,iw9_lm_slima,reflex08_tall,0
reflex08,iw9_sh_charlie725,reflex08_tall,0
reflex08,iw9_sh_mbravo,reflex08_tall,0
reflex08,iw9_sh_mike1014,reflex08_tall,0
reflex08,iw9_sh_mviktor,reflex08_tall,0
reflex08,iw9_sh_tsierra12,reflex08_tall,0
reflex08,iw9_sh_vecho,reflex08_tall,0
reflex08,iw9_sm_acharlie45,reflex08_tall,0
reflex08,iw9_sm_acharlie9,reflex08_tall,0
reflex08,iw9_sm_apapa,reflex08_tall,0
reflex08,iw9_sm_aviktor,reflex08_tall,0
reflex08,iw9_sm_beta,reflex08_tall,0
reflex08,iw9_sm_mpapa5,reflex08_tall,0
reflex08,iw9_sm_mpapa7,reflex08_tall,0
reflex08,iw9_sm_mpapax,reflex08_tall,0
reflex08,iw9_sm_papa90,reflex08_tall,0
reflex08,iw9_sm_sdelta,reflex08_tall,0
reflex08,iw9_sm_victor,reflex08_tall,0
reflex08,iw9_sn_limax,reflex08_tall,0
reflex08,jup_cp01_sh_aromeo410,reflex08_tall,0
reflex08,jup_cp01_sm_coscar635,reflex08_tall,0
reflex08,jup_cp01_sm_pcharlie9,reflex08_tall,0
reflex08,jup_cp05_lm_halpha,reflex08_tall,0
reflex08,jup_cp06_ar_falpha,reflex08_tall,0
reflex08,jup_cp08_br_xmike5,reflex08_tall,0
reflex08,jup_cp15_lm_mkilo3,reflex08_tall,0
reflex08,jup_cp24_pi_glima21,reflex08_tall,0
reflex08,jup_jp01_ar_golf36,reflex08_tall,0
reflex08,jup_jp01_dm_slima8,reflex08_tall,0
reflex08,jup_jp01_lm_mgolf36,reflex08_tall,0
reflex08,jup_jp02_ar_bromeo805,reflex08_tall,0
reflex08,jup_jp02_br_bromeo2,reflex08_tall,0
reflex08,jup_jp02_dm_bromeop,reflex08_tall,0
reflex08,jup_jp02_sm_scharlie3,reflex08_tall,0
reflex08,jup_jp03_ar_aromeo160,reflex08_tall,0
reflex08,jup_jp03_br_aromeo200,reflex08_tall,0
reflex08,jup_jp03_sm_pmike,reflex08_tall,0
reflex08,jup_jp04_sm_lwhiskey,reflex08_tall,0
reflex08,jup_jp04_sm_umike,reflex08_tall,0
reflex08,jup_jp05_ar_foxtrot2000,reflex08_tall,0
reflex08,jup_jp06_lm_pkilop,reflex08_tall,0
reflex08,jup_jp07_sm_uzulu,reflex08_tall,0
reflex08,jup_jp07_sm_uzulup,reflex08_tall,0
reflex08,jup_jp08_ar_qbravo97,reflex08_tall,0
reflex08,jup_jp08_lm_qbravo95lsw,reflex08_tall,0
reflex08,jup_jp09_sh_oromeo12,reflex08_tall,0
reflex08,jup_jp10_sn_cdelta50,reflex08_tall,0
reflex08,jup_jp12_pi_mike93,reflex08_tall,0
reflex08,jup_jp13_dm_svictork,reflex08_tall,0
reflex08,jup_jp16_sh_recho870,reflex08_tall,0
reflex08,jup_jp19_ar_acharlie,reflex08_tall,0
reflex08,jup_jp19_br_acharlie450,reflex08_tall,0
reflex08,jup_jp19_dm_acharlied,reflex08_tall,0
reflex08,jup_jp20_lm_evictor,reflex08_tall,0
reflex08,jup_jp25_ar_talpha95,reflex08_tall,0
reflex08,jup_jp25_sm_talpham,reflex08_tall,0
reflex08,jup_jp28_lm_rpapa20,reflex08_tall,0
reflex08,jup_jp31_dm_compound,reflex08_tall,0
reflex08,jup_jp32_pi_mpapa9,reflex08_tall,0
reflex08,jup_jp34_ar_balpha27,reflex08_tall,0
reflex08,jup_jp35_sn_moscar,reflex08_tall,0
reflex08,jup_jp36_ar_anov94,reflex08_tall,0
reflex08,jup_jp36_sn_boscar,reflex08_tall,0
reflex08,jup_jp37_dm_kappa98,reflex08_tall,0
reflex08,jup_jp38_sh_spapa12,reflex08_tall,0
reflex08,jup_jp40_br_hcharlie36,reflex08_tall,0
reflex08,jup_jp41_sm_kpappa50,reflex08_tall,0
reflex08,jup_jp44_ar_stango44,reflex08_tall,0
selectsemi,iw9_ar_mcbravo,selectsemi_mcbravo,0
selectsemi,iw9_ar_mike16,selectsemi_mike16,0
selectsemi,iw9_ar_ralpha,selectsemi_ralpha,0
selectsemi_kilo53,iw9_lm_kilo21,selectsemi_kilo21,0
silencer03_ar,iw9_ar_mike16,silencer03_ar_p01,0
silencer03_ar,iw9_ar_mike4,silencer03_ar_p01,0
silencer03_ar,iw9_lm_foxtrot,silencer03_ar_p01,0
silencer03_ar,jup_cp01_sm_pcharlie9,silencer03_ar_p01,0
snscope02,iw9_sn_alpha50,iw9_snprscope_alpha50,0
snscope03,iw9_sn_mromeo,snprscope_mromeo,0
snscope05,iw9_sn_india,iw9_snprscope_india,0
snscope06,iw9_sn_walpha,snscope_walpha,0
snscope_vz01,iw9_sn_limax,limax_snprscope,0
stock_ar_assault_p01,iw9_ar_mike16,stock_ar_assault_p01_mike16,0
stock_ar_assault_p01,iw9_ar_mike4,stock_ar_assault_p01_mike4,0
stock_ar_assault_p01,iw9_br_msecho,stock_ar_assault_p01_msecho,0
stock_ar_assault_p01,iw9_dm_stango25,stock_ar_assault_p01_stango25,0
stock_ar_assault_p01,iw9_lm_foxtrot,stock_ar_assault_p01_foxtrot,0
stock_ar_assault_p02,iw9_ar_golf3,stock_ar_assault_p02_golf3,0
stock_ar_assault_p02,iw9_ar_kilo53,stock_ar_assault_p02_kilo53,0
stock_ar_assault_p02,iw9_dm_pgolf1,stock_ar_assault_p02_pgolf1,0
stock_ar_assault_p02,iw9_lm_kilo21,stock_ar_assault_p02_kilo21,0
stock_ar_assault_p02,iw9_sm_mpapa5,stock_ar_assault_p02_mpapa5,0
stock_ar_assault_p02,iw9_sm_sdelta,stock_ar_assault_p02_mpapa5,0
stock_ar_heavy_p04,iw9_ar_akilo,stock_ar_heavy_p04_akilo,0
stock_ar_heavy_p04,iw9_ar_akilo105,stock_ar_heavy_p04_akilo105,0
stock_ar_heavy_p04,iw9_ar_akilo74,stock_ar_heavy_p04_akilo74,0
stock_ar_heavy_p04,iw9_lm_rkilo,stock_ar_heavy_p04_rkilo,0
stock_ar_heavy_p05,iw9_ar_scharlie,stock_ar_heavy_p05_scharlie,0
stock_ar_heavy_p05,iw9_ar_schotel,stock_ar_heavy_p05_schotel,0
stock_ar_heavy_p05,iw9_dm_scromeo,stock_ar_heavy_p05_scromeo,0
stock_ar_lgt_tactical_p08,iw9_ar_mcbravo,stock_ar_lgt_tactical_p08_mcbravo,0
stock_ar_lgt_tactical_p08,iw9_ar_mcharlie,stock_ar_lgt_tactical_p08_mcharlie,0
stock_ar_lgt_tactical_p08,iw9_ar_ralpha,stock_ar_lgt_tactical_p08_ralpha,0
stock_ar_light_p01,iw9_ar_mike16,stock_ar_light_p01_mike16,0
stock_ar_light_p01,iw9_ar_mike4,stock_ar_light_p01_mike4,0
stock_ar_light_p01,iw9_br_msecho,stock_ar_light_p01_msecho,0
stock_ar_light_p01,iw9_dm_stango25,stock_ar_light_p01_stango25,0
stock_ar_light_p01,iw9_lm_foxtrot,stock_ar_light_p01_foxtrot,0
stock_ar_light_p01,iw9_sm_alpha57,stock_ar_light_p01_alpha57,0
stock_ar_light_p04,iw9_ar_akilo,stock_ar_light_p04_akilo,0
stock_ar_light_p04,iw9_ar_akilo105,stock_ar_light_p04_akilo105,0
stock_ar_light_p04,iw9_lm_rkilo,stock_ar_light_p04_rkilo,0
stock_ar_p01,iw9_ar_mike16,stock_ar_p01_mike16,0
stock_ar_p01,iw9_ar_mike4,stock_ar_p01_mike4,0
stock_ar_p01,iw9_br_msecho,stock_ar_p01_msecho,0
stock_ar_p01,iw9_dm_stango25,stock_ar_p01_stango25,0
stock_ar_p01,iw9_lm_foxtrot,stock_ar_p01_foxtrot,0
stock_ar_p01,iw9_sm_alpha57,stock_ar_p01_alpha57,0
stock_ar_p02,iw9_ar_golf3,stock_ar_p02_golf3,0
stock_ar_p02,iw9_ar_kilo53,stock_ar_p02_kilo53,0
stock_ar_p02,iw9_dm_pgolf1,stock_ar_p02_pgolf1,0
stock_ar_p02,iw9_lm_kilo21,stock_ar_p02_kilo21,0
stock_ar_p02,iw9_sm_mpapa5,stock_ar_p02_mpapa5,0
stock_ar_p02,iw9_sm_sdelta,stock_ar_p02_mpapa5,0
stock_ar_p03,iw9_ar_augolf,stock_ar_p03_augolf,0
stock_ar_p03,iw9_lm_ahotel,stock_ar_p03_ahotel,0
stock_ar_p03,iw9_sm_apapa,stock_ar_p03_apapa,0
stock_ar_p04,iw9_ar_akilo,stock_ar_p04_akilo,0
stock_ar_p04,iw9_ar_akilo105,stock_ar_p04_akilo105,0
stock_ar_p04,iw9_ar_akilo74,stock_ar_p04_akilo74,0
stock_ar_p04,iw9_lm_rkilo,stock_ar_p04_rkilo,0
stock_ar_p04,iw9_sh_vecho,stock_ar_p04_vecho,0
stock_ar_p04,iw9_sm_aviktor,stock_ar_p04_aviktor,0
stock_ar_p04,iw9_sm_beta,stock_ar_p04_beta,0
stock_ar_p05,iw9_ar_scharlie,stock_ar_p05_scharlie,0
stock_ar_p05,iw9_ar_schotel,stock_ar_p05_schotel,0
stock_ar_p05,iw9_dm_scromeo,stock_ar_p05_scromeo,0
stock_ar_p08,iw9_ar_mcbravo,stock_ar_p08_mcbravo,0
stock_ar_p08,iw9_ar_ralpha,stock_ar_p08_ralpha,0
stock_ar_tactical_p01,iw9_ar_mike16,stock_ar_tactical_p01_mike16,0
stock_ar_tactical_p01,iw9_ar_mike4,stock_ar_tactical_p01_mike4,0
stock_ar_tactical_p01,iw9_br_msecho,stock_ar_tactical_p01_msecho,0
stock_ar_tactical_p01,iw9_dm_stango25,stock_ar_tactical_p01_stango25,0
stock_ar_tactical_p01,iw9_lm_foxtrot,stock_ar_tactical_p01_foxtrot,0
stock_ar_tactical_p01,iw9_sm_alpha57,stock_ar_tactical_p01_alpha57,0
stock_ar_tactical_p02,iw9_ar_golf3,stock_ar_tactical_p02_golf3,0
stock_ar_tactical_p02,iw9_ar_kilo53,stock_ar_tactical_p02_kilo53,0
stock_ar_tactical_p02,iw9_dm_pgolf1,stock_ar_tactical_p02_pgolf1,0
stock_ar_tactical_p02,iw9_lm_kilo21,stock_ar_tactical_p02_kilo21,0
stock_ar_tactical_p02,iw9_sm_mpapa5,stock_ar_tactical_p02_mpapa5,0
stock_ar_tactical_p02,iw9_sm_sdelta,stock_ar_tactical_p02_mpapa5,0
stock_ar_tactical_p04,iw9_ar_akilo,stock_ar_tactical_p04_akilo,0
stock_ar_tactical_p04,iw9_ar_akilo105,stock_ar_tactical_p04_akilo105,0
stock_ar_tactical_p04,iw9_ar_akilo74,stock_ar_tactical_p04_akilo74,0
stock_ar_tactical_p04,iw9_lm_rkilo,stock_ar_tactical_p04_rkilo,0
stock_ar_tactical_p04,iw9_sh_vecho,stock_ar_tactical_p04_vecho,0
stock_ar_tactical_p04,iw9_sm_aviktor,stock_ar_tactical_p04_aviktor,0
stock_ar_tactical_p04,iw9_sm_beta,stock_ar_tactical_p04_beta,0
stock_ar_tactical_p05,iw9_ar_scharlie,stock_ar_tactical_p05_scharlie,0
stock_ar_tactical_p05,iw9_ar_schotel,stock_ar_tactical_p05_schotel,0
stock_ar_tactical_p05,iw9_dm_scromeo,stock_ar_tactical_p05_scromeo,0
stock_ar_tactical_p08,iw9_ar_mcbravo,stock_ar_tactical_p08_mcbravo,0
stock_ar_tactical_p08,iw9_ar_mcharlie,stock_ar_tactical_p08_mcharlie,0
stock_ar_tactical_p08,iw9_ar_ralpha,stock_ar_tactical_p08_ralpha,0
stock_ar_tactical_p08,iw9_sm_mpapax,stock_ar_tactical_p08_mpapax,0
stock_dm_heavy_p01,iw9_ar_mike16,stock_dm_heavy_p01_mike16,0
stock_dm_heavy_p01,iw9_ar_mike4,stock_dm_heavy_p01_mike4,0
stock_dm_heavy_p01,iw9_br_msecho,stock_dm_heavy_p01_msecho,0
stock_dm_heavy_p01,iw9_dm_stango25,stock_dm_heavy_p01_stango25,0
stock_dm_heavy_p01,iw9_lm_foxtrot,stock_dm_heavy_p01_foxtrot,0
stock_dm_light_p18,iw9_br_soscar14,stock_dm_light_p18_soscar14,0
stock_dm_light_p18,iw9_dm_mike14,stock_dm_light_p18_mike14,0
stock_dm_p01,iw9_ar_mike16,stock_dm_p01_mike16,0
stock_dm_p01,iw9_ar_mike4,stock_dm_p01_mike4,0
stock_dm_p01,iw9_br_msecho,stock_dm_p01_msecho,0
stock_dm_p01,iw9_dm_stango25,stock_dm_p01_stango25,0
stock_dm_p01,iw9_lm_foxtrot,stock_dm_p01_foxtrot,0
stock_dm_p01,iw9_sm_alpha57,stock_dm_p01_alpha57,0
stock_dm_tac_p18,iw9_br_soscar14,stock_dm_tac_p18_soscar14,0
stock_dm_tac_p18,iw9_dm_mike14,stock_dm_tac_p18_mike14,0
stock_lm_p02,iw9_ar_golf3,stock_lm_p02_golf3,0
stock_lm_p02,iw9_ar_kilo53,stock_lm_p02_kilo53,0
stock_lm_p02,iw9_dm_pgolf1,stock_lm_p02_pgolf1,0
stock_lm_p02,iw9_lm_kilo21,stock_lm_p02_kilo21,0
stock_lm_p03,iw9_ar_augolf,stock_lm_p03_augolf,0
stock_lm_p03,iw9_lm_ahotel,stock_lm_p03_ahotel,0
stock_lm_p03,iw9_sm_apapa,stock_lm_p03_apapa,0
stock_lmg_p04,iw9_ar_akilo,stock_lmg_p04_akilo,0
stock_lmg_p04,iw9_ar_akilo105,stock_lmg_p04_akilo105,0
stock_lmg_p04,iw9_ar_akilo74,stock_lmg_p04_akilo74,0
stock_lmg_p04,iw9_lm_rkilo,stock_lmg_p04_rkilo,0
stock_sh_heavy_p13,iw9_sh_mbravo,stock_sh_heavy_p13_mbravo,0
stock_sh_heavy_p13,iw9_sh_mviktor,stock_sh_heavy_p13_mviktor,0
stock_sh_light_p04,iw9_ar_akilo,stock_sh_light_p04_akilo,0
stock_sh_light_p04,iw9_ar_akilo105,stock_sh_light_p04_akilo105,0
stock_sh_light_p04,iw9_ar_akilo74,stock_sh_light_p04_akilo74,0
stock_sh_light_p04,iw9_lm_rkilo,stock_sh_light_p04_rkilo,0
stock_sh_light_p04,iw9_sh_vecho,stock_sh_light_p04_vecho,0
stock_sh_light_p04,iw9_sm_aviktor,stock_sh_light_p04_aviktor,0
stock_sh_light_p04,iw9_sm_beta,stock_sh_light_p04_beta,0
stock_sh_light_p13,iw9_sh_mbravo,stock_sh_light_p13_mbravo,0
stock_sh_light_p13,iw9_sh_mviktor,stock_sh_light_p13_mviktor,0
stock_sh_tactical_p04,iw9_ar_akilo,stock_sh_tactical_p04_akilo,0
stock_sh_tactical_p04,iw9_ar_akilo105,stock_sh_tactical_p04_akilo105,0
stock_sh_tactical_p04,iw9_lm_rkilo,stock_sh_tactical_p04_rkilo,0
stock_sh_tactical_p04,iw9_sh_vecho,stock_sh_tactical_p04_vecho,0
stock_sh_tactical_p13,iw9_sh_mbravo,stock_sh_tactical_p13_mbravo,0
stock_sh_tactical_p13,iw9_sh_mviktor,stock_sh_tactical_p13_mviktor,0
stock_sm_lgt_tactical_p43,iw9_sm_acharlie9,stock_sm_lgt_tactical_p43_acharlie9,0
stock_sm_light_p04,iw9_ar_akilo74,stock_sm_light_p04_akilo74,0
stock_sm_light_p04,iw9_sh_vecho,stock_sm_light_p04_vecho,0
stock_sm_light_p04,iw9_sm_aviktor,stock_sm_light_p04_aviktor,0
stock_sm_light_p04,iw9_sm_beta,stock_sm_light_p04_beta,0
stock_sm_light_p08,iw9_ar_mcharlie,stock_sm_light_p08_mcharlie,0
stock_sm_light_p08,iw9_ar_ralpha,stock_sm_light_p08_ralpha,0
stock_sm_p01,iw9_ar_mike4,stock_sm_p01_mike4,0
stock_sm_p01,iw9_sm_alpha57,stock_sm_p01_alpha57,0
stock_sm_p02,iw9_ar_golf3,stock_sm_p02_golf3,0
stock_sm_p02,iw9_ar_kilo53,stock_sm_p02_kilo53,0
stock_sm_p02,iw9_sm_mpapa5,stock_sm_p02_mpapa5,0
stock_sm_p02,iw9_sm_sdelta,stock_sm_p02_sdelta,0
stock_sm_p03,iw9_ar_augolf,stock_sm_p03_augolf,0
stock_sm_p03,iw9_lm_ahotel,stock_sm_p03_ahotel,0
stock_sm_p03,iw9_sm_apapa,stock_sm_p03_apapa,0
stock_sm_p04,iw9_ar_akilo,stock_sm_p04_akilo,0
stock_sm_p04,iw9_ar_akilo105,stock_sm_p04_akilo105,0
stock_sm_p04,iw9_ar_akilo74,stock_sm_p04_akilo74,0
stock_sm_p04,iw9_sh_vecho,stock_sm_p04_vecho,0
stock_sm_p04,iw9_sm_aviktor,stock_sm_p04_aviktor,0
stock_sm_p04,iw9_sm_beta,stock_sm_p04_beta,0
stock_sm_p05,iw9_ar_scharlie,stock_sm_p05_scharlie,0
stock_sm_p05,iw9_ar_schotel,stock_sm_p05_schotel,0
stock_sm_p08,iw9_ar_mcharlie,stock_sm_p08_mcharlie,0
stock_sm_p08,iw9_ar_ralpha,stock_sm_p08_ralpha,0
stock_sm_p08,iw9_sm_mpapax,stock_sm_p08_mpapax,0
stock_sm_p43,iw9_sm_acharlie9,stock_sm_p43_acharlie9,0
stock_sm_tactical_p04,iw9_ar_akilo,stock_sm_tactical_p04_akilo,0
stock_sm_tactical_p04,iw9_ar_akilo105,stock_sm_tactical_p04_akilo105,0
stock_sm_tactical_p04,iw9_ar_akilo74,stock_sm_tactical_p04_akilo74,0
stock_sm_tactical_p04,iw9_sh_vecho,stock_sm_tactical_p04_vecho,0
stock_sm_tactical_p04,iw9_sm_aviktor,stock_sm_tactical_p04_aviktor,0
stock_sm_tactical_p04,iw9_sm_beta,stock_sm_tactical_p04_beta,0
stock_sn_p01,iw9_ar_mike16,stock_sn_p01_mike16,0
stock_sn_p01,iw9_ar_mike4,stock_sn_p01_mike4,0
stock_sn_p01,iw9_br_msecho,stock_sn_p01_msecho,0
stock_sn_p01,iw9_dm_stango25,stock_sn_p01_stango25,0
stock_sn_p01,iw9_lm_foxtrot,stock_sn_p01_foxtrot,0
stock_sn_p02,iw9_ar_golf3,stock_sn_p02_golf3,0
stock_sn_p02,iw9_ar_kilo53,stock_sn_p02_kilo53,0
stock_sn_p02,iw9_dm_pgolf1,stock_sn_p02_pgolf1,0
stock_sn_p05,iw9_ar_scharlie,stock_sn_p05_scharlie,0
stock_sn_p05,iw9_ar_schotel,stock_sn_p05_schotel,0
stock_sn_p05,iw9_dm_scromeo,stock_sn_p05_scromeo,0
stockno_ar_p08,iw9_ar_mcbravo,stockno_ar_p08_mcbravo,0
stockno_ar_p08,iw9_ar_mcharlie,stockno_ar_p08_mcharlie,0
stockno_ar_p08,iw9_ar_ralpha,stockno_ar_p08_ralpha,0
stockno_sh_light_p13,iw9_sh_mbravo,stockno_sh_light_p13_mbravo,0
stockno_sh_light_p13,iw9_sh_mviktor,stockno_sh_light_p13_mviktor,0
stockno_sh_p13,iw9_sh_mbravo,stockno_sh_p13_mbravo,0
stockno_sh_p13,iw9_sh_mviktor,stockno_sh_p13_mviktor,0
stockno_sm_p04,iw9_ar_akilo74,stockno_sm_p04_akilo74,0
stockno_sm_p04,iw9_sh_vecho,stockno_sm_p04_vecho,0
stockno_sm_p04,iw9_sm_aviktor,stockno_sm_p04_aviktor,0
stockno_sm_p04,iw9_sm_beta,stockno_sm_p04_beta,0
stockr_dm_p18,iw9_br_soscar14,stockr_dm_p18_soscar14,0
stockr_dm_p18,iw9_dm_mike14,stockr_dm_p18_mike14,0
stockr_sh_heavy_p13,iw9_sh_mbravo,stockr_sh_heavy_p13_mbravo,0
stockr_sh_heavy_p13,iw9_sh_mviktor,stockr_sh_heavy_p13_mviktor,0
stockr_sh_p13,iw9_sh_mbravo,stockr_sh_p13_mbravo,0
stockr_sh_p13,iw9_sh_mviktor,stockr_sh_p13_mviktor,0
trigger_p25,iw9_pi_dechoauto,trigger_p25_dechoauto,0
tube_10_12g,iw9_sh_mike1014,tube_10_12g_mike1014,0
tube_5_12g,iw9_sh_mbravo,tube_5_12g_mbravo,0
tube_5_12g,iw9_sh_mike1014,tube_5_12g_mike1014,0
ub_gl01,iw9_ar_mike16,ub_gl01_p01,0
ub_gl01,iw9_ar_mike4,ub_gl01_p01,0
ub_gl01,iw9_br_msecho,ub_gl01_p01,0
ub_gl01,iw9_dm_stango25,ub_gl01_p01,0
vzscope_mromeo,jup_jp37_dm_kappa98,vzscope_mromeo_kappa98,0
xmag_sn_p20,iw9_dm_xmike2010,xmag_sn_p20_xmike2010,0
