37621,t10_ar_p01_coslo723_camo_base,0,0,5|10|15|20|30|40|50|75|100,65310|65311|65312|65313|65314|65315|65316|65317|65318,100|200|300|400|500|600|700|800|900,,,,,,0
37622,t10_ar_p01_coslo723_camo_unique1,0,0,30,70659,1000,,,,t10_ar_p01_coslo723_camo_unique_unlock,,0
37623,t10_ar_p01_coslo723_camo_unique2,0,0,30,71780,1000,,,,t10_ar_p01_coslo723_camo_unique_unlock,,0
37689,t10_ar_p01_coslo723_camo_unique_wrapper,0,0,1,,,,,,,37622|37623,0
37690,t10_ar_p01_coslo723_camo_unique_unlock,0,0,1,,,,,,,37621,0
37624,t10_ar_p01_coslo723_camo_gold,0,0,10,65328,2500,,,,t10_ar_p01_coslo723_camo_gold_unlock,,0
37625,t10_ar_p01_coslo723_camo_gold_wrapper,0,0,1,,,,,,,37624,0
37626,t10_ar_p01_coslo723_camo_gold_unlock,0,0,2,,,,,,,37622|37623,0
38002,t10_ar_p01_coslo723_camo_diamond,0,0,10,65329,5000,,,,t10_ar_p01_coslo723_camo_diamond_unlock,,0
38003,t10_ar_p01_coslo723_camo_diamond_wrapper,0,0,1,,,,,,,38002,0
38004,t10_ar_p01_coslo723_camo_diamond_unlock,0,0,2,,,,,,,37625|38329,0
38304,t10_ar_p01_coslo723_camo_intergalactic,0,0,3,65330,7500,,,,t10_ar_p01_coslo723_camo_intergalactic_unlock,,0
38305,t10_ar_p01_coslo723_camo_intergalactic_wrapper,0,0,1,,,,,,,38304,0
38306,t10_ar_p01_coslo723_camo_intergalactic_unlock,0,0,2,,,,,,,38003|38337,0
38307,t10_ar_p01_coslo723_camo_darkmatter,0,0,3,65331,7500,,,,t10_ar_p01_coslo723_camo_darkmatter_unlock,,0
38308,t10_ar_p01_coslo723_camo_darkmatter_wrapper,0,0,1,,,,,,,38307,0
38309,t10_ar_p01_coslo723_camo_darkmatter_unlock,0,0,2,,,,,,,38305|38328,0
38869,t10_ar_p01_coslo723_camo_zm_base,0,0,100|200|300|400|600|800|1000|1500|2000,72307|72407|72507|72607|72707|72807|72907|73007|73107,100|200|300|400|500|600|700|800|900,,,,,,0
38870,t10_ar_p01_coslo723_camo_zm_unique1,0,0,300,70661,1000,,,,t10_ar_p01_coslo723_camo_zm_unique_unlock,,0
38871,t10_ar_p01_coslo723_camo_zm_unique2,0,0,30,71782,1000,,,,t10_ar_p01_coslo723_camo_zm_unique_unlock,,0
38872,t10_ar_p01_coslo723_camo_zm_unique_wrapper,0,0,1,,,,,,,38870|38871,0
38873,t10_ar_p01_coslo723_camo_zm_unique_unlock,0,0,1,,,,,,,38869,0
38874,t10_ar_p01_coslo723_camo_zm_gold,0,0,15,73251,2500,,,,t10_ar_p01_coslo723_camo_zm_gold_unlock,,0
38875,t10_ar_p01_coslo723_camo_zm_gold_wrapper,0,0,1,,,,,,,38874,0
38876,t10_ar_p01_coslo723_camo_zm_gold_unlock,0,0,2,,,,,,,38870|38871,0
38877,t10_ar_p01_coslo723_camo_zm_diamond,0,0,30,73351,5000,,,,t10_ar_p01_coslo723_camo_zm_diamond_unlock,,0
38878,t10_ar_p01_coslo723_camo_zm_diamond_wrapper,0,0,1,,,,,,,38877,0
38879,t10_ar_p01_coslo723_camo_zm_diamond_unlock,0,0,2,,,,,,,38875|38896,0
38880,t10_ar_p01_coslo723_camo_zm_intergalactic,0,0,10,73451,7500,,,,t10_ar_p01_coslo723_camo_zm_intergalactic_unlock,,0
38881,t10_ar_p01_coslo723_camo_zm_intergalactic_wrapper,0,0,1,,,,,,,38880,0
38882,t10_ar_p01_coslo723_camo_zm_intergalactic_unlock,0,0,2,,,,,,,38878|38904,0
38883,t10_ar_p01_coslo723_camo_zm_darkmatter,0,0,10,73551,7500,,,,t10_ar_p01_coslo723_camo_zm_darkmatter_unlock,,0
38884,t10_ar_p01_coslo723_camo_zm_darkmatter_wrapper,0,0,1,,,,,,,38883,0
38885,t10_ar_p01_coslo723_camo_zm_darkmatter_unlock,0,0,2,,,,,,,38881|38905,0
38852,t10_ar_p01_coslo723_camo_wz_base,0,0,5|10|15|20|30|40|50|75|100,72273|72373|72473|72573|72673|72773|72873|72973|73073,300|500|100|700|800|900|||,,,,,,0
38853,t10_ar_p01_coslo723_camo_wz_unique1,0,0,5,70660,1000,,,,t10_ar_p01_coslo723_camo_wz_unique_unlock,,0
38854,t10_ar_p01_coslo723_camo_wz_unique2,0,0,10,71781,1000,,,,t10_ar_p01_coslo723_camo_wz_unique_unlock,,0
38855,t10_ar_p01_coslo723_camo_wz_unique_wrapper,0,0,1,,,,,,,38853|38854,0
38856,t10_ar_p01_coslo723_camo_wz_unique_unlock,0,0,1,,,,,,,38852,0
38857,t10_ar_p01_coslo723_camo_wz_gold,0,0,5,73217,2500,,,,t10_ar_p01_coslo723_camo_wz_gold_unlock,,0
38858,t10_ar_p01_coslo723_camo_wz_gold_wrapper,0,0,1,,,,,,,38857,0
38859,t10_ar_p01_coslo723_camo_wz_gold_unlock,0,0,2,,,,,,,38853|38854,0
38860,t10_ar_p01_coslo723_camo_wz_diamond,0,0,5,73317,5000,,,,t10_ar_p01_coslo723_camo_wz_diamond_unlock,,0
38861,t10_ar_p01_coslo723_camo_wz_diamond_wrapper,0,0,1,,,,,,,38860,0
38862,t10_ar_p01_coslo723_camo_wz_diamond_unlock,0,0,2,,,,,,,38858|38886,0
38863,t10_ar_p01_coslo723_camo_wz_intergalactic,0,0,5,73417,7500,,,,t10_ar_p01_coslo723_camo_wz_intergalactic_unlock,,0
38864,t10_ar_p01_coslo723_camo_wz_intergalactic_wrapper,0,0,1,,,,,,,38863,0
38865,t10_ar_p01_coslo723_camo_wz_intergalactic_unlock,0,0,2,,,,,,,38861|38894,0
38866,t10_ar_p01_coslo723_camo_wz_darkmatter,0,0,2,73517,7500,,,,t10_ar_p01_coslo723_camo_wz_darkmatter_unlock,,0
38867,t10_ar_p01_coslo723_camo_wz_darkmatter_wrapper,0,0,1,,,,,,,38866,0
38868,t10_ar_p01_coslo723_camo_wz_darkmatter_unlock,0,0,2,,,,,,,38864|38895,0
38193,t10_ar_p02_aking74_camo_base,0,0,5|10|15|20|30|40|50|75|100,65319|65320|65321|65322|65323|65324|65325|65326|65327,100|200|300|400|500|600|700|800|900,,,,,,0
38194,t10_ar_p02_aking74_camo_unique1,0,0,50,70665,1000,,,,t10_ar_p02_aking74_camo_unique_unlock,,0
38195,t10_ar_p02_aking74_camo_unique2,0,0,20,63037,1000,,,,t10_ar_p02_aking74_camo_unique_unlock,,0
38196,t10_ar_p02_aking74_camo_unique_wrapper,0,0,1,,,,,,,38194|38195,0
38197,t10_ar_p02_aking74_camo_unique_unlock,0,0,1,,,,,,,38193,0
38198,t10_ar_p02_aking74_camo_gold,0,0,10,65332,2500,,,,t10_ar_p02_aking74_camo_gold_unlock,,0
38199,t10_ar_p02_aking74_camo_gold_wrapper,0,0,1,,,,,,,38198,0
38200,t10_ar_p02_aking74_camo_gold_unlock,0,0,2,,,,,,,38194|38195,0
38201,t10_ar_p02_aking74_camo_diamond,0,0,10,65333,5000,,,,t10_ar_p02_aking74_camo_diamond_unlock,,0
38202,t10_ar_p02_aking74_camo_diamond_wrapper,0,0,1,,,,,,,38201,0
38203,t10_ar_p02_aking74_camo_diamond_unlock,0,0,2,,,,,,,38199|38329,0
38298,t10_ar_p02_aking74_camo_intergalactic,0,0,3,65334,7500,,,,t10_ar_p02_aking74_camo_intergalactic_unlock,,0
38299,t10_ar_p02_aking74_camo_intergalactic_wrapper,0,0,1,,,,,,,38298,0
38300,t10_ar_p02_aking74_camo_intergalactic_unlock,0,0,2,,,,,,,38202|38337,0
38301,t10_ar_p02_aking74_camo_darkmatter,0,0,3,65335,7500,,,,t10_ar_p02_aking74_camo_darkmatter_unlock,,0
38302,t10_ar_p02_aking74_camo_darkmatter_wrapper,0,0,1,,,,,,,38301,0
38303,t10_ar_p02_aking74_camo_darkmatter_unlock,0,0,2,,,,,,,38299|38328,0
40276,t10_ar_p02_aking74_camo_zm_base,0,0,100|200|300|400|600|800|1000|1500|2000,72301|72401|72501|72601|72701|72801|72901|73001|73101,100|200|300|400|500|600|700|800|900,,,,,,0
40277,t10_ar_p02_aking74_camo_zm_unique1,0,0,15,70667,1000,,,,t10_ar_p02_aking74_camo_zm_unique_unlock,,0
40278,t10_ar_p02_aking74_camo_zm_unique2,0,0,300,71779,1000,,,,t10_ar_p02_aking74_camo_zm_unique_unlock,,0
40279,t10_ar_p02_aking74_camo_zm_unique_wrapper,0,0,1,,,,,,,40277|40278,0
40280,t10_ar_p02_aking74_camo_zm_unique_unlock,0,0,1,,,,,,,40276,0
40281,t10_ar_p02_aking74_camo_zm_gold,0,0,15,73245,2500,,,,t10_ar_p02_aking74_camo_zm_gold_unlock,,0
40282,t10_ar_p02_aking74_camo_zm_gold_wrapper,0,0,1,,,,,,,40281,0
40283,t10_ar_p02_aking74_camo_zm_gold_unlock,0,0,2,,,,,,,40277|40278,0
40284,t10_ar_p02_aking74_camo_zm_diamond,0,0,30,73345,5000,,,,t10_ar_p02_aking74_camo_zm_diamond_unlock,,0
40285,t10_ar_p02_aking74_camo_zm_diamond_wrapper,0,0,1,,,,,,,40284,0
40286,t10_ar_p02_aking74_camo_zm_diamond_unlock,0,0,2,,,,,,,40282|38896,0
40287,t10_ar_p02_aking74_camo_zm_intergalactic,0,0,10,73445,7500,,,,t10_ar_p02_aking74_camo_zm_intergalactic_unlock,,0
40288,t10_ar_p02_aking74_camo_zm_intergalactic_wrapper,0,0,1,,,,,,,40287,0
40289,t10_ar_p02_aking74_camo_zm_intergalactic_unlock,0,0,2,,,,,,,40285|38904,0
40290,t10_ar_p02_aking74_camo_zm_darkmatter,0,0,10,73545,7500,,,,t10_ar_p02_aking74_camo_zm_darkmatter_unlock,,0
40291,t10_ar_p02_aking74_camo_zm_darkmatter_wrapper,0,0,1,,,,,,,40290,0
40292,t10_ar_p02_aking74_camo_zm_darkmatter_unlock,0,0,2,,,,,,,40288|38905,0
40259,t10_ar_p02_aking74_camo_wz_base,0,0,5|10|15|20|30|40|50|75|100,72267|72367|72467|72567|72667|72767|72867|72967|73067,100|200|300|400|500|600|700|800|900,,,,,,0
40260,t10_ar_p02_aking74_camo_wz_unique1,0,0,5,70666,1000,,,,t10_ar_p02_aking74_camo_wz_unique_unlock,,0
40261,t10_ar_p02_aking74_camo_wz_unique2,0,0,5,71778,1000,,,,t10_ar_p02_aking74_camo_wz_unique_unlock,,0
40262,t10_ar_p02_aking74_camo_wz_unique_wrapper,0,0,1,,,,,,,40260|40261,0
40263,t10_ar_p02_aking74_camo_wz_unique_unlock,0,0,1,,,,,,,40259,0
40264,t10_ar_p02_aking74_camo_wz_gold,0,0,5,73211,2500,,,,t10_ar_p02_aking74_camo_wz_gold_unlock,,0
40265,t10_ar_p02_aking74_camo_wz_gold_wrapper,0,0,1,,,,,,,40264,0
40266,t10_ar_p02_aking74_camo_wz_gold_unlock,0,0,2,,,,,,,40260|40261,0
40267,t10_ar_p02_aking74_camo_wz_diamond,0,0,5,73311,5000,,,,t10_ar_p02_aking74_camo_wz_diamond_unlock,,0
40268,t10_ar_p02_aking74_camo_wz_diamond_wrapper,0,0,1,,,,,,,40267,0
40269,t10_ar_p02_aking74_camo_wz_diamond_unlock,0,0,2,,,,,,,40265|38886,0
40270,t10_ar_p02_aking74_camo_wz_intergalactic,0,0,5,73411,7500,,,,t10_ar_p02_aking74_camo_wz_intergalactic_unlock,,0
40271,t10_ar_p02_aking74_camo_wz_intergalactic_wrapper,0,0,1,,,,,,,40270,0
40272,t10_ar_p02_aking74_camo_wz_intergalactic_unlock,0,0,2,,,,,,,40268|38894,0
40273,t10_ar_p02_aking74_camo_wz_darkmatter,0,0,2,73511,7500,,,,t10_ar_p02_aking74_camo_wz_darkmatter_unlock,,0
40274,t10_ar_p02_aking74_camo_wz_darkmatter_wrapper,0,0,1,,,,,,,40273,0
40275,t10_ar_p02_aking74_camo_wz_darkmatter_unlock,0,0,2,,,,,,,40271|38895,0
40584,t10_ar_p04_clove_camo_base,0,0,5|10|15|20|30|40|50|75|100,72239|72339|72439|72539|72639|72739|72839|72939|73039,100|200|300|400|500|600|700|800|900,,,,,,0
40585,t10_ar_p04_clove_camo_unique1,0,0,50,63036,1000,,,,t10_ar_p04_clove_camo_unique_unlock,,0
40586,t10_ar_p04_clove_camo_unique2,0,0,50,72024,1000,,,,t10_ar_p04_clove_camo_unique_unlock,,0
40587,t10_ar_p04_clove_camo_unique_wrapper,0,0,1,,,,,,,40585|40586,0
40588,t10_ar_p04_clove_camo_unique_unlock,0,0,1,,,,,,,40584,0
40589,t10_ar_p04_clove_camo_gold,0,0,10,73183,2500,,,,t10_ar_p04_clove_camo_gold_unlock,,0
40590,t10_ar_p04_clove_camo_gold_wrapper,0,0,1,,,,,,,40589,0
40591,t10_ar_p04_clove_camo_gold_unlock,0,0,2,,,,,,,40585|40586,0
40592,t10_ar_p04_clove_camo_diamond,0,0,10,73283,5000,,,,t10_ar_p04_clove_camo_diamond_unlock,,0
40593,t10_ar_p04_clove_camo_diamond_wrapper,0,0,1,,,,,,,40592,0
40594,t10_ar_p04_clove_camo_diamond_unlock,0,0,2,,,,,,,40590|38329,0
40595,t10_ar_p04_clove_camo_intergalactic,0,0,3,73383,7500,,,,t10_ar_p04_clove_camo_intergalactic_unlock,,0
40596,t10_ar_p04_clove_camo_intergalactic_wrapper,0,0,1,,,,,,,40595,0
40597,t10_ar_p04_clove_camo_intergalactic_unlock,0,0,2,,,,,,,40593|38337,0
40598,t10_ar_p04_clove_camo_darkmatter,0,0,3,73483,7500,,,,t10_ar_p04_clove_camo_darkmatter_unlock,,0
40599,t10_ar_p04_clove_camo_darkmatter_wrapper,0,0,1,,,,,,,40598,0
40600,t10_ar_p04_clove_camo_darkmatter_unlock,0,0,2,,,,,,,40596|38328,0
40618,t10_ar_p04_clove_camo_zm_base,0,0,100|200|300|400|600|800|1000|1500|2000,72306|72406|72506|72606|72706|72806|72906|73006|73106,100|200|300|400|500|600|700|800|900,,,,,,0
40619,t10_ar_p04_clove_camo_zm_unique1,0,0,75,70748,1000,,,,t10_ar_p04_clove_camo_zm_unique_unlock,,0
40620,t10_ar_p04_clove_camo_zm_unique2,0,0,15,72026,1000,,,,t10_ar_p04_clove_camo_zm_unique_unlock,,0
40621,t10_ar_p04_clove_camo_zm_unique_wrapper,0,0,1,,,,,,,40619|40620,0
40622,t10_ar_p04_clove_camo_zm_unique_unlock,0,0,1,,,,,,,40618,0
40623,t10_ar_p04_clove_camo_zm_gold,0,0,15,73250,2500,,,,t10_ar_p04_clove_camo_zm_gold_unlock,,0
40624,t10_ar_p04_clove_camo_zm_gold_wrapper,0,0,1,,,,,,,40623,0
40625,t10_ar_p04_clove_camo_zm_gold_unlock,0,0,2,,,,,,,40619|40620,0
40626,t10_ar_p04_clove_camo_zm_diamond,0,0,30,73350,5000,,,,t10_ar_p04_clove_camo_zm_diamond_unlock,,0
40627,t10_ar_p04_clove_camo_zm_diamond_wrapper,0,0,1,,,,,,,40626,0
40628,t10_ar_p04_clove_camo_zm_diamond_unlock,0,0,2,,,,,,,40624|38896,0
40629,t10_ar_p04_clove_camo_zm_intergalactic,0,0,10,73450,7500,,,,t10_ar_p04_clove_camo_zm_intergalactic_unlock,,0
40630,t10_ar_p04_clove_camo_zm_intergalactic_wrapper,0,0,1,,,,,,,40629,0
40631,t10_ar_p04_clove_camo_zm_intergalactic_unlock,0,0,2,,,,,,,40627|38904,0
40632,t10_ar_p04_clove_camo_zm_darkmatter,0,0,10,73550,7500,,,,t10_ar_p04_clove_camo_zm_darkmatter_unlock,,0
40633,t10_ar_p04_clove_camo_zm_darkmatter_wrapper,0,0,1,,,,,,,40632,0
40634,t10_ar_p04_clove_camo_zm_darkmatter_unlock,0,0,2,,,,,,,40630|38905,0
40601,t10_ar_p04_clove_camo_wz_base,0,0,5|10|15|20|30|40|50|75|100,72272|72372|72472|72572|72672|72772|72872|72972|73072,100|200|300|400|500|600|700|800|900,,,,,,0
40602,t10_ar_p04_clove_camo_wz_unique1,0,0,5,70747,1000,,,,t10_ar_p04_clove_camo_wz_unique_unlock,,0
40603,t10_ar_p04_clove_camo_wz_unique2,0,0,5,72025,1000,,,,t10_ar_p04_clove_camo_wz_unique_unlock,,0
40604,t10_ar_p04_clove_camo_wz_unique_wrapper,0,0,1,,,,,,,40602|40603,0
40605,t10_ar_p04_clove_camo_wz_unique_unlock,0,0,1,,,,,,,40601,0
40606,t10_ar_p04_clove_camo_wz_gold,0,0,5,73216,2500,,,,t10_ar_p04_clove_camo_wz_gold_unlock,,0
40607,t10_ar_p04_clove_camo_wz_gold_wrapper,0,0,1,,,,,,,40606,0
40608,t10_ar_p04_clove_camo_wz_gold_unlock,0,0,2,,,,,,,40602|40603,0
40609,t10_ar_p04_clove_camo_wz_diamond,0,0,5,73316,5000,,,,t10_ar_p04_clove_camo_wz_diamond_unlock,,0
40610,t10_ar_p04_clove_camo_wz_diamond_wrapper,0,0,1,,,,,,,40609,0
40611,t10_ar_p04_clove_camo_wz_diamond_unlock,0,0,2,,,,,,,40607|38886,0
40612,t10_ar_p04_clove_camo_wz_intergalactic,0,0,5,73416,7500,,,,t10_ar_p04_clove_camo_wz_intergalactic_unlock,,0
40613,t10_ar_p04_clove_camo_wz_intergalactic_wrapper,0,0,1,,,,,,,40612,0
40614,t10_ar_p04_clove_camo_wz_intergalactic_unlock,0,0,2,,,,,,,40610|38894,0
40615,t10_ar_p04_clove_camo_wz_darkmatter,0,0,2,73516,7500,,,,t10_ar_p04_clove_camo_wz_darkmatter_unlock,,0
40616,t10_ar_p04_clove_camo_wz_darkmatter_wrapper,0,0,1,,,,,,,40615,0
40617,t10_ar_p04_clove_camo_wz_darkmatter_unlock,0,0,2,,,,,,,40613|38895,0
43964,t10_ar_p05_rmary2_camo_base,0,0,5|10|15|20|30|40|50|75|100,72253|72353|72453|72553|72653|72753|72853|72953|73053,100|200|300|400|500|600|700|800|900,,,,,,0
43914,t10_ar_p05_rmary2_camo_unique1,0,0,30,71838,1000,,,,t10_ar_p05_rmary2_camo_unique_unlock,,0
43915,t10_ar_p05_rmary2_camo_unique2,0,0,20,71984,1000,,,,t10_ar_p05_rmary2_camo_unique_unlock,,0
43916,t10_ar_p05_rmary2_camo_unique_wrapper,0,0,1,,,,,,,43914|43915,0
43917,t10_ar_p05_rmary2_camo_unique_unlock,0,0,1,,,,,,,43964,0
43918,t10_ar_p05_rmary2_camo_gold,0,0,10,73197,2500,,,,t10_ar_p05_rmary2_camo_gold_unlock,,0
43919,t10_ar_p05_rmary2_camo_gold_wrapper,0,0,1,,,,,,,43918,0
43920,t10_ar_p05_rmary2_camo_gold_unlock,0,0,2,,,,,,,43914|43915,0
43921,t10_ar_p05_rmary2_camo_diamond,0,0,10,73297,5000,,,,t10_ar_p05_rmary2_camo_diamond_unlock,,0
43922,t10_ar_p05_rmary2_camo_diamond_wrapper,0,0,1,,,,,,,43921,0
43923,t10_ar_p05_rmary2_camo_diamond_unlock,0,0,2,,,,,,,43919|38329,0
43924,t10_ar_p05_rmary2_camo_intergalactic,0,0,3,73397,7500,,,,t10_ar_p05_rmary2_camo_intergalactic_unlock,,0
43925,t10_ar_p05_rmary2_camo_intergalactic_wrapper,0,0,1,,,,,,,43924,0
43926,t10_ar_p05_rmary2_camo_intergalactic_unlock,0,0,2,,,,,,,43922|38337,0
43927,t10_ar_p05_rmary2_camo_darkmatter,0,0,3,73497,7500,,,,t10_ar_p05_rmary2_camo_darkmatter_unlock,,0
43928,t10_ar_p05_rmary2_camo_darkmatter_wrapper,0,0,1,,,,,,,43927,0
43929,t10_ar_p05_rmary2_camo_darkmatter_unlock,0,0,2,,,,,,,43925|38328,0
43947,t10_ar_p05_rmary2_camo_zm_base,0,0,100|200|300|400|600|800|1000|1500|2000,72321|72421|72521|72621|72721|72821|72921|73021|73121,100|200|300|400|500|600|700|800|900,,,,,,0
43948,t10_ar_p05_rmary2_camo_zm_unique1,0,0,10,71840,1000,,,,t10_ar_p05_rmary2_camo_zm_unique_unlock,,0
43949,t10_ar_p05_rmary2_camo_zm_unique2,0,0,15,71986,1000,,,,t10_ar_p05_rmary2_camo_zm_unique_unlock,,0
43950,t10_ar_p05_rmary2_camo_zm_unique_wrapper,0,0,1,,,,,,,43948|43949,0
43951,t10_ar_p05_rmary2_camo_zm_unique_unlock,0,0,1,,,,,,,43947,0
43952,t10_ar_p05_rmary2_camo_zm_gold,0,0,15,73265,2500,,,,t10_ar_p05_rmary2_camo_zm_gold_unlock,,0
43953,t10_ar_p05_rmary2_camo_zm_gold_wrapper,0,0,1,,,,,,,43952,0
43954,t10_ar_p05_rmary2_camo_zm_gold_unlock,0,0,2,,,,,,,43948|43949,0
43955,t10_ar_p05_rmary2_camo_zm_diamond,0,0,30,73365,5000,,,,t10_ar_p05_rmary2_camo_zm_diamond_unlock,,0
43956,t10_ar_p05_rmary2_camo_zm_diamond_wrapper,0,0,1,,,,,,,43955,0
43957,t10_ar_p05_rmary2_camo_zm_diamond_unlock,0,0,2,,,,,,,43953|38896,0
43958,t10_ar_p05_rmary2_camo_zm_intergalactic,0,0,10,73465,7500,,,,t10_ar_p05_rmary2_camo_zm_intergalactic_unlock,,0
43959,t10_ar_p05_rmary2_camo_zm_intergalactic_wrapper,0,0,1,,,,,,,43958,0
43960,t10_ar_p05_rmary2_camo_zm_intergalactic_unlock,0,0,2,,,,,,,43956|38904,0
43961,t10_ar_p05_rmary2_camo_zm_darkmatter,0,0,10,73565,7500,,,,t10_ar_p05_rmary2_camo_zm_darkmatter_unlock,,0
43962,t10_ar_p05_rmary2_camo_zm_darkmatter_wrapper,0,0,1,,,,,,,43961,0
43963,t10_ar_p05_rmary2_camo_zm_darkmatter_unlock,0,0,2,,,,,,,43959|38905,0
43930,t10_ar_p05_rmary2_camo_wz_base,0,0,5|10|15|20|30|40|50|75|100,72287|72387|72487|72587|72687|72787|72887|72987|73087,100|200|300|400|500|600|700|800|900,,,,,,0
43931,t10_ar_p05_rmary2_camo_wz_unique1,0,0,5,71839,1000,,,,t10_ar_p05_rmary2_camo_wz_unique_unlock,,0
43932,t10_ar_p05_rmary2_camo_wz_unique2,0,0,5,71985,1000,,,,t10_ar_p05_rmary2_camo_wz_unique_unlock,,0
43933,t10_ar_p05_rmary2_camo_wz_unique_wrapper,0,0,1,,,,,,,43931|43932,0
43934,t10_ar_p05_rmary2_camo_wz_unique_unlock,0,0,1,,,,,,,43930,0
43935,t10_ar_p05_rmary2_camo_wz_gold,0,0,5,73231,2500,,,,t10_ar_p05_rmary2_camo_wz_gold_unlock,,0
43936,t10_ar_p05_rmary2_camo_wz_gold_wrapper,0,0,1,,,,,,,43935,0
43937,t10_ar_p05_rmary2_camo_wz_gold_unlock,0,0,2,,,,,,,43931|43932,0
43938,t10_ar_p05_rmary2_camo_wz_diamond,0,0,5,73331,5000,,,,t10_ar_p05_rmary2_camo_wz_diamond_unlock,,0
43939,t10_ar_p05_rmary2_camo_wz_diamond_wrapper,0,0,1,,,,,,,43938,0
43940,t10_ar_p05_rmary2_camo_wz_diamond_unlock,0,0,2,,,,,,,43936|38886,0
43941,t10_ar_p05_rmary2_camo_wz_intergalactic,0,0,5,73431,7500,,,,t10_ar_p05_rmary2_camo_wz_intergalactic_unlock,,0
43942,t10_ar_p05_rmary2_camo_wz_intergalactic_wrapper,0,0,1,,,,,,,43941,0
43943,t10_ar_p05_rmary2_camo_wz_intergalactic_unlock,0,0,2,,,,,,,43939|38894,0
43944,t10_ar_p05_rmary2_camo_wz_darkmatter,0,0,2,73531,7500,,,,t10_ar_p05_rmary2_camo_wz_darkmatter_unlock,,0
43945,t10_ar_p05_rmary2_camo_wz_darkmatter_wrapper,0,0,1,,,,,,,43944,0
43946,t10_ar_p05_rmary2_camo_wz_darkmatter_unlock,0,0,2,,,,,,,43942|38895,0
43965,t10_ar_p06_asvalor_camo_base,0,0,5|10|15|20|30|40|50|75|100,72236|72336|72436|72536|72636|72736|72836|72936|73036,100|200|300|400|500|600|700|800|900,,,,,,0
43966,t10_ar_p06_asvalor_camo_unique1,0,0,50,70683,1000,,,,t10_ar_p06_asvalor_camo_unique_unlock,,0
43967,t10_ar_p06_asvalor_camo_unique2,0,0,30,63041,1000,,,,t10_ar_p06_asvalor_camo_unique_unlock,,0
43968,t10_ar_p06_asvalor_camo_unique_wrapper,0,0,1,,,,,,,43966|43967,0
43969,t10_ar_p06_asvalor_camo_unique_unlock,0,0,1,,,,,,,43965,0
43970,t10_ar_p06_asvalor_camo_gold,0,0,10,73180,2500,,,,t10_ar_p06_asvalor_camo_gold_unlock,,0
43971,t10_ar_p06_asvalor_camo_gold_wrapper,0,0,1,,,,,,,43970,0
43972,t10_ar_p06_asvalor_camo_gold_unlock,0,0,2,,,,,,,43966|43967,0
43973,t10_ar_p06_asvalor_camo_diamond,0,0,10,73280,5000,,,,t10_ar_p06_asvalor_camo_diamond_unlock,,0
43974,t10_ar_p06_asvalor_camo_diamond_wrapper,0,0,1,,,,,,,43973,0
43975,t10_ar_p06_asvalor_camo_diamond_unlock,0,0,2,,,,,,,43971|38329,0
43976,t10_ar_p06_asvalor_camo_intergalactic,0,0,3,73380,7500,,,,t10_ar_p06_asvalor_camo_intergalactic_unlock,,0
43977,t10_ar_p06_asvalor_camo_intergalactic_wrapper,0,0,1,,,,,,,43976,0
43978,t10_ar_p06_asvalor_camo_intergalactic_unlock,0,0,2,,,,,,,43974|38337,0
43979,t10_ar_p06_asvalor_camo_darkmatter,0,0,3,73480,7500,,,,t10_ar_p06_asvalor_camo_darkmatter_unlock,,0
43980,t10_ar_p06_asvalor_camo_darkmatter_wrapper,0,0,1,,,,,,,43979,0
43981,t10_ar_p06_asvalor_camo_darkmatter_unlock,0,0,2,,,,,,,43977|38328,0
43999,t10_ar_p06_asvalor_camo_zm_base,0,0,100|200|300|400|600|800|1000|1500|2000,72303|72403|72503|72603|72703|72803|72903|73003|73103,100|200|300|400|500|600|700|800|900,,,,,,0
44000,t10_ar_p06_asvalor_camo_zm_unique1,0,0,30,70685,1000,,,,t10_ar_p06_asvalor_camo_zm_unique_unlock,,0
44001,t10_ar_p06_asvalor_camo_zm_unique2,0,0,300,72020,1000,,,,t10_ar_p06_asvalor_camo_zm_unique_unlock,,0
44002,t10_ar_p06_asvalor_camo_zm_unique_wrapper,0,0,1,,,,,,,44000|44001,0
44003,t10_ar_p06_asvalor_camo_zm_unique_unlock,0,0,1,,,,,,,43999,0
44004,t10_ar_p06_asvalor_camo_zm_gold,0,0,15,73247,2500,,,,t10_ar_p06_asvalor_camo_zm_gold_unlock,,0
44005,t10_ar_p06_asvalor_camo_zm_gold_wrapper,0,0,1,,,,,,,44004,0
44006,t10_ar_p06_asvalor_camo_zm_gold_unlock,0,0,2,,,,,,,44000|44001,0
44007,t10_ar_p06_asvalor_camo_zm_diamond,0,0,30,73347,5000,,,,t10_ar_p06_asvalor_camo_zm_diamond_unlock,,0
44008,t10_ar_p06_asvalor_camo_zm_diamond_wrapper,0,0,1,,,,,,,44007,0
44009,t10_ar_p06_asvalor_camo_zm_diamond_unlock,0,0,2,,,,,,,44005|38896,0
44010,t10_ar_p06_asvalor_camo_zm_intergalactic,0,0,10,73447,7500,,,,t10_ar_p06_asvalor_camo_zm_intergalactic_unlock,,0
44011,t10_ar_p06_asvalor_camo_zm_intergalactic_wrapper,0,0,1,,,,,,,44010,0
44012,t10_ar_p06_asvalor_camo_zm_intergalactic_unlock,0,0,2,,,,,,,44008|38904,0
44013,t10_ar_p06_asvalor_camo_zm_darkmatter,0,0,10,73547,7500,,,,t10_ar_p06_asvalor_camo_zm_darkmatter_unlock,,0
44014,t10_ar_p06_asvalor_camo_zm_darkmatter_wrapper,0,0,1,,,,,,,44013,0
44015,t10_ar_p06_asvalor_camo_zm_darkmatter_unlock,0,0,2,,,,,,,44011|38905,0
43982,t10_ar_p06_asvalor_camo_wz_base,0,0,5|10|15|20|30|40|50|75|100,72269|72369|72469|72569|72669|72769|72869|72969|73069,100|200|300|400|500|600|700|800|900,,,,,,0
43983,t10_ar_p06_asvalor_camo_wz_unique1,0,0,5,70684,1000,,,,t10_ar_p06_asvalor_camo_wz_unique_unlock,,0
43984,t10_ar_p06_asvalor_camo_wz_unique2,0,0,5,72019,1000,,,,t10_ar_p06_asvalor_camo_wz_unique_unlock,,0
43985,t10_ar_p06_asvalor_camo_wz_unique_wrapper,0,0,1,,,,,,,43983|43984,0
43986,t10_ar_p06_asvalor_camo_wz_unique_unlock,0,0,1,,,,,,,43982,0
43987,t10_ar_p06_asvalor_camo_wz_gold,0,0,5,73213,2500,,,,t10_ar_p06_asvalor_camo_wz_gold_unlock,,0
43988,t10_ar_p06_asvalor_camo_wz_gold_wrapper,0,0,1,,,,,,,43987,0
43989,t10_ar_p06_asvalor_camo_wz_gold_unlock,0,0,2,,,,,,,43983|43984,0
43990,t10_ar_p06_asvalor_camo_wz_diamond,0,0,5,73313,5000,,,,t10_ar_p06_asvalor_camo_wz_diamond_unlock,,0
43991,t10_ar_p06_asvalor_camo_wz_diamond_wrapper,0,0,1,,,,,,,43990,0
43992,t10_ar_p06_asvalor_camo_wz_diamond_unlock,0,0,2,,,,,,,43988|38886,0
43993,t10_ar_p06_asvalor_camo_wz_intergalactic,0,0,5,73413,7500,,,,t10_ar_p06_asvalor_camo_wz_intergalactic_unlock,,0
43994,t10_ar_p06_asvalor_camo_wz_intergalactic_wrapper,0,0,1,,,,,,,43993,0
43995,t10_ar_p06_asvalor_camo_wz_intergalactic_unlock,0,0,2,,,,,,,43991|38894,0
43996,t10_ar_p06_asvalor_camo_wz_darkmatter,0,0,2,73513,7500,,,,t10_ar_p06_asvalor_camo_wz_darkmatter_unlock,,0
43997,t10_ar_p06_asvalor_camo_wz_darkmatter_wrapper,0,0,1,,,,,,,43996,0
43998,t10_ar_p06_asvalor_camo_wz_darkmatter_unlock,0,0,2,,,,,,,43994|38895,0
45363,t10_ar_p22_able18_camo_base,0,0,5|10|15|20|30|40|50|75|100,72233|72333|72433|72533|72633|72733|72833|72933|73033,100|200|300|400|500|600|700|800|900,,,,,,0
45364,t10_ar_p22_able18_camo_unique1,0,0,30,63033,1000,,,,t10_ar_p22_able18_camo_unique_unlock,,0
45365,t10_ar_p22_able18_camo_unique2,0,0,10,72010,1000,,,,t10_ar_p22_able18_camo_unique_unlock,,0
45366,t10_ar_p22_able18_camo_unique_wrapper,0,0,1,,,,,,,45364|45365,0
45367,t10_ar_p22_able18_camo_unique_unlock,0,0,1,,,,,,,45363,0
45368,t10_ar_p22_able18_camo_gold,0,0,10,73177,2500,,,,t10_ar_p22_able18_camo_gold_unlock,,0
45369,t10_ar_p22_able18_camo_gold_wrapper,0,0,1,,,,,,,45368,0
45370,t10_ar_p22_able18_camo_gold_unlock,0,0,2,,,,,,,45364|45365,0
45371,t10_ar_p22_able18_camo_diamond,0,0,10,73277,5000,,,,t10_ar_p22_able18_camo_diamond_unlock,,0
45372,t10_ar_p22_able18_camo_diamond_wrapper,0,0,1,,,,,,,45371,0
45373,t10_ar_p22_able18_camo_diamond_unlock,0,0,2,,,,,,,45369|38329,0
45374,t10_ar_p22_able18_camo_intergalactic,0,0,3,73377,7500,,,,t10_ar_p22_able18_camo_intergalactic_unlock,,0
45375,t10_ar_p22_able18_camo_intergalactic_wrapper,0,0,1,,,,,,,45374,0
45376,t10_ar_p22_able18_camo_intergalactic_unlock,0,0,2,,,,,,,45372|38337,0
45377,t10_ar_p22_able18_camo_darkmatter,0,0,3,73477,7500,,,,t10_ar_p22_able18_camo_darkmatter_unlock,,0
45378,t10_ar_p22_able18_camo_darkmatter_wrapper,0,0,1,,,,,,,45377,0
45379,t10_ar_p22_able18_camo_darkmatter_unlock,0,0,2,,,,,,,45375|38328,0
45397,t10_ar_p22_able18_camo_zm_base,0,0,100|200|300|400|600|800|1000|1500|2000,72299|72399|72499|72599|72699|72799|72899|72999|73099,100|200|300|400|500|600|700|800|900,,,,,,0
45398,t10_ar_p22_able18_camo_zm_unique1,0,0,300,70679,1000,,,,t10_ar_p22_able18_camo_zm_unique_unlock,,0
45399,t10_ar_p22_able18_camo_zm_unique2,0,0,300,72012,1000,,,,t10_ar_p22_able18_camo_zm_unique_unlock,,0
45400,t10_ar_p22_able18_camo_zm_unique_wrapper,0,0,1,,,,,,,45398|45399,0
45401,t10_ar_p22_able18_camo_zm_unique_unlock,0,0,1,,,,,,,45397,0
45402,t10_ar_p22_able18_camo_zm_gold,0,0,15,73243,2500,,,,t10_ar_p22_able18_camo_zm_gold_unlock,,0
45403,t10_ar_p22_able18_camo_zm_gold_wrapper,0,0,1,,,,,,,45402,0
45404,t10_ar_p22_able18_camo_zm_gold_unlock,0,0,2,,,,,,,45398|45399,0
45405,t10_ar_p22_able18_camo_zm_diamond,0,0,30,73343,5000,,,,t10_ar_p22_able18_camo_zm_diamond_unlock,,0
45406,t10_ar_p22_able18_camo_zm_diamond_wrapper,0,0,1,,,,,,,45405,0
45407,t10_ar_p22_able18_camo_zm_diamond_unlock,0,0,2,,,,,,,45403|38896,0
45408,t10_ar_p22_able18_camo_zm_intergalactic,0,0,10,73443,7500,,,,t10_ar_p22_able18_camo_zm_intergalactic_unlock,,0
45409,t10_ar_p22_able18_camo_zm_intergalactic_wrapper,0,0,1,,,,,,,45408,0
45410,t10_ar_p22_able18_camo_zm_intergalactic_unlock,0,0,2,,,,,,,45406|38904,0
45411,t10_ar_p22_able18_camo_zm_darkmatter,0,0,10,73543,7500,,,,t10_ar_p22_able18_camo_zm_darkmatter_unlock,,0
45412,t10_ar_p22_able18_camo_zm_darkmatter_wrapper,0,0,1,,,,,,,45411,0
45413,t10_ar_p22_able18_camo_zm_darkmatter_unlock,0,0,2,,,,,,,45409|38905,0
45380,t10_ar_p22_able18_camo_wz_base,0,0,5|10|15|20|30|40|50|75|100,72265|72365|72465|72565|72665|72765|72865|72965|73065,100|200|300|400|500|600|700|800|900,,,,,,0
45381,t10_ar_p22_able18_camo_wz_unique1,0,0,5,70678,1000,,,,t10_ar_p22_able18_camo_wz_unique_unlock,,0
45382,t10_ar_p22_able18_camo_wz_unique2,0,0,5,72011,1000,,,,t10_ar_p22_able18_camo_wz_unique_unlock,,0
45383,t10_ar_p22_able18_camo_wz_unique_wrapper,0,0,1,,,,,,,45381|45382,0
45384,t10_ar_p22_able18_camo_wz_unique_unlock,0,0,1,,,,,,,45380,0
45385,t10_ar_p22_able18_camo_wz_gold,0,0,5,73209,2500,,,,t10_ar_p22_able18_camo_wz_gold_unlock,,0
45386,t10_ar_p22_able18_camo_wz_gold_wrapper,0,0,1,,,,,,,45385,0
45387,t10_ar_p22_able18_camo_wz_gold_unlock,0,0,2,,,,,,,45381|45382,0
45388,t10_ar_p22_able18_camo_wz_diamond,0,0,5,73309,5000,,,,t10_ar_p22_able18_camo_wz_diamond_unlock,,0
45389,t10_ar_p22_able18_camo_wz_diamond_wrapper,0,0,1,,,,,,,45388,0
45390,t10_ar_p22_able18_camo_wz_diamond_unlock,0,0,2,,,,,,,45386|38886,0
45391,t10_ar_p22_able18_camo_wz_intergalactic,0,0,5,73409,7500,,,,t10_ar_p22_able18_camo_wz_intergalactic_unlock,,0
45392,t10_ar_p22_able18_camo_wz_intergalactic_wrapper,0,0,1,,,,,,,45391,0
45393,t10_ar_p22_able18_camo_wz_intergalactic_unlock,0,0,2,,,,,,,45389|38894,0
45394,t10_ar_p22_able18_camo_wz_darkmatter,0,0,2,73509,7500,,,,t10_ar_p22_able18_camo_wz_darkmatter_unlock,,0
45395,t10_ar_p22_able18_camo_wz_darkmatter_wrapper,0,0,1,,,,,,,45394,0
45396,t10_ar_p22_able18_camo_wz_darkmatter_unlock,0,0,2,,,,,,,45392|38895,0
45312,t10_ar_p23_love85_camo_base,0,0,5|10|15|20|30|40|50|75|100,72245|72345|72445|72545|72645|72745|72845|72945|73045,100|200|300|400|500|600|700|800|900,,,,,,0
45313,t10_ar_p23_love85_camo_unique1,0,0,30,71981,1000,,,,t10_ar_p23_love85_camo_unique_unlock,,0
45314,t10_ar_p23_love85_camo_unique2,0,0,50,72004,1000,,,,t10_ar_p23_love85_camo_unique_unlock,,0
45315,t10_ar_p23_love85_camo_unique_wrapper,0,0,1,,,,,,,45313|45314,0
45316,t10_ar_p23_love85_camo_unique_unlock,0,0,1,,,,,,,45312,0
45317,t10_ar_p23_love85_camo_gold,0,0,10,73189,2500,,,,t10_ar_p23_love85_camo_gold_unlock,,0
45318,t10_ar_p23_love85_camo_gold_wrapper,0,0,1,,,,,,,45317,0
45319,t10_ar_p23_love85_camo_gold_unlock,0,0,2,,,,,,,45313|45314,0
45320,t10_ar_p23_love85_camo_diamond,0,0,10,73289,5000,,,,t10_ar_p23_love85_camo_diamond_unlock,,0
45321,t10_ar_p23_love85_camo_diamond_wrapper,0,0,1,,,,,,,45320,0
45322,t10_ar_p23_love85_camo_diamond_unlock,0,0,2,,,,,,,45318|38329,0
45323,t10_ar_p23_love85_camo_intergalactic,0,0,3,73389,7500,,,,t10_ar_p23_love85_camo_intergalactic_unlock,,0
45324,t10_ar_p23_love85_camo_intergalactic_wrapper,0,0,1,,,,,,,45323,0
45325,t10_ar_p23_love85_camo_intergalactic_unlock,0,0,2,,,,,,,45321|38337,0
45326,t10_ar_p23_love85_camo_darkmatter,0,0,3,73489,7500,,,,t10_ar_p23_love85_camo_darkmatter_unlock,,0
45327,t10_ar_p23_love85_camo_darkmatter_wrapper,0,0,1,,,,,,,45326,0
45328,t10_ar_p23_love85_camo_darkmatter_unlock,0,0,2,,,,,,,45324|38328,0
45346,t10_ar_p23_love85_camo_zm_base,0,0,100|200|300|400|600|800|1000|1500|2000,72313|72413|72513|72613|72713|72813|72913|73013|73113,100|200|300|400|500|600|700|800|900,,,,,,0
45347,t10_ar_p23_love85_camo_zm_unique1,0,0,300,71983,1000,,,,t10_ar_p23_love85_camo_zm_unique_unlock,,0
45348,t10_ar_p23_love85_camo_zm_unique2,0,0,100,72006,1000,,,,t10_ar_p23_love85_camo_zm_unique_unlock,,0
45349,t10_ar_p23_love85_camo_zm_unique_wrapper,0,0,1,,,,,,,45347|45348,0
45350,t10_ar_p23_love85_camo_zm_unique_unlock,0,0,1,,,,,,,45346,0
45351,t10_ar_p23_love85_camo_zm_gold,0,0,15,73257,2500,,,,t10_ar_p23_love85_camo_zm_gold_unlock,,0
45352,t10_ar_p23_love85_camo_zm_gold_wrapper,0,0,1,,,,,,,45351,0
45353,t10_ar_p23_love85_camo_zm_gold_unlock,0,0,2,,,,,,,45347|45348,0
45354,t10_ar_p23_love85_camo_zm_diamond,0,0,30,73357,5000,,,,t10_ar_p23_love85_camo_zm_diamond_unlock,,0
45355,t10_ar_p23_love85_camo_zm_diamond_wrapper,0,0,1,,,,,,,45354,0
45356,t10_ar_p23_love85_camo_zm_diamond_unlock,0,0,2,,,,,,,45352|38896,0
45357,t10_ar_p23_love85_camo_zm_intergalactic,0,0,10,73457,7500,,,,t10_ar_p23_love85_camo_zm_intergalactic_unlock,,0
45358,t10_ar_p23_love85_camo_zm_intergalactic_wrapper,0,0,1,,,,,,,45357,0
45359,t10_ar_p23_love85_camo_zm_intergalactic_unlock,0,0,2,,,,,,,45355|38904,0
45360,t10_ar_p23_love85_camo_zm_darkmatter,0,0,10,73557,7500,,,,t10_ar_p23_love85_camo_zm_darkmatter_unlock,,0
45361,t10_ar_p23_love85_camo_zm_darkmatter_wrapper,0,0,1,,,,,,,45360,0
45362,t10_ar_p23_love85_camo_zm_darkmatter_unlock,0,0,2,,,,,,,45358|38905,0
45329,t10_ar_p23_love85_camo_wz_base,0,0,5|10|15|20|30|40|50|75|100,72279|72379|72479|72579|72679|72779|72879|72979|73079,100|200|300|400|500|600|700|800|900,,,,,,0
45330,t10_ar_p23_love85_camo_wz_unique1,0,0,5,71982,1000,,,,t10_ar_p23_love85_camo_wz_unique_unlock,,0
45331,t10_ar_p23_love85_camo_wz_unique2,0,0,5,72005,1000,,,,t10_ar_p23_love85_camo_wz_unique_unlock,,0
45332,t10_ar_p23_love85_camo_wz_unique_wrapper,0,0,1,,,,,,,45330|45331,0
45333,t10_ar_p23_love85_camo_wz_unique_unlock,0,0,1,,,,,,,45329,0
45334,t10_ar_p23_love85_camo_wz_gold,0,0,5,73223,2500,,,,t10_ar_p23_love85_camo_wz_gold_unlock,,0
45335,t10_ar_p23_love85_camo_wz_gold_wrapper,0,0,1,,,,,,,45334,0
45336,t10_ar_p23_love85_camo_wz_gold_unlock,0,0,2,,,,,,,45330|45331,0
45337,t10_ar_p23_love85_camo_wz_diamond,0,0,5,73323,5000,,,,t10_ar_p23_love85_camo_wz_diamond_unlock,,0
45338,t10_ar_p23_love85_camo_wz_diamond_wrapper,0,0,1,,,,,,,45337,0
45339,t10_ar_p23_love85_camo_wz_diamond_unlock,0,0,2,,,,,,,45335|38886,0
45340,t10_ar_p23_love85_camo_wz_intergalactic,0,0,5,73423,7500,,,,t10_ar_p23_love85_camo_wz_intergalactic_unlock,,0
45341,t10_ar_p23_love85_camo_wz_intergalactic_wrapper,0,0,1,,,,,,,45340,0
45342,t10_ar_p23_love85_camo_wz_intergalactic_unlock,0,0,2,,,,,,,45338|38894,0
45343,t10_ar_p23_love85_camo_wz_darkmatter,0,0,2,73523,7500,,,,t10_ar_p23_love85_camo_wz_darkmatter_unlock,,0
45344,t10_ar_p23_love85_camo_wz_darkmatter_wrapper,0,0,1,,,,,,,45343,0
45345,t10_ar_p23_love85_camo_wz_darkmatter_unlock,0,0,2,,,,,,,45341|38895,0
45261,t10_dm_p01_sroger25_camo_base,0,0,5|10|15|20|30|40|50|75|100,72257|72357|72457|72557|72657|72757|72857|72957|73057,100|200|300|400|500|600|700|800|900,,,,,,0
45262,t10_dm_p01_sroger25_camo_unique1,0,0,50,70749,1000,,,,t10_dm_p01_sroger25_camo_unique_unlock,,0
45263,t10_dm_p01_sroger25_camo_unique2,0,0,15,72001,1000,,,,t10_dm_p01_sroger25_camo_unique_unlock,,0
45264,t10_dm_p01_sroger25_camo_unique_wrapper,0,0,1,,,,,,,45262|45263,0
45265,t10_dm_p01_sroger25_camo_unique_unlock,0,0,1,,,,,,,45261,0
45266,t10_dm_p01_sroger25_camo_gold,0,0,10,73201,2500,,,,t10_dm_p01_sroger25_camo_gold_unlock,,0
45267,t10_dm_p01_sroger25_camo_gold_wrapper,0,0,1,,,,,,,45266,0
45268,t10_dm_p01_sroger25_camo_gold_unlock,0,0,2,,,,,,,45262|45263,0
45269,t10_dm_p01_sroger25_camo_diamond,0,0,10,73301,5000,,,,t10_dm_p01_sroger25_camo_diamond_unlock,,0
45270,t10_dm_p01_sroger25_camo_diamond_wrapper,0,0,1,,,,,,,45269,0
45271,t10_dm_p01_sroger25_camo_diamond_unlock,0,0,2,,,,,,,45267|38334,0
45272,t10_dm_p01_sroger25_camo_intergalactic,0,0,3,73401,7500,,,,t10_dm_p01_sroger25_camo_intergalactic_unlock,,0
45273,t10_dm_p01_sroger25_camo_intergalactic_wrapper,0,0,1,,,,,,,45272,0
45274,t10_dm_p01_sroger25_camo_intergalactic_unlock,0,0,2,,,,,,,45270|38337,0
45275,t10_dm_p01_sroger25_camo_darkmatter,0,0,3,73501,7500,,,,t10_dm_p01_sroger25_camo_darkmatter_unlock,,0
45276,t10_dm_p01_sroger25_camo_darkmatter_wrapper,0,0,1,,,,,,,45275,0
45277,t10_dm_p01_sroger25_camo_darkmatter_unlock,0,0,2,,,,,,,45273|38328,0
45295,t10_dm_p01_sroger25_camo_zm_base,0,0,100|200|300|400|600|800|1000|1500|2000,72325|72425|72525|72625|72725|72825|72925|73025|73125,100|200|300|400|500|600|700|800|900,,,,,,0
45296,t10_dm_p01_sroger25_camo_zm_unique1,0,0,15,70751,1000,,,,t10_dm_p01_sroger25_camo_zm_unique_unlock,,0
45297,t10_dm_p01_sroger25_camo_zm_unique2,0,0,300,72003,1000,,,,t10_dm_p01_sroger25_camo_zm_unique_unlock,,0
45298,t10_dm_p01_sroger25_camo_zm_unique_wrapper,0,0,1,,,,,,,45296|45297,0
45299,t10_dm_p01_sroger25_camo_zm_unique_unlock,0,0,1,,,,,,,45295,0
45300,t10_dm_p01_sroger25_camo_zm_gold,0,0,15,73269,2500,,,,t10_dm_p01_sroger25_camo_zm_gold_unlock,,0
45301,t10_dm_p01_sroger25_camo_zm_gold_wrapper,0,0,1,,,,,,,45300,0
45302,t10_dm_p01_sroger25_camo_zm_gold_unlock,0,0,2,,,,,,,45296|45297,0
45303,t10_dm_p01_sroger25_camo_zm_diamond,0,0,30,73369,5000,,,,t10_dm_p01_sroger25_camo_zm_diamond_unlock,,0
45304,t10_dm_p01_sroger25_camo_zm_diamond_wrapper,0,0,1,,,,,,,45303,0
45305,t10_dm_p01_sroger25_camo_zm_diamond_unlock,0,0,2,,,,,,,45301|38901,0
45306,t10_dm_p01_sroger25_camo_zm_intergalactic,0,0,10,73469,7500,,,,t10_dm_p01_sroger25_camo_zm_intergalactic_unlock,,0
45307,t10_dm_p01_sroger25_camo_zm_intergalactic_wrapper,0,0,1,,,,,,,45306,0
45308,t10_dm_p01_sroger25_camo_zm_intergalactic_unlock,0,0,2,,,,,,,45304|38904,0
45309,t10_dm_p01_sroger25_camo_zm_darkmatter,0,0,10,73569,7500,,,,t10_dm_p01_sroger25_camo_zm_darkmatter_unlock,,0
45310,t10_dm_p01_sroger25_camo_zm_darkmatter_wrapper,0,0,1,,,,,,,45309,0
45311,t10_dm_p01_sroger25_camo_zm_darkmatter_unlock,0,0,2,,,,,,,45307|38905,0
45278,t10_dm_p01_sroger25_camo_wz_base,0,0,5|10|15|20|30|40|50|75|100,72291|72391|72491|72591|72691|72791|72891|72991|73091,100|200|300|400|500|600|700|800|900,,,,,,0
45279,t10_dm_p01_sroger25_camo_wz_unique1,0,0,5,70750,1000,,,,t10_dm_p01_sroger25_camo_wz_unique_unlock,,0
45280,t10_dm_p01_sroger25_camo_wz_unique2,0,0,5,72002,1000,,,,t10_dm_p01_sroger25_camo_wz_unique_unlock,,0
45281,t10_dm_p01_sroger25_camo_wz_unique_wrapper,0,0,1,,,,,,,45279|45280,0
45282,t10_dm_p01_sroger25_camo_wz_unique_unlock,0,0,1,,,,,,,45278,0
45283,t10_dm_p01_sroger25_camo_wz_gold,0,0,5,73235,2500,,,,t10_dm_p01_sroger25_camo_wz_gold_unlock,,0
45284,t10_dm_p01_sroger25_camo_wz_gold_wrapper,0,0,1,,,,,,,45283,0
45285,t10_dm_p01_sroger25_camo_wz_gold_unlock,0,0,2,,,,,,,45279|45280,0
45286,t10_dm_p01_sroger25_camo_wz_diamond,0,0,5,73335,5000,,,,t10_dm_p01_sroger25_camo_wz_diamond_unlock,,0
45287,t10_dm_p01_sroger25_camo_wz_diamond_wrapper,0,0,1,,,,,,,45286,0
45288,t10_dm_p01_sroger25_camo_wz_diamond_unlock,0,0,2,,,,,,,45284|38891,0
45289,t10_dm_p01_sroger25_camo_wz_intergalactic,0,0,5,73435,7500,,,,t10_dm_p01_sroger25_camo_wz_intergalactic_unlock,,0
45290,t10_dm_p01_sroger25_camo_wz_intergalactic_wrapper,0,0,1,,,,,,,45289,0
45291,t10_dm_p01_sroger25_camo_wz_intergalactic_unlock,0,0,2,,,,,,,45287|38894,0
45292,t10_dm_p01_sroger25_camo_wz_darkmatter,0,0,2,73535,7500,,,,t10_dm_p01_sroger25_camo_wz_darkmatter_unlock,,0
45293,t10_dm_p01_sroger25_camo_wz_darkmatter_wrapper,0,0,1,,,,,,,45292,0
45294,t10_dm_p01_sroger25_camo_wz_darkmatter_unlock,0,0,2,,,,,,,45290|38895,0
45210,t10_dm_p02_aeasy_camo_base,0,0,5|10|15|20|30|40|50|75|100,72234|72334|72434|72534|72634|72734|72834|72934|73034,100|200|300|400|500|600|700|800|900,,,,,,0
45211,t10_dm_p02_aeasy_camo_unique1,0,0,10,70692,1000,,,,t10_dm_p02_aeasy_camo_unique_unlock,,0
45212,t10_dm_p02_aeasy_camo_unique2,0,0,50,63038,1000,,,,t10_dm_p02_aeasy_camo_unique_unlock,,0
45213,t10_dm_p02_aeasy_camo_unique_wrapper,0,0,1,,,,,,,45211|45212,0
45214,t10_dm_p02_aeasy_camo_unique_unlock,0,0,1,,,,,,,45210,0
45215,t10_dm_p02_aeasy_camo_gold,0,0,10,73178,2500,,,,t10_dm_p02_aeasy_camo_gold_unlock,,0
45216,t10_dm_p02_aeasy_camo_gold_wrapper,0,0,1,,,,,,,45215,0
45217,t10_dm_p02_aeasy_camo_gold_unlock,0,0,2,,,,,,,45211|45212,0
45218,t10_dm_p02_aeasy_camo_diamond,0,0,10,73278,5000,,,,t10_dm_p02_aeasy_camo_diamond_unlock,,0
45219,t10_dm_p02_aeasy_camo_diamond_wrapper,0,0,1,,,,,,,45218,0
45220,t10_dm_p02_aeasy_camo_diamond_unlock,0,0,2,,,,,,,45216|38334,0
45221,t10_dm_p02_aeasy_camo_intergalactic,0,0,3,73378,7500,,,,t10_dm_p02_aeasy_camo_intergalactic_unlock,,0
45222,t10_dm_p02_aeasy_camo_intergalactic_wrapper,0,0,1,,,,,,,45221,0
45223,t10_dm_p02_aeasy_camo_intergalactic_unlock,0,0,2,,,,,,,45219|38337,0
45224,t10_dm_p02_aeasy_camo_darkmatter,0,0,3,73478,7500,,,,t10_dm_p02_aeasy_camo_darkmatter_unlock,,0
45225,t10_dm_p02_aeasy_camo_darkmatter_wrapper,0,0,1,,,,,,,45224,0
45226,t10_dm_p02_aeasy_camo_darkmatter_unlock,0,0,2,,,,,,,45222|38328,0
45244,t10_dm_p02_aeasy_camo_zm_base,0,0,100|200|300|400|600|800|1000|1500|2000,72300|72400|72500|72600|72700|72800|72900|73000|73100,100|200|300|400|500|600|700|800|900,,,,,,0
45245,t10_dm_p02_aeasy_camo_zm_unique1,0,0,300,70694,1000,,,,t10_dm_p02_aeasy_camo_zm_unique_unlock,,0
45246,t10_dm_p02_aeasy_camo_zm_unique2,0,0,300,71835,1000,,,,t10_dm_p02_aeasy_camo_zm_unique_unlock,,0
45247,t10_dm_p02_aeasy_camo_zm_unique_wrapper,0,0,1,,,,,,,45245|45246,0
45248,t10_dm_p02_aeasy_camo_zm_unique_unlock,0,0,1,,,,,,,45244,0
45249,t10_dm_p02_aeasy_camo_zm_gold,0,0,15,73244,2500,,,,t10_dm_p02_aeasy_camo_zm_gold_unlock,,0
45250,t10_dm_p02_aeasy_camo_zm_gold_wrapper,0,0,1,,,,,,,45249,0
45251,t10_dm_p02_aeasy_camo_zm_gold_unlock,0,0,2,,,,,,,45245|45246,0
45252,t10_dm_p02_aeasy_camo_zm_diamond,0,0,30,73344,5000,,,,t10_dm_p02_aeasy_camo_zm_diamond_unlock,,0
45253,t10_dm_p02_aeasy_camo_zm_diamond_wrapper,0,0,1,,,,,,,45252,0
45254,t10_dm_p02_aeasy_camo_zm_diamond_unlock,0,0,2,,,,,,,45250|38901,0
45255,t10_dm_p02_aeasy_camo_zm_intergalactic,0,0,10,73444,7500,,,,t10_dm_p02_aeasy_camo_zm_intergalactic_unlock,,0
45256,t10_dm_p02_aeasy_camo_zm_intergalactic_wrapper,0,0,1,,,,,,,45255,0
45257,t10_dm_p02_aeasy_camo_zm_intergalactic_unlock,0,0,2,,,,,,,45253|38904,0
45258,t10_dm_p02_aeasy_camo_zm_darkmatter,0,0,10,73544,7500,,,,t10_dm_p02_aeasy_camo_zm_darkmatter_unlock,,0
45259,t10_dm_p02_aeasy_camo_zm_darkmatter_wrapper,0,0,1,,,,,,,45258,0
45260,t10_dm_p02_aeasy_camo_zm_darkmatter_unlock,0,0,2,,,,,,,45256|38905,0
45227,t10_dm_p02_aeasy_camo_wz_base,0,0,5|10|15|20|30|40|50|75|100,72266|72366|72466|72566|72666|72766|72866|72966|73066,100|200|300|400|500|600|700|800|900,,,,,,0
45228,t10_dm_p02_aeasy_camo_wz_unique1,0,0,5,70693,1000,,,,t10_dm_p02_aeasy_camo_wz_unique_unlock,,0
45229,t10_dm_p02_aeasy_camo_wz_unique2,0,0,5,71834,1000,,,,t10_dm_p02_aeasy_camo_wz_unique_unlock,,0
45230,t10_dm_p02_aeasy_camo_wz_unique_wrapper,0,0,1,,,,,,,45228|45229,0
45231,t10_dm_p02_aeasy_camo_wz_unique_unlock,0,0,1,,,,,,,45227,0
45232,t10_dm_p02_aeasy_camo_wz_gold,0,0,5,73210,2500,,,,t10_dm_p02_aeasy_camo_wz_gold_unlock,,0
45233,t10_dm_p02_aeasy_camo_wz_gold_wrapper,0,0,1,,,,,,,45232,0
45234,t10_dm_p02_aeasy_camo_wz_gold_unlock,0,0,2,,,,,,,45228|45229,0
45235,t10_dm_p02_aeasy_camo_wz_diamond,0,0,5,73310,5000,,,,t10_dm_p02_aeasy_camo_wz_diamond_unlock,,0
45236,t10_dm_p02_aeasy_camo_wz_diamond_wrapper,0,0,1,,,,,,,45235,0
45237,t10_dm_p02_aeasy_camo_wz_diamond_unlock,0,0,2,,,,,,,45233|38891,0
45238,t10_dm_p02_aeasy_camo_wz_intergalactic,0,0,5,73410,7500,,,,t10_dm_p02_aeasy_camo_wz_intergalactic_unlock,,0
45239,t10_dm_p02_aeasy_camo_wz_intergalactic_wrapper,0,0,1,,,,,,,45238,0
45240,t10_dm_p02_aeasy_camo_wz_intergalactic_unlock,0,0,2,,,,,,,45236|38894,0
45241,t10_dm_p02_aeasy_camo_wz_darkmatter,0,0,2,73510,7500,,,,t10_dm_p02_aeasy_camo_wz_darkmatter_unlock,,0
45242,t10_dm_p02_aeasy_camo_wz_darkmatter_wrapper,0,0,1,,,,,,,45241,0
45243,t10_dm_p02_aeasy_camo_wz_darkmatter_unlock,0,0,2,,,,,,,45239|38895,0
45159,t10_dm_p03_sgeorge550_camo_base,0,0,5|10|15|20|30|40|50|75|100,72256|72356|72456|72556|72656|72756|72856|72956|73056,100|200|300|400|500|600|700|800|900,,,,,,0
45160,t10_dm_p03_sgeorge550_camo_unique1,0,0,50,70715,1000,,,,t10_dm_p03_sgeorge550_camo_unique_unlock,,0
45161,t10_dm_p03_sgeorge550_camo_unique2,0,0,50,72027,1000,,,,t10_dm_p03_sgeorge550_camo_unique_unlock,,0
45162,t10_dm_p03_sgeorge550_camo_unique_wrapper,0,0,1,,,,,,,45160|45161,0
45163,t10_dm_p03_sgeorge550_camo_unique_unlock,0,0,1,,,,,,,45159,0
45164,t10_dm_p03_sgeorge550_camo_gold,0,0,10,73200,2500,,,,t10_dm_p03_sgeorge550_camo_gold_unlock,,0
45165,t10_dm_p03_sgeorge550_camo_gold_wrapper,0,0,1,,,,,,,45164,0
45166,t10_dm_p03_sgeorge550_camo_gold_unlock,0,0,2,,,,,,,45160|45161,0
45167,t10_dm_p03_sgeorge550_camo_diamond,0,0,10,73300,5000,,,,t10_dm_p03_sgeorge550_camo_diamond_unlock,,0
45168,t10_dm_p03_sgeorge550_camo_diamond_wrapper,0,0,1,,,,,,,45167,0
45169,t10_dm_p03_sgeorge550_camo_diamond_unlock,0,0,2,,,,,,,45165|38334,0
45170,t10_dm_p03_sgeorge550_camo_intergalactic,0,0,3,73400,7500,,,,t10_dm_p03_sgeorge550_camo_intergalactic_unlock,,0
45171,t10_dm_p03_sgeorge550_camo_intergalactic_wrapper,0,0,1,,,,,,,45170,0
45172,t10_dm_p03_sgeorge550_camo_intergalactic_unlock,0,0,2,,,,,,,45168|38337,0
45173,t10_dm_p03_sgeorge550_camo_darkmatter,0,0,3,73500,7500,,,,t10_dm_p03_sgeorge550_camo_darkmatter_unlock,,0
45174,t10_dm_p03_sgeorge550_camo_darkmatter_wrapper,0,0,1,,,,,,,45173,0
45175,t10_dm_p03_sgeorge550_camo_darkmatter_unlock,0,0,2,,,,,,,45171|38328,0
45193,t10_dm_p03_sgeorge550_camo_zm_base,0,0,100|200|300|400|600|800|1000|1500|2000,72324|72424|72524|72624|72724|72824|72924|73024|73124,100|200|300|400|500|600|700|800|900,,,,,,0
45194,t10_dm_p03_sgeorge550_camo_zm_unique1,0,0,100,70717,1000,,,,t10_dm_p03_sgeorge550_camo_zm_unique_unlock,,0
45195,t10_dm_p03_sgeorge550_camo_zm_unique2,0,0,75,72029,1000,,,,t10_dm_p03_sgeorge550_camo_zm_unique_unlock,,0
45196,t10_dm_p03_sgeorge550_camo_zm_unique_wrapper,0,0,1,,,,,,,45194|45195,0
45197,t10_dm_p03_sgeorge550_camo_zm_unique_unlock,0,0,1,,,,,,,45193,0
45198,t10_dm_p03_sgeorge550_camo_zm_gold,0,0,15,73268,2500,,,,t10_dm_p03_sgeorge550_camo_zm_gold_unlock,,0
45199,t10_dm_p03_sgeorge550_camo_zm_gold_wrapper,0,0,1,,,,,,,45198,0
45200,t10_dm_p03_sgeorge550_camo_zm_gold_unlock,0,0,2,,,,,,,45194|45195,0
45201,t10_dm_p03_sgeorge550_camo_zm_diamond,0,0,30,73368,5000,,,,t10_dm_p03_sgeorge550_camo_zm_diamond_unlock,,0
45202,t10_dm_p03_sgeorge550_camo_zm_diamond_wrapper,0,0,1,,,,,,,45201,0
45203,t10_dm_p03_sgeorge550_camo_zm_diamond_unlock,0,0,2,,,,,,,45199|38901,0
45204,t10_dm_p03_sgeorge550_camo_zm_intergalactic,0,0,10,73468,7500,,,,t10_dm_p03_sgeorge550_camo_zm_intergalactic_unlock,,0
45205,t10_dm_p03_sgeorge550_camo_zm_intergalactic_wrapper,0,0,1,,,,,,,45204,0
45206,t10_dm_p03_sgeorge550_camo_zm_intergalactic_unlock,0,0,2,,,,,,,45202|38904,0
45207,t10_dm_p03_sgeorge550_camo_zm_darkmatter,0,0,10,73568,7500,,,,t10_dm_p03_sgeorge550_camo_zm_darkmatter_unlock,,0
45208,t10_dm_p03_sgeorge550_camo_zm_darkmatter_wrapper,0,0,1,,,,,,,45207,0
45209,t10_dm_p03_sgeorge550_camo_zm_darkmatter_unlock,0,0,2,,,,,,,45205|38905,0
45176,t10_dm_p03_sgeorge550_camo_wz_base,0,0,5|10|15|20|30|40|50|75|100,72290|72390|72490|72590|72690|72790|72890|72990|73090,100|200|300|400|500|600|700|800|900,,,,,,0
45177,t10_dm_p03_sgeorge550_camo_wz_unique1,0,0,5,70716,1000,,,,t10_dm_p03_sgeorge550_camo_wz_unique_unlock,,0
45178,t10_dm_p03_sgeorge550_camo_wz_unique2,0,0,5,72028,1000,,,,t10_dm_p03_sgeorge550_camo_wz_unique_unlock,,0
45179,t10_dm_p03_sgeorge550_camo_wz_unique_wrapper,0,0,1,,,,,,,45177|45178,0
45180,t10_dm_p03_sgeorge550_camo_wz_unique_unlock,0,0,1,,,,,,,45176,0
45181,t10_dm_p03_sgeorge550_camo_wz_gold,0,0,5,73234,2500,,,,t10_dm_p03_sgeorge550_camo_wz_gold_unlock,,0
45182,t10_dm_p03_sgeorge550_camo_wz_gold_wrapper,0,0,1,,,,,,,45181,0
45183,t10_dm_p03_sgeorge550_camo_wz_gold_unlock,0,0,2,,,,,,,45177|45178,0
45184,t10_dm_p03_sgeorge550_camo_wz_diamond,0,0,5,73334,5000,,,,t10_dm_p03_sgeorge550_camo_wz_diamond_unlock,,0
45185,t10_dm_p03_sgeorge550_camo_wz_diamond_wrapper,0,0,1,,,,,,,45184,0
45186,t10_dm_p03_sgeorge550_camo_wz_diamond_unlock,0,0,2,,,,,,,45182|38891,0
45187,t10_dm_p03_sgeorge550_camo_wz_intergalactic,0,0,5,73434,7500,,,,t10_dm_p03_sgeorge550_camo_wz_intergalactic_unlock,,0
45188,t10_dm_p03_sgeorge550_camo_wz_intergalactic_wrapper,0,0,1,,,,,,,45187,0
45189,t10_dm_p03_sgeorge550_camo_wz_intergalactic_unlock,0,0,2,,,,,,,45185|38894,0
45190,t10_dm_p03_sgeorge550_camo_wz_darkmatter,0,0,2,73534,7500,,,,t10_dm_p03_sgeorge550_camo_wz_darkmatter_unlock,,0
45191,t10_dm_p03_sgeorge550_camo_wz_darkmatter_wrapper,0,0,1,,,,,,,45190,0
45192,t10_dm_p03_sgeorge550_camo_wz_darkmatter_unlock,0,0,2,,,,,,,45188|38895,0
43544,t10_dm_p09_svalor_camo_base,0,0,5|10|15|20|30|40|50|75|100,72261|72361|72461|72561|72661|72761|72861|72961|73061,100|200|300|400|500|600|700|800|900,,,,,,0
43545,t10_dm_p09_svalor_camo_unique1,0,0,15,71836,1000,,,,t10_dm_p09_svalor_camo_unique_unlock,,0
43546,t10_dm_p09_svalor_camo_unique2,0,0,50,72007,1000,,,,t10_dm_p09_svalor_camo_unique_unlock,,0
43547,t10_dm_p09_svalor_camo_unique_wrapper,0,0,1,,,,,,,43545|43546,0
43548,t10_dm_p09_svalor_camo_unique_unlock,0,0,1,,,,,,,43544,0
43549,t10_dm_p09_svalor_camo_gold,0,0,10,73205,2500,,,,t10_dm_p09_svalor_camo_gold_unlock,,0
43550,t10_dm_p09_svalor_camo_gold_wrapper,0,0,1,,,,,,,43549,0
43551,t10_dm_p09_svalor_camo_gold_unlock,0,0,2,,,,,,,43545|43546,0
43552,t10_dm_p09_svalor_camo_diamond,0,0,10,73305,5000,,,,t10_dm_p09_svalor_camo_diamond_unlock,,0
43553,t10_dm_p09_svalor_camo_diamond_wrapper,0,0,1,,,,,,,43552,0
43554,t10_dm_p09_svalor_camo_diamond_unlock,0,0,2,,,,,,,43550|38334,0
43555,t10_dm_p09_svalor_camo_intergalactic,0,0,3,73405,7500,,,,t10_dm_p09_svalor_camo_intergalactic_unlock,,0
43556,t10_dm_p09_svalor_camo_intergalactic_wrapper,0,0,1,,,,,,,43555,0
43557,t10_dm_p09_svalor_camo_intergalactic_unlock,0,0,2,,,,,,,43553|38337,0
43558,t10_dm_p09_svalor_camo_darkmatter,0,0,3,73505,7500,,,,t10_dm_p09_svalor_camo_darkmatter_unlock,,0
43559,t10_dm_p09_svalor_camo_darkmatter_wrapper,0,0,1,,,,,,,43558,0
43560,t10_dm_p09_svalor_camo_darkmatter_unlock,0,0,2,,,,,,,43556|38328,0
43578,t10_dm_p09_svalor_camo_zm_base,0,0,100|200|300|400|600|800|1000|1500|2000,72329|72429|72529|72629|72729|72829|72929|73029|73129,100|200|300|400|500|600|700|800|900,,,,,,0
43579,t10_dm_p09_svalor_camo_zm_unique1,0,0,100,71856,1000,,,,t10_dm_p09_svalor_camo_zm_unique_unlock,,0
43580,t10_dm_p09_svalor_camo_zm_unique2,0,0,300,72009,1000,,,,t10_dm_p09_svalor_camo_zm_unique_unlock,,0
43581,t10_dm_p09_svalor_camo_zm_unique_wrapper,0,0,1,,,,,,,43579|43580,0
43582,t10_dm_p09_svalor_camo_zm_unique_unlock,0,0,1,,,,,,,43578,0
43583,t10_dm_p09_svalor_camo_zm_gold,0,0,15,73273,2500,,,,t10_dm_p09_svalor_camo_zm_gold_unlock,,0
43584,t10_dm_p09_svalor_camo_zm_gold_wrapper,0,0,1,,,,,,,43583,0
43585,t10_dm_p09_svalor_camo_zm_gold_unlock,0,0,2,,,,,,,43579|43580,0
43586,t10_dm_p09_svalor_camo_zm_diamond,0,0,30,73373,5000,,,,t10_dm_p09_svalor_camo_zm_diamond_unlock,,0
43587,t10_dm_p09_svalor_camo_zm_diamond_wrapper,0,0,1,,,,,,,43586,0
43588,t10_dm_p09_svalor_camo_zm_diamond_unlock,0,0,2,,,,,,,43584|38901,0
43589,t10_dm_p09_svalor_camo_zm_intergalactic,0,0,10,73473,7500,,,,t10_dm_p09_svalor_camo_zm_intergalactic_unlock,,0
43590,t10_dm_p09_svalor_camo_zm_intergalactic_wrapper,0,0,1,,,,,,,43589,0
43591,t10_dm_p09_svalor_camo_zm_intergalactic_unlock,0,0,2,,,,,,,43587|38904,0
43592,t10_dm_p09_svalor_camo_zm_darkmatter,0,0,10,73573,7500,,,,t10_dm_p09_svalor_camo_zm_darkmatter_unlock,,0
43593,t10_dm_p09_svalor_camo_zm_darkmatter_wrapper,0,0,1,,,,,,,43592,0
43594,t10_dm_p09_svalor_camo_zm_darkmatter_unlock,0,0,2,,,,,,,43590|38905,0
43561,t10_dm_p09_svalor_camo_wz_base,0,0,5|10|15|20|30|40|50|75|100,72295|72395|72495|72595|72695|72795|72895|72995|73095,100|200|300|400|500|600|700|800|900,,,,,,0
43562,t10_dm_p09_svalor_camo_wz_unique1,0,0,5,71837,1000,,,,t10_dm_p09_svalor_camo_wz_unique_unlock,,0
43563,t10_dm_p09_svalor_camo_wz_unique2,0,0,10,72008,1000,,,,t10_dm_p09_svalor_camo_wz_unique_unlock,,0
43564,t10_dm_p09_svalor_camo_wz_unique_wrapper,0,0,1,,,,,,,43562|43563,0
43565,t10_dm_p09_svalor_camo_wz_unique_unlock,0,0,1,,,,,,,43561,0
43566,t10_dm_p09_svalor_camo_wz_gold,0,0,5,73239,2500,,,,t10_dm_p09_svalor_camo_wz_gold_unlock,,0
43567,t10_dm_p09_svalor_camo_wz_gold_wrapper,0,0,1,,,,,,,43566,0
43568,t10_dm_p09_svalor_camo_wz_gold_unlock,0,0,2,,,,,,,43562|43563,0
43569,t10_dm_p09_svalor_camo_wz_diamond,0,0,5,73339,5000,,,,t10_dm_p09_svalor_camo_wz_diamond_unlock,,0
43570,t10_dm_p09_svalor_camo_wz_diamond_wrapper,0,0,1,,,,,,,43569,0
43571,t10_dm_p09_svalor_camo_wz_diamond_unlock,0,0,2,,,,,,,43567|38891,0
43572,t10_dm_p09_svalor_camo_wz_intergalactic,0,0,5,73439,7500,,,,t10_dm_p09_svalor_camo_wz_intergalactic_unlock,,0
43573,t10_dm_p09_svalor_camo_wz_intergalactic_wrapper,0,0,1,,,,,,,43572,0
43574,t10_dm_p09_svalor_camo_wz_intergalactic_unlock,0,0,2,,,,,,,43570|38894,0
43575,t10_dm_p09_svalor_camo_wz_darkmatter,0,0,2,73539,7500,,,,t10_dm_p09_svalor_camo_wz_darkmatter_unlock,,0
43576,t10_dm_p09_svalor_camo_wz_darkmatter_wrapper,0,0,1,,,,,,,43575,0
43577,t10_dm_p09_svalor_camo_wz_darkmatter_unlock,0,0,2,,,,,,,43573|38895,0
45108,t10_lm_p01_aroger10_camo_base,0,0,5|10|15|20|30|40|50|75|100,72235|72335|72435|72535|72635|72735|72835|72935|73035,100|200|300|400|500|600|700|800|900,,,,,,0
45109,t10_lm_p01_aroger10_camo_unique1,0,0,5,70726,1000,,,,t10_lm_p01_aroger10_camo_unique_unlock,,0
45110,t10_lm_p01_aroger10_camo_unique2,0,0,50,71975,1000,,,,t10_lm_p01_aroger10_camo_unique_unlock,,0
45111,t10_lm_p01_aroger10_camo_unique_wrapper,0,0,1,,,,,,,45109|45110,0
45112,t10_lm_p01_aroger10_camo_unique_unlock,0,0,1,,,,,,,45108,0
45113,t10_lm_p01_aroger10_camo_gold,0,0,10,73179,2500,,,,t10_lm_p01_aroger10_camo_gold_unlock,,0
45114,t10_lm_p01_aroger10_camo_gold_wrapper,0,0,1,,,,,,,45113,0
45115,t10_lm_p01_aroger10_camo_gold_unlock,0,0,2,,,,,,,45109|45110,0
45116,t10_lm_p01_aroger10_camo_diamond,0,0,10,73279,5000,,,,t10_lm_p01_aroger10_camo_diamond_unlock,,0
45117,t10_lm_p01_aroger10_camo_diamond_wrapper,0,0,1,,,,,,,45116,0
45118,t10_lm_p01_aroger10_camo_diamond_unlock,0,0,2,,,,,,,45114|38333,0
45119,t10_lm_p01_aroger10_camo_intergalactic,0,0,3,73379,7500,,,,t10_lm_p01_aroger10_camo_intergalactic_unlock,,0
45120,t10_lm_p01_aroger10_camo_intergalactic_wrapper,0,0,1,,,,,,,45119,0
45121,t10_lm_p01_aroger10_camo_intergalactic_unlock,0,0,2,,,,,,,45117|38337,0
45122,t10_lm_p01_aroger10_camo_darkmatter,0,0,3,73479,7500,,,,t10_lm_p01_aroger10_camo_darkmatter_unlock,,0
45123,t10_lm_p01_aroger10_camo_darkmatter_wrapper,0,0,1,,,,,,,45122,0
45124,t10_lm_p01_aroger10_camo_darkmatter_unlock,0,0,2,,,,,,,45120|38328,0
45142,t10_lm_p01_aroger10_camo_zm_base,0,0,100|200|300|400|600|800|1000|1500|2000,72302|72402|72502|72602|72702|72802|72902|73002|73102,100|200|300|400|500|600|700|800|900,,,,,,0
45143,t10_lm_p01_aroger10_camo_zm_unique1,0,0,15,70728,1000,,,,t10_lm_p01_aroger10_camo_zm_unique_unlock,,0
45144,t10_lm_p01_aroger10_camo_zm_unique2,0,0,300,71977,1000,,,,t10_lm_p01_aroger10_camo_zm_unique_unlock,,0
45145,t10_lm_p01_aroger10_camo_zm_unique_wrapper,0,0,1,,,,,,,45143|45144,0
45146,t10_lm_p01_aroger10_camo_zm_unique_unlock,0,0,1,,,,,,,45142,0
45147,t10_lm_p01_aroger10_camo_zm_gold,0,0,15,73246,2500,,,,t10_lm_p01_aroger10_camo_zm_gold_unlock,,0
45148,t10_lm_p01_aroger10_camo_zm_gold_wrapper,0,0,1,,,,,,,45147,0
45149,t10_lm_p01_aroger10_camo_zm_gold_unlock,0,0,2,,,,,,,45143|45144,0
45150,t10_lm_p01_aroger10_camo_zm_diamond,0,0,30,73346,5000,,,,t10_lm_p01_aroger10_camo_zm_diamond_unlock,,0
45151,t10_lm_p01_aroger10_camo_zm_diamond_wrapper,0,0,1,,,,,,,45150,0
45152,t10_lm_p01_aroger10_camo_zm_diamond_unlock,0,0,2,,,,,,,45148|38900,0
45153,t10_lm_p01_aroger10_camo_zm_intergalactic,0,0,10,73446,7500,,,,t10_lm_p01_aroger10_camo_zm_intergalactic_unlock,,0
45154,t10_lm_p01_aroger10_camo_zm_intergalactic_wrapper,0,0,1,,,,,,,45153,0
45155,t10_lm_p01_aroger10_camo_zm_intergalactic_unlock,0,0,2,,,,,,,45151|38904,0
45156,t10_lm_p01_aroger10_camo_zm_darkmatter,0,0,10,73546,7500,,,,t10_lm_p01_aroger10_camo_zm_darkmatter_unlock,,0
45157,t10_lm_p01_aroger10_camo_zm_darkmatter_wrapper,0,0,1,,,,,,,45156,0
45158,t10_lm_p01_aroger10_camo_zm_darkmatter_unlock,0,0,2,,,,,,,45154|38905,0
45125,t10_lm_p01_aroger10_camo_wz_base,0,0,5|10|15|20|30|40|50|75|100,72268|72368|72468|72568|72668|72768|72868|72968|73068,100|200|300|400|500|600|700|800|900,,,,,,0
45126,t10_lm_p01_aroger10_camo_wz_unique1,0,0,5,70727,1000,,,,t10_lm_p01_aroger10_camo_wz_unique_unlock,,0
45127,t10_lm_p01_aroger10_camo_wz_unique2,0,0,5,71976,1000,,,,t10_lm_p01_aroger10_camo_wz_unique_unlock,,0
45128,t10_lm_p01_aroger10_camo_wz_unique_wrapper,0,0,1,,,,,,,45126|45127,0
45129,t10_lm_p01_aroger10_camo_wz_unique_unlock,0,0,1,,,,,,,45125,0
45130,t10_lm_p01_aroger10_camo_wz_gold,0,0,5,73212,2500,,,,t10_lm_p01_aroger10_camo_wz_gold_unlock,,0
45131,t10_lm_p01_aroger10_camo_wz_gold_wrapper,0,0,1,,,,,,,45130,0
45132,t10_lm_p01_aroger10_camo_wz_gold_unlock,0,0,2,,,,,,,45126|45127,0
45133,t10_lm_p01_aroger10_camo_wz_diamond,0,0,5,73312,5000,,,,t10_lm_p01_aroger10_camo_wz_diamond_unlock,,0
45134,t10_lm_p01_aroger10_camo_wz_diamond_wrapper,0,0,1,,,,,,,45133,0
45135,t10_lm_p01_aroger10_camo_wz_diamond_unlock,0,0,2,,,,,,,45131|38890,0
45136,t10_lm_p01_aroger10_camo_wz_intergalactic,0,0,5,73412,7500,,,,t10_lm_p01_aroger10_camo_wz_intergalactic_unlock,,0
45137,t10_lm_p01_aroger10_camo_wz_intergalactic_wrapper,0,0,1,,,,,,,45136,0
45138,t10_lm_p01_aroger10_camo_wz_intergalactic_unlock,0,0,2,,,,,,,45134|38894,0
45139,t10_lm_p01_aroger10_camo_wz_darkmatter,0,0,2,73512,7500,,,,t10_lm_p01_aroger10_camo_wz_darkmatter_unlock,,0
45140,t10_lm_p01_aroger10_camo_wz_darkmatter_wrapper,0,0,1,,,,,,,45139,0
45141,t10_lm_p01_aroger10_camo_wz_darkmatter_unlock,0,0,2,,,,,,,45137|38895,0
45057,t10_lm_p02_puncle21_camo_base,0,0,5|10|15|20|30|40|50|75|100,72252|72352|72452|72552|72652|72752|72852|72952|73052,100|200|300|400|500|600|700|800|900,,,,,,0
45058,t10_lm_p02_puncle21_camo_unique1,0,0,30,63034,1000,,,,t10_lm_p02_puncle21_camo_unique_unlock,,0
45059,t10_lm_p02_puncle21_camo_unique2,0,0,10,72021,1000,,,,t10_lm_p02_puncle21_camo_unique_unlock,,0
45060,t10_lm_p02_puncle21_camo_unique_wrapper,0,0,1,,,,,,,45058|45059,0
45061,t10_lm_p02_puncle21_camo_unique_unlock,0,0,1,,,,,,,45057,0
45062,t10_lm_p02_puncle21_camo_gold,0,0,10,73196,2500,,,,t10_lm_p02_puncle21_camo_gold_unlock,,0
45063,t10_lm_p02_puncle21_camo_gold_wrapper,0,0,1,,,,,,,45062,0
45064,t10_lm_p02_puncle21_camo_gold_unlock,0,0,2,,,,,,,45058|45059,0
45065,t10_lm_p02_puncle21_camo_diamond,0,0,10,73296,5000,,,,t10_lm_p02_puncle21_camo_diamond_unlock,,0
45066,t10_lm_p02_puncle21_camo_diamond_wrapper,0,0,1,,,,,,,45065,0
45067,t10_lm_p02_puncle21_camo_diamond_unlock,0,0,2,,,,,,,45063|38333,0
45068,t10_lm_p02_puncle21_camo_intergalactic,0,0,3,73396,7500,,,,t10_lm_p02_puncle21_camo_intergalactic_unlock,,0
45069,t10_lm_p02_puncle21_camo_intergalactic_wrapper,0,0,1,,,,,,,45068,0
45070,t10_lm_p02_puncle21_camo_intergalactic_unlock,0,0,2,,,,,,,45066|38337,0
45071,t10_lm_p02_puncle21_camo_darkmatter,0,0,3,73496,7500,,,,t10_lm_p02_puncle21_camo_darkmatter_unlock,,0
45072,t10_lm_p02_puncle21_camo_darkmatter_wrapper,0,0,1,,,,,,,45071,0
45073,t10_lm_p02_puncle21_camo_darkmatter_unlock,0,0,2,,,,,,,45069|38328,0
45091,t10_lm_p02_puncle21_camo_zm_base,0,0,100|200|300|400|600|800|1000|1500|2000,72320|72420|72520|72620|72720|72820|72920|73020|73120,100|200|300|400|500|600|700|800|900,,,,,,0
45092,t10_lm_p02_puncle21_camo_zm_unique1,0,0,10,70702,1000,,,,t10_lm_p02_puncle21_camo_zm_unique_unlock,,0
45093,t10_lm_p02_puncle21_camo_zm_unique2,0,0,300,72023,1000,,,,t10_lm_p02_puncle21_camo_zm_unique_unlock,,0
45094,t10_lm_p02_puncle21_camo_zm_unique_wrapper,0,0,1,,,,,,,45092|45093,0
45095,t10_lm_p02_puncle21_camo_zm_unique_unlock,0,0,1,,,,,,,45091,0
45096,t10_lm_p02_puncle21_camo_zm_gold,0,0,15,73264,2500,,,,t10_lm_p02_puncle21_camo_zm_gold_unlock,,0
45097,t10_lm_p02_puncle21_camo_zm_gold_wrapper,0,0,1,,,,,,,45096,0
45098,t10_lm_p02_puncle21_camo_zm_gold_unlock,0,0,2,,,,,,,45092|45093,0
45099,t10_lm_p02_puncle21_camo_zm_diamond,0,0,30,73364,5000,,,,t10_lm_p02_puncle21_camo_zm_diamond_unlock,,0
45100,t10_lm_p02_puncle21_camo_zm_diamond_wrapper,0,0,1,,,,,,,45099,0
45101,t10_lm_p02_puncle21_camo_zm_diamond_unlock,0,0,2,,,,,,,45097|38900,0
45102,t10_lm_p02_puncle21_camo_zm_intergalactic,0,0,10,73464,7500,,,,t10_lm_p02_puncle21_camo_zm_intergalactic_unlock,,0
45103,t10_lm_p02_puncle21_camo_zm_intergalactic_wrapper,0,0,1,,,,,,,45102,0
45104,t10_lm_p02_puncle21_camo_zm_intergalactic_unlock,0,0,2,,,,,,,45100|38904,0
45105,t10_lm_p02_puncle21_camo_zm_darkmatter,0,0,10,73564,7500,,,,t10_lm_p02_puncle21_camo_zm_darkmatter_unlock,,0
45106,t10_lm_p02_puncle21_camo_zm_darkmatter_wrapper,0,0,1,,,,,,,45105,0
45107,t10_lm_p02_puncle21_camo_zm_darkmatter_unlock,0,0,2,,,,,,,45103|38905,0
45074,t10_lm_p02_puncle21_camo_wz_base,0,0,5|10|15|20|30|40|50|75|100,72286|72386|72486|72586|72686|72786|72886|72986|73086,100|200|300|400|500|600|700|800|900,,,,,,0
45075,t10_lm_p02_puncle21_camo_wz_unique1,0,0,5,70701,1000,,,,t10_lm_p02_puncle21_camo_wz_unique_unlock,,0
45076,t10_lm_p02_puncle21_camo_wz_unique2,0,0,5,72022,1000,,,,t10_lm_p02_puncle21_camo_wz_unique_unlock,,0
45077,t10_lm_p02_puncle21_camo_wz_unique_wrapper,0,0,1,,,,,,,45075|45076,0
45078,t10_lm_p02_puncle21_camo_wz_unique_unlock,0,0,1,,,,,,,45074,0
45079,t10_lm_p02_puncle21_camo_wz_gold,0,0,5,73230,2500,,,,t10_lm_p02_puncle21_camo_wz_gold_unlock,,0
45080,t10_lm_p02_puncle21_camo_wz_gold_wrapper,0,0,1,,,,,,,45079,0
45081,t10_lm_p02_puncle21_camo_wz_gold_unlock,0,0,2,,,,,,,45075|45076,0
45082,t10_lm_p02_puncle21_camo_wz_diamond,0,0,5,73330,5000,,,,t10_lm_p02_puncle21_camo_wz_diamond_unlock,,0
45083,t10_lm_p02_puncle21_camo_wz_diamond_wrapper,0,0,1,,,,,,,45082,0
45084,t10_lm_p02_puncle21_camo_wz_diamond_unlock,0,0,2,,,,,,,45080|38890,0
45085,t10_lm_p02_puncle21_camo_wz_intergalactic,0,0,5,73430,7500,,,,t10_lm_p02_puncle21_camo_wz_intergalactic_unlock,,0
45086,t10_lm_p02_puncle21_camo_wz_intergalactic_wrapper,0,0,1,,,,,,,45085,0
45087,t10_lm_p02_puncle21_camo_wz_intergalactic_unlock,0,0,2,,,,,,,45083|38894,0
45088,t10_lm_p02_puncle21_camo_wz_darkmatter,0,0,2,73530,7500,,,,t10_lm_p02_puncle21_camo_wz_darkmatter_unlock,,0
45089,t10_lm_p02_puncle21_camo_wz_darkmatter_wrapper,0,0,1,,,,,,,45088,0
45090,t10_lm_p02_puncle21_camo_wz_darkmatter_unlock,0,0,2,,,,,,,45086|38895,0
45006,t10_lm_p07_ksugar58_camo_base,0,0,5|10|15|20|30|40|50|75|100,72244|72344|72444|72544|72644|72744|72844|72944|73044,100|200|300|400|500|600|700|800|900,,,,,,0
45007,t10_lm_p07_ksugar58_camo_unique1,0,0,50,70741,1000,,,,t10_lm_p07_ksugar58_camo_unique_unlock,,0
45008,t10_lm_p07_ksugar58_camo_unique2,0,0,30,71844,1000,,,,t10_lm_p07_ksugar58_camo_unique_unlock,,0
45009,t10_lm_p07_ksugar58_camo_unique_wrapper,0,0,1,,,,,,,45007|45008,0
45010,t10_lm_p07_ksugar58_camo_unique_unlock,0,0,1,,,,,,,45006,0
45011,t10_lm_p07_ksugar58_camo_gold,0,0,10,73188,2500,,,,t10_lm_p07_ksugar58_camo_gold_unlock,,0
45012,t10_lm_p07_ksugar58_camo_gold_wrapper,0,0,1,,,,,,,45011,0
45013,t10_lm_p07_ksugar58_camo_gold_unlock,0,0,2,,,,,,,45007|45008,0
45014,t10_lm_p07_ksugar58_camo_diamond,0,0,10,73288,5000,,,,t10_lm_p07_ksugar58_camo_diamond_unlock,,0
45015,t10_lm_p07_ksugar58_camo_diamond_wrapper,0,0,1,,,,,,,45014,0
45016,t10_lm_p07_ksugar58_camo_diamond_unlock,0,0,2,,,,,,,45012|38333,0
45017,t10_lm_p07_ksugar58_camo_intergalactic,0,0,3,73388,7500,,,,t10_lm_p07_ksugar58_camo_intergalactic_unlock,,0
45018,t10_lm_p07_ksugar58_camo_intergalactic_wrapper,0,0,1,,,,,,,45017,0
45019,t10_lm_p07_ksugar58_camo_intergalactic_unlock,0,0,2,,,,,,,45015|38337,0
45020,t10_lm_p07_ksugar58_camo_darkmatter,0,0,3,73488,7500,,,,t10_lm_p07_ksugar58_camo_darkmatter_unlock,,0
45021,t10_lm_p07_ksugar58_camo_darkmatter_wrapper,0,0,1,,,,,,,45020,0
45022,t10_lm_p07_ksugar58_camo_darkmatter_unlock,0,0,2,,,,,,,45018|38328,0
45040,t10_lm_p07_ksugar58_camo_zm_base,0,0,100|200|300|400|600|800|1000|1500|2000,72312|72412|72512|72612|72712|72812|72912|73012|73112,100|200|300|400|500|600|700|800|900,,,,,,0
45041,t10_lm_p07_ksugar58_camo_zm_unique1,0,0,300,70743,1000,,,,t10_lm_p07_ksugar58_camo_zm_unique_unlock,,0
45042,t10_lm_p07_ksugar58_camo_zm_unique2,0,0,15,71846,1000,,,,t10_lm_p07_ksugar58_camo_zm_unique_unlock,,0
45043,t10_lm_p07_ksugar58_camo_zm_unique_wrapper,0,0,1,,,,,,,45041|45042,0
45044,t10_lm_p07_ksugar58_camo_zm_unique_unlock,0,0,1,,,,,,,45040,0
45045,t10_lm_p07_ksugar58_camo_zm_gold,0,0,15,73256,2500,,,,t10_lm_p07_ksugar58_camo_zm_gold_unlock,,0
45046,t10_lm_p07_ksugar58_camo_zm_gold_wrapper,0,0,1,,,,,,,45045,0
45047,t10_lm_p07_ksugar58_camo_zm_gold_unlock,0,0,2,,,,,,,45041|45042,0
45048,t10_lm_p07_ksugar58_camo_zm_diamond,0,0,30,73356,5000,,,,t10_lm_p07_ksugar58_camo_zm_diamond_unlock,,0
45049,t10_lm_p07_ksugar58_camo_zm_diamond_wrapper,0,0,1,,,,,,,45048,0
45050,t10_lm_p07_ksugar58_camo_zm_diamond_unlock,0,0,2,,,,,,,45046|38900,0
45051,t10_lm_p07_ksugar58_camo_zm_intergalactic,0,0,10,73456,7500,,,,t10_lm_p07_ksugar58_camo_zm_intergalactic_unlock,,0
45052,t10_lm_p07_ksugar58_camo_zm_intergalactic_wrapper,0,0,1,,,,,,,45051,0
45053,t10_lm_p07_ksugar58_camo_zm_intergalactic_unlock,0,0,2,,,,,,,45049|38904,0
45054,t10_lm_p07_ksugar58_camo_zm_darkmatter,0,0,10,73556,7500,,,,t10_lm_p07_ksugar58_camo_zm_darkmatter_unlock,,0
45055,t10_lm_p07_ksugar58_camo_zm_darkmatter_wrapper,0,0,1,,,,,,,45054,0
45056,t10_lm_p07_ksugar58_camo_zm_darkmatter_unlock,0,0,2,,,,,,,45052|38905,0
45023,t10_lm_p07_ksugar58_camo_wz_base,0,0,5|10|15|20|30|40|50|75|100,72278|72378|72478|72578|72678|72778|72878|72978|73078,100|200|300|400|500|600|700|800|900,,,,,,0
45024,t10_lm_p07_ksugar58_camo_wz_unique1,0,0,5,70742,1000,,,,t10_lm_p07_ksugar58_camo_wz_unique_unlock,,0
45025,t10_lm_p07_ksugar58_camo_wz_unique2,0,0,10,71845,1000,,,,t10_lm_p07_ksugar58_camo_wz_unique_unlock,,0
45026,t10_lm_p07_ksugar58_camo_wz_unique_wrapper,0,0,1,,,,,,,45024|45025,0
45027,t10_lm_p07_ksugar58_camo_wz_unique_unlock,0,0,1,,,,,,,45023,0
45028,t10_lm_p07_ksugar58_camo_wz_gold,0,0,5,73222,2500,,,,t10_lm_p07_ksugar58_camo_wz_gold_unlock,,0
45029,t10_lm_p07_ksugar58_camo_wz_gold_wrapper,0,0,1,,,,,,,45028,0
45030,t10_lm_p07_ksugar58_camo_wz_gold_unlock,0,0,2,,,,,,,45024|45025,0
45031,t10_lm_p07_ksugar58_camo_wz_diamond,0,0,5,73322,5000,,,,t10_lm_p07_ksugar58_camo_wz_diamond_unlock,,0
45032,t10_lm_p07_ksugar58_camo_wz_diamond_wrapper,0,0,1,,,,,,,45031,0
45033,t10_lm_p07_ksugar58_camo_wz_diamond_unlock,0,0,2,,,,,,,45029|38890,0
45034,t10_lm_p07_ksugar58_camo_wz_intergalactic,0,0,5,73422,7500,,,,t10_lm_p07_ksugar58_camo_wz_intergalactic_unlock,,0
45035,t10_lm_p07_ksugar58_camo_wz_intergalactic_wrapper,0,0,1,,,,,,,45034,0
45036,t10_lm_p07_ksugar58_camo_wz_intergalactic_unlock,0,0,2,,,,,,,45032|38894,0
45037,t10_lm_p07_ksugar58_camo_wz_darkmatter,0,0,2,73522,7500,,,,t10_lm_p07_ksugar58_camo_wz_darkmatter_unlock,,0
45038,t10_lm_p07_ksugar58_camo_wz_darkmatter_wrapper,0,0,1,,,,,,,45037,0
45039,t10_lm_p07_ksugar58_camo_wz_darkmatter_unlock,0,0,2,,,,,,,45035|38895,0
44955,t10_pi_p12_paris30_camo_base,0,0,5|10|15|20|30|40|50|75|100,72250|72350|72450|72550|72650|72750|72850|72950|73050,100|200|300|400|500|600|700|800|900,,,,,,0
44956,t10_pi_p12_paris30_camo_unique1,0,0,50,70680,1000,,,,t10_pi_p12_paris30_camo_unique_unlock,,0
44957,t10_pi_p12_paris30_camo_unique2,0,0,50,70703,1000,,,,t10_pi_p12_paris30_camo_unique_unlock,,0
44958,t10_pi_p12_paris30_camo_unique_wrapper,0,0,1,,,,,,,44956|44957,0
44959,t10_pi_p12_paris30_camo_unique_unlock,0,0,1,,,,,,,44955,0
44960,t10_pi_p12_paris30_camo_gold,0,0,10,73194,2500,,,,t10_pi_p12_paris30_camo_gold_unlock,,0
44961,t10_pi_p12_paris30_camo_gold_wrapper,0,0,1,,,,,,,44960,0
44962,t10_pi_p12_paris30_camo_gold_unlock,0,0,2,,,,,,,44956|44957,0
44963,t10_pi_p12_paris30_camo_diamond,0,0,10,73294,5000,,,,t10_pi_p12_paris30_camo_diamond_unlock,,0
44964,t10_pi_p12_paris30_camo_diamond_wrapper,0,0,1,,,,,,,44963,0
44965,t10_pi_p12_paris30_camo_diamond_unlock,0,0,2,,,,,,,44961|38331,0
44966,t10_pi_p12_paris30_camo_intergalactic,0,0,3,73394,7500,,,,t10_pi_p12_paris30_camo_intergalactic_unlock,,0
44967,t10_pi_p12_paris30_camo_intergalactic_wrapper,0,0,1,,,,,,,44966,0
44968,t10_pi_p12_paris30_camo_intergalactic_unlock,0,0,2,,,,,,,44964|38337,0
44969,t10_pi_p12_paris30_camo_darkmatter,0,0,3,73494,7500,,,,t10_pi_p12_paris30_camo_darkmatter_unlock,,0
44970,t10_pi_p12_paris30_camo_darkmatter_wrapper,0,0,1,,,,,,,44969,0
44971,t10_pi_p12_paris30_camo_darkmatter_unlock,0,0,2,,,,,,,44967|38328,0
44989,t10_pi_p12_paris30_camo_zm_base,0,0,100|200|300|400|600|800|1000|1500|2000,72318|72418|72518|72618|72718|72818|72918|73018|73118,100|200|300|400|500|600|700|800|900,,,,,,0
44990,t10_pi_p12_paris30_camo_zm_unique1,0,0,300,70682,1000,,,,t10_pi_p12_paris30_camo_zm_unique_unlock,,0
44991,t10_pi_p12_paris30_camo_zm_unique2,0,0,30,70705,1000,,,,t10_pi_p12_paris30_camo_zm_unique_unlock,,0
44992,t10_pi_p12_paris30_camo_zm_unique_wrapper,0,0,1,,,,,,,44990|44991,0
44993,t10_pi_p12_paris30_camo_zm_unique_unlock,0,0,1,,,,,,,44989,0
44994,t10_pi_p12_paris30_camo_zm_gold,0,0,15,73262,2500,,,,t10_pi_p12_paris30_camo_zm_gold_unlock,,0
44995,t10_pi_p12_paris30_camo_zm_gold_wrapper,0,0,1,,,,,,,44994,0
44996,t10_pi_p12_paris30_camo_zm_gold_unlock,0,0,2,,,,,,,44990|44991,0
44997,t10_pi_p12_paris30_camo_zm_diamond,0,0,30,73362,5000,,,,t10_pi_p12_paris30_camo_zm_diamond_unlock,,0
44998,t10_pi_p12_paris30_camo_zm_diamond_wrapper,0,0,1,,,,,,,44997,0
44999,t10_pi_p12_paris30_camo_zm_diamond_unlock,0,0,2,,,,,,,44995|38898,0
45000,t10_pi_p12_paris30_camo_zm_intergalactic,0,0,10,73462,7500,,,,t10_pi_p12_paris30_camo_zm_intergalactic_unlock,,0
45001,t10_pi_p12_paris30_camo_zm_intergalactic_wrapper,0,0,1,,,,,,,45000,0
45002,t10_pi_p12_paris30_camo_zm_intergalactic_unlock,0,0,2,,,,,,,44998|38904,0
45003,t10_pi_p12_paris30_camo_zm_darkmatter,0,0,10,73562,7500,,,,t10_pi_p12_paris30_camo_zm_darkmatter_unlock,,0
45004,t10_pi_p12_paris30_camo_zm_darkmatter_wrapper,0,0,1,,,,,,,45003,0
45005,t10_pi_p12_paris30_camo_zm_darkmatter_unlock,0,0,2,,,,,,,45001|38905,0
44972,t10_pi_p12_paris30_camo_wz_base,0,0,5|10|15|20|30|40|50|75|100,72284|72384|72484|72584|72684|72784|72884|72984|73084,100|200|300|400|500|600|700|800|900,,,,,,0
44973,t10_pi_p12_paris30_camo_wz_unique1,0,0,5,70681,1000,,,,t10_pi_p12_paris30_camo_wz_unique_unlock,,0
44974,t10_pi_p12_paris30_camo_wz_unique2,0,0,5,70704,1000,,,,t10_pi_p12_paris30_camo_wz_unique_unlock,,0
44975,t10_pi_p12_paris30_camo_wz_unique_wrapper,0,0,1,,,,,,,44973|44974,0
44976,t10_pi_p12_paris30_camo_wz_unique_unlock,0,0,1,,,,,,,44972,0
44977,t10_pi_p12_paris30_camo_wz_gold,0,0,3,73228+,2500,,,,t10_pi_p12_paris30_camo_wz_gold_unlock,,0
44978,t10_pi_p12_paris30_camo_wz_gold_wrapper,0,0,1,,,,,,,44977,0
44979,t10_pi_p12_paris30_camo_wz_gold_unlock,0,0,2,,,,,,,44973|44974,0
44980,t10_pi_p12_paris30_camo_wz_diamond,0,0,2,73328,5000,,,,t10_pi_p12_paris30_camo_wz_diamond_unlock,,0
44981,t10_pi_p12_paris30_camo_wz_diamond_wrapper,0,0,1,,,,,,,44980,0
44982,t10_pi_p12_paris30_camo_wz_diamond_unlock,0,0,2,,,,,,,44978|38888,0
44983,t10_pi_p12_paris30_camo_wz_intergalactic,0,0,3,73428,7500,,,,t10_pi_p12_paris30_camo_wz_intergalactic_unlock,,0
44984,t10_pi_p12_paris30_camo_wz_intergalactic_wrapper,0,0,1,,,,,,,44983,0
44985,t10_pi_p12_paris30_camo_wz_intergalactic_unlock,0,0,2,,,,,,,44981|38894,0
44986,t10_pi_p12_paris30_camo_wz_darkmatter,0,0,1,73528,7500,,,,t10_pi_p12_paris30_camo_wz_darkmatter_unlock,,0
44987,t10_pi_p12_paris30_camo_wz_darkmatter_wrapper,0,0,1,,,,,,,44986,0
44988,t10_pi_p12_paris30_camo_wz_darkmatter_unlock,0,0,2,,,,,,,44984|38895,0
44904,t10_pi_p13_usugar9_camo_base,0,0,5|10|15|20|30|40|50|75|100,72264|72364|72464|72564|72664|72764|72864|72964|73064,100|200|300|400|500|600|700|800|900,,,,,,0
44905,t10_pi_p13_usugar9_camo_unique1,0,0,30,70764,1000,,,,t10_pi_p13_usugar9_camo_unique_unlock,,0
44906,t10_pi_p13_usugar9_camo_unique2,0,0,15,71789,1000,,,,t10_pi_p13_usugar9_camo_unique_unlock,,0
44907,t10_pi_p13_usugar9_camo_unique_wrapper,0,0,1,,,,,,,44905|44906,0
44908,t10_pi_p13_usugar9_camo_unique_unlock,0,0,1,,,,,,,44904,0
44909,t10_pi_p13_usugar9_camo_gold,0,0,10,73208,2500,,,,t10_pi_p13_usugar9_camo_gold_unlock,,0
44910,t10_pi_p13_usugar9_camo_gold_wrapper,0,0,1,,,,,,,44909,0
44911,t10_pi_p13_usugar9_camo_gold_unlock,0,0,2,,,,,,,44905|44906,0
44912,t10_pi_p13_usugar9_camo_diamond,0,0,10,73308,5000,,,,t10_pi_p13_usugar9_camo_diamond_unlock,,0
44913,t10_pi_p13_usugar9_camo_diamond_wrapper,0,0,1,,,,,,,44912,0
44914,t10_pi_p13_usugar9_camo_diamond_unlock,0,0,2,,,,,,,44910|38331,0
44915,t10_pi_p13_usugar9_camo_intergalactic,0,0,3,73408,7500,,,,t10_pi_p13_usugar9_camo_intergalactic_unlock,,0
44916,t10_pi_p13_usugar9_camo_intergalactic_wrapper,0,0,1,,,,,,,44915,0
44917,t10_pi_p13_usugar9_camo_intergalactic_unlock,0,0,2,,,,,,,44913|38337,0
44918,t10_pi_p13_usugar9_camo_darkmatter,0,0,3,73508,7500,,,,t10_pi_p13_usugar9_camo_darkmatter_unlock,,0
44919,t10_pi_p13_usugar9_camo_darkmatter_wrapper,0,0,1,,,,,,,44918,0
44920,t10_pi_p13_usugar9_camo_darkmatter_unlock,0,0,2,,,,,,,44916|38328,0
44938,t10_pi_p13_usugar9_camo_zm_base,0,0,100|200|300|400|600|800|1000|1500|2000,72332|72432|72532|72632|72732|72832|72932|73032|73132,100|200|300|400|500|600|700|800|900,,,,,,0
44939,t10_pi_p13_usugar9_camo_zm_unique1,0,0,300,70766,1000,,,,t10_pi_p13_usugar9_camo_zm_unique_unlock,,0
44940,t10_pi_p13_usugar9_camo_zm_unique2,0,0,300,71791,1000,,,,t10_pi_p13_usugar9_camo_zm_unique_unlock,,0
44941,t10_pi_p13_usugar9_camo_zm_unique_wrapper,0,0,1,,,,,,,44939|44940,0
44942,t10_pi_p13_usugar9_camo_zm_unique_unlock,0,0,1,,,,,,,44938,0
44943,t10_pi_p13_usugar9_camo_zm_gold,0,0,15,73276,2500,,,,t10_pi_p13_usugar9_camo_zm_gold_unlock,,0
44944,t10_pi_p13_usugar9_camo_zm_gold_wrapper,0,0,1,,,,,,,44943,0
44945,t10_pi_p13_usugar9_camo_zm_gold_unlock,0,0,2,,,,,,,44939|44940,0
44946,t10_pi_p13_usugar9_camo_zm_diamond,0,0,30,73376,5000,,,,t10_pi_p13_usugar9_camo_zm_diamond_unlock,,0
44947,t10_pi_p13_usugar9_camo_zm_diamond_wrapper,0,0,1,,,,,,,44946,0
44948,t10_pi_p13_usugar9_camo_zm_diamond_unlock,0,0,2,,,,,,,44944|38898,0
44949,t10_pi_p13_usugar9_camo_zm_intergalactic,0,0,10,73476,7500,,,,t10_pi_p13_usugar9_camo_zm_intergalactic_unlock,,0
44950,t10_pi_p13_usugar9_camo_zm_intergalactic_wrapper,0,0,1,,,,,,,44949,0
44951,t10_pi_p13_usugar9_camo_zm_intergalactic_unlock,0,0,2,,,,,,,44947|38904,0
44952,t10_pi_p13_usugar9_camo_zm_darkmatter,0,0,10,73576,7500,,,,t10_pi_p13_usugar9_camo_zm_darkmatter_unlock,,0
44953,t10_pi_p13_usugar9_camo_zm_darkmatter_wrapper,0,0,1,,,,,,,44952,0
44954,t10_pi_p13_usugar9_camo_zm_darkmatter_unlock,0,0,2,,,,,,,44950|38905,0
44921,t10_pi_p13_usugar9_camo_wz_base,0,0,5|10|15|20|30|40|50|75|100,72298|72398|72498|72598|72698|72798|72898|72998|73098,100|200|300|400|500|600|700|800|900,,,,,,0
44922,t10_pi_p13_usugar9_camo_wz_unique1,0,0,5,70765,1000,,,,t10_pi_p13_usugar9_camo_wz_unique_unlock,,0
44923,t10_pi_p13_usugar9_camo_wz_unique2,0,0,5,71790,1000,,,,t10_pi_p13_usugar9_camo_wz_unique_unlock,,0
44924,t10_pi_p13_usugar9_camo_wz_unique_wrapper,0,0,1,,,,,,,44922|44923,0
44925,t10_pi_p13_usugar9_camo_wz_unique_unlock,0,0,1,,,,,,,44921,0
44926,t10_pi_p13_usugar9_camo_wz_gold,0,0,3,73242,2500,,,,t10_pi_p13_usugar9_camo_wz_gold_unlock,,0
44927,t10_pi_p13_usugar9_camo_wz_gold_wrapper,0,0,1,,,,,,,44926,0
44928,t10_pi_p13_usugar9_camo_wz_gold_unlock,0,0,2,,,,,,,44922|44923,0
44929,t10_pi_p13_usugar9_camo_wz_diamond,0,0,2,73342,5000,,,,t10_pi_p13_usugar9_camo_wz_diamond_unlock,,0
44930,t10_pi_p13_usugar9_camo_wz_diamond_wrapper,0,0,1,,,,,,,44929,0
44931,t10_pi_p13_usugar9_camo_wz_diamond_unlock,0,0,2,,,,,,,44927|38888,0
44932,t10_pi_p13_usugar9_camo_wz_intergalactic,0,0,3,73442,7500,,,,t10_pi_p13_usugar9_camo_wz_intergalactic_unlock,,0
44933,t10_pi_p13_usugar9_camo_wz_intergalactic_wrapper,0,0,1,,,,,,,44932,0
44934,t10_pi_p13_usugar9_camo_wz_intergalactic_unlock,0,0,2,,,,,,,44930|38894,0
44935,t10_pi_p13_usugar9_camo_wz_darkmatter,0,0,1,73542,7500,,,,t10_pi_p13_usugar9_camo_wz_darkmatter_unlock,,0
44936,t10_pi_p13_usugar9_camo_wz_darkmatter_wrapper,0,0,1,,,,,,,44935,0
44937,t10_pi_p13_usugar9_camo_wz_darkmatter_unlock,0,0,2,,,,,,,44933|38895,0
44853,t10_pi_p14_mable_camo_base,0,0,5|10|15|20|30|40|50|75|100,72247|72347|72447|72547|72647|72747|72847|72947|73047,100|200|300|400|500|600|700|800|900,,,,,,0
44854,t10_pi_p14_mable_camo_unique1,0,0,15,70718,1000,,,,t10_pi_p14_mable_camo_unique_unlock,,0
44855,t10_pi_p14_mable_camo_unique2,0,0,50,71978,1000,,,,t10_pi_p14_mable_camo_unique_unlock,,0
44856,t10_pi_p14_mable_camo_unique_wrapper,0,0,1,,,,,,,44854|44855,0
44857,t10_pi_p14_mable_camo_unique_unlock,0,0,1,,,,,,,44853,0
44858,t10_pi_p14_mable_camo_gold,0,0,10,73191,2500,,,,t10_pi_p14_mable_camo_gold_unlock,,0
44859,t10_pi_p14_mable_camo_gold_wrapper,0,0,1,,,,,,,44858,0
44860,t10_pi_p14_mable_camo_gold_unlock,0,0,2,,,,,,,44854|44855,0
44861,t10_pi_p14_mable_camo_diamond,0,0,10,73291,5000,,,,t10_pi_p14_mable_camo_diamond_unlock,,0
44862,t10_pi_p14_mable_camo_diamond_wrapper,0,0,1,,,,,,,44861,0
44863,t10_pi_p14_mable_camo_diamond_unlock,0,0,2,,,,,,,44859|38331,0
44864,t10_pi_p14_mable_camo_intergalactic,0,0,3,73391,7500,,,,t10_pi_p14_mable_camo_intergalactic_unlock,,0
44865,t10_pi_p14_mable_camo_intergalactic_wrapper,0,0,1,,,,,,,44864,0
44866,t10_pi_p14_mable_camo_intergalactic_unlock,0,0,2,,,,,,,44862|38337,0
44867,t10_pi_p14_mable_camo_darkmatter,0,0,3,73491,7500,,,,t10_pi_p14_mable_camo_darkmatter_unlock,,0
44868,t10_pi_p14_mable_camo_darkmatter_wrapper,0,0,1,,,,,,,44867,0
44869,t10_pi_p14_mable_camo_darkmatter_unlock,0,0,2,,,,,,,44865|38328,0
44887,t10_pi_p14_mable_camo_zm_base,0,0,100|200|300|400|600|800|1000|1500|2000,72315|72415|72515|72615|72715|72815|72915|73015|73115,100|200|300|400|500|600|700|800|900,,,,,,0
44888,t10_pi_p14_mable_camo_zm_unique1,0,0,300,70720,1000,,,,t10_pi_p14_mable_camo_zm_unique_unlock,,0
44889,t10_pi_p14_mable_camo_zm_unique2,0,0,300,71980,1000,,,,t10_pi_p14_mable_camo_zm_unique_unlock,,0
44890,t10_pi_p14_mable_camo_zm_unique_wrapper,0,0,1,,,,,,,44888|44889,0
44891,t10_pi_p14_mable_camo_zm_unique_unlock,0,0,1,,,,,,,44887,0
44892,t10_pi_p14_mable_camo_zm_gold,0,0,15,73259,2500,,,,t10_pi_p14_mable_camo_zm_gold_unlock,,0
44893,t10_pi_p14_mable_camo_zm_gold_wrapper,0,0,1,,,,,,,44892,0
44894,t10_pi_p14_mable_camo_zm_gold_unlock,0,0,2,,,,,,,44888|44889,0
44895,t10_pi_p14_mable_camo_zm_diamond,0,0,30,73359,5000,,,,t10_pi_p14_mable_camo_zm_diamond_unlock,,0
44896,t10_pi_p14_mable_camo_zm_diamond_wrapper,0,0,1,,,,,,,44895,0
44897,t10_pi_p14_mable_camo_zm_diamond_unlock,0,0,2,,,,,,,44893|38898,0
44898,t10_pi_p14_mable_camo_zm_intergalactic,0,0,10,73459,7500,,,,t10_pi_p14_mable_camo_zm_intergalactic_unlock,,0
44899,t10_pi_p14_mable_camo_zm_intergalactic_wrapper,0,0,1,,,,,,,44898,0
44900,t10_pi_p14_mable_camo_zm_intergalactic_unlock,0,0,2,,,,,,,44896|38904,0
44901,t10_pi_p14_mable_camo_zm_darkmatter,0,0,10,73559,7500,,,,t10_pi_p14_mable_camo_zm_darkmatter_unlock,,0
44902,t10_pi_p14_mable_camo_zm_darkmatter_wrapper,0,0,1,,,,,,,44901,0
44903,t10_pi_p14_mable_camo_zm_darkmatter_unlock,0,0,2,,,,,,,44899|38905,0
44870,t10_pi_p14_mable_camo_wz_base,0,0,5|10|15|20|30|40|50|75|100,72281|72381|72481|72581|72681|72781|72881|72981|73081,100|200|300|400|500|600|700|800|900,,,,,,0
44871,t10_pi_p14_mable_camo_wz_unique1,0,0,10,70719,1000,,,,t10_pi_p14_mable_camo_wz_unique_unlock,,0
44872,t10_pi_p14_mable_camo_wz_unique2,0,0,5,71979,1000,,,,t10_pi_p14_mable_camo_wz_unique_unlock,,0
44873,t10_pi_p14_mable_camo_wz_unique_wrapper,0,0,1,,,,,,,44871|44872,0
44874,t10_pi_p14_mable_camo_wz_unique_unlock,0,0,1,,,,,,,44870,0
44875,t10_pi_p14_mable_camo_wz_gold,0,0,3,73225,2500,,,,t10_pi_p14_mable_camo_wz_gold_unlock,,0
44876,t10_pi_p14_mable_camo_wz_gold_wrapper,0,0,1,,,,,,,44875,0
44877,t10_pi_p14_mable_camo_wz_gold_unlock,0,0,2,,,,,,,44871|44872,0
44878,t10_pi_p14_mable_camo_wz_diamond,0,0,2,73325,5000,,,,t10_pi_p14_mable_camo_wz_diamond_unlock,,0
44879,t10_pi_p14_mable_camo_wz_diamond_wrapper,0,0,1,,,,,,,44878,0
44880,t10_pi_p14_mable_camo_wz_diamond_unlock,0,0,2,,,,,,,44876|38888,0
44881,t10_pi_p14_mable_camo_wz_intergalactic,0,0,3,73425,7500,,,,t10_pi_p14_mable_camo_wz_intergalactic_unlock,,0
44882,t10_pi_p14_mable_camo_wz_intergalactic_wrapper,0,0,1,,,,,,,44881,0
44883,t10_pi_p14_mable_camo_wz_intergalactic_unlock,0,0,2,,,,,,,44879|38894,0
44884,t10_pi_p14_mable_camo_wz_darkmatter,0,0,1,73525,7500,,,,t10_pi_p14_mable_camo_wz_darkmatter_unlock,,0
44885,t10_pi_p14_mable_camo_wz_darkmatter_wrapper,0,0,1,,,,,,,44884,0
44886,t10_pi_p14_mable_camo_wz_darkmatter_unlock,0,0,2,,,,,,,44882|38895,0
44802,t10_pi_p14_stiger_camo_base,0,0,5|10|15|20|30|40|50|75|100,72259|72359|72459|72559|72659|72759|72859|72959|73059,100|200|300|400|500|600|700|800|900,,,,,,0
44803,t10_pi_p14_stiger_camo_unique1,0,0,30,70695,1000,,,,t10_pi_p14_stiger_camo_unique_unlock,,0
44804,t10_pi_p14_stiger_camo_unique2,0,0,50,70752,1000,,,,t10_pi_p14_stiger_camo_unique_unlock,,0
44805,t10_pi_p14_stiger_camo_unique_wrapper,0,0,1,,,,,,,44803|44804,0
44806,t10_pi_p14_stiger_camo_unique_unlock,0,0,1,,,,,,,44802,0
44807,t10_pi_p14_stiger_camo_gold,0,0,10,73203,2500,,,,t10_pi_p14_stiger_camo_gold_unlock,,0
44808,t10_pi_p14_stiger_camo_gold_wrapper,0,0,1,,,,,,,44807,0
44809,t10_pi_p14_stiger_camo_gold_unlock,0,0,2,,,,,,,44803|44804,0
44810,t10_pi_p14_stiger_camo_diamond,0,0,10,73303,5000,,,,t10_pi_p14_stiger_camo_diamond_unlock,,0
44811,t10_pi_p14_stiger_camo_diamond_wrapper,0,0,1,,,,,,,44810,0
44812,t10_pi_p14_stiger_camo_diamond_unlock,0,0,2,,,,,,,44808|38331,0
44813,t10_pi_p14_stiger_camo_intergalactic,0,0,3,73403,7500,,,,t10_pi_p14_stiger_camo_intergalactic_unlock,,0
44814,t10_pi_p14_stiger_camo_intergalactic_wrapper,0,0,1,,,,,,,44813,0
44815,t10_pi_p14_stiger_camo_intergalactic_unlock,0,0,2,,,,,,,44811|38337,0
44816,t10_pi_p14_stiger_camo_darkmatter,0,0,3,73503,7500,,,,t10_pi_p14_stiger_camo_darkmatter_unlock,,0
44817,t10_pi_p14_stiger_camo_darkmatter_wrapper,0,0,1,,,,,,,44816,0
44818,t10_pi_p14_stiger_camo_darkmatter_unlock,0,0,2,,,,,,,44814|38328,0
44836,t10_pi_p14_stiger_camo_zm_base,0,0,100|200|300|400|600|800|1000|1500|2000,72327|72427|72527|72627|72727|72827|72927|73027|73127,100|200|300|400|500|600|700|800|900,,,,,,0
44837,t10_pi_p14_stiger_camo_zm_unique1,0,0,10,70697,1000,,,,t10_pi_p14_stiger_camo_zm_unique_unlock,,0
44838,t10_pi_p14_stiger_camo_zm_unique2,0,0,15,70754,1000,,,,t10_pi_p14_stiger_camo_zm_unique_unlock,,0
44839,t10_pi_p14_stiger_camo_zm_unique_wrapper,0,0,1,,,,,,,44837|44838,0
44840,t10_pi_p14_stiger_camo_zm_unique_unlock,0,0,1,,,,,,,44836,0
44841,t10_pi_p14_stiger_camo_zm_gold,0,0,15,73271,2500,,,,t10_pi_p14_stiger_camo_zm_gold_unlock,,0
44842,t10_pi_p14_stiger_camo_zm_gold_wrapper,0,0,1,,,,,,,44841,0
44843,t10_pi_p14_stiger_camo_zm_gold_unlock,0,0,2,,,,,,,44837|44838,0
44844,t10_pi_p14_stiger_camo_zm_diamond,0,0,30,73371,5000,,,,t10_pi_p14_stiger_camo_zm_diamond_unlock,,0
44845,t10_pi_p14_stiger_camo_zm_diamond_wrapper,0,0,1,,,,,,,44844,0
44846,t10_pi_p14_stiger_camo_zm_diamond_unlock,0,0,2,,,,,,,44842|38898,0
44847,t10_pi_p14_stiger_camo_zm_intergalactic,0,0,10,73471,7500,,,,t10_pi_p14_stiger_camo_zm_intergalactic_unlock,,0
44848,t10_pi_p14_stiger_camo_zm_intergalactic_wrapper,0,0,1,,,,,,,44847,0
44849,t10_pi_p14_stiger_camo_zm_intergalactic_unlock,0,0,2,,,,,,,44845|38904,0
44850,t10_pi_p14_stiger_camo_zm_darkmatter,0,0,10,73571,7500,,,,t10_pi_p14_stiger_camo_zm_darkmatter_unlock,,0
44851,t10_pi_p14_stiger_camo_zm_darkmatter_wrapper,0,0,1,,,,,,,44850,0
44852,t10_pi_p14_stiger_camo_zm_darkmatter_unlock,0,0,2,,,,,,,44848|38905,0
44819,t10_pi_p14_stiger_camo_wz_base,0,0,5|10|15|20|30|40|50|75|100,72293|72393|72493|72593|72693|72793|72893|72993|73093,100|200|300|400|500|600|700|800|900,,,,,,0
44820,t10_pi_p14_stiger_camo_wz_unique1,0,0,10,70696,1000,,,,t10_pi_p14_stiger_camo_wz_unique_unlock,,0
44821,t10_pi_p14_stiger_camo_wz_unique2,0,0,5,70753,1000,,,,t10_pi_p14_stiger_camo_wz_unique_unlock,,0
44822,t10_pi_p14_stiger_camo_wz_unique_wrapper,0,0,1,,,,,,,44820|44821,0
44823,t10_pi_p14_stiger_camo_wz_unique_unlock,0,0,1,,,,,,,44819,0
44824,t10_pi_p14_stiger_camo_wz_gold,0,0,3,73237,2500,,,,t10_pi_p14_stiger_camo_wz_gold_unlock,,0
44825,t10_pi_p14_stiger_camo_wz_gold_wrapper,0,0,1,,,,,,,44824,0
44826,t10_pi_p14_stiger_camo_wz_gold_unlock,0,0,2,,,,,,,44820|44821,0
44827,t10_pi_p14_stiger_camo_wz_diamond,0,0,2,73337,5000,,,,t10_pi_p14_stiger_camo_wz_diamond_unlock,,0
44828,t10_pi_p14_stiger_camo_wz_diamond_wrapper,0,0,1,,,,,,,44827,0
44829,t10_pi_p14_stiger_camo_wz_diamond_unlock,0,0,2,,,,,,,44825|38888,0
44830,t10_pi_p14_stiger_camo_wz_intergalactic,0,0,3,73437,7500,,,,t10_pi_p14_stiger_camo_wz_intergalactic_unlock,,0
44831,t10_pi_p14_stiger_camo_wz_intergalactic_wrapper,0,0,1,,,,,,,44830,0
44832,t10_pi_p14_stiger_camo_wz_intergalactic_unlock,0,0,2,,,,,,,44828|38894,0
44833,t10_pi_p14_stiger_camo_wz_darkmatter,0,0,1,73537,7500,,,,t10_pi_p14_stiger_camo_wz_darkmatter_unlock,,0
44834,t10_pi_p14_stiger_camo_wz_darkmatter_wrapper,0,0,1,,,,,,,44833,0
44835,t10_pi_p14_stiger_camo_wz_darkmatter_unlock,0,0,2,,,,,,,44831|38895,0
44751,t10_sh_p10_moslo500_camo_base,0,0,5|10|15|20|30|40|50|75|100,72248|72348|72448|72548|72648|72748|72848|72948|73048,100|200|300|400|500|600|700|800|900,,,,,,0
44752,t10_sh_p10_moslo500_camo_unique1,0,0,30,63040,1000,,,,t10_sh_p10_moslo500_camo_unique_unlock,,0
44753,t10_sh_p10_moslo500_camo_unique2,0,0,30,72033,1000,,,,t10_sh_p10_moslo500_camo_unique_unlock,,0
44754,t10_sh_p10_moslo500_camo_unique_wrapper,0,0,1,,,,,,,44752|44753,0
44755,t10_sh_p10_moslo500_camo_unique_unlock,0,0,1,,,,,,,44751,0
44756,t10_sh_p10_moslo500_camo_gold,0,0,10,73192,2500,,,,t10_sh_p10_moslo500_camo_gold_unlock,,0
44757,t10_sh_p10_moslo500_camo_gold_wrapper,0,0,1,,,,,,,44756,0
44758,t10_sh_p10_moslo500_camo_gold_unlock,0,0,2,,,,,,,44752|44753,0
44759,t10_sh_p10_moslo500_camo_diamond,0,0,10,73292,5000,,,,t10_sh_p10_moslo500_camo_diamond_unlock,,0
44760,t10_sh_p10_moslo500_camo_diamond_wrapper,0,0,1,,,,,,,44759,0
44761,t10_sh_p10_moslo500_camo_diamond_unlock,0,0,2,,,,,,,44757|38335,0
44762,t10_sh_p10_moslo500_camo_intergalactic,0,0,3,73392,7500,,,,t10_sh_p10_moslo500_camo_intergalactic_unlock,,0
44763,t10_sh_p10_moslo500_camo_intergalactic_wrapper,0,0,1,,,,,,,44762,0
44764,t10_sh_p10_moslo500_camo_intergalactic_unlock,0,0,2,,,,,,,44760|38337,0
44765,t10_sh_p10_moslo500_camo_darkmatter,0,0,3,73492,7500,,,,t10_sh_p10_moslo500_camo_darkmatter_unlock,,0
44766,t10_sh_p10_moslo500_camo_darkmatter_wrapper,0,0,1,,,,,,,44765,0
44767,t10_sh_p10_moslo500_camo_darkmatter_unlock,0,0,2,,,,,,,44763|38328,0
44785,t10_sh_p10_moslo500_camo_zm_base,0,0,100|200|300|400|600|800|1000|1500|2000,72316|72416|72516|72616|72716|72816|72916|73016|73116,100|200|300|400|500|600|700|800|900,,,,,,0
44786,t10_sh_p10_moslo500_camo_zm_unique1,0,0,300,71997,1000,,,,t10_sh_p10_moslo500_camo_zm_unique_unlock,,0
44787,t10_sh_p10_moslo500_camo_zm_unique2,0,0,300,72035,1000,,,,t10_sh_p10_moslo500_camo_zm_unique_unlock,,0
44788,t10_sh_p10_moslo500_camo_zm_unique_wrapper,0,0,1,,,,,,,44786|44787,0
44789,t10_sh_p10_moslo500_camo_zm_unique_unlock,0,0,1,,,,,,,44785,0
44790,t10_sh_p10_moslo500_camo_zm_gold,0,0,15,73260,2500,,,,t10_sh_p10_moslo500_camo_zm_gold_unlock,,0
44791,t10_sh_p10_moslo500_camo_zm_gold_wrapper,0,0,1,,,,,,,44790,0
44792,t10_sh_p10_moslo500_camo_zm_gold_unlock,0,0,2,,,,,,,44786|44787,0
44793,t10_sh_p10_moslo500_camo_zm_diamond,0,0,30,73360,5000,,,,t10_sh_p10_moslo500_camo_zm_diamond_unlock,,0
44794,t10_sh_p10_moslo500_camo_zm_diamond_wrapper,0,0,1,,,,,,,44793,0
44795,t10_sh_p10_moslo500_camo_zm_diamond_unlock,0,0,2,,,,,,,44791|38902,0
44796,t10_sh_p10_moslo500_camo_zm_intergalactic,0,0,10,73460,7500,,,,t10_sh_p10_moslo500_camo_zm_intergalactic_unlock,,0
44797,t10_sh_p10_moslo500_camo_zm_intergalactic_wrapper,0,0,1,,,,,,,44796,0
44798,t10_sh_p10_moslo500_camo_zm_intergalactic_unlock,0,0,2,,,,,,,44794|38904,0
44799,t10_sh_p10_moslo500_camo_zm_darkmatter,0,0,10,73560,7500,,,,t10_sh_p10_moslo500_camo_zm_darkmatter_unlock,,0
44800,t10_sh_p10_moslo500_camo_zm_darkmatter_wrapper,0,0,1,,,,,,,44799,0
44801,t10_sh_p10_moslo500_camo_zm_darkmatter_unlock,0,0,2,,,,,,,44797|38905,0
44768,t10_sh_p10_moslo500_camo_wz_base,0,0,5|10|15|20|30|40|50|75|100,72282|72382|72482|72582|72682|72782|72882|72982|73082,100|200|300|400|500|600|700|800|900,,,,,,0
44769,t10_sh_p10_moslo500_camo_wz_unique1,0,0,5,71996,1000,,,,t10_sh_p10_moslo500_camo_wz_unique_unlock,,0
44770,t10_sh_p10_moslo500_camo_wz_unique2,0,0,5,72034,1000,,,,t10_sh_p10_moslo500_camo_wz_unique_unlock,,0
44771,t10_sh_p10_moslo500_camo_wz_unique_wrapper,0,0,1,,,,,,,44769|44770,0
44772,t10_sh_p10_moslo500_camo_wz_unique_unlock,0,0,1,,,,,,,44768,0
44773,t10_sh_p10_moslo500_camo_wz_gold,0,0,5,73226,2500,,,,t10_sh_p10_moslo500_camo_wz_gold_unlock,,0
44774,t10_sh_p10_moslo500_camo_wz_gold_wrapper,0,0,1,,,,,,,44773,0
44775,t10_sh_p10_moslo500_camo_wz_gold_unlock,0,0,2,,,,,,,44769|44770,0
44776,t10_sh_p10_moslo500_camo_wz_diamond,0,0,5,73326,5000,,,,t10_sh_p10_moslo500_camo_wz_diamond_unlock,,0
44777,t10_sh_p10_moslo500_camo_wz_diamond_wrapper,0,0,1,,,,,,,44776,0
44778,t10_sh_p10_moslo500_camo_wz_diamond_unlock,0,0,2,,,,,,,44774|38892,0
44779,t10_sh_p10_moslo500_camo_wz_intergalactic,0,0,5,73426,7500,,,,t10_sh_p10_moslo500_camo_wz_intergalactic_unlock,,0
44780,t10_sh_p10_moslo500_camo_wz_intergalactic_wrapper,0,0,1,,,,,,,44779,0
44781,t10_sh_p10_moslo500_camo_wz_intergalactic_unlock,0,0,2,,,,,,,44777|38894,0
44782,t10_sh_p10_moslo500_camo_wz_darkmatter,0,0,2,73526,7500,,,,t10_sh_p10_moslo500_camo_wz_darkmatter_unlock,,0
44783,t10_sh_p10_moslo500_camo_wz_darkmatter_wrapper,0,0,1,,,,,,,44782,0
44784,t10_sh_p10_moslo500_camo_wz_darkmatter_unlock,0,0,2,,,,,,,44780|38895,0
44700,t10_sh_p25_uncle12_camo_base,0,0,5|10|15|20|30|40|50|75|100,72263|72363|72463|72563|72663|72763|72863|72963|73063,100|200|300|400|500|600|700|800|900,,,,,,0
44701,t10_sh_p25_uncle12_camo_unique1,0,0,30,72013,1000,,,,t10_sh_p25_uncle12_camo_unique_unlock,,0
44702,t10_sh_p25_uncle12_camo_unique2,0,0,50,72030,1000,,,,t10_sh_p25_uncle12_camo_unique_unlock,,0
44703,t10_sh_p25_uncle12_camo_unique_wrapper,0,0,1,,,,,,,44701|44702,0
44704,t10_sh_p25_uncle12_camo_unique_unlock,0,0,1,,,,,,,44700,0
44705,t10_sh_p25_uncle12_camo_gold,0,0,10,73207,2500,,,,t10_sh_p25_uncle12_camo_gold_unlock,,0
44706,t10_sh_p25_uncle12_camo_gold_wrapper,0,0,1,,,,,,,44705,0
44707,t10_sh_p25_uncle12_camo_gold_unlock,0,0,2,,,,,,,44701|44702,0
44708,t10_sh_p25_uncle12_camo_diamond,0,0,10,73307,5000,,,,t10_sh_p25_uncle12_camo_diamond_unlock,,0
44709,t10_sh_p25_uncle12_camo_diamond_wrapper,0,0,1,,,,,,,44708,0
44710,t10_sh_p25_uncle12_camo_diamond_unlock,0,0,2,,,,,,,44706|38335,0
44711,t10_sh_p25_uncle12_camo_intergalactic,0,0,3,73407,7500,,,,t10_sh_p25_uncle12_camo_intergalactic_unlock,,0
44712,t10_sh_p25_uncle12_camo_intergalactic_wrapper,0,0,1,,,,,,,44711,0
44713,t10_sh_p25_uncle12_camo_intergalactic_unlock,0,0,2,,,,,,,44709|38337,0
44714,t10_sh_p25_uncle12_camo_darkmatter,0,0,3,73507,7500,,,,t10_sh_p25_uncle12_camo_darkmatter_unlock,,0
44715,t10_sh_p25_uncle12_camo_darkmatter_wrapper,0,0,1,,,,,,,44714,0
44716,t10_sh_p25_uncle12_camo_darkmatter_unlock,0,0,2,,,,,,,44712|38328,0
44734,t10_sh_p25_uncle12_camo_zm_base,0,0,100|200|300|400|600|800|1000|1500|2000,72331|72431|72531|72631|72731|72831|72931|73031|73131,100|200|300|400|500|600|700|800|900,,,,,,0
44735,t10_sh_p25_uncle12_camo_zm_unique1,0,0,100,72015,1000,,,,t10_sh_p25_uncle12_camo_zm_unique_unlock,,0
44736,t10_sh_p25_uncle12_camo_zm_unique2,0,0,30,72032,1000,,,,t10_sh_p25_uncle12_camo_zm_unique_unlock,,0
44737,t10_sh_p25_uncle12_camo_zm_unique_wrapper,0,0,1,,,,,,,44735|44736,0
44738,t10_sh_p25_uncle12_camo_zm_unique_unlock,0,0,1,,,,,,,44734,0
44739,t10_sh_p25_uncle12_camo_zm_gold,0,0,15,73275,2500,,,,t10_sh_p25_uncle12_camo_zm_gold_unlock,,0
44740,t10_sh_p25_uncle12_camo_zm_gold_wrapper,0,0,1,,,,,,,44739,0
44741,t10_sh_p25_uncle12_camo_zm_gold_unlock,0,0,2,,,,,,,44735|44736,0
44742,t10_sh_p25_uncle12_camo_zm_diamond,0,0,30,73375,5000,,,,t10_sh_p25_uncle12_camo_zm_diamond_unlock,,0
44743,t10_sh_p25_uncle12_camo_zm_diamond_wrapper,0,0,1,,,,,,,44742,0
44744,t10_sh_p25_uncle12_camo_zm_diamond_unlock,0,0,2,,,,,,,44740|38902,0
44745,t10_sh_p25_uncle12_camo_zm_intergalactic,0,0,10,73475,7500,,,,t10_sh_p25_uncle12_camo_zm_intergalactic_unlock,,0
44746,t10_sh_p25_uncle12_camo_zm_intergalactic_wrapper,0,0,1,,,,,,,44745,0
44747,t10_sh_p25_uncle12_camo_zm_intergalactic_unlock,0,0,2,,,,,,,44743|38904,0
44748,t10_sh_p25_uncle12_camo_zm_darkmatter,0,0,10,73575,7500,,,,t10_sh_p25_uncle12_camo_zm_darkmatter_unlock,,0
44749,t10_sh_p25_uncle12_camo_zm_darkmatter_wrapper,0,0,1,,,,,,,44748,0
44750,t10_sh_p25_uncle12_camo_zm_darkmatter_unlock,0,0,2,,,,,,,44746|38905,0
44717,t10_sh_p25_uncle12_camo_wz_base,0,0,5|10|15|20|30|40|50|75|100,72297|72397|72497|72597|72697|72797|72897|72997|73097,100|200|300|400|500|600|700|800|900,,,,,,0
44718,t10_sh_p25_uncle12_camo_wz_unique1,0,0,10,72014,1000,,,,t10_sh_p25_uncle12_camo_wz_unique_unlock,,0
44719,t10_sh_p25_uncle12_camo_wz_unique2,0,0,5,72031,1000,,,,t10_sh_p25_uncle12_camo_wz_unique_unlock,,0
44720,t10_sh_p25_uncle12_camo_wz_unique_wrapper,0,0,1,,,,,,,44718|44719,0
44721,t10_sh_p25_uncle12_camo_wz_unique_unlock,0,0,1,,,,,,,44717,0
44722,t10_sh_p25_uncle12_camo_wz_gold,0,0,5,73241,2500,,,,t10_sh_p25_uncle12_camo_wz_gold_unlock,,0
44723,t10_sh_p25_uncle12_camo_wz_gold_wrapper,0,0,1,,,,,,,44722,0
44724,t10_sh_p25_uncle12_camo_wz_gold_unlock,0,0,2,,,,,,,44718|44719,0
44725,t10_sh_p25_uncle12_camo_wz_diamond,0,0,5,73341,5000,,,,t10_sh_p25_uncle12_camo_wz_diamond_unlock,,0
44726,t10_sh_p25_uncle12_camo_wz_diamond_wrapper,0,0,1,,,,,,,44725,0
44727,t10_sh_p25_uncle12_camo_wz_diamond_unlock,0,0,2,,,,,,,44723|38892,0
44728,t10_sh_p25_uncle12_camo_wz_intergalactic,0,0,5,73441,7500,,,,t10_sh_p25_uncle12_camo_wz_intergalactic_unlock,,0
44729,t10_sh_p25_uncle12_camo_wz_intergalactic_wrapper,0,0,1,,,,,,,44728,0
44730,t10_sh_p25_uncle12_camo_wz_intergalactic_unlock,0,0,2,,,,,,,44726|38894,0
44731,t10_sh_p25_uncle12_camo_wz_darkmatter,0,0,2,73541,7500,,,,t10_sh_p25_uncle12_camo_wz_darkmatter_unlock,,0
44732,t10_sh_p25_uncle12_camo_wz_darkmatter_wrapper,0,0,1,,,,,,,44731,0
44733,t10_sh_p25_uncle12_camo_wz_darkmatter_unlock,0,0,2,,,,,,,44729|38895,0
44649,t10_sm_p02_geasy9_camo_base,0,0,5|10|15|20|30|40|50|75|100,72242|72342|72442|72542|72642|72742|72842|72942|73042,100|200|300|400|500|600|700|800|900,,,,,,0
44650,t10_sm_p02_geasy9_camo_unique1,0,0,30,70662,1000,,,,t10_sm_p02_geasy9_camo_unique_unlock,,0
44651,t10_sm_p02_geasy9_camo_unique2,0,0,30,70671,1000,,,,t10_sm_p02_geasy9_camo_unique_unlock,,0
44652,t10_sm_p02_geasy9_camo_unique_wrapper,0,0,1,,,,,,,44650|44651,0
44653,t10_sm_p02_geasy9_camo_unique_unlock,0,0,1,,,,,,,44649,0
44654,t10_sm_p02_geasy9_camo_gold,0,0,10,73186,2500,,,,t10_sm_p02_geasy9_camo_gold_unlock,,0
44655,t10_sm_p02_geasy9_camo_gold_wrapper,0,0,1,,,,,,,44654,0
44656,t10_sm_p02_geasy9_camo_gold_unlock,0,0,2,,,,,,,44650|44651,0
44657,t10_sm_p02_geasy9_camo_diamond,0,0,10,73286,5000,,,,t10_sm_p02_geasy9_camo_diamond_unlock,,0
44658,t10_sm_p02_geasy9_camo_diamond_wrapper,0,0,1,,,,,,,44657,0
44659,t10_sm_p02_geasy9_camo_diamond_unlock,0,0,2,,,,,,,44655|38330,0
44660,t10_sm_p02_geasy9_camo_intergalactic,0,0,3,73386,7500,,,,t10_sm_p02_geasy9_camo_intergalactic_unlock,,0
44661,t10_sm_p02_geasy9_camo_intergalactic_wrapper,0,0,1,,,,,,,44660,0
44662,t10_sm_p02_geasy9_camo_intergalactic_unlock,0,0,2,,,,,,,44658|38337,0
44663,t10_sm_p02_geasy9_camo_darkmatter,0,0,3,73486,7500,,,,t10_sm_p02_geasy9_camo_darkmatter_unlock,,0
44664,t10_sm_p02_geasy9_camo_darkmatter_wrapper,0,0,1,,,,,,,44663,0
44665,t10_sm_p02_geasy9_camo_darkmatter_unlock,0,0,2,,,,,,,44661|38328,0
44683,t10_sm_p02_geasy9_camo_zm_base,0,0,100|200|300|400|600|800|1000|1500|2000,72310|72410|72510|72610|72710|72810|72910|73010|73110,100|200|300|400|500|600|700|800|900,,,,,,0
44684,t10_sm_p02_geasy9_camo_zm_unique1,0,0,300,70664,1000,,,,t10_sm_p02_geasy9_camo_zm_unique_unlock,,0
44685,t10_sm_p02_geasy9_camo_zm_unique2,0,0,300,70673,1000,,,,t10_sm_p02_geasy9_camo_zm_unique_unlock,,0
44686,t10_sm_p02_geasy9_camo_zm_unique_wrapper,0,0,1,,,,,,,44684|44685,0
44687,t10_sm_p02_geasy9_camo_zm_unique_unlock,0,0,1,,,,,,,44683,0
44688,t10_sm_p02_geasy9_camo_zm_gold,0,0,15,73254,2500,,,,t10_sm_p02_geasy9_camo_zm_gold_unlock,,0
44689,t10_sm_p02_geasy9_camo_zm_gold_wrapper,0,0,1,,,,,,,44688,0
44690,t10_sm_p02_geasy9_camo_zm_gold_unlock,0,0,2,,,,,,,44684|44685,0
44691,t10_sm_p02_geasy9_camo_zm_diamond,0,0,30,73354,5000,,,,t10_sm_p02_geasy9_camo_zm_diamond_unlock,,0
44692,t10_sm_p02_geasy9_camo_zm_diamond_wrapper,0,0,1,,,,,,,44691,0
44693,t10_sm_p02_geasy9_camo_zm_diamond_unlock,0,0,2,,,,,,,44689|38897,0
44694,t10_sm_p02_geasy9_camo_zm_intergalactic,0,0,10,73454,7500,,,,t10_sm_p02_geasy9_camo_zm_intergalactic_unlock,,0
44695,t10_sm_p02_geasy9_camo_zm_intergalactic_wrapper,0,0,1,,,,,,,44694,0
44696,t10_sm_p02_geasy9_camo_zm_intergalactic_unlock,0,0,2,,,,,,,44692|38904,0
44697,t10_sm_p02_geasy9_camo_zm_darkmatter,0,0,10,73554,7500,,,,t10_sm_p02_geasy9_camo_zm_darkmatter_unlock,,0
44698,t10_sm_p02_geasy9_camo_zm_darkmatter_wrapper,0,0,1,,,,,,,44697,0
44699,t10_sm_p02_geasy9_camo_zm_darkmatter_unlock,0,0,2,,,,,,,44695|38905,0
44666,t10_sm_p02_geasy9_camo_wz_base,0,0,5|10|15|20|30|40|50|75|100,72276|72376|72476|72576|72676|72776|72876|72976|73076,100|200|300|400|500|600|700|800|900,,,,,,0
44667,t10_sm_p02_geasy9_camo_wz_unique1,0,0,10,70663,1000,,,,t10_sm_p02_geasy9_camo_wz_unique_unlock,,0
44668,t10_sm_p02_geasy9_camo_wz_unique2,0,0,10,70672,1000,,,,t10_sm_p02_geasy9_camo_wz_unique_unlock,,0
44669,t10_sm_p02_geasy9_camo_wz_unique_wrapper,0,0,1,,,,,,,44667|44668,0
44670,t10_sm_p02_geasy9_camo_wz_unique_unlock,0,0,1,,,,,,,44666,0
44671,t10_sm_p02_geasy9_camo_wz_gold,0,0,5,73220,2500,,,,t10_sm_p02_geasy9_camo_wz_gold_unlock,,0
44672,t10_sm_p02_geasy9_camo_wz_gold_wrapper,0,0,1,,,,,,,44671,0
44673,t10_sm_p02_geasy9_camo_wz_gold_unlock,0,0,2,,,,,,,44667|44668,0
44674,t10_sm_p02_geasy9_camo_wz_diamond,0,0,5,73320,5000,,,,t10_sm_p02_geasy9_camo_wz_diamond_unlock,,0
44675,t10_sm_p02_geasy9_camo_wz_diamond_wrapper,0,0,1,,,,,,,44674,0
44676,t10_sm_p02_geasy9_camo_wz_diamond_unlock,0,0,2,,,,,,,44672|38887,0
44677,t10_sm_p02_geasy9_camo_wz_intergalactic,0,0,5,73420,7500,,,,t10_sm_p02_geasy9_camo_wz_intergalactic_unlock,,0
44678,t10_sm_p02_geasy9_camo_wz_intergalactic_wrapper,0,0,1,,,,,,,44677,0
44679,t10_sm_p02_geasy9_camo_wz_intergalactic_unlock,0,0,2,,,,,,,44675|38894,0
44680,t10_sm_p02_geasy9_camo_wz_darkmatter,0,0,2,73520,7500,,,,t10_sm_p02_geasy9_camo_wz_darkmatter_unlock,,0
44681,t10_sm_p02_geasy9_camo_wz_darkmatter_wrapper,0,0,1,,,,,,,44680,0
44682,t10_sm_p02_geasy9_camo_wz_darkmatter_unlock,0,0,2,,,,,,,44678|38895,0
44598,t10_sm_p03_safox_camo_base,0,0,5|10|15|20|30|40|50|75|100,72255|72355|72455|72555|72655|72755|72855|72955|73055,100|200|300|400|500|600|700|800|900,,,,,,0
44599,t10_sm_p03_safox_camo_unique1,0,0,30,70689,1000,,,,t10_sm_p03_safox_camo_unique_unlock,,0
44600,t10_sm_p03_safox_camo_unique2,0,0,30,70758,1000,,,,t10_sm_p03_safox_camo_unique_unlock,,0
44601,t10_sm_p03_safox_camo_unique_wrapper,0,0,1,,,,,,,44599|44600,0
44602,t10_sm_p03_safox_camo_unique_unlock,0,0,1,,,,,,,44598,0
44603,t10_sm_p03_safox_camo_gold,0,0,10,73199,2500,,,,t10_sm_p03_safox_camo_gold_unlock,,0
44604,t10_sm_p03_safox_camo_gold_wrapper,0,0,1,,,,,,,44603,0
44605,t10_sm_p03_safox_camo_gold_unlock,0,0,2,,,,,,,44599|44600,0
44606,t10_sm_p03_safox_camo_diamond,0,0,10,73299,5000,,,,t10_sm_p03_safox_camo_diamond_unlock,,0
44607,t10_sm_p03_safox_camo_diamond_wrapper,0,0,1,,,,,,,44606,0
44608,t10_sm_p03_safox_camo_diamond_unlock,0,0,2,,,,,,,44604|38330,0
44609,t10_sm_p03_safox_camo_intergalactic,0,0,3,73399,7500,,,,t10_sm_p03_safox_camo_intergalactic_unlock,,0
44610,t10_sm_p03_safox_camo_intergalactic_wrapper,0,0,1,,,,,,,44609,0
44611,t10_sm_p03_safox_camo_intergalactic_unlock,0,0,2,,,,,,,44607|38337,0
44612,t10_sm_p03_safox_camo_darkmatter,0,0,3,73499,7500,,,,t10_sm_p03_safox_camo_darkmatter_unlock,,0
44613,t10_sm_p03_safox_camo_darkmatter_wrapper,0,0,1,,,,,,,44612,0
44614,t10_sm_p03_safox_camo_darkmatter_unlock,0,0,2,,,,,,,44610|38328,0
44632,t10_sm_p03_safox_camo_zm_base,0,0,100|200|300|400|600|800|1000|1500|2000,72323|72423|72523|72623|72723|72823|72923|73023|73123,100|200|300|400|500|600|700|800|900,,,,,,0
44633,t10_sm_p03_safox_camo_zm_unique1,0,0,300,70691,1000,,,,t10_sm_p03_safox_camo_zm_unique_unlock,,0
44634,t10_sm_p03_safox_camo_zm_unique2,0,0,300,70760,1000,,,,t10_sm_p03_safox_camo_zm_unique_unlock,,0
44635,t10_sm_p03_safox_camo_zm_unique_wrapper,0,0,1,,,,,,,44633|44634,0
44636,t10_sm_p03_safox_camo_zm_unique_unlock,0,0,1,,,,,,,44632,0
44637,t10_sm_p03_safox_camo_zm_gold,0,0,15,73267,2500,,,,t10_sm_p03_safox_camo_zm_gold_unlock,,0
44638,t10_sm_p03_safox_camo_zm_gold_wrapper,0,0,1,,,,,,,44637,0
44639,t10_sm_p03_safox_camo_zm_gold_unlock,0,0,2,,,,,,,44633|44634,0
44640,t10_sm_p03_safox_camo_zm_diamond,0,0,30,73367,5000,,,,t10_sm_p03_safox_camo_zm_diamond_unlock,,0
44641,t10_sm_p03_safox_camo_zm_diamond_wrapper,0,0,1,,,,,,,44640,0
44642,t10_sm_p03_safox_camo_zm_diamond_unlock,0,0,2,,,,,,,44638|38897,0
44643,t10_sm_p03_safox_camo_zm_intergalactic,0,0,10,73467,7500,,,,t10_sm_p03_safox_camo_zm_intergalactic_unlock,,0
44644,t10_sm_p03_safox_camo_zm_intergalactic_wrapper,0,0,1,,,,,,,44643,0
44645,t10_sm_p03_safox_camo_zm_intergalactic_unlock,0,0,2,,,,,,,44641|38904,0
44646,t10_sm_p03_safox_camo_zm_darkmatter,0,0,10,73567,7500,,,,t10_sm_p03_safox_camo_zm_darkmatter_unlock,,0
44647,t10_sm_p03_safox_camo_zm_darkmatter_wrapper,0,0,1,,,,,,,44646,0
44648,t10_sm_p03_safox_camo_zm_darkmatter_unlock,0,0,2,,,,,,,44644|38905,0
44615,t10_sm_p03_safox_camo_wz_base,0,0,5|10|15|20|30|40|50|75|100,72289|72389|72489|72589|72689|72789|72889|72989|73089,100|200|300|400|500|600|700|800|900,,,,,,0
44616,t10_sm_p03_safox_camo_wz_unique1,0,0,5,70690,1000,,,,t10_sm_p03_safox_camo_wz_unique_unlock,,0
44617,t10_sm_p03_safox_camo_wz_unique2,0,0,5,70759,1000,,,,t10_sm_p03_safox_camo_wz_unique_unlock,,0
44618,t10_sm_p03_safox_camo_wz_unique_wrapper,0,0,1,,,,,,,44616|44617,0
44619,t10_sm_p03_safox_camo_wz_unique_unlock,0,0,1,,,,,,,44615,0
44620,t10_sm_p03_safox_camo_wz_gold,0,0,5,73233,2500,,,,t10_sm_p03_safox_camo_wz_gold_unlock,,0
44621,t10_sm_p03_safox_camo_wz_gold_wrapper,0,0,1,,,,,,,44620,0
44622,t10_sm_p03_safox_camo_wz_gold_unlock,0,0,2,,,,,,,44616|44617,0
44623,t10_sm_p03_safox_camo_wz_diamond,0,0,5,73333,5000,,,,t10_sm_p03_safox_camo_wz_diamond_unlock,,0
44624,t10_sm_p03_safox_camo_wz_diamond_wrapper,0,0,1,,,,,,,44623,0
44625,t10_sm_p03_safox_camo_wz_diamond_unlock,0,0,2,,,,,,,44621|38887,0
44626,t10_sm_p03_safox_camo_wz_intergalactic,0,0,5,73433,7500,,,,t10_sm_p03_safox_camo_wz_intergalactic_unlock,,0
44627,t10_sm_p03_safox_camo_wz_intergalactic_wrapper,0,0,1,,,,,,,44626,0
44628,t10_sm_p03_safox_camo_wz_intergalactic_unlock,0,0,2,,,,,,,44624|38894,0
44629,t10_sm_p03_safox_camo_wz_darkmatter,0,0,2,73533,7500,,,,t10_sm_p03_safox_camo_wz_darkmatter_unlock,,0
44630,t10_sm_p03_safox_camo_wz_darkmatter_wrapper,0,0,1,,,,,,,44629,0
44631,t10_sm_p03_safox_camo_wz_darkmatter_unlock,0,0,2,,,,,,,44627|38895,0
44547,t10_sm_p04_chuck9_camo_base,0,0,5|10|15|20|30|40|50|75|100,72238|72338|72438|72538|72638|72738|72838|72938|73038,100|200|300|400|500|600|700|800|900,,,,,,0
44548,t10_sm_p04_chuck9_camo_unique1,0,0,30,70712,1000,,,,t10_sm_p04_chuck9_camo_unique_unlock,,0
44549,t10_sm_p04_chuck9_camo_unique2,0,0,50,70732,1000,,,,t10_sm_p04_chuck9_camo_unique_unlock,,0
44550,t10_sm_p04_chuck9_camo_unique_wrapper,0,0,1,,,,,,,44548|44549,0
44551,t10_sm_p04_chuck9_camo_unique_unlock,0,0,1,,,,,,,44547,0
44552,t10_sm_p04_chuck9_camo_gold,0,0,10,73182,2500,,,,t10_sm_p04_chuck9_camo_gold_unlock,,0
44553,t10_sm_p04_chuck9_camo_gold_wrapper,0,0,1,,,,,,,44552,0
44554,t10_sm_p04_chuck9_camo_gold_unlock,0,0,2,,,,,,,44548|44549,0
44555,t10_sm_p04_chuck9_camo_diamond,0,0,10,73282,5000,,,,t10_sm_p04_chuck9_camo_diamond_unlock,,0
44556,t10_sm_p04_chuck9_camo_diamond_wrapper,0,0,1,,,,,,,44555,0
44557,t10_sm_p04_chuck9_camo_diamond_unlock,0,0,2,,,,,,,44553|38330,0
44558,t10_sm_p04_chuck9_camo_intergalactic,0,0,3,73382,7500,,,,t10_sm_p04_chuck9_camo_intergalactic_unlock,,0
44559,t10_sm_p04_chuck9_camo_intergalactic_wrapper,0,0,1,,,,,,,44558,0
44560,t10_sm_p04_chuck9_camo_intergalactic_unlock,0,0,2,,,,,,,44556|38337,0
44561,t10_sm_p04_chuck9_camo_darkmatter,0,0,3,73482,7500,,,,t10_sm_p04_chuck9_camo_darkmatter_unlock,,0
44562,t10_sm_p04_chuck9_camo_darkmatter_wrapper,0,0,1,,,,,,,44561,0
44563,t10_sm_p04_chuck9_camo_darkmatter_unlock,0,0,2,,,,,,,44559|38328,0
44581,t10_sm_p04_chuck9_camo_zm_base,0,0,100|200|300|400|600|800|1000|1500|2000,72305|72405|72505|72605|72705|72805|72905|73005|73105,100|200|300|400|500|600|700|800|900,,,,,,0
44582,t10_sm_p04_chuck9_camo_zm_unique1,0,0,30,70714,1000,,,,t10_sm_p04_chuck9_camo_zm_unique_unlock,,0
44583,t10_sm_p04_chuck9_camo_zm_unique2,0,0,300,70734,1000,,,,t10_sm_p04_chuck9_camo_zm_unique_unlock,,0
44584,t10_sm_p04_chuck9_camo_zm_unique_wrapper,0,0,1,,,,,,,44582|44583,0
44585,t10_sm_p04_chuck9_camo_zm_unique_unlock,0,0,1,,,,,,,44581,0
44586,t10_sm_p04_chuck9_camo_zm_gold,0,0,15,73249,2500,,,,t10_sm_p04_chuck9_camo_zm_gold_unlock,,0
44587,t10_sm_p04_chuck9_camo_zm_gold_wrapper,0,0,1,,,,,,,44586,0
44588,t10_sm_p04_chuck9_camo_zm_gold_unlock,0,0,2,,,,,,,44582|44583,0
44589,t10_sm_p04_chuck9_camo_zm_diamond,0,0,30,73349,5000,,,,t10_sm_p04_chuck9_camo_zm_diamond_unlock,,0
44590,t10_sm_p04_chuck9_camo_zm_diamond_wrapper,0,0,1,,,,,,,44589,0
44591,t10_sm_p04_chuck9_camo_zm_diamond_unlock,0,0,2,,,,,,,44587|38897,0
44592,t10_sm_p04_chuck9_camo_zm_intergalactic,0,0,10,73449,7500,,,,t10_sm_p04_chuck9_camo_zm_intergalactic_unlock,,0
44593,t10_sm_p04_chuck9_camo_zm_intergalactic_wrapper,0,0,1,,,,,,,44592,0
44594,t10_sm_p04_chuck9_camo_zm_intergalactic_unlock,0,0,2,,,,,,,44590|38904,0
44595,t10_sm_p04_chuck9_camo_zm_darkmatter,0,0,10,73549,7500,,,,t10_sm_p04_chuck9_camo_zm_darkmatter_unlock,,0
44596,t10_sm_p04_chuck9_camo_zm_darkmatter_wrapper,0,0,1,,,,,,,44595,0
44597,t10_sm_p04_chuck9_camo_zm_darkmatter_unlock,0,0,2,,,,,,,44593|38905,0
44564,t10_sm_p04_chuck9_camo_wz_base,0,0,5|10|15|20|30|40|50|75|100,72271|72371|72471|72571|72671|72771|72871|72971|73071,100|200|300|400|500|600|700|800|900,,,,,,0
44565,t10_sm_p04_chuck9_camo_wz_unique1,0,0,5,70713,1000,,,,t10_sm_p04_chuck9_camo_wz_unique_unlock,,0
44566,t10_sm_p04_chuck9_camo_wz_unique2,0,0,5,70733,1000,,,,t10_sm_p04_chuck9_camo_wz_unique_unlock,,0
44567,t10_sm_p04_chuck9_camo_wz_unique_wrapper,0,0,1,,,,,,,44565|44566,0
44568,t10_sm_p04_chuck9_camo_wz_unique_unlock,0,0,1,,,,,,,44564,0
44569,t10_sm_p04_chuck9_camo_wz_gold,0,0,5,73215,2500,,,,t10_sm_p04_chuck9_camo_wz_gold_unlock,,0
44570,t10_sm_p04_chuck9_camo_wz_gold_wrapper,0,0,1,,,,,,,44569,0
44571,t10_sm_p04_chuck9_camo_wz_gold_unlock,0,0,2,,,,,,,44565|44566,0
44572,t10_sm_p04_chuck9_camo_wz_diamond,0,0,5,73315,5000,,,,t10_sm_p04_chuck9_camo_wz_diamond_unlock,,0
44573,t10_sm_p04_chuck9_camo_wz_diamond_wrapper,0,0,1,,,,,,,44572,0
44574,t10_sm_p04_chuck9_camo_wz_diamond_unlock,0,0,2,,,,,,,44570|38887,0
44575,t10_sm_p04_chuck9_camo_wz_intergalactic,0,0,5,73415,7500,,,,t10_sm_p04_chuck9_camo_wz_intergalactic_unlock,,0
44576,t10_sm_p04_chuck9_camo_wz_intergalactic_wrapper,0,0,1,,,,,,,44575,0
44577,t10_sm_p04_chuck9_camo_wz_intergalactic_unlock,0,0,2,,,,,,,44573|38894,0
44578,t10_sm_p04_chuck9_camo_wz_darkmatter,0,0,2,73515,7500,,,,t10_sm_p04_chuck9_camo_wz_darkmatter_unlock,,0
44579,t10_sm_p04_chuck9_camo_wz_darkmatter_wrapper,0,0,1,,,,,,,44578,0
44580,t10_sm_p04_chuck9_camo_wz_darkmatter_unlock,0,0,2,,,,,,,44576|38895,0
44496,t10_sm_p06_sroger3_camo_base,0,0,5|10|15|20|30|40|50|75|100,72258|72358|72458|72558|72658|72758|72858|72958|73058,100|200|300|400|500|600|700|800|900,,,,,,0
44497,t10_sm_p06_sroger3_camo_unique1,0,0,10,71792,1000,,,,t10_sm_p06_sroger3_camo_unique_unlock,,0
44498,t10_sm_p06_sroger3_camo_unique2,0,0,50,71998,1000,,,,t10_sm_p06_sroger3_camo_unique_unlock,,0
44499,t10_sm_p06_sroger3_camo_unique_wrapper,0,0,1,,,,,,,44497|44498,0
44500,t10_sm_p06_sroger3_camo_unique_unlock,0,0,1,,,,,,,44496,0
44501,t10_sm_p06_sroger3_camo_gold,0,0,10,73202,2500,,,,t10_sm_p06_sroger3_camo_gold_unlock,,0
44502,t10_sm_p06_sroger3_camo_gold_wrapper,0,0,1,,,,,,,44501,0
44503,t10_sm_p06_sroger3_camo_gold_unlock,0,0,2,,,,,,,44497|44498,0
44504,t10_sm_p06_sroger3_camo_diamond,0,0,10,73302,5000,,,,t10_sm_p06_sroger3_camo_diamond_unlock,,0
44505,t10_sm_p06_sroger3_camo_diamond_wrapper,0,0,1,,,,,,,44504,0
44506,t10_sm_p06_sroger3_camo_diamond_unlock,0,0,2,,,,,,,44502|38330,0
44507,t10_sm_p06_sroger3_camo_intergalactic,0,0,3,73402,7500,,,,t10_sm_p06_sroger3_camo_intergalactic_unlock,,0
44508,t10_sm_p06_sroger3_camo_intergalactic_wrapper,0,0,1,,,,,,,44507,0
44509,t10_sm_p06_sroger3_camo_intergalactic_unlock,0,0,2,,,,,,,44505|38337,0
44510,t10_sm_p06_sroger3_camo_darkmatter,0,0,3,73502,7500,,,,t10_sm_p06_sroger3_camo_darkmatter_unlock,,0
44511,t10_sm_p06_sroger3_camo_darkmatter_wrapper,0,0,1,,,,,,,44510,0
44512,t10_sm_p06_sroger3_camo_darkmatter_unlock,0,0,2,,,,,,,44508|38328,0
44530,t10_sm_p06_sroger3_camo_zm_base,0,0,100|200|300|400|600|800|1000|1500|2000,72326|72426|72526|72626|72726|72826|72926|73026|73126,100|200|300|400|500|600|700|800|900,,,,,,0
44531,t10_sm_p06_sroger3_camo_zm_unique1,0,0,300,71794,1000,,,,t10_sm_p06_sroger3_camo_zm_unique_unlock,,0
44532,t10_sm_p06_sroger3_camo_zm_unique2,0,0,300,72000,1000,,,,t10_sm_p06_sroger3_camo_zm_unique_unlock,,0
44533,t10_sm_p06_sroger3_camo_zm_unique_wrapper,0,0,1,,,,,,,44531|44532,0
44534,t10_sm_p06_sroger3_camo_zm_unique_unlock,0,0,1,,,,,,,44530,0
44535,t10_sm_p06_sroger3_camo_zm_gold,0,0,15,73270,2500,,,,t10_sm_p06_sroger3_camo_zm_gold_unlock,,0
44536,t10_sm_p06_sroger3_camo_zm_gold_wrapper,0,0,1,,,,,,,44535,0
44537,t10_sm_p06_sroger3_camo_zm_gold_unlock,0,0,2,,,,,,,44531|44532,0
44538,t10_sm_p06_sroger3_camo_zm_diamond,0,0,30,73370,5000,,,,t10_sm_p06_sroger3_camo_zm_diamond_unlock,,0
44539,t10_sm_p06_sroger3_camo_zm_diamond_wrapper,0,0,1,,,,,,,44538,0
44540,t10_sm_p06_sroger3_camo_zm_diamond_unlock,0,0,2,,,,,,,44536|38897,0
44541,t10_sm_p06_sroger3_camo_zm_intergalactic,0,0,10,73470,7500,,,,t10_sm_p06_sroger3_camo_zm_intergalactic_unlock,,0
44542,t10_sm_p06_sroger3_camo_zm_intergalactic_wrapper,0,0,1,,,,,,,44541,0
44543,t10_sm_p06_sroger3_camo_zm_intergalactic_unlock,0,0,2,,,,,,,44539|38904,0
44544,t10_sm_p06_sroger3_camo_zm_darkmatter,0,0,10,73570,7500,,,,t10_sm_p06_sroger3_camo_zm_darkmatter_unlock,,0
44545,t10_sm_p06_sroger3_camo_zm_darkmatter_wrapper,0,0,1,,,,,,,44544,0
44546,t10_sm_p06_sroger3_camo_zm_darkmatter_unlock,0,0,2,,,,,,,44542|38905,0
44513,t10_sm_p06_sroger3_camo_wz_base,0,0,5|10|15|20|30|40|50|75|100,72292|72392|72492|72592|72692|72792|72892|72992|73092,100|200|300|400|500|600|700|800|900,,,,,,0
44514,t10_sm_p06_sroger3_camo_wz_unique1,0,0,10,71793,1000,,,,t10_sm_p06_sroger3_camo_wz_unique_unlock,,0
44515,t10_sm_p06_sroger3_camo_wz_unique2,0,0,5,71999,1000,,,,t10_sm_p06_sroger3_camo_wz_unique_unlock,,0
44516,t10_sm_p06_sroger3_camo_wz_unique_wrapper,0,0,1,,,,,,,44514|44515,0
44517,t10_sm_p06_sroger3_camo_wz_unique_unlock,0,0,1,,,,,,,44513,0
44518,t10_sm_p06_sroger3_camo_wz_gold,0,0,5,73236,2500,,,,t10_sm_p06_sroger3_camo_wz_gold_unlock,,0
44519,t10_sm_p06_sroger3_camo_wz_gold_wrapper,0,0,1,,,,,,,44518,0
44520,t10_sm_p06_sroger3_camo_wz_gold_unlock,0,0,2,,,,,,,44514|44515,0
44521,t10_sm_p06_sroger3_camo_wz_diamond,0,0,5,73336,5000,,,,t10_sm_p06_sroger3_camo_wz_diamond_unlock,,0
44522,t10_sm_p06_sroger3_camo_wz_diamond_wrapper,0,0,1,,,,,,,44521,0
44523,t10_sm_p06_sroger3_camo_wz_diamond_unlock,0,0,2,,,,,,,44519|38887,0
44524,t10_sm_p06_sroger3_camo_wz_intergalactic,0,0,5,73436,7500,,,,t10_sm_p06_sroger3_camo_wz_intergalactic_unlock,,0
44525,t10_sm_p06_sroger3_camo_wz_intergalactic_wrapper,0,0,1,,,,,,,44524,0
44526,t10_sm_p06_sroger3_camo_wz_intergalactic_unlock,0,0,2,,,,,,,44522|38894,0
44527,t10_sm_p06_sroger3_camo_wz_darkmatter,0,0,2,73536,7500,,,,t10_sm_p06_sroger3_camo_wz_darkmatter_unlock,,0
44528,t10_sm_p06_sroger3_camo_wz_darkmatter_wrapper,0,0,1,,,,,,,44527,0
44529,t10_sm_p06_sroger3_camo_wz_darkmatter_unlock,0,0,2,,,,,,,44525|38895,0
44445,t10_sm_p12_roger31_camo_base,0,0,5|10|15|20|30|40|50|75|100,72254|72354|72454|72554|72654|72754|72854|72954|73054,100|200|300|400|500|600|700|800|900,,,,,,0
44446,t10_sm_p12_roger31_camo_unique1,0,0,50,70668,1000,,,,t10_sm_p12_roger31_camo_unique_unlock,,0
44447,t10_sm_p12_roger31_camo_unique2,0,0,30,70761,1000,,,,t10_sm_p12_roger31_camo_unique_unlock,,0
44448,t10_sm_p12_roger31_camo_unique_wrapper,0,0,1,,,,,,,44446|44447,0
44449,t10_sm_p12_roger31_camo_unique_unlock,0,0,1,,,,,,,44445,0
44450,t10_sm_p12_roger31_camo_gold,0,0,10,73198,2500,,,,t10_sm_p12_roger31_camo_gold_unlock,,0
44451,t10_sm_p12_roger31_camo_gold_wrapper,0,0,1,,,,,,,44450,0
44452,t10_sm_p12_roger31_camo_gold_unlock,0,0,2,,,,,,,44446|44447,0
44453,t10_sm_p12_roger31_camo_diamond,0,0,10,73298,5000,,,,t10_sm_p12_roger31_camo_diamond_unlock,,0
44454,t10_sm_p12_roger31_camo_diamond_wrapper,0,0,1,,,,,,,44453,0
44455,t10_sm_p12_roger31_camo_diamond_unlock,0,0,2,,,,,,,44451|38330,0
44456,t10_sm_p12_roger31_camo_intergalactic,0,0,3,73398,7500,,,,t10_sm_p12_roger31_camo_intergalactic_unlock,,0
44457,t10_sm_p12_roger31_camo_intergalactic_wrapper,0,0,1,,,,,,,44456,0
44458,t10_sm_p12_roger31_camo_intergalactic_unlock,0,0,2,,,,,,,44454|38337,0
44459,t10_sm_p12_roger31_camo_darkmatter,0,0,3,73498,7500,,,,t10_sm_p12_roger31_camo_darkmatter_unlock,,0
44460,t10_sm_p12_roger31_camo_darkmatter_wrapper,0,0,1,,,,,,,44459,0
44461,t10_sm_p12_roger31_camo_darkmatter_unlock,0,0,2,,,,,,,44457|38328,0
44479,t10_sm_p12_roger31_camo_zm_base,0,0,100|200|300|400|600|800|1000|1500|2000,72322|72422|72522|72622|72722|72822|72922|73022|73122,100|200|300|400|500|600|700|800|900,,,,,,0
44480,t10_sm_p12_roger31_camo_zm_unique1,0,0,15,70670,1000,,,,t10_sm_p12_roger31_camo_zm_unique_unlock,,0
44481,t10_sm_p12_roger31_camo_zm_unique2,0,0,300,70763,1000,,,,t10_sm_p12_roger31_camo_zm_unique_unlock,,0
44482,t10_sm_p12_roger31_camo_zm_unique_wrapper,0,0,1,,,,,,,44480|44481,0
44483,t10_sm_p12_roger31_camo_zm_unique_unlock,0,0,1,,,,,,,44479,0
44484,t10_sm_p12_roger31_camo_zm_gold,0,0,15,73266,2500,,,,t10_sm_p12_roger31_camo_zm_gold_unlock,,0
44485,t10_sm_p12_roger31_camo_zm_gold_wrapper,0,0,1,,,,,,,44484,0
44486,t10_sm_p12_roger31_camo_zm_gold_unlock,0,0,2,,,,,,,44480|44481,0
44487,t10_sm_p12_roger31_camo_zm_diamond,0,0,30,73366,5000,,,,t10_sm_p12_roger31_camo_zm_diamond_unlock,,0
44488,t10_sm_p12_roger31_camo_zm_diamond_wrapper,0,0,1,,,,,,,44487,0
44489,t10_sm_p12_roger31_camo_zm_diamond_unlock,0,0,2,,,,,,,44485|38897,0
44490,t10_sm_p12_roger31_camo_zm_intergalactic,0,0,10,73466,7500,,,,t10_sm_p12_roger31_camo_zm_intergalactic_unlock,,0
44491,t10_sm_p12_roger31_camo_zm_intergalactic_wrapper,0,0,1,,,,,,,44490,0
44492,t10_sm_p12_roger31_camo_zm_intergalactic_unlock,0,0,2,,,,,,,44488|38904,0
44493,t10_sm_p12_roger31_camo_zm_darkmatter,0,0,10,73566,7500,,,,t10_sm_p12_roger31_camo_zm_darkmatter_unlock,,0
44494,t10_sm_p12_roger31_camo_zm_darkmatter_wrapper,0,0,1,,,,,,,44493,0
44495,t10_sm_p12_roger31_camo_zm_darkmatter_unlock,0,0,2,,,,,,,44491|38905,0
44462,t10_sm_p12_roger31_camo_wz_base,0,0,5|10|15|20|30|40|50|75|100,72288|72388|72488|72588|72688|72788|72888|72988|73088,100|200|300|400|500|600|700|800|900,,,,,,0
44463,t10_sm_p12_roger31_camo_wz_unique1,0,0,5,70669,1000,,,,t10_sm_p12_roger31_camo_wz_unique_unlock,,0
44464,t10_sm_p12_roger31_camo_wz_unique2,0,0,5,70762,1000,,,,t10_sm_p12_roger31_camo_wz_unique_unlock,,0
44465,t10_sm_p12_roger31_camo_wz_unique_wrapper,0,0,1,,,,,,,44463|44464,0
44466,t10_sm_p12_roger31_camo_wz_unique_unlock,0,0,1,,,,,,,44462,0
44467,t10_sm_p12_roger31_camo_wz_gold,0,0,5,73232,2500,,,,t10_sm_p12_roger31_camo_wz_gold_unlock,,0
44468,t10_sm_p12_roger31_camo_wz_gold_wrapper,0,0,1,,,,,,,44467,0
44469,t10_sm_p12_roger31_camo_wz_gold_unlock,0,0,2,,,,,,,44463|44464,0
44470,t10_sm_p12_roger31_camo_wz_diamond,0,0,5,73332,5000,,,,t10_sm_p12_roger31_camo_wz_diamond_unlock,,0
44471,t10_sm_p12_roger31_camo_wz_diamond_wrapper,0,0,1,,,,,,,44470,0
44472,t10_sm_p12_roger31_camo_wz_diamond_unlock,0,0,2,,,,,,,44468|38887,0
44473,t10_sm_p12_roger31_camo_wz_intergalactic,0,0,5,73432,7500,,,,t10_sm_p12_roger31_camo_wz_intergalactic_unlock,,0
44474,t10_sm_p12_roger31_camo_wz_intergalactic_wrapper,0,0,1,,,,,,,44473,0
44475,t10_sm_p12_roger31_camo_wz_intergalactic_unlock,0,0,2,,,,,,,44471|38894,0
44476,t10_sm_p12_roger31_camo_wz_darkmatter,0,0,2,73532,7500,,,,t10_sm_p12_roger31_camo_wz_darkmatter_unlock,,0
44477,t10_sm_p12_roger31_camo_wz_darkmatter_wrapper,0,0,1,,,,,,,44476,0
44478,t10_sm_p12_roger31_camo_wz_darkmatter_unlock,0,0,2,,,,,,,44474|38895,0
44394,t10_sm_p21_pparis90_camo_base,0,0,5|10|15|20|30|40|50|75|100,72251|72351|72451|72551|72651|72751|72851|72951|73051,100|200|300|400|500|600|700|800|900,,,,,,0
44395,t10_sm_p21_pparis90_camo_unique1,0,0,30,63032,1000,,,,t10_sm_p21_pparis90_camo_unique_unlock,,0
44396,t10_sm_p21_pparis90_camo_unique2,0,0,50,71987,1000,,,,t10_sm_p21_pparis90_camo_unique_unlock,,0
44397,t10_sm_p21_pparis90_camo_unique_wrapper,0,0,1,,,,,,,44395|44396,0
44398,t10_sm_p21_pparis90_camo_unique_unlock,0,0,1,,,,,,,44394,0
44399,t10_sm_p21_pparis90_camo_gold,0,0,10,73195,2500,,,,t10_sm_p21_pparis90_camo_gold_unlock,,0
44400,t10_sm_p21_pparis90_camo_gold_wrapper,0,0,1,,,,,,,44399,0
44401,t10_sm_p21_pparis90_camo_gold_unlock,0,0,2,,,,,,,44395|44396,0
44402,t10_sm_p21_pparis90_camo_diamond,0,0,10,73295,5000,,,,t10_sm_p21_pparis90_camo_diamond_unlock,,0
44403,t10_sm_p21_pparis90_camo_diamond_wrapper,0,0,1,,,,,,,44402,0
44404,t10_sm_p21_pparis90_camo_diamond_unlock,0,0,2,,,,,,,44400|38330,0
44405,t10_sm_p21_pparis90_camo_intergalactic,0,0,3,73395,7500,,,,t10_sm_p21_pparis90_camo_intergalactic_unlock,,0
44406,t10_sm_p21_pparis90_camo_intergalactic_wrapper,0,0,1,,,,,,,44405,0
44407,t10_sm_p21_pparis90_camo_intergalactic_unlock,0,0,2,,,,,,,44403|38337,0
44408,t10_sm_p21_pparis90_camo_darkmatter,0,0,3,73495,7500,,,,t10_sm_p21_pparis90_camo_darkmatter_unlock,,0
44409,t10_sm_p21_pparis90_camo_darkmatter_wrapper,0,0,1,,,,,,,44408,0
44410,t10_sm_p21_pparis90_camo_darkmatter_unlock,0,0,2,,,,,,,44406|38328,0
44428,t10_sm_p21_pparis90_camo_zm_base,0,0,100|200|300|400|600|800|1000|1500|2000,72319|72419|72519|72619|72719|72819|72919|73019|73119,100|200|300|400|500|600|700|800|900,,,,,,0
44429,t10_sm_p21_pparis90_camo_zm_unique1,0,0,300,70655,1000,,,,t10_sm_p21_pparis90_camo_zm_unique_unlock,,0
44430,t10_sm_p21_pparis90_camo_zm_unique2,0,0,15,71989,1000,,,,t10_sm_p21_pparis90_camo_zm_unique_unlock,,0
44431,t10_sm_p21_pparis90_camo_zm_unique_wrapper,0,0,1,,,,,,,44429|44430,0
44432,t10_sm_p21_pparis90_camo_zm_unique_unlock,0,0,1,,,,,,,44428,0
44433,t10_sm_p21_pparis90_camo_zm_gold,0,0,15,73263,2500,,,,t10_sm_p21_pparis90_camo_zm_gold_unlock,,0
44434,t10_sm_p21_pparis90_camo_zm_gold_wrapper,0,0,1,,,,,,,44433,0
44435,t10_sm_p21_pparis90_camo_zm_gold_unlock,0,0,2,,,,,,,44429|44430,0
44436,t10_sm_p21_pparis90_camo_zm_diamond,0,0,30,73363,5000,,,,t10_sm_p21_pparis90_camo_zm_diamond_unlock,,0
44437,t10_sm_p21_pparis90_camo_zm_diamond_wrapper,0,0,1,,,,,,,44436,0
44438,t10_sm_p21_pparis90_camo_zm_diamond_unlock,0,0,2,,,,,,,44434|38897,0
44439,t10_sm_p21_pparis90_camo_zm_intergalactic,0,0,10,73463,7500,,,,t10_sm_p21_pparis90_camo_zm_intergalactic_unlock,,0
44440,t10_sm_p21_pparis90_camo_zm_intergalactic_wrapper,0,0,1,,,,,,,44439,0
44441,t10_sm_p21_pparis90_camo_zm_intergalactic_unlock,0,0,2,,,,,,,44437|38904,0
44442,t10_sm_p21_pparis90_camo_zm_darkmatter,0,0,10,73563,7500,,,,t10_sm_p21_pparis90_camo_zm_darkmatter_unlock,,0
44443,t10_sm_p21_pparis90_camo_zm_darkmatter_wrapper,0,0,1,,,,,,,44442,0
44444,t10_sm_p21_pparis90_camo_zm_darkmatter_unlock,0,0,2,,,,,,,44440|38905,0
44411,t10_sm_p21_pparis90_camo_wz_base,0,0,5|10|15|20|30|40|50|75|100,72285|72385|72485|72585|72685|72785|72885|72985|73085,100|200|300|400|500|600|700|800|900,,,,,,0
44412,t10_sm_p21_pparis90_camo_wz_unique1,0,0,15,70654,1000,,,,t10_sm_p21_pparis90_camo_wz_unique_unlock,,0
44413,t10_sm_p21_pparis90_camo_wz_unique2,0,0,5,71988,1000,,,,t10_sm_p21_pparis90_camo_wz_unique_unlock,,0
44414,t10_sm_p21_pparis90_camo_wz_unique_wrapper,0,0,1,,,,,,,44412|44413,0
44415,t10_sm_p21_pparis90_camo_wz_unique_unlock,0,0,1,,,,,,,44411,0
44416,t10_sm_p21_pparis90_camo_wz_gold,0,0,5,73229,2500,,,,t10_sm_p21_pparis90_camo_wz_gold_unlock,,0
44417,t10_sm_p21_pparis90_camo_wz_gold_wrapper,0,0,1,,,,,,,44416,0
44418,t10_sm_p21_pparis90_camo_wz_gold_unlock,0,0,2,,,,,,,44412|44413,0
44419,t10_sm_p21_pparis90_camo_wz_diamond,0,0,5,73329,5000,,,,t10_sm_p21_pparis90_camo_wz_diamond_unlock,,0
44420,t10_sm_p21_pparis90_camo_wz_diamond_wrapper,0,0,1,,,,,,,44419,0
44421,t10_sm_p21_pparis90_camo_wz_diamond_unlock,0,0,2,,,,,,,44417|38887,0
44422,t10_sm_p21_pparis90_camo_wz_intergalactic,0,0,5,73429,7500,,,,t10_sm_p21_pparis90_camo_wz_intergalactic_unlock,,0
44423,t10_sm_p21_pparis90_camo_wz_intergalactic_wrapper,0,0,1,,,,,,,44422,0
44424,t10_sm_p21_pparis90_camo_wz_intergalactic_unlock,0,0,2,,,,,,,44420|38894,0
44425,t10_sm_p21_pparis90_camo_wz_darkmatter,0,0,2,73529,7500,,,,t10_sm_p21_pparis90_camo_wz_darkmatter_unlock,,0
44426,t10_sm_p21_pparis90_camo_wz_darkmatter_wrapper,0,0,1,,,,,,,44425,0
44427,t10_sm_p21_pparis90_camo_wz_darkmatter_unlock,0,0,2,,,,,,,44423|38895,0
44343,t10_sn_p08_ultiger_camo_base,0,0,5|10|15|20|30|40|50|75|100,72262|72362|72462|72562|72662|72762|72862|72962|73062,100|200|300|400|500|600|700|800|900,,,,,,0
44344,t10_sn_p08_ultiger_camo_unique1,0,0,30,70755,1000,,,,t10_sn_p08_ultiger_camo_unique_unlock,,0
44345,t10_sn_p08_ultiger_camo_unique2,0,0,15,71783,1000,,,,t10_sn_p08_ultiger_camo_unique_unlock,,0
44346,t10_sn_p08_ultiger_camo_unique_wrapper,0,0,1,,,,,,,44344|44345,0
44347,t10_sn_p08_ultiger_camo_unique_unlock,0,0,1,,,,,,,44343,0
44348,t10_sn_p08_ultiger_camo_gold,0,0,10,73206,2500,,,,t10_sn_p08_ultiger_camo_gold_unlock,,0
44349,t10_sn_p08_ultiger_camo_gold_wrapper,0,0,1,,,,,,,44348,0
44350,t10_sn_p08_ultiger_camo_gold_unlock,0,0,2,,,,,,,44344|44345,0
44351,t10_sn_p08_ultiger_camo_diamond,0,0,10,73306,5000,,,,t10_sn_p08_ultiger_camo_diamond_unlock,,0
44352,t10_sn_p08_ultiger_camo_diamond_wrapper,0,0,1,,,,,,,44351,0
44353,t10_sn_p08_ultiger_camo_diamond_unlock,0,0,2,,,,,,,44349|38336,0
44354,t10_sn_p08_ultiger_camo_intergalactic,0,0,3,73406,7500,,,,t10_sn_p08_ultiger_camo_intergalactic_unlock,,0
44355,t10_sn_p08_ultiger_camo_intergalactic_wrapper,0,0,1,,,,,,,44354,0
44356,t10_sn_p08_ultiger_camo_intergalactic_unlock,0,0,2,,,,,,,44352|38337,0
44357,t10_sn_p08_ultiger_camo_darkmatter,0,0,3,73506,7500,,,,t10_sn_p08_ultiger_camo_darkmatter_unlock,,0
44358,t10_sn_p08_ultiger_camo_darkmatter_wrapper,0,0,1,,,,,,,44357,0
44359,t10_sn_p08_ultiger_camo_darkmatter_unlock,0,0,2,,,,,,,44355|38328,0
44377,t10_sn_p08_ultiger_camo_zm_base,0,0,100|200|300|400|600|800|1000|1500|2000,72330|72430|72530|72630|72730|72830|72930|73030|73130,100|200|300|400|500|600|700|800|900,,,,,,0
44378,t10_sn_p08_ultiger_camo_zm_unique1,0,0,10,70757,1000,,,,t10_sn_p08_ultiger_camo_zm_unique_unlock,,0
44379,t10_sn_p08_ultiger_camo_zm_unique2,0,0,300,71785,1000,,,,t10_sn_p08_ultiger_camo_zm_unique_unlock,,0
44380,t10_sn_p08_ultiger_camo_zm_unique_wrapper,0,0,1,,,,,,,44378|44379,0
44381,t10_sn_p08_ultiger_camo_zm_unique_unlock,0,0,1,,,,,,,44377,0
44382,t10_sn_p08_ultiger_camo_zm_gold,0,0,15,73274,2500,,,,t10_sn_p08_ultiger_camo_zm_gold_unlock,,0
44383,t10_sn_p08_ultiger_camo_zm_gold_wrapper,0,0,1,,,,,,,44382,0
44384,t10_sn_p08_ultiger_camo_zm_gold_unlock,0,0,2,,,,,,,44378|44379,0
44385,t10_sn_p08_ultiger_camo_zm_diamond,0,0,30,73374,5000,,,,t10_sn_p08_ultiger_camo_zm_diamond_unlock,,0
44386,t10_sn_p08_ultiger_camo_zm_diamond_wrapper,0,0,1,,,,,,,44385,0
44387,t10_sn_p08_ultiger_camo_zm_diamond_unlock,0,0,2,,,,,,,44383|38903,0
44388,t10_sn_p08_ultiger_camo_zm_intergalactic,0,0,10,73474,7500,,,,t10_sn_p08_ultiger_camo_zm_intergalactic_unlock,,0
44389,t10_sn_p08_ultiger_camo_zm_intergalactic_wrapper,0,0,1,,,,,,,44388,0
44390,t10_sn_p08_ultiger_camo_zm_intergalactic_unlock,0,0,2,,,,,,,44386|38904,0
44391,t10_sn_p08_ultiger_camo_zm_darkmatter,0,0,10,73574,7500,,,,t10_sn_p08_ultiger_camo_zm_darkmatter_unlock,,0
44392,t10_sn_p08_ultiger_camo_zm_darkmatter_wrapper,0,0,1,,,,,,,44391,0
44393,t10_sn_p08_ultiger_camo_zm_darkmatter_unlock,0,0,2,,,,,,,44389|38905,0
44360,t10_sn_p08_ultiger_camo_wz_base,0,0,5|10|15|20|30|40|50|75|100,72296|72396|72496|72596|72696|72796|72896|72996|73096,100|200|300|400|500|600|700|800|900,,,,,,0
44361,t10_sn_p08_ultiger_camo_wz_unique1,0,0,5,70756,1000,,,,t10_sn_p08_ultiger_camo_wz_unique_unlock,,0
44362,t10_sn_p08_ultiger_camo_wz_unique2,0,0,5,71784,1000,,,,t10_sn_p08_ultiger_camo_wz_unique_unlock,,0
44363,t10_sn_p08_ultiger_camo_wz_unique_wrapper,0,0,1,,,,,,,44361|44362,0
44364,t10_sn_p08_ultiger_camo_wz_unique_unlock,0,0,1,,,,,,,44360,0
44365,t10_sn_p08_ultiger_camo_wz_gold,0,0,5,73240,2500,,,,t10_sn_p08_ultiger_camo_wz_gold_unlock,,0
44366,t10_sn_p08_ultiger_camo_wz_gold_wrapper,0,0,1,,,,,,,44365,0
44367,t10_sn_p08_ultiger_camo_wz_gold_unlock,0,0,2,,,,,,,44361|44362,0
44368,t10_sn_p08_ultiger_camo_wz_diamond,0,0,5,73340,5000,,,,t10_sn_p08_ultiger_camo_wz_diamond_unlock,,0
44369,t10_sn_p08_ultiger_camo_wz_diamond_wrapper,0,0,1,,,,,,,44368,0
44370,t10_sn_p08_ultiger_camo_wz_diamond_unlock,0,0,2,,,,,,,44366|38893,0
44371,t10_sn_p08_ultiger_camo_wz_intergalactic,0,0,5,73440,7500,,,,t10_sn_p08_ultiger_camo_wz_intergalactic_unlock,,0
44372,t10_sn_p08_ultiger_camo_wz_intergalactic_wrapper,0,0,1,,,,,,,44371,0
44373,t10_sn_p08_ultiger_camo_wz_intergalactic_unlock,0,0,2,,,,,,,44369|38894,0
44374,t10_sn_p08_ultiger_camo_wz_darkmatter,0,0,2,73540,7500,,,,t10_sn_p08_ultiger_camo_wz_darkmatter_unlock,,0
44375,t10_sn_p08_ultiger_camo_wz_darkmatter_wrapper,0,0,1,,,,,,,44374,0
44376,t10_sn_p08_ultiger_camo_wz_darkmatter_unlock,0,0,2,,,,,,,44372|38895,0
44292,t10_sn_p09_droger_camo_base,0,0,5|10|15|20|30|40|50|75|100,72240|72340|72440|72540|72640|72740|72840|72940|73040,100|200|300|400|500|600|700|800|900,,,,,,0
44293,t10_sn_p09_droger_camo_unique1,0,0,50,70735,1000,,,,t10_sn_p09_droger_camo_unique_unlock,,0
44294,t10_sn_p09_droger_camo_unique2,0,0,50,71786,1000,,,,t10_sn_p09_droger_camo_unique_unlock,,0
44295,t10_sn_p09_droger_camo_unique_wrapper,0,0,1,,,,,,,44293|44294,0
44296,t10_sn_p09_droger_camo_unique_unlock,0,0,1,,,,,,,44292,0
44297,t10_sn_p09_droger_camo_gold,0,0,10,73184,2500,,,,t10_sn_p09_droger_camo_gold_unlock,,0
44298,t10_sn_p09_droger_camo_gold_wrapper,0,0,1,,,,,,,44297,0
44299,t10_sn_p09_droger_camo_gold_unlock,0,0,2,,,,,,,44293|44294,0
44300,t10_sn_p09_droger_camo_diamond,0,0,10,73284,5000,,,,t10_sn_p09_droger_camo_diamond_unlock,,0
44301,t10_sn_p09_droger_camo_diamond_wrapper,0,0,1,,,,,,,44300,0
44302,t10_sn_p09_droger_camo_diamond_unlock,0,0,2,,,,,,,44298|38336,0
44303,t10_sn_p09_droger_camo_intergalactic,0,0,3,73384,7500,,,,t10_sn_p09_droger_camo_intergalactic_unlock,,0
44304,t10_sn_p09_droger_camo_intergalactic_wrapper,0,0,1,,,,,,,44303,0
44305,t10_sn_p09_droger_camo_intergalactic_unlock,0,0,2,,,,,,,44301|38337,0
44306,t10_sn_p09_droger_camo_darkmatter,0,0,3,73484,7500,,,,t10_sn_p09_droger_camo_darkmatter_unlock,,0
44307,t10_sn_p09_droger_camo_darkmatter_wrapper,0,0,1,,,,,,,44306,0
44308,t10_sn_p09_droger_camo_darkmatter_unlock,0,0,2,,,,,,,44304|38328,0
44326,t10_sn_p09_droger_camo_zm_base,0,0,100|200|300|400|600|800|1000|1500|2000,72308|72408|72508|72608|72708|72808|72908|73008|73108,100|200|300|400|500|600|700|800|900,,,,,,0
44327,t10_sn_p09_droger_camo_zm_unique1,0,0,300,70737,1000,,,,t10_sn_p09_droger_camo_zm_unique_unlock,,0
44328,t10_sn_p09_droger_camo_zm_unique2,0,0,15,71788,1000,,,,t10_sn_p09_droger_camo_zm_unique_unlock,,0
44329,t10_sn_p09_droger_camo_zm_unique_wrapper,0,0,1,,,,,,,44327|44328,0
44330,t10_sn_p09_droger_camo_zm_unique_unlock,0,0,1,,,,,,,44326,0
44331,t10_sn_p09_droger_camo_zm_gold,0,0,15,73252,2500,,,,t10_sn_p09_droger_camo_zm_gold_unlock,,0
44332,t10_sn_p09_droger_camo_zm_gold_wrapper,0,0,1,,,,,,,44331,0
44333,t10_sn_p09_droger_camo_zm_gold_unlock,0,0,2,,,,,,,44327|44328,0
44334,t10_sn_p09_droger_camo_zm_diamond,0,0,30,73352,5000,,,,t10_sn_p09_droger_camo_zm_diamond_unlock,,0
44335,t10_sn_p09_droger_camo_zm_diamond_wrapper,0,0,1,,,,,,,44334,0
44336,t10_sn_p09_droger_camo_zm_diamond_unlock,0,0,2,,,,,,,44332|38903,0
44337,t10_sn_p09_droger_camo_zm_intergalactic,0,0,10,73452,7500,,,,t10_sn_p09_droger_camo_zm_intergalactic_unlock,,0
44338,t10_sn_p09_droger_camo_zm_intergalactic_wrapper,0,0,1,,,,,,,44337,0
44339,t10_sn_p09_droger_camo_zm_intergalactic_unlock,0,0,2,,,,,,,44335|38904,0
44340,t10_sn_p09_droger_camo_zm_darkmatter,0,0,10,73552,7500,,,,t10_sn_p09_droger_camo_zm_darkmatter_unlock,,0
44341,t10_sn_p09_droger_camo_zm_darkmatter_wrapper,0,0,1,,,,,,,44340,0
44342,t10_sn_p09_droger_camo_zm_darkmatter_unlock,0,0,2,,,,,,,44338|38905,0
44309,t10_sn_p09_droger_camo_wz_base,0,0,5|10|15|20|30|40|50|75|100,72274|72374|72474|72574|72674|72774|72874|72974|73074,100|200|300|400|500|600|700|800|900,,,,,,0
44310,t10_sn_p09_droger_camo_wz_unique1,0,0,5,70736,1000,,,,t10_sn_p09_droger_camo_wz_unique_unlock,,0
44311,t10_sn_p09_droger_camo_wz_unique2,0,0,5,71787,1000,,,,t10_sn_p09_droger_camo_wz_unique_unlock,,0
44312,t10_sn_p09_droger_camo_wz_unique_wrapper,0,0,1,,,,,,,44310|44311,0
44313,t10_sn_p09_droger_camo_wz_unique_unlock,0,0,1,,,,,,,44309,0
44314,t10_sn_p09_droger_camo_wz_gold,0,0,5,73218,2500,,,,t10_sn_p09_droger_camo_wz_gold_unlock,,0
44315,t10_sn_p09_droger_camo_wz_gold_wrapper,0,0,1,,,,,,,44314,0
44316,t10_sn_p09_droger_camo_wz_gold_unlock,0,0,2,,,,,,,44310|44311,0
44317,t10_sn_p09_droger_camo_wz_diamond,0,0,5,73318,5000,,,,t10_sn_p09_droger_camo_wz_diamond_unlock,,0
44318,t10_sn_p09_droger_camo_wz_diamond_wrapper,0,0,1,,,,,,,44317,0
44319,t10_sn_p09_droger_camo_wz_diamond_unlock,0,0,2,,,,,,,44315|38893,0
44320,t10_sn_p09_droger_camo_wz_intergalactic,0,0,5,73418,7500,,,,t10_sn_p09_droger_camo_wz_intergalactic_unlock,,0
44321,t10_sn_p09_droger_camo_wz_intergalactic_wrapper,0,0,1,,,,,,,44320,0
44322,t10_sn_p09_droger_camo_wz_intergalactic_unlock,0,0,2,,,,,,,44318|38894,0
44323,t10_sn_p09_droger_camo_wz_darkmatter,0,0,2,73518,7500,,,,t10_sn_p09_droger_camo_wz_darkmatter_unlock,,0
44324,t10_sn_p09_droger_camo_wz_darkmatter_wrapper,0,0,1,,,,,,,44323,0
44325,t10_sn_p09_droger_camo_wz_darkmatter_unlock,0,0,2,,,,,,,44321|38895,0
44241,t10_sn_p24_love96_camo_base,0,0,5|10|15|20|30|40|50|75|100,72246|72346|72446|72546|72646|72746|72846|72946|73046,100|200|300|400|500|600|700|800|900,,,,,,0
44242,t10_sn_p24_love96_camo_unique1,0,0,50,70738,1000,,,,t10_sn_p24_love96_camo_unique_unlock,,0
44243,t10_sn_p24_love96_camo_unique2,0,0,10,71841,1000,,,,t10_sn_p24_love96_camo_unique_unlock,,0
44244,t10_sn_p24_love96_camo_unique_wrapper,0,0,1,,,,,,,44242|44243,0
44245,t10_sn_p24_love96_camo_unique_unlock,0,0,1,,,,,,,44241,0
44246,t10_sn_p24_love96_camo_gold,0,0,10,73190,2500,,,,t10_sn_p24_love96_camo_gold_unlock,,0
44247,t10_sn_p24_love96_camo_gold_wrapper,0,0,1,,,,,,,44246,0
44248,t10_sn_p24_love96_camo_gold_unlock,0,0,2,,,,,,,44242|44243,0
44249,t10_sn_p24_love96_camo_diamond,0,0,10,73290,5000,,,,t10_sn_p24_love96_camo_diamond_unlock,,0
44250,t10_sn_p24_love96_camo_diamond_wrapper,0,0,1,,,,,,,44249,0
44251,t10_sn_p24_love96_camo_diamond_unlock,0,0,2,,,,,,,44247|38336,0
44252,t10_sn_p24_love96_camo_intergalactic,0,0,3,73390,7500,,,,t10_sn_p24_love96_camo_intergalactic_unlock,,0
44253,t10_sn_p24_love96_camo_intergalactic_wrapper,0,0,1,,,,,,,44252,0
44254,t10_sn_p24_love96_camo_intergalactic_unlock,0,0,2,,,,,,,44250|38337,0
44255,t10_sn_p24_love96_camo_darkmatter,0,0,3,73490,7500,,,,t10_sn_p24_love96_camo_darkmatter_unlock,,0
44256,t10_sn_p24_love96_camo_darkmatter_wrapper,0,0,1,,,,,,,44255,0
44257,t10_sn_p24_love96_camo_darkmatter_unlock,0,0,2,,,,,,,44253|38328,0
44275,t10_sn_p24_love96_camo_zm_base,0,0,100|200|300|400|600|800|1000|1500|2000,72314|72414|72514|72614|72714|72814|72914|73014|73114,100|200|300|400|500|600|700|800|900,,,,,,0
44276,t10_sn_p24_love96_camo_zm_unique1,0,0,300,70740,1000,,,,t10_sn_p24_love96_camo_zm_unique_unlock,,0
44277,t10_sn_p24_love96_camo_zm_unique2,0,0,30,71843,1000,,,,t10_sn_p24_love96_camo_zm_unique_unlock,,0
44278,t10_sn_p24_love96_camo_zm_unique_wrapper,0,0,1,,,,,,,44276|44277,0
44279,t10_sn_p24_love96_camo_zm_unique_unlock,0,0,1,,,,,,,44275,0
44280,t10_sn_p24_love96_camo_zm_gold,0,0,15,73258,2500,,,,t10_sn_p24_love96_camo_zm_gold_unlock,,0
44281,t10_sn_p24_love96_camo_zm_gold_wrapper,0,0,1,,,,,,,44280,0
44282,t10_sn_p24_love96_camo_zm_gold_unlock,0,0,2,,,,,,,44276|44277,0
44283,t10_sn_p24_love96_camo_zm_diamond,0,0,30,73358,5000,,,,t10_sn_p24_love96_camo_zm_diamond_unlock,,0
44284,t10_sn_p24_love96_camo_zm_diamond_wrapper,0,0,1,,,,,,,44283,0
44285,t10_sn_p24_love96_camo_zm_diamond_unlock,0,0,2,,,,,,,44281|38903,0
44286,t10_sn_p24_love96_camo_zm_intergalactic,0,0,10,73458,7500,,,,t10_sn_p24_love96_camo_zm_intergalactic_unlock,,0
44287,t10_sn_p24_love96_camo_zm_intergalactic_wrapper,0,0,1,,,,,,,44286,0
44288,t10_sn_p24_love96_camo_zm_intergalactic_unlock,0,0,2,,,,,,,44284|38904,0
44289,t10_sn_p24_love96_camo_zm_darkmatter,0,0,10,73558,7500,,,,t10_sn_p24_love96_camo_zm_darkmatter_unlock,,0
44290,t10_sn_p24_love96_camo_zm_darkmatter_wrapper,0,0,1,,,,,,,44289,0
44291,t10_sn_p24_love96_camo_zm_darkmatter_unlock,0,0,2,,,,,,,44287|38905,0
44258,t10_sn_p24_love96_camo_wz_base,0,0,5|10|15|20|30|40|50|75|100,72280|72380|72480|72580|72680|72780|72880|72980|73080,100|200|300|400|500|600|700|800|900,,,,,,0
44259,t10_sn_p24_love96_camo_wz_unique1,0,0,5,70739,1000,,,,t10_sn_p24_love96_camo_wz_unique_unlock,,0
44260,t10_sn_p24_love96_camo_wz_unique2,0,0,5,71842,1000,,,,t10_sn_p24_love96_camo_wz_unique_unlock,,0
44261,t10_sn_p24_love96_camo_wz_unique_wrapper,0,0,1,,,,,,,44259|44260,0
44262,t10_sn_p24_love96_camo_wz_unique_unlock,0,0,1,,,,,,,44258,0
44263,t10_sn_p24_love96_camo_wz_gold,0,0,5,73224,2500,,,,t10_sn_p24_love96_camo_wz_gold_unlock,,0
44264,t10_sn_p24_love96_camo_wz_gold_wrapper,0,0,1,,,,,,,44263,0
44265,t10_sn_p24_love96_camo_wz_gold_unlock,0,0,2,,,,,,,44259|44260,0
44266,t10_sn_p24_love96_camo_wz_diamond,0,0,5,73324,5000,,,,t10_sn_p24_love96_camo_wz_diamond_unlock,,0
44267,t10_sn_p24_love96_camo_wz_diamond_wrapper,0,0,1,,,,,,,44266,0
44268,t10_sn_p24_love96_camo_wz_diamond_unlock,0,0,2,,,,,,,44264|38893,0
44269,t10_sn_p24_love96_camo_wz_intergalactic,0,0,5,73424,7500,,,,t10_sn_p24_love96_camo_wz_intergalactic_unlock,,0
44270,t10_sn_p24_love96_camo_wz_intergalactic_wrapper,0,0,1,,,,,,,44269,0
44271,t10_sn_p24_love96_camo_wz_intergalactic_unlock,0,0,2,,,,,,,44267|38894,0
44272,t10_sn_p24_love96_camo_wz_darkmatter,0,0,2,73524,7500,,,,t10_sn_p24_love96_camo_wz_darkmatter_unlock,,0
44273,t10_sn_p24_love96_camo_wz_darkmatter_wrapper,0,0,1,,,,,,,44272,0
44274,t10_sn_p24_love96_camo_wz_darkmatter_unlock,0,0,2,,,,,,,44270|38895,0
44190,t10_la_p17_pable3_camo_base,0,0,2|5|10|15|20|25|30|40|50,72249|72349|72449|72549|72649|72749|72849|72949|73049,100|200|300|400|500|600|700|800|900,,,,,,0
44191,t10_la_p17_pable3_camo_unique1,0,0,10,70706,1000,,,,t10_la_p17_pable3_camo_unique_unlock,,0
44192,t10_la_p17_pable3_camo_unique2,0,0,10,71847,1000,,,,t10_la_p17_pable3_camo_unique_unlock,,0
44193,t10_la_p17_pable3_camo_unique_wrapper,0,0,1,,,,,,,44191|44192,0
44194,t10_la_p17_pable3_camo_unique_unlock,0,0,1,,,,,,,44190,0
44195,t10_la_p17_pable3_camo_gold,0,0,10,73193,2500,,,,t10_la_p17_pable3_camo_gold_unlock,,0
44196,t10_la_p17_pable3_camo_gold_wrapper,0,0,1,,,,,,,44195,0
44197,t10_la_p17_pable3_camo_gold_unlock,0,0,2,,,,,,,44191|44192,0
44198,t10_la_p17_pable3_camo_diamond,0,0,10,73293,5000,,,,t10_la_p17_pable3_camo_diamond_unlock,,0
44199,t10_la_p17_pable3_camo_diamond_wrapper,0,0,1,,,,,,,44198,0
44200,t10_la_p17_pable3_camo_diamond_unlock,0,0,2,,,,,,,44196|40294,0
44201,t10_la_p17_pable3_camo_intergalactic,0,0,3,73393,7500,,,,t10_la_p17_pable3_camo_intergalactic_unlock,,0
44202,t10_la_p17_pable3_camo_intergalactic_wrapper,0,0,1,,,,,,,44201,0
44203,t10_la_p17_pable3_camo_intergalactic_unlock,0,0,2,,,,,,,44199|38337,0
44204,t10_la_p17_pable3_camo_darkmatter,0,0,3,73493,7500,,,,t10_la_p17_pable3_camo_darkmatter_unlock,,0
44205,t10_la_p17_pable3_camo_darkmatter_wrapper,0,0,1,,,,,,,44204,0
44206,t10_la_p17_pable3_camo_darkmatter_unlock,0,0,2,,,,,,,44202|38328,0
44224,t10_la_p17_pable3_camo_zm_base,0,0,100|200|300|400|600|800|1000|1500|2000,72317|72417|72517|72617|72717|72817|72917|73017|73117,100|200|300|400|500|600|700|800|900,,,,,,0
44225,t10_la_p17_pable3_camo_zm_unique1,0,0,30,70708,1000,,,,t10_la_p17_pable3_camo_zm_unique_unlock,,0
44226,t10_la_p17_pable3_camo_zm_unique2,0,0,300,71849,1000,,,,t10_la_p17_pable3_camo_zm_unique_unlock,,0
44227,t10_la_p17_pable3_camo_zm_unique_wrapper,0,0,1,,,,,,,44225|44226,0
44228,t10_la_p17_pable3_camo_zm_unique_unlock,0,0,1,,,,,,,44224,0
44229,t10_la_p17_pable3_camo_zm_gold,0,0,15,73261,2500,,,,t10_la_p17_pable3_camo_zm_gold_unlock,,0
44230,t10_la_p17_pable3_camo_zm_gold_wrapper,0,0,1,,,,,,,44229,0
44231,t10_la_p17_pable3_camo_zm_gold_unlock,0,0,2,,,,,,,44225|44226,0
44232,t10_la_p17_pable3_camo_zm_diamond,0,0,30,73361,5000,,,,t10_la_p17_pable3_camo_zm_diamond_unlock,,0
44233,t10_la_p17_pable3_camo_zm_diamond_wrapper,0,0,1,,,,,,,44232,0
44234,t10_la_p17_pable3_camo_zm_diamond_unlock,0,0,2,,,,,,,44230|40298,0
44235,t10_la_p17_pable3_camo_zm_intergalactic,0,0,10,73461,7500,,,,t10_la_p17_pable3_camo_zm_intergalactic_unlock,,0
44236,t10_la_p17_pable3_camo_zm_intergalactic_wrapper,0,0,1,,,,,,,44235,0
44237,t10_la_p17_pable3_camo_zm_intergalactic_unlock,0,0,2,,,,,,,44233|38904,0
44238,t10_la_p17_pable3_camo_zm_darkmatter,0,0,10,73561,7500,,,,t10_la_p17_pable3_camo_zm_darkmatter_unlock,,0
44239,t10_la_p17_pable3_camo_zm_darkmatter_wrapper,0,0,1,,,,,,,44238,0
44240,t10_la_p17_pable3_camo_zm_darkmatter_unlock,0,0,2,,,,,,,44236|38905,0
44207,t10_la_p17_pable3_camo_wz_base,0,0,2|4|8|12|16|20|25|30|40,72283|72383|72483|72583|72683|72783|72883|72983|73083,100|200|300|400|500|600|700|800|900,,,,,,0
44208,t10_la_p17_pable3_camo_wz_unique1,0,0,5,70707,1000,,,,t10_la_p17_pable3_camo_wz_unique_unlock,,0
44209,t10_la_p17_pable3_camo_wz_unique2,0,0,2,71848,1000,,,,t10_la_p17_pable3_camo_wz_unique_unlock,,0
44210,t10_la_p17_pable3_camo_wz_unique_wrapper,0,0,1,,,,,,,44208|44209,0
44211,t10_la_p17_pable3_camo_wz_unique_unlock,0,0,1,,,,,,,44207,0
44212,t10_la_p17_pable3_camo_wz_gold,0,0,2,73227,2500,,,,t10_la_p17_pable3_camo_wz_gold_unlock,,0
44213,t10_la_p17_pable3_camo_wz_gold_wrapper,0,0,1,,,,,,,44212,0
44214,t10_la_p17_pable3_camo_wz_gold_unlock,0,0,2,,,,,,,44208|44209,0
44215,t10_la_p17_pable3_camo_wz_diamond,0,0,2,73327,5000,,,,t10_la_p17_pable3_camo_wz_diamond_unlock,,0
44216,t10_la_p17_pable3_camo_wz_diamond_wrapper,0,0,1,,,,,,,44215,0
44217,t10_la_p17_pable3_camo_wz_diamond_unlock,0,0,2,,,,,,,44213|40296,0
44218,t10_la_p17_pable3_camo_wz_intergalactic,0,0,1,73427,7500,,,,t10_la_p17_pable3_camo_wz_intergalactic_unlock,,0
44219,t10_la_p17_pable3_camo_wz_intergalactic_wrapper,0,0,1,,,,,,,44218,0
44220,t10_la_p17_pable3_camo_wz_intergalactic_unlock,0,0,2,,,,,,,44216|38894,0
44221,t10_la_p17_pable3_camo_wz_darkmatter,0,0,1,73527,7500,,,,t10_la_p17_pable3_camo_wz_darkmatter_unlock,,0
44222,t10_la_p17_pable3_camo_wz_darkmatter_wrapper,0,0,1,,,,,,,44221,0
44223,t10_la_p17_pable3_camo_wz_darkmatter_unlock,0,0,2,,,,,,,44219|38895,0
44139,t10_la_p18_stisaac_camo_base,0,0,2|5|10|15|20|25|30|40|50,72260|72360|72460|72560|72660|72760|72860|72960|73060,100|200|300|400|500|600|700|800|900,,,,,,0
44140,t10_la_p18_stisaac_camo_unique1,0,0,10,63035,1000,,,,t10_la_p18_stisaac_camo_unique_unlock,,0
44141,t10_la_p18_stisaac_camo_unique2,0,0,10,70729,1000,,,,t10_la_p18_stisaac_camo_unique_unlock,,0
44142,t10_la_p18_stisaac_camo_unique_wrapper,0,0,1,,,,,,,44140|44141,0
44143,t10_la_p18_stisaac_camo_unique_unlock,0,0,1,,,,,,,44139,0
44144,t10_la_p18_stisaac_camo_gold,0,0,10,73204,2500,,,,t10_la_p18_stisaac_camo_gold_unlock,,0
44145,t10_la_p18_stisaac_camo_gold_wrapper,0,0,1,,,,,,,44144,0
44146,t10_la_p18_stisaac_camo_gold_unlock,0,0,2,,,,,,,44140|44141,0
44147,t10_la_p18_stisaac_camo_diamond,0,0,10,73304,5000,,,,t10_la_p18_stisaac_camo_diamond_unlock,,0
44148,t10_la_p18_stisaac_camo_diamond_wrapper,0,0,1,,,,,,,44147,0
44149,t10_la_p18_stisaac_camo_diamond_unlock,0,0,2,,,,,,,44145|40294,0
44150,t10_la_p18_stisaac_camo_intergalactic,0,0,3,73404,7500,,,,t10_la_p18_stisaac_camo_intergalactic_unlock,,0
44151,t10_la_p18_stisaac_camo_intergalactic_wrapper,0,0,1,,,,,,,44150,0
44152,t10_la_p18_stisaac_camo_intergalactic_unlock,0,0,2,,,,,,,44148|38337,0
44153,t10_la_p18_stisaac_camo_darkmatter,0,0,3,73504,7500,,,,t10_la_p18_stisaac_camo_darkmatter_unlock,,0
44154,t10_la_p18_stisaac_camo_darkmatter_wrapper,0,0,1,,,,,,,44153,0
44155,t10_la_p18_stisaac_camo_darkmatter_unlock,0,0,2,,,,,,,44151|38328,0
44173,t10_la_p18_stisaac_camo_zm_base,0,0,100|200|300|400|600|800|1000|1500|2000,72328|72428|72528|72628|72728|72828|72928|73028|73128,100|200|300|400|500|600|700|800|900,,,,,,0
44174,t10_la_p18_stisaac_camo_zm_unique1,0,0,300,70725,1000,,,,t10_la_p18_stisaac_camo_zm_unique_unlock,,0
44175,t10_la_p18_stisaac_camo_zm_unique2,0,0,75,70731,1000,,,,t10_la_p18_stisaac_camo_zm_unique_unlock,,0
44176,t10_la_p18_stisaac_camo_zm_unique_wrapper,0,0,1,,,,,,,44174|44175,0
44177,t10_la_p18_stisaac_camo_zm_unique_unlock,0,0,1,,,,,,,44173,0
44178,t10_la_p18_stisaac_camo_zm_gold,0,0,15,73272,2500,,,,t10_la_p18_stisaac_camo_zm_gold_unlock,,0
44179,t10_la_p18_stisaac_camo_zm_gold_wrapper,0,0,1,,,,,,,44178,0
44180,t10_la_p18_stisaac_camo_zm_gold_unlock,0,0,2,,,,,,,44174|44175,0
44181,t10_la_p18_stisaac_camo_zm_diamond,0,0,30,73372,5000,,,,t10_la_p18_stisaac_camo_zm_diamond_unlock,,0
44182,t10_la_p18_stisaac_camo_zm_diamond_wrapper,0,0,1,,,,,,,44181,0
44183,t10_la_p18_stisaac_camo_zm_diamond_unlock,0,0,2,,,,,,,44179|40298,0
44184,t10_la_p18_stisaac_camo_zm_intergalactic,0,0,10,73472,7500,,,,t10_la_p18_stisaac_camo_zm_intergalactic_unlock,,0
44185,t10_la_p18_stisaac_camo_zm_intergalactic_wrapper,0,0,1,,,,,,,44184,0
44186,t10_la_p18_stisaac_camo_zm_intergalactic_unlock,0,0,2,,,,,,,44182|38904,0
44187,t10_la_p18_stisaac_camo_zm_darkmatter,0,0,10,73572,7500,,,,t10_la_p18_stisaac_camo_zm_darkmatter_unlock,,0
44188,t10_la_p18_stisaac_camo_zm_darkmatter_wrapper,0,0,1,,,,,,,44187,0
44189,t10_la_p18_stisaac_camo_zm_darkmatter_unlock,0,0,2,,,,,,,44185|38905,0
44156,t10_la_p18_stisaac_camo_wz_base,0,0,2|4|8|12|16|20|25|30|40,72294|72394|72494|72594|72694|72794|72894|72994|73094,100|200|300|400|500|600|700|800|900,,,,,,0
44157,t10_la_p18_stisaac_camo_wz_unique1,0,0,5,70724,1000,,,,t10_la_p18_stisaac_camo_wz_unique_unlock,,0
44158,t10_la_p18_stisaac_camo_wz_unique2,0,0,5,70730,1000,,,,t10_la_p18_stisaac_camo_wz_unique_unlock,,0
44159,t10_la_p18_stisaac_camo_wz_unique_wrapper,0,0,1,,,,,,,44157|44158,0
44160,t10_la_p18_stisaac_camo_wz_unique_unlock,0,0,1,,,,,,,44156,0
44161,t10_la_p18_stisaac_camo_wz_gold,0,0,2,73238,2500,,,,t10_la_p18_stisaac_camo_wz_gold_unlock,,0
44162,t10_la_p18_stisaac_camo_wz_gold_wrapper,0,0,1,,,,,,,44161,0
44163,t10_la_p18_stisaac_camo_wz_gold_unlock,0,0,2,,,,,,,44157|44158,0
44164,t10_la_p18_stisaac_camo_wz_diamond,0,0,2,73338,5000,,,,t10_la_p18_stisaac_camo_wz_diamond_unlock,,0
44165,t10_la_p18_stisaac_camo_wz_diamond_wrapper,0,0,1,,,,,,,44164,0
44166,t10_la_p18_stisaac_camo_wz_diamond_unlock,0,0,2,,,,,,,44162|40296,0
44167,t10_la_p18_stisaac_camo_wz_intergalactic,0,0,1,73438,7500,,,,t10_la_p18_stisaac_camo_wz_intergalactic_unlock,,0
44168,t10_la_p18_stisaac_camo_wz_intergalactic_wrapper,0,0,1,,,,,,,44167,0
44169,t10_la_p18_stisaac_camo_wz_intergalactic_unlock,0,0,2,,,,,,,44165|38894,0
44170,t10_la_p18_stisaac_camo_wz_darkmatter,0,0,1,73538,7500,,,,t10_la_p18_stisaac_camo_wz_darkmatter_unlock,,0
44171,t10_la_p18_stisaac_camo_wz_darkmatter_wrapper,0,0,1,,,,,,,44170,0
44172,t10_la_p18_stisaac_camo_wz_darkmatter_unlock,0,0,2,,,,,,,44168|38895,0
44088,t10_me_p15_knife_camo_base,0,0,5|10|15|20|30|40|50|75|100,72243|72343|72443|72543|72643|72743|72843|72943|73043,100|200|300|400|500|600|700|800|900,,,,,,0
44089,t10_me_p15_knife_camo_unique1,0,0,50,70686,1000,,,,t10_me_p15_knife_camo_unique_unlock,,0
44090,t10_me_p15_knife_camo_unique2,0,0,30,63039,1000,,,,t10_me_p15_knife_camo_unique_unlock,,0
44091,t10_me_p15_knife_camo_unique_wrapper,0,0,1,,,,,,,44089|44090,0
44092,t10_me_p15_knife_camo_unique_unlock,0,0,1,,,,,,,44088,0
44093,t10_me_p15_knife_camo_gold,0,0,10,73187,2500,,,,t10_me_p15_knife_camo_gold_unlock,,0
44094,t10_me_p15_knife_camo_gold_wrapper,0,0,1,,,,,,,44093,0
44095,t10_me_p15_knife_camo_gold_unlock,0,0,2,,,,,,,44089|44090,0
44096,t10_me_p15_knife_camo_diamond,0,0,10,73287,5000,,,,t10_me_p15_knife_camo_diamond_unlock,,0
44097,t10_me_p15_knife_camo_diamond_wrapper,0,0,1,,,,,,,44096,0
44098,t10_me_p15_knife_camo_diamond_unlock,0,0,2,,,,,,,44094|40295,0
44099,t10_me_p15_knife_camo_intergalactic,0,0,3,73387,7500,,,,t10_me_p15_knife_camo_intergalactic_unlock,,0
44100,t10_me_p15_knife_camo_intergalactic_wrapper,0,0,1,,,,,,,44099,0
44101,t10_me_p15_knife_camo_intergalactic_unlock,0,0,2,,,,,,,44097|38337,0
44102,t10_me_p15_knife_camo_darkmatter,0,0,3,73487,7500,,,,t10_me_p15_knife_camo_darkmatter_unlock,,0
44103,t10_me_p15_knife_camo_darkmatter_wrapper,0,0,1,,,,,,,44102,0
44104,t10_me_p15_knife_camo_darkmatter_unlock,0,0,2,,,,,,,44100|38328,0
44122,t10_me_p15_knife_camo_zm_base,0,0,100|200|300|400|600|800|1000|1500|2000,72311|72411|72511|72611|72711|72811|72911|73011|73111,100|200|300|400|500|600|700|800|900,,,,,,0
44123,t10_me_p15_knife_camo_zm_unique1,0,0,300,70688,1000,,,,t10_me_p15_knife_camo_zm_unique_unlock,,0
44124,t10_me_p15_knife_camo_zm_unique2,0,0,75,71974,1000,,,,t10_me_p15_knife_camo_zm_unique_unlock,,0
44125,t10_me_p15_knife_camo_zm_unique_wrapper,0,0,1,,,,,,,44123|44124,0
44126,t10_me_p15_knife_camo_zm_unique_unlock,0,0,1,,,,,,,44122,0
44127,t10_me_p15_knife_camo_zm_gold,0,0,15,73255,2500,,,,t10_me_p15_knife_camo_zm_gold_unlock,,0
44128,t10_me_p15_knife_camo_zm_gold_wrapper,0,0,1,,,,,,,44127,0
44129,t10_me_p15_knife_camo_zm_gold_unlock,0,0,2,,,,,,,44123|44124,0
44130,t10_me_p15_knife_camo_zm_diamond,0,0,30,73355,5000,,,,t10_me_p15_knife_camo_zm_diamond_unlock,,0
44131,t10_me_p15_knife_camo_zm_diamond_wrapper,0,0,1,,,,,,,44130,0
44132,t10_me_p15_knife_camo_zm_diamond_unlock,0,0,2,,,,,,,44128|40299,0
44133,t10_me_p15_knife_camo_zm_intergalactic,0,0,10,73455,7500,,,,t10_me_p15_knife_camo_zm_intergalactic_unlock,,0
44134,t10_me_p15_knife_camo_zm_intergalactic_wrapper,0,0,1,,,,,,,44133,0
44135,t10_me_p15_knife_camo_zm_intergalactic_unlock,0,0,2,,,,,,,44131|38904,0
44136,t10_me_p15_knife_camo_zm_darkmatter,0,0,10,73555,7500,,,,t10_me_p15_knife_camo_zm_darkmatter_unlock,,0
44137,t10_me_p15_knife_camo_zm_darkmatter_wrapper,0,0,1,,,,,,,44136,0
44138,t10_me_p15_knife_camo_zm_darkmatter_unlock,0,0,2,,,,,,,44134|38905,0
44105,t10_me_p15_knife_camo_wz_base,0,0,2|5|10|15|20|25|30|40|50,72277|72377|72477|72577|72677|72777|72877|72977|73077,100|200|300|400|500|600|700|800|900,,,,,,0
44106,t10_me_p15_knife_camo_wz_unique1,0,0,5,70687,1000,,,,t10_me_p15_knife_camo_wz_unique_unlock,,0
44107,t10_me_p15_knife_camo_wz_unique2,0,0,5,71973,1000,,,,t10_me_p15_knife_camo_wz_unique_unlock,,0
44108,t10_me_p15_knife_camo_wz_unique_wrapper,0,0,1,,,,,,,44106|44107,0
44109,t10_me_p15_knife_camo_wz_unique_unlock,0,0,1,,,,,,,44105,0
44110,t10_me_p15_knife_camo_wz_gold,0,0,3,73221,2500,,,,t10_me_p15_knife_camo_wz_gold_unlock,,0
44111,t10_me_p15_knife_camo_wz_gold_wrapper,0,0,1,,,,,,,44110,0
44112,t10_me_p15_knife_camo_wz_gold_unlock,0,0,2,,,,,,,44106|44107,0
44113,t10_me_p15_knife_camo_wz_diamond,0,0,2,73321,5000,,,,t10_me_p15_knife_camo_wz_diamond_unlock,,0
44114,t10_me_p15_knife_camo_wz_diamond_wrapper,0,0,1,,,,,,,44113,0
44115,t10_me_p15_knife_camo_wz_diamond_unlock,0,0,2,,,,,,,44111|40297,0
44116,t10_me_p15_knife_camo_wz_intergalactic,0,0,3,73421,7500,,,,t10_me_p15_knife_camo_wz_intergalactic_unlock,,0
44117,t10_me_p15_knife_camo_wz_intergalactic_wrapper,0,0,1,,,,,,,44116,0
44118,t10_me_p15_knife_camo_wz_intergalactic_unlock,0,0,2,,,,,,,44114|38894,0
44119,t10_me_p15_knife_camo_wz_darkmatter,0,0,1,73521,7500,,,,t10_me_p15_knife_camo_wz_darkmatter_unlock,,0
44120,t10_me_p15_knife_camo_wz_darkmatter_wrapper,0,0,1,,,,,,,44119,0
44121,t10_me_p15_knife_camo_wz_darkmatter_unlock,0,0,2,,,,,,,44117|38895,0
44037,t10_me_p16_bat_camo_base,0,0,5|10|15|20|30|40|50|75|100,72237|72337|72437|72537|72637|72737|72837|72937|73037,100|200|300|400|500|600|700|800|900,,,,,,0
44038,t10_me_p16_bat_camo_unique1,0,0,15,70656,1000,,,,t10_me_p16_bat_camo_unique_unlock,,0
44039,t10_me_p16_bat_camo_unique2,0,0,30,70709,1000,,,,t10_me_p16_bat_camo_unique_unlock,,0
44040,t10_me_p16_bat_camo_unique_wrapper,0,0,1,,,,,,,44038|44039,0
44041,t10_me_p16_bat_camo_unique_unlock,0,0,1,,,,,,,44037,0
44042,t10_me_p16_bat_camo_gold,0,0,10,73181,2500,,,,t10_me_p16_bat_camo_gold_unlock,,0
44043,t10_me_p16_bat_camo_gold_wrapper,0,0,1,,,,,,,44042,0
44044,t10_me_p16_bat_camo_gold_unlock,0,0,2,,,,,,,44038|44039,0
44045,t10_me_p16_bat_camo_diamond,0,0,10,73281,5000,,,,t10_me_p16_bat_camo_diamond_unlock,,0
44046,t10_me_p16_bat_camo_diamond_wrapper,0,0,1,,,,,,,44045,0
44047,t10_me_p16_bat_camo_diamond_unlock,0,0,2,,,,,,,44043|40295,0
44048,t10_me_p16_bat_camo_intergalactic,0,0,3,73381,7500,,,,t10_me_p16_bat_camo_intergalactic_unlock,,0
44049,t10_me_p16_bat_camo_intergalactic_wrapper,0,0,1,,,,,,,44048,0
44050,t10_me_p16_bat_camo_intergalactic_unlock,0,0,2,,,,,,,44046|38337,0
44051,t10_me_p16_bat_camo_darkmatter,0,0,3,73481,7500,,,,t10_me_p16_bat_camo_darkmatter_unlock,,0
44052,t10_me_p16_bat_camo_darkmatter_wrapper,0,0,1,,,,,,,44051,0
44053,t10_me_p16_bat_camo_darkmatter_unlock,0,0,2,,,,,,,44049|38328,0
44071,t10_me_p16_bat_camo_zm_base,0,0,100|200|300|400|600|800|1000|1500|2000,72304|72404|72504|72604|72704|72804|72904|73004|73104,100|200|300|400|500|600|700|800|900,,,,,,0
44072,t10_me_p16_bat_camo_zm_unique1,0,0,300,70658,1000,,,,t10_me_p16_bat_camo_zm_unique_unlock,,0
44073,t10_me_p16_bat_camo_zm_unique2,0,0,30,70711,1000,,,,t10_me_p16_bat_camo_zm_unique_unlock,,0
44074,t10_me_p16_bat_camo_zm_unique_wrapper,0,0,1,,,,,,,44072|44073,0
44075,t10_me_p16_bat_camo_zm_unique_unlock,0,0,1,,,,,,,44071,0
44076,t10_me_p16_bat_camo_zm_gold,0,0,15,73248,2500,,,,t10_me_p16_bat_camo_zm_gold_unlock,,0
44077,t10_me_p16_bat_camo_zm_gold_wrapper,0,0,1,,,,,,,44076,0
44078,t10_me_p16_bat_camo_zm_gold_unlock,0,0,2,,,,,,,44072|44073,0
44079,t10_me_p16_bat_camo_zm_diamond,0,0,30,73348,5000,,,,t10_me_p16_bat_camo_zm_diamond_unlock,,0
44080,t10_me_p16_bat_camo_zm_diamond_wrapper,0,0,1,,,,,,,44079,0
44081,t10_me_p16_bat_camo_zm_diamond_unlock,0,0,2,,,,,,,44077|40299,0
44082,t10_me_p16_bat_camo_zm_intergalactic,0,0,10,73448,7500,,,,t10_me_p16_bat_camo_zm_intergalactic_unlock,,0
44083,t10_me_p16_bat_camo_zm_intergalactic_wrapper,0,0,1,,,,,,,44082,0
44084,t10_me_p16_bat_camo_zm_intergalactic_unlock,0,0,2,,,,,,,44080|38904,0
44085,t10_me_p16_bat_camo_zm_darkmatter,0,0,10,73548,7500,,,,t10_me_p16_bat_camo_zm_darkmatter_unlock,,0
44086,t10_me_p16_bat_camo_zm_darkmatter_wrapper,0,0,1,,,,,,,44085,0
44087,t10_me_p16_bat_camo_zm_darkmatter_unlock,0,0,2,,,,,,,44083|38905,0
44054,t10_me_p16_bat_camo_wz_base,0,0,2|5|10|15|20|25|30|40|50,72270|72370|72470|72570|72670|72770|72870|72970|73070,100|200|300|400|500|600|700|800|900,,,,,,0
44055,t10_me_p16_bat_camo_wz_unique1,0,0,5,70657,1000,,,,t10_me_p16_bat_camo_wz_unique_unlock,,0
44056,t10_me_p16_bat_camo_wz_unique2,0,0,5,70710,1000,,,,t10_me_p16_bat_camo_wz_unique_unlock,,0
44057,t10_me_p16_bat_camo_wz_unique_wrapper,0,0,1,,,,,,,44055|44056,0
44058,t10_me_p16_bat_camo_wz_unique_unlock,0,0,1,,,,,,,44054,0
44059,t10_me_p16_bat_camo_wz_gold,0,0,3,73214,2500,,,,t10_me_p16_bat_camo_wz_gold_unlock,,0
44060,t10_me_p16_bat_camo_wz_gold_wrapper,0,0,1,,,,,,,44059,0
44061,t10_me_p16_bat_camo_wz_gold_unlock,0,0,2,,,,,,,44055|44056,0
44062,t10_me_p16_bat_camo_wz_diamond,0,0,2,73314,5000,,,,t10_me_p16_bat_camo_wz_diamond_unlock,,0
44063,t10_me_p16_bat_camo_wz_diamond_wrapper,0,0,1,,,,,,,44062,0
44064,t10_me_p16_bat_camo_wz_diamond_unlock,0,0,2,,,,,,,44060|40297,0
44065,t10_me_p16_bat_camo_wz_intergalactic,0,0,3,73414,7500,,,,t10_me_p16_bat_camo_wz_intergalactic_unlock,,0
44066,t10_me_p16_bat_camo_wz_intergalactic_wrapper,0,0,1,,,,,,,44065,0
44067,t10_me_p16_bat_camo_wz_intergalactic_unlock,0,0,2,,,,,,,44063|38894,0
44068,t10_me_p16_bat_camo_wz_darkmatter,0,0,1,73514,7500,,,,t10_me_p16_bat_camo_wz_darkmatter_unlock,,0
44069,t10_me_p16_bat_camo_wz_darkmatter_wrapper,0,0,1,,,,,,,44068,0
44070,t10_me_p16_bat_camo_wz_darkmatter_unlock,0,0,2,,,,,,,44066|38895,0
49775,t10_ar_p05_fable_camo_base,0,0,5|10|15|20|30|40|50|75|100,87881|87902|87923|87944|87965|87986|88007|88028|88049,100|200|300|400|500|600|700|800|900,,,,,,0
49776,t10_ar_p05_fable_camo_unique1,0,0,30,72016,1000,,,,t10_ar_p05_fable_camo_unique_unlock,,0
49777,t10_ar_p05_fable_camo_unique2,0,0,50,90263,1000,,,,t10_ar_p05_fable_camo_unique_unlock,,0
49778,t10_ar_p05_fable_camo_unique_wrapper,0,0,1,,,,,,,49776|49777,0
49779,t10_ar_p05_fable_camo_unique_unlock,0,0,1,,,,,,,49775,0
49780,t10_ar_p05_fable_camo_gold,0,0,10,88756,2500,,,,t10_ar_p05_fable_camo_gold_unlock,,0
49781,t10_ar_p05_fable_camo_gold_wrapper,0,0,1,,,,,,,49780,0
49782,t10_ar_p05_fable_camo_gold_unlock,0,0,2,,,,,,,49776|49777,0
49783,t10_ar_p05_fable_camo_diamond,0,0,10,88777,5000,,,,t10_ar_p05_fable_camo_diamond_unlock,,0
49784,t10_ar_p05_fable_camo_diamond_wrapper,0,0,1,,,,,,,49783,0
49785,t10_ar_p05_fable_camo_diamond_unlock,0,0,2,,,,,,,49781|38329,0
49786,t10_ar_p05_fable_camo_intergalactic,0,0,3,88798,7500,,,,t10_ar_p05_fable_camo_intergalactic_unlock,,0
49787,t10_ar_p05_fable_camo_intergalactic_wrapper,0,0,1,,,,,,,49786,0
49788,t10_ar_p05_fable_camo_intergalactic_unlock,0,0,2,,,,,,,49784|38337,0
49789,t10_ar_p05_fable_camo_darkmatter,0,0,3,88819,7500,,,,t10_ar_p05_fable_camo_darkmatter_unlock,,0
49790,t10_ar_p05_fable_camo_darkmatter_wrapper,0,0,1,,,,,,,49789,0
49791,t10_ar_p05_fable_camo_darkmatter_unlock,0,0,2,,,,,,,49787|38328,0
49809,t10_ar_p05_fable_camo_zm_base,0,0,100|200|300|400|600|800|1000|1500|2000,87895|87916|87937|87958|87979|88000|88021|88042|88063,100|200|300|400|500|600|700|800|900,,,,,,0
49810,t10_ar_p05_fable_camo_zm_unique1,0,0,300,72018,1000,,,,t10_ar_p05_fable_camo_zm_unique_unlock,,0
49811,t10_ar_p05_fable_camo_zm_unique2,0,0,100,90311,1000,,,,t10_ar_p05_fable_camo_zm_unique_unlock,,0
49812,t10_ar_p05_fable_camo_zm_unique_wrapper,0,0,1,,,,,,,49810|49811,0
49813,t10_ar_p05_fable_camo_zm_unique_unlock,0,0,1,,,,,,,49809,0
49814,t10_ar_p05_fable_camo_zm_gold,0,0,15,88770,2500,,,,t10_ar_p05_fable_camo_zm_gold_unlock,,0
49815,t10_ar_p05_fable_camo_zm_gold_wrapper,0,0,1,,,,,,,49814,0
49816,t10_ar_p05_fable_camo_zm_gold_unlock,0,0,2,,,,,,,49810|49811,0
49817,t10_ar_p05_fable_camo_zm_diamond,0,0,30,88791,5000,,,,t10_ar_p05_fable_camo_zm_diamond_unlock,,0
49818,t10_ar_p05_fable_camo_zm_diamond_wrapper,0,0,1,,,,,,,49817,0
49819,t10_ar_p05_fable_camo_zm_diamond_unlock,0,0,2,,,,,,,49815|38896,0
49820,t10_ar_p05_fable_camo_zm_intergalactic,0,0,10,88812,7500,,,,t10_ar_p05_fable_camo_zm_intergalactic_unlock,,0
49821,t10_ar_p05_fable_camo_zm_intergalactic_wrapper,0,0,1,,,,,,,49820,0
49822,t10_ar_p05_fable_camo_zm_intergalactic_unlock,0,0,2,,,,,,,49818|38904,0
49823,t10_ar_p05_fable_camo_zm_darkmatter,0,0,10,88833,7500,,,,t10_ar_p05_fable_camo_zm_darkmatter_unlock,,0
49824,t10_ar_p05_fable_camo_zm_darkmatter_wrapper,0,0,1,,,,,,,49823,0
49825,t10_ar_p05_fable_camo_zm_darkmatter_unlock,0,0,2,,,,,,,49821|38905,0
49792,t10_ar_p05_fable_camo_wz_base,0,0,5|10|15|20|30|40|50|75|100,87888|87909|87930|87951|87972|87993|88014|88035|88056,100|200|300|400|500|600|700|800|900,,,,,,0
49793,t10_ar_p05_fable_camo_wz_unique1,0,0,5,72017,1000,,,,t10_ar_p05_fable_camo_wz_unique_unlock,,0
49794,t10_ar_p05_fable_camo_wz_unique2,0,0,5,90287,1000,,,,t10_ar_p05_fable_camo_wz_unique_unlock,,0
49795,t10_ar_p05_fable_camo_wz_unique_wrapper,0,0,1,,,,,,,49793|49794,0
49796,t10_ar_p05_fable_camo_wz_unique_unlock,0,0,1,,,,,,,49792,0
49797,t10_ar_p05_fable_camo_wz_gold,0,0,5,88763,2500,,,,t10_ar_p05_fable_camo_wz_gold_unlock,,0
49798,t10_ar_p05_fable_camo_wz_gold_wrapper,0,0,1,,,,,,,49797,0
49799,t10_ar_p05_fable_camo_wz_gold_unlock,0,0,2,,,,,,,49793|49794,0
49800,t10_ar_p05_fable_camo_wz_diamond,0,0,5,88784,5000,,,,t10_ar_p05_fable_camo_wz_diamond_unlock,,0
49801,t10_ar_p05_fable_camo_wz_diamond_wrapper,0,0,1,,,,,,,49800,0
49802,t10_ar_p05_fable_camo_wz_diamond_unlock,0,0,2,,,,,,,49798|38886,0
49803,t10_ar_p05_fable_camo_wz_intergalactic,0,0,5,88805,7500,,,,t10_ar_p05_fable_camo_wz_intergalactic_unlock,,0
49804,t10_ar_p05_fable_camo_wz_intergalactic_wrapper,0,0,1,,,,,,,49803,0
49805,t10_ar_p05_fable_camo_wz_intergalactic_unlock,0,0,2,,,,,,,49801|38894,0
49806,t10_ar_p05_fable_camo_wz_darkmatter,0,0,2,88826,7500,,,,t10_ar_p05_fable_camo_wz_darkmatter_unlock,,0
49807,t10_ar_p05_fable_camo_wz_darkmatter_wrapper,0,0,1,,,,,,,49806,0
49808,t10_ar_p05_fable_camo_wz_darkmatter_unlock,0,0,2,,,,,,,49804|38895,0
50251,t10_me_p30_cleaver_camo_base,0,0,5|10|15|20|30|40|50|75|100,87879|87900|87921|87942|87963|87984|88005|88026|88047,100|200|300|400|500|600|700|800|900,,,,,,0
50252,t10_me_p30_cleaver_camo_unique1,0,0,50,71850,1000,,,,t10_me_p30_cleaver_camo_unique_unlock,,0
50253,t10_me_p30_cleaver_camo_unique2,0,0,30,71990,1000,,,,t10_me_p30_cleaver_camo_unique_unlock,,0
50254,t10_me_p30_cleaver_camo_unique_wrapper,0,0,1,,,,,,,50252|50253,0
50255,t10_me_p30_cleaver_camo_unique_unlock,0,0,1,,,,,,,50251,0
50256,t10_me_p30_cleaver_camo_gold,0,0,10,88754,2500,,,,t10_me_p30_cleaver_camo_gold_unlock,,0
50257,t10_me_p30_cleaver_camo_gold_wrapper,0,0,1,,,,,,,50256,0
50258,t10_me_p30_cleaver_camo_gold_unlock,0,0,2,,,,,,,50252|50253,0
50259,t10_me_p30_cleaver_camo_diamond,0,0,10,88775,5000,,,,t10_me_p30_cleaver_camo_diamond_unlock,,0
50260,t10_me_p30_cleaver_camo_diamond_wrapper,0,0,1,,,,,,,50259,0
50261,t10_me_p30_cleaver_camo_diamond_unlock,0,0,2,,,,,,,50257|40295,0
50262,t10_me_p30_cleaver_camo_intergalactic,0,0,3,88796,7500,,,,t10_me_p30_cleaver_camo_intergalactic_unlock,,0
50263,t10_me_p30_cleaver_camo_intergalactic_wrapper,0,0,1,,,,,,,50262,0
50264,t10_me_p30_cleaver_camo_intergalactic_unlock,0,0,2,,,,,,,50260|38337,0
50265,t10_me_p30_cleaver_camo_darkmatter,0,0,3,88817,7500,,,,t10_me_p30_cleaver_camo_darkmatter_unlock,,0
50266,t10_me_p30_cleaver_camo_darkmatter_wrapper,0,0,1,,,,,,,50265,0
50267,t10_me_p30_cleaver_camo_darkmatter_unlock,0,0,2,,,,,,,50263|38328,0
50285,t10_me_p30_cleaver_camo_zm_base,0,0,100|200|300|400|600|800|1000|1500|2000,87893|87914|87935|87956|87977|87998|88019|88040|88061,100|200|300|400|500|600|700|800|900,,,,,,0
50286,t10_me_p30_cleaver_camo_zm_unique1,0,0,75,71852,1000,,,,t10_me_p30_cleaver_camo_zm_unique_unlock,,0
50287,t10_me_p30_cleaver_camo_zm_unique2,0,0,300,71992,1000,,,,t10_me_p30_cleaver_camo_zm_unique_unlock,,0
50288,t10_me_p30_cleaver_camo_zm_unique_wrapper,0,0,1,,,,,,,50286|50287,0
50289,t10_me_p30_cleaver_camo_zm_unique_unlock,0,0,1,,,,,,,50285,0
50290,t10_me_p30_cleaver_camo_zm_gold,0,0,15,88768,2500,,,,t10_me_p30_cleaver_camo_zm_gold_unlock,,0
50291,t10_me_p30_cleaver_camo_zm_gold_wrapper,0,0,1,,,,,,,50290,0
50292,t10_me_p30_cleaver_camo_zm_gold_unlock,0,0,2,,,,,,,50286|50287,0
50293,t10_me_p30_cleaver_camo_zm_diamond,0,0,30,88789,5000,,,,t10_me_p30_cleaver_camo_zm_diamond_unlock,,0
50294,t10_me_p30_cleaver_camo_zm_diamond_wrapper,0,0,1,,,,,,,50293,0
50295,t10_me_p30_cleaver_camo_zm_diamond_unlock,0,0,2,,,,,,,50291|40299,0
50296,t10_me_p30_cleaver_camo_zm_intergalactic,0,0,10,88810,7500,,,,t10_me_p30_cleaver_camo_zm_intergalactic_unlock,,0
50297,t10_me_p30_cleaver_camo_zm_intergalactic_wrapper,0,0,1,,,,,,,50296,0
50298,t10_me_p30_cleaver_camo_zm_intergalactic_unlock,0,0,2,,,,,,,50294|38904,0
50299,t10_me_p30_cleaver_camo_zm_darkmatter,0,0,10,88831,7500,,,,t10_me_p30_cleaver_camo_zm_darkmatter_unlock,,0
50300,t10_me_p30_cleaver_camo_zm_darkmatter_wrapper,0,0,1,,,,,,,50299,0
50301,t10_me_p30_cleaver_camo_zm_darkmatter_unlock,0,0,2,,,,,,,50297|38905,0
50268,t10_me_p30_cleaver_camo_wz_base,0,0,2|5|10|15|20|25|30|40|50,87886|87907|87928|87949|87970|87991|88012|88033|88054,100|200|300|400|500|600|700|800|900,,,,,,0
50269,t10_me_p30_cleaver_camo_wz_unique1,0,0,5,71851,1000,,,,t10_me_p30_cleaver_camo_wz_unique_unlock,,0
50270,t10_me_p30_cleaver_camo_wz_unique2,0,0,5,71991,1000,,,,t10_me_p30_cleaver_camo_wz_unique_unlock,,0
50271,t10_me_p30_cleaver_camo_wz_unique_wrapper,0,0,1,,,,,,,50269|50270,0
50272,t10_me_p30_cleaver_camo_wz_unique_unlock,0,0,1,,,,,,,50268,0
50273,t10_me_p30_cleaver_camo_wz_gold,0,0,3,88761,2500,,,,t10_me_p30_cleaver_camo_wz_gold_unlock,,0
50274,t10_me_p30_cleaver_camo_wz_gold_wrapper,0,0,1,,,,,,,50273,0
50275,t10_me_p30_cleaver_camo_wz_gold_unlock,0,0,2,,,,,,,50269|50270,0
50276,t10_me_p30_cleaver_camo_wz_diamond,0,0,2,88782,5000,,,,t10_me_p30_cleaver_camo_wz_diamond_unlock,,0
50277,t10_me_p30_cleaver_camo_wz_diamond_wrapper,0,0,1,,,,,,,50276,0
50278,t10_me_p30_cleaver_camo_wz_diamond_unlock,0,0,2,,,,,,,50274|40297,0
50279,t10_me_p30_cleaver_camo_wz_intergalactic,0,0,3,88803,7500,,,,t10_me_p30_cleaver_camo_wz_intergalactic_unlock,,0
50280,t10_me_p30_cleaver_camo_wz_intergalactic_wrapper,0,0,1,,,,,,,50279,0
50281,t10_me_p30_cleaver_camo_wz_intergalactic_unlock,0,0,2,,,,,,,50277|38894,0
50282,t10_me_p30_cleaver_camo_wz_darkmatter,0,0,1,88824,7500,,,,t10_me_p30_cleaver_camo_wz_darkmatter_unlock,,0
50283,t10_me_p30_cleaver_camo_wz_darkmatter_wrapper,0,0,1,,,,,,,50282,0
50284,t10_me_p30_cleaver_camo_wz_darkmatter_unlock,0,0,2,,,,,,,50280|38895,0
49826,t10_me_p31_drill_camo_base,0,0,5|10|15|20|30|40|50|75|100,87880|87901|87922|87943|87964|87985|88006|88027|88048,100|200|300|400|500|600|700|800|900,,,,,,0
49827,t10_me_p31_drill_camo_unique1,0,0,50,90262,1000,,,,t10_me_p31_drill_camo_unique_unlock,,0
49828,t10_me_p31_drill_camo_unique2,0,0,15,90144,1000,,,,t10_me_p31_drill_camo_unique_unlock,,0
49829,t10_me_p31_drill_camo_unique_wrapper,0,0,1,,,,,,,49827|49828,0
49830,t10_me_p31_drill_camo_unique_unlock,0,0,1,,,,,,,49826,0
49831,t10_me_p31_drill_camo_gold,0,0,10,88755,2500,,,,t10_me_p31_drill_camo_gold_unlock,,0
49832,t10_me_p31_drill_camo_gold_wrapper,0,0,1,,,,,,,49831,0
49833,t10_me_p31_drill_camo_gold_unlock,0,0,2,,,,,,,49827|49828,0
49834,t10_me_p31_drill_camo_diamond,0,0,10,88776,5000,,,,t10_me_p31_drill_camo_diamond_unlock,,0
49835,t10_me_p31_drill_camo_diamond_wrapper,0,0,1,,,,,,,49834,0
49836,t10_me_p31_drill_camo_diamond_unlock,0,0,2,,,,,,,49832|40295,0
49837,t10_me_p31_drill_camo_intergalactic,0,0,3,88797,7500,,,,t10_me_p31_drill_camo_intergalactic_unlock,,0
49838,t10_me_p31_drill_camo_intergalactic_wrapper,0,0,1,,,,,,,49837,0
49839,t10_me_p31_drill_camo_intergalactic_unlock,0,0,2,,,,,,,49835|38337,0
49840,t10_me_p31_drill_camo_darkmatter,0,0,3,88818,7500,,,,t10_me_p31_drill_camo_darkmatter_unlock,,0
49841,t10_me_p31_drill_camo_darkmatter_wrapper,0,0,1,,,,,,,49840,0
49842,t10_me_p31_drill_camo_darkmatter_unlock,0,0,2,,,,,,,49838|38328,0
49860,t10_me_p31_drill_camo_zm_base,0,0,100|200|300|400|600|800|1000|1500|2000,87894|87915|87936|87957|87978|87999|88020|88041|88062,100|200|300|400|500|600|700|800|900,,,,,,0
49861,t10_me_p31_drill_camo_zm_unique1,0,0,300,90310,1000,,,,t10_me_p31_drill_camo_zm_unique_unlock,,0
49862,t10_me_p31_drill_camo_zm_unique2,0,0,10,90192,1000,,,,t10_me_p31_drill_camo_zm_unique_unlock,,0
49863,t10_me_p31_drill_camo_zm_unique_wrapper,0,0,1,,,,,,,49861|49862,0
49864,t10_me_p31_drill_camo_zm_unique_unlock,0,0,1,,,,,,,49860,0
49865,t10_me_p31_drill_camo_zm_gold,0,0,15,88769,2500,,,,t10_me_p31_drill_camo_zm_gold_unlock,,0
49866,t10_me_p31_drill_camo_zm_gold_wrapper,0,0,1,,,,,,,49865,0
49867,t10_me_p31_drill_camo_zm_gold_unlock,0,0,2,,,,,,,49861|49862,0
49868,t10_me_p31_drill_camo_zm_diamond,0,0,30,88790,5000,,,,t10_me_p31_drill_camo_zm_diamond_unlock,,0
49869,t10_me_p31_drill_camo_zm_diamond_wrapper,0,0,1,,,,,,,49868,0
49870,t10_me_p31_drill_camo_zm_diamond_unlock,0,0,2,,,,,,,49866|40299,0
49871,t10_me_p31_drill_camo_zm_intergalactic,0,0,10,88811,7500,,,,t10_me_p31_drill_camo_zm_intergalactic_unlock,,0
49872,t10_me_p31_drill_camo_zm_intergalactic_wrapper,0,0,1,,,,,,,49871,0
49873,t10_me_p31_drill_camo_zm_intergalactic_unlock,0,0,2,,,,,,,49869|38904,0
49874,t10_me_p31_drill_camo_zm_darkmatter,0,0,10,88832,7500,,,,t10_me_p31_drill_camo_zm_darkmatter_unlock,,0
49875,t10_me_p31_drill_camo_zm_darkmatter_wrapper,0,0,1,,,,,,,49874,0
49876,t10_me_p31_drill_camo_zm_darkmatter_unlock,0,0,2,,,,,,,49872|38905,0
49843,t10_me_p31_drill_camo_wz_base,0,0,5|10|15|20|30|40|50|75|100,87887|87908|87929|87950|87971|87992|88013|88034|88055,100|200|300|400|500|600|700|800|900,,,,,,0
49844,t10_me_p31_drill_camo_wz_unique1,0,0,5,90286,1000,,,,t10_me_p31_drill_camo_wz_unique_unlock,,0
49845,t10_me_p31_drill_camo_wz_unique2,0,0,5,90168,1000,,,,t10_me_p31_drill_camo_wz_unique_unlock,,0
49846,t10_me_p31_drill_camo_wz_unique_wrapper,0,0,1,,,,,,,49844|49845,0
49847,t10_me_p31_drill_camo_wz_unique_unlock,0,0,1,,,,,,,49843,0
49848,t10_me_p31_drill_camo_wz_gold,0,0,3,88762,2500,,,,t10_me_p31_drill_camo_wz_gold_unlock,,0
49849,t10_me_p31_drill_camo_wz_gold_wrapper,0,0,1,,,,,,,49848,0
49850,t10_me_p31_drill_camo_wz_gold_unlock,0,0,2,,,,,,,49844|49845,0
49851,t10_me_p31_drill_camo_wz_diamond,0,0,2,88783,5000,,,,t10_me_p31_drill_camo_wz_diamond_unlock,,0
49852,t10_me_p31_drill_camo_wz_diamond_wrapper,0,0,1,,,,,,,49851,0
49853,t10_me_p31_drill_camo_wz_diamond_unlock,0,0,2,,,,,,,49849|40297,0
49854,t10_me_p31_drill_camo_wz_intergalactic,0,0,3,88804,7500,,,,t10_me_p31_drill_camo_wz_intergalactic_unlock,,0
49855,t10_me_p31_drill_camo_wz_intergalactic_wrapper,0,0,1,,,,,,,49854,0
49856,t10_me_p31_drill_camo_wz_intergalactic_unlock,0,0,2,,,,,,,49852|38894,0
49857,t10_me_p31_drill_camo_wz_darkmatter,0,0,1,88825,7500,,,,t10_me_p31_drill_camo_wz_darkmatter_unlock,,0
49858,t10_me_p31_drill_camo_wz_darkmatter_wrapper,0,0,1,,,,,,,49857,0
49859,t10_me_p31_drill_camo_wz_darkmatter_unlock,0,0,2,,,,,,,49855|38895,0
50192,t10_sh_p27_jhavana_camo_base,0,0,5|10|15|20|30|40|50|75|100,87883|87904|87925|87946|87967|87988|88009|88030|88051,100|200|300|400|500|600|700|800|900,,,,,,0
50193,t10_sh_p27_jhavana_camo_unique1,0,0,30,90160,1000,,,,t10_sh_p27_jhavana_camo_unique_unlock,,0
50194,t10_sh_p27_jhavana_camo_unique2,0,0,50,71993,1000,,,,t10_sh_p27_jhavana_camo_unique_unlock,,0
50195,t10_sh_p27_jhavana_camo_unique_wrapper,0,0,1,,,,,,,50193|50194,0
50196,t10_sh_p27_jhavana_camo_unique_unlock,0,0,1,,,,,,,50192,0
50197,t10_sh_p27_jhavana_camo_gold,0,0,10,88758,2500,,,,t10_sh_p27_jhavana_camo_gold_unlock,,0
50198,t10_sh_p27_jhavana_camo_gold_wrapper,0,0,1,,,,,,,50197,0
50199,t10_sh_p27_jhavana_camo_gold_unlock,0,0,2,,,,,,,50193|50194,0
50200,t10_sh_p27_jhavana_camo_diamond,0,0,10,88779,5000,,,,t10_sh_p27_jhavana_camo_diamond_unlock,,0
50201,t10_sh_p27_jhavana_camo_diamond_wrapper,0,0,1,,,,,,,50200,0
50202,t10_sh_p27_jhavana_camo_diamond_unlock,0,0,2,,,,,,,50198|38335,0
50203,t10_sh_p27_jhavana_camo_intergalactic,0,0,3,88800,7500,,,,t10_sh_p27_jhavana_camo_intergalactic_unlock,,0
50204,t10_sh_p27_jhavana_camo_intergalactic_wrapper,0,0,1,,,,,,,50203,0
50205,t10_sh_p27_jhavana_camo_intergalactic_unlock,0,0,2,,,,,,,50201|38337,0
50206,t10_sh_p27_jhavana_camo_darkmatter,0,0,3,88821,7500,,,,t10_sh_p27_jhavana_camo_darkmatter_unlock,,0
50207,t10_sh_p27_jhavana_camo_darkmatter_wrapper,0,0,1,,,,,,,50206,0
50208,t10_sh_p27_jhavana_camo_darkmatter_unlock,0,0,2,,,,,,,50204|38328,0
50226,t10_sh_p27_jhavana_camo_zm_base,0,0,100|200|300|400|600|800|1000|1500|2000,87897|87918|87939|87960|87981|88002|88023|88044|88065,100|200|300|400|500|600|700|800|900,,,,,,0
50227,t10_sh_p27_jhavana_camo_zm_unique1,0,0,15,90208,1000,,,,t10_sh_p27_jhavana_camo_zm_unique_unlock,,0
50228,t10_sh_p27_jhavana_camo_zm_unique2,0,0,300,71995,1000,,,,t10_sh_p27_jhavana_camo_zm_unique_unlock,,0
50229,t10_sh_p27_jhavana_camo_zm_unique_wrapper,0,0,1,,,,,,,50227|50228,0
50230,t10_sh_p27_jhavana_camo_zm_unique_unlock,0,0,1,,,,,,,50226,0
50231,t10_sh_p27_jhavana_camo_zm_gold,0,0,15,88772,2500,,,,t10_sh_p27_jhavana_camo_zm_gold_unlock,,0
50232,t10_sh_p27_jhavana_camo_zm_gold_wrapper,0,0,1,,,,,,,50231,0
50233,t10_sh_p27_jhavana_camo_zm_gold_unlock,0,0,2,,,,,,,50227|50228,0
50234,t10_sh_p27_jhavana_camo_zm_diamond,0,0,30,88793,5000,,,,t10_sh_p27_jhavana_camo_zm_diamond_unlock,,0
50235,t10_sh_p27_jhavana_camo_zm_diamond_wrapper,0,0,1,,,,,,,50234,0
50236,t10_sh_p27_jhavana_camo_zm_diamond_unlock,0,0,2,,,,,,,50232|38902,0
50237,t10_sh_p27_jhavana_camo_zm_intergalactic,0,0,10,88814,7500,,,,t10_sh_p27_jhavana_camo_zm_intergalactic_unlock,,0
50238,t10_sh_p27_jhavana_camo_zm_intergalactic_wrapper,0,0,1,,,,,,,50237,0
50239,t10_sh_p27_jhavana_camo_zm_intergalactic_unlock,0,0,2,,,,,,,50235|38904,0
50240,t10_sh_p27_jhavana_camo_zm_darkmatter,0,0,10,88835,7500,,,,t10_sh_p27_jhavana_camo_zm_darkmatter_unlock,,0
50241,t10_sh_p27_jhavana_camo_zm_darkmatter_wrapper,0,0,1,,,,,,,50240,0
50242,t10_sh_p27_jhavana_camo_zm_darkmatter_unlock,0,0,2,,,,,,,50238|38905,0
50209,t10_sh_p27_jhavana_camo_wz_base,0,0,5|10|15|20|30|40|50|75|100,87890|87911|87932|87953|87974|87995|88016|88037|88058,100|200|300|400|500|600|700|800|900,,,,,,0
50210,t10_sh_p27_jhavana_camo_wz_unique1,0,0,10,90184,1000,,,,t10_sh_p27_jhavana_camo_wz_unique_unlock,,0
50211,t10_sh_p27_jhavana_camo_wz_unique2,0,0,10,71994,1000,,,,t10_sh_p27_jhavana_camo_wz_unique_unlock,,0
50212,t10_sh_p27_jhavana_camo_wz_unique_wrapper,0,0,1,,,,,,,50210|50211,0
50213,t10_sh_p27_jhavana_camo_wz_unique_unlock,0,0,1,,,,,,,50209,0
50214,t10_sh_p27_jhavana_camo_wz_gold,0,0,5,88765,2500,,,,t10_sh_p27_jhavana_camo_wz_gold_unlock,,0
50215,t10_sh_p27_jhavana_camo_wz_gold_wrapper,0,0,1,,,,,,,50214,0
50216,t10_sh_p27_jhavana_camo_wz_gold_unlock,0,0,2,,,,,,,50210|50211,0
50217,t10_sh_p27_jhavana_camo_wz_diamond,0,0,25,88786,5000,,,,t10_sh_p27_jhavana_camo_wz_diamond_unlock,,0
50218,t10_sh_p27_jhavana_camo_wz_diamond_wrapper,0,0,1,,,,,,,50217,0
50219,t10_sh_p27_jhavana_camo_wz_diamond_unlock,0,0,2,,,,,,,50215|38892,0
50220,t10_sh_p27_jhavana_camo_wz_intergalactic,0,0,5,88807,7500,,,,t10_sh_p27_jhavana_camo_wz_intergalactic_unlock,,0
50221,t10_sh_p27_jhavana_camo_wz_intergalactic_wrapper,0,0,1,,,,,,,50220,0
50222,t10_sh_p27_jhavana_camo_wz_intergalactic_unlock,0,0,2,,,,,,,50218|38894,0
50223,t10_sh_p27_jhavana_camo_wz_darkmatter,0,0,2,88828,7500,,,,t10_sh_p27_jhavana_camo_wz_darkmatter_unlock,,0
50224,t10_sh_p27_jhavana_camo_wz_darkmatter_wrapper,0,0,1,,,,,,,50223,0
50225,t10_sh_p27_jhavana_camo_wz_darkmatter_unlock,0,0,2,,,,,,,50221|38895,0
49722,t10_sl_p29_goslo_camo_base,0,0,5|10|15|20|30|40|50|75|100,87882|87903|87924|87945|87966|87987|88008|88029|88050,100|200|300|400|500|600|700|800|900,,,,,,0
49723,t10_sl_p29_goslo_camo_unique1,0,0,30,90152,1000,,,,t10_sl_p29_goslo_camo_unique_unlock,,0
49724,t10_sl_p29_goslo_camo_unique2,0,0,50,63042,1000,,,,t10_sl_p29_goslo_camo_unique_unlock,,0
49725,t10_sl_p29_goslo_camo_unique_wrapper,0,0,1,,,,,,,49723|49724,0
49726,t10_sl_p29_goslo_camo_unique_unlock,0,0,1,,,,,,,49722,0
49727,t10_sl_p29_goslo_camo_gold,0,0,10,88757,2500,,,,t10_sl_p29_goslo_camo_gold_unlock,,0
49728,t10_sl_p29_goslo_camo_gold_wrapper,0,0,1,,,,,,,49727,0
49729,t10_sl_p29_goslo_camo_gold_unlock,0,0,2,,,,,,,49723|49724,0
49730,t10_sl_p29_goslo_camo_diamond,0,0,10,88778,5000,,,,t10_sl_p29_goslo_camo_diamond_unlock,,0
49731,t10_sl_p29_goslo_camo_diamond_wrapper,0,0,1,,,,,,,49730,0
49732,t10_sl_p29_goslo_camo_diamond_unlock,0,0,2,,,,,,,49728|40294,0
49733,t10_sl_p29_goslo_camo_intergalactic,0,0,3,88799,7500,,,,t10_sl_p29_goslo_camo_intergalactic_unlock,,0
49734,t10_sl_p29_goslo_camo_intergalactic_wrapper,0,0,1,,,,,,,49733,0
49735,t10_sl_p29_goslo_camo_intergalactic_unlock,0,0,2,,,,,,,49731|38337,0
49736,t10_sl_p29_goslo_camo_darkmatter,0,0,3,88820,7500,,,,t10_sl_p29_goslo_camo_darkmatter_unlock,,0
49737,t10_sl_p29_goslo_camo_darkmatter_wrapper,0,0,1,,,,,,,49736,0
49738,t10_sl_p29_goslo_camo_darkmatter_unlock,0,0,2,,,,,,,49734|38328,0
49756,t10_sl_p29_goslo_camo_zm_base,0,0,100|200|300|400|600|800|1000|1500|2000,87896|87917|87938|87959|87980|88001|88022|88043|88064,100|200|300|400|500|600|700|800|900,,,,,,0
49757,t10_sl_p29_goslo_camo_zm_unique1,0,0,300,90200,1000,,,,t10_sl_p29_goslo_camo_zm_unique_unlock,,0
49758,t10_sl_p29_goslo_camo_zm_unique2,0,0,30,72043,1000,,,,t10_sl_p29_goslo_camo_zm_unique_unlock,,0
49759,t10_sl_p29_goslo_camo_zm_unique_wrapper,0,0,1,,,,,,,49757|49758,0
49760,t10_sl_p29_goslo_camo_zm_unique_unlock,0,0,1,,,,,,,49756,0
49761,t10_sl_p29_goslo_camo_zm_gold,0,0,15,88771,2500,,,,t10_sl_p29_goslo_camo_zm_gold_unlock,,0
49762,t10_sl_p29_goslo_camo_zm_gold_wrapper,0,0,1,,,,,,,49761,0
49763,t10_sl_p29_goslo_camo_zm_gold_unlock,0,0,2,,,,,,,49757|49758,0
49764,t10_sl_p29_goslo_camo_zm_diamond,0,0,30,88792,5000,,,,t10_sl_p29_goslo_camo_zm_diamond_unlock,,0
49765,t10_sl_p29_goslo_camo_zm_diamond_wrapper,0,0,1,,,,,,,49764,0
49766,t10_sl_p29_goslo_camo_zm_diamond_unlock,0,0,2,,,,,,,49762|40298,0
49767,t10_sl_p29_goslo_camo_zm_intergalactic,0,0,10,88813,7500,,,,t10_sl_p29_goslo_camo_zm_intergalactic_unlock,,0
49768,t10_sl_p29_goslo_camo_zm_intergalactic_wrapper,0,0,1,,,,,,,49767,0
49769,t10_sl_p29_goslo_camo_zm_intergalactic_unlock,0,0,2,,,,,,,49765|38904,0
49770,t10_sl_p29_goslo_camo_zm_darkmatter,0,0,10,88834,7500,,,,t10_sl_p29_goslo_camo_zm_darkmatter_unlock,,0
49771,t10_sl_p29_goslo_camo_zm_darkmatter_wrapper,0,0,1,,,,,,,49770,0
49772,t10_sl_p29_goslo_camo_zm_darkmatter_unlock,0,0,2,,,,,,,49768|38905,0
49739,t10_sl_p29_goslo_camo_wz_base,0,0,5|10|15|20|30|40|50|75|100,87889|87910|87931|87952|87973|87994|88015|88036|88057,100|200|300|400|500|600|700|800|900,,,,,,0
49740,t10_sl_p29_goslo_camo_wz_unique1,0,0,5,90176,1000,,,,t10_sl_p29_goslo_camo_wz_unique_unlock,,0
49741,t10_sl_p29_goslo_camo_wz_unique2,0,0,5,72042,1000,,,,t10_sl_p29_goslo_camo_wz_unique_unlock,,0
49742,t10_sl_p29_goslo_camo_wz_unique_wrapper,0,0,1,,,,,,,49740|49741,0
49743,t10_sl_p29_goslo_camo_wz_unique_unlock,0,0,1,,,,,,,49739,0
49744,t10_sl_p29_goslo_camo_wz_gold,0,0,5,88764,2500,,,,t10_sl_p29_goslo_camo_wz_gold_unlock,,0
49745,t10_sl_p29_goslo_camo_wz_gold_wrapper,0,0,1,,,,,,,49744,0
49746,t10_sl_p29_goslo_camo_wz_gold_unlock,0,0,2,,,,,,,49740|49741,0
49747,t10_sl_p29_goslo_camo_wz_diamond,0,0,2,88785,5000,,,,t10_sl_p29_goslo_camo_wz_diamond_unlock,,0
49748,t10_sl_p29_goslo_camo_wz_diamond_wrapper,0,0,1,,,,,,,49747,0
49749,t10_sl_p29_goslo_camo_wz_diamond_unlock,0,0,2,,,,,,,49745|40296,0
49750,t10_sl_p29_goslo_camo_wz_intergalactic,0,0,5,88806,7500,,,,t10_sl_p29_goslo_camo_wz_intergalactic_unlock,,0
49751,t10_sl_p29_goslo_camo_wz_intergalactic_wrapper,0,0,1,,,,,,,49750,0
49752,t10_sl_p29_goslo_camo_wz_intergalactic_unlock,0,0,2,,,,,,,49748|38894,0
49753,t10_sl_p29_goslo_camo_wz_darkmatter,0,0,1,88827,7500,,,,t10_sl_p29_goslo_camo_wz_darkmatter_unlock,,0
49754,t10_sl_p29_goslo_camo_wz_darkmatter_wrapper,0,0,1,,,,,,,49753,0
49755,t10_sl_p29_goslo_camo_wz_darkmatter_unlock,0,0,2,,,,,,,49751|38895,0
49877,t10_sm_p28_saug_camo_base,0,0,5|10|15|20|30|40|50|75|100,87885|87906|87927|87948|87969|87990|88011|88032|88053,100|200|300|400|500|600|700|800|900,,,,,,0
49878,t10_sm_p28_saug_camo_unique1,0,0,30,70674,1000,,,,t10_sm_p28_saug_camo_unique_unlock,,0
49879,t10_sm_p28_saug_camo_unique2,0,0,50,90153,1000,,,,t10_sm_p28_saug_camo_unique_unlock,,0
49880,t10_sm_p28_saug_camo_unique_wrapper,0,0,1,,,,,,,49878|49879,0
49881,t10_sm_p28_saug_camo_unique_unlock,0,0,1,,,,,,,49877,0
49882,t10_sm_p28_saug_camo_gold,0,0,10,88760,2500,,,,t10_sm_p28_saug_camo_gold_unlock,,0
49883,t10_sm_p28_saug_camo_gold_wrapper,0,0,1,,,,,,,49882,0
49884,t10_sm_p28_saug_camo_gold_unlock,0,0,2,,,,,,,49878|49879,0
49885,t10_sm_p28_saug_camo_diamond,0,0,10,88781,5000,,,,t10_sm_p28_saug_camo_diamond_unlock,,0
49886,t10_sm_p28_saug_camo_diamond_wrapper,0,0,1,,,,,,,49885,0
49887,t10_sm_p28_saug_camo_diamond_unlock,0,0,2,,,,,,,49883|38330,0
49888,t10_sm_p28_saug_camo_intergalactic,0,0,3,88802,7500,,,,t10_sm_p28_saug_camo_intergalactic_unlock,,0
49889,t10_sm_p28_saug_camo_intergalactic_wrapper,0,0,1,,,,,,,49888,0
49890,t10_sm_p28_saug_camo_intergalactic_unlock,0,0,2,,,,,,,49886|38337,0
49891,t10_sm_p28_saug_camo_darkmatter,0,0,3,88823,7500,,,,t10_sm_p28_saug_camo_darkmatter_unlock,,0
49892,t10_sm_p28_saug_camo_darkmatter_wrapper,0,0,1,,,,,,,49891,0
49893,t10_sm_p28_saug_camo_darkmatter_unlock,0,0,2,,,,,,,49889|38328,0
49911,t10_sm_p28_saug_camo_zm_base,0,0,100|200|300|400|600|800|1000|1500|2000,87899|87920|87941|87962|87983|88004|88025|88046|88067,100|200|300|400|500|600|700|800|900,,,,,,0
49912,t10_sm_p28_saug_camo_zm_unique1,0,0,300,70676,1000,,,,t10_sm_p28_saug_camo_zm_unique_unlock,,0
49913,t10_sm_p28_saug_camo_zm_unique2,0,0,300,90201,1000,,,,t10_sm_p28_saug_camo_zm_unique_unlock,,0
49914,t10_sm_p28_saug_camo_zm_unique_wrapper,0,0,1,,,,,,,49912|49913,0
49915,t10_sm_p28_saug_camo_zm_unique_unlock,0,0,1,,,,,,,49911,0
49916,t10_sm_p28_saug_camo_zm_gold,0,0,15,88774,2500,,,,t10_sm_p28_saug_camo_zm_gold_unlock,,0
49917,t10_sm_p28_saug_camo_zm_gold_wrapper,0,0,1,,,,,,,49916,0
49918,t10_sm_p28_saug_camo_zm_gold_unlock,0,0,2,,,,,,,49912|49913,0
49919,t10_sm_p28_saug_camo_zm_diamond,0,0,30,88795,5000,,,,t10_sm_p28_saug_camo_zm_diamond_unlock,,0
49920,t10_sm_p28_saug_camo_zm_diamond_wrapper,0,0,1,,,,,,,49919,0
49921,t10_sm_p28_saug_camo_zm_diamond_unlock,0,0,2,,,,,,,49917|38897,0
49922,t10_sm_p28_saug_camo_zm_intergalactic,0,0,10,88816,7500,,,,t10_sm_p28_saug_camo_zm_intergalactic_unlock,,0
49923,t10_sm_p28_saug_camo_zm_intergalactic_wrapper,0,0,1,,,,,,,49922,0
49924,t10_sm_p28_saug_camo_zm_intergalactic_unlock,0,0,2,,,,,,,49920|38904,0
49925,t10_sm_p28_saug_camo_zm_darkmatter,0,0,10,88837,7500,,,,t10_sm_p28_saug_camo_zm_darkmatter_unlock,,0
49926,t10_sm_p28_saug_camo_zm_darkmatter_wrapper,0,0,1,,,,,,,49925,0
49927,t10_sm_p28_saug_camo_zm_darkmatter_unlock,0,0,2,,,,,,,49923|38905,0
49894,t10_sm_p28_saug_camo_wz_base,0,0,5|10|15|20|30|40|50|75|100,87892|87913|87934|87955|87976|87997|88018|88039|88060,100|200|300|400|500|600|700|800|900,,,,,,0
49895,t10_sm_p28_saug_camo_wz_unique1,0,0,5,70675,1000,,,,t10_sm_p28_saug_camo_wz_unique_unlock,,0
49896,t10_sm_p28_saug_camo_wz_unique2,0,0,5,90177,1000,,,,t10_sm_p28_saug_camo_wz_unique_unlock,,0
49897,t10_sm_p28_saug_camo_wz_unique_wrapper,0,0,1,,,,,,,49895|49896,0
49898,t10_sm_p28_saug_camo_wz_unique_unlock,0,0,1,,,,,,,49894,0
49899,t10_sm_p28_saug_camo_wz_gold,0,0,5,88767,2500,,,,t10_sm_p28_saug_camo_wz_gold_unlock,,0
49900,t10_sm_p28_saug_camo_wz_gold_wrapper,0,0,1,,,,,,,49899,0
49901,t10_sm_p28_saug_camo_wz_gold_unlock,0,0,2,,,,,,,49895|49896,0
49902,t10_sm_p28_saug_camo_wz_diamond,0,0,5,88788,5000,,,,t10_sm_p28_saug_camo_wz_diamond_unlock,,0
49903,t10_sm_p28_saug_camo_wz_diamond_wrapper,0,0,1,,,,,,,49902,0
49904,t10_sm_p28_saug_camo_wz_diamond_unlock,0,0,2,,,,,,,49900|38887,0
49905,t10_sm_p28_saug_camo_wz_intergalactic,0,0,5,88809,7500,,,,t10_sm_p28_saug_camo_wz_intergalactic_unlock,,0
49906,t10_sm_p28_saug_camo_wz_intergalactic_wrapper,0,0,1,,,,,,,49905,0
49907,t10_sm_p28_saug_camo_wz_intergalactic_unlock,0,0,2,,,,,,,49903|38894,0
49908,t10_sm_p28_saug_camo_wz_darkmatter,0,0,2,88830,7500,,,,t10_sm_p28_saug_camo_wz_darkmatter_unlock,,0
49909,t10_sm_p28_saug_camo_wz_darkmatter_wrapper,0,0,1,,,,,,,49908,0
49910,t10_sm_p28_saug_camo_wz_darkmatter_unlock,0,0,2,,,,,,,49906|38895,0
50067,t10_sn_p26_mary82_camo_base,0,0,5|10|15|20|30|40|50|75|100,87884|87905|87926|87947|87968|87989|88010|88031|88052,100|200|300|400|500|600|700|800|900,,,,,,0
50068,t10_sn_p26_mary82_camo_unique1,0,0,30,70767,1000,,,,t10_sn_p26_mary82_camo_unique_unlock,,0
50069,t10_sn_p26_mary82_camo_unique2,0,0,10,70744,1000,,,,t10_sn_p26_mary82_camo_unique_unlock,,0
50070,t10_sn_p26_mary82_camo_unique_wrapper,0,0,1,,,,,,,50068|50069,0
50071,t10_sn_p26_mary82_camo_unique_unlock,0,0,1,,,,,,,50067,0
50072,t10_sn_p26_mary82_camo_gold,0,0,10,88759,2500,,,,t10_sn_p26_mary82_camo_gold_unlock,,0
50073,t10_sn_p26_mary82_camo_gold_wrapper,0,0,1,,,,,,,50072,0
50074,t10_sn_p26_mary82_camo_gold_unlock,0,0,2,,,,,,,50068|50069,0
50075,t10_sn_p26_mary82_camo_diamond,0,0,10,88780,5000,,,,t10_sn_p26_mary82_camo_diamond_unlock,,0
50076,t10_sn_p26_mary82_camo_diamond_wrapper,0,0,1,,,,,,,50075,0
50077,t10_sn_p26_mary82_camo_diamond_unlock,0,0,2,,,,,,,50073|38336,0
50078,t10_sn_p26_mary82_camo_intergalactic,0,0,3,88801,7500,,,,t10_sn_p26_mary82_camo_intergalactic_unlock,,0
50079,t10_sn_p26_mary82_camo_intergalactic_wrapper,0,0,1,,,,,,,50078,0
50080,t10_sn_p26_mary82_camo_intergalactic_unlock,0,0,2,,,,,,,50076|38337,0
50081,t10_sn_p26_mary82_camo_darkmatter,0,0,3,88822,7500,,,,t10_sn_p26_mary82_camo_darkmatter_unlock,,0
50082,t10_sn_p26_mary82_camo_darkmatter_wrapper,0,0,1,,,,,,,50081,0
50083,t10_sn_p26_mary82_camo_darkmatter_unlock,0,0,2,,,,,,,50079|38328,0
50101,t10_sn_p26_mary82_camo_zm_base,0,0,100|200|300|400|600|800|1000|1500|2000,87898|87919|87940|87961|87982|88003|88024|88045|88066,100|200|300|400|500|600|700|800|900,,,,,,0
50102,t10_sn_p26_mary82_camo_zm_unique1,0,0,15,70769,1000,,,,t10_sn_p26_mary82_camo_zm_unique_unlock,,0
50103,t10_sn_p26_mary82_camo_zm_unique2,0,0,15,70746,1000,,,,t10_sn_p26_mary82_camo_zm_unique_unlock,,0
50104,t10_sn_p26_mary82_camo_zm_unique_wrapper,0,0,1,,,,,,,50102|50103,0
50105,t10_sn_p26_mary82_camo_zm_unique_unlock,0,0,1,,,,,,,50101,0
50106,t10_sn_p26_mary82_camo_zm_gold,0,0,15,88773,2500,,,,t10_sn_p26_mary82_camo_zm_gold_unlock,,0
50107,t10_sn_p26_mary82_camo_zm_gold_wrapper,0,0,1,,,,,,,50106,0
50108,t10_sn_p26_mary82_camo_zm_gold_unlock,0,0,2,,,,,,,50102|50103,0
50109,t10_sn_p26_mary82_camo_zm_diamond,0,0,30,88794,5000,,,,t10_sn_p26_mary82_camo_zm_diamond_unlock,,0
50110,t10_sn_p26_mary82_camo_zm_diamond_wrapper,0,0,1,,,,,,,50109,0
50111,t10_sn_p26_mary82_camo_zm_diamond_unlock,0,0,2,,,,,,,50107|38903,0
50112,t10_sn_p26_mary82_camo_zm_intergalactic,0,0,10,88815,7500,,,,t10_sn_p26_mary82_camo_zm_intergalactic_unlock,,0
50113,t10_sn_p26_mary82_camo_zm_intergalactic_wrapper,0,0,1,,,,,,,50112,0
50114,t10_sn_p26_mary82_camo_zm_intergalactic_unlock,0,0,2,,,,,,,50110|38904,0
50115,t10_sn_p26_mary82_camo_zm_darkmatter,0,0,10,88836,7500,,,,t10_sn_p26_mary82_camo_zm_darkmatter_unlock,,0
50116,t10_sn_p26_mary82_camo_zm_darkmatter_wrapper,0,0,1,,,,,,,50115,0
50117,t10_sn_p26_mary82_camo_zm_darkmatter_unlock,0,0,2,,,,,,,50113|38905,0
50084,t10_sn_p26_mary82_camo_wz_base,0,0,5|10|15|20|30|40|50|75|100,87891|87912|87933|87954|87975|87996|88017|88038|88059,100|200|300|400|500|600|700|800|900,,,,,,0
50085,t10_sn_p26_mary82_camo_wz_unique1,0,0,5,70768,1000,,,,t10_sn_p26_mary82_camo_wz_unique_unlock,,0
50086,t10_sn_p26_mary82_camo_wz_unique2,0,0,5,70745,1000,,,,t10_sn_p26_mary82_camo_wz_unique_unlock,,0
50087,t10_sn_p26_mary82_camo_wz_unique_wrapper,0,0,1,,,,,,,50085|50086,0
50088,t10_sn_p26_mary82_camo_wz_unique_unlock,0,0,1,,,,,,,50084,0
50089,t10_sn_p26_mary82_camo_wz_gold,0,0,5,88766,2500,,,,t10_sn_p26_mary82_camo_wz_gold_unlock,,0
50090,t10_sn_p26_mary82_camo_wz_gold_wrapper,0,0,1,,,,,,,50089,0
50091,t10_sn_p26_mary82_camo_wz_gold_unlock,0,0,2,,,,,,,50085|50086,0
50092,t10_sn_p26_mary82_camo_wz_diamond,0,0,5,88787,5000,,,,t10_sn_p26_mary82_camo_wz_diamond_unlock,,0
50093,t10_sn_p26_mary82_camo_wz_diamond_wrapper,0,0,1,,,,,,,50092,0
50094,t10_sn_p26_mary82_camo_wz_diamond_unlock,0,0,2,,,,,,,50090|38893,0
50095,t10_sn_p26_mary82_camo_wz_intergalactic,0,0,5,88808,7500,,,,t10_sn_p26_mary82_camo_wz_intergalactic_unlock,,0
50096,t10_sn_p26_mary82_camo_wz_intergalactic_wrapper,0,0,1,,,,,,,50095,0
50097,t10_sn_p26_mary82_camo_wz_intergalactic_unlock,0,0,2,,,,,,,50093|38894,0
50098,t10_sn_p26_mary82_camo_wz_darkmatter,0,0,2,88829,7500,,,,t10_sn_p26_mary82_camo_wz_darkmatter_unlock,,0
50099,t10_sn_p26_mary82_camo_wz_darkmatter_wrapper,0,0,1,,,,,,,50098,0
50100,t10_sn_p26_mary82_camo_wz_darkmatter_unlock,0,0,2,,,,,,,50096|38895,0
50515,t10_ar_p34_tbaker_camo_base,0,0,5|10|15|20|30|40|50|75|100,92548|92598|92716|92673|92720|92660|92711|92618|92632,100|200|300|400|500|600|700|800|900,,,,,,0
50516,t10_ar_p34_tbaker_camo_unique1,0,0,30,90430,1000,,,,t10_ar_p34_tbaker_camo_unique_unlock,,0
50517,t10_ar_p34_tbaker_camo_unique2,0,0,10,72047,1000,,,,t10_ar_p34_tbaker_camo_unique_unlock,,0
50518,t10_ar_p34_tbaker_camo_unique_wrapper,0,0,1,,,,,,,50516|50517,0
50519,t10_ar_p34_tbaker_camo_unique_unlock,0,0,1,,,,,,,50515,0
50520,t10_ar_p34_tbaker_camo_gold,0,0,10,93137,2500,,,,t10_ar_p34_tbaker_camo_gold_unlock,,0
50521,t10_ar_p34_tbaker_camo_gold_wrapper,0,0,1,,,,,,,50520,0
50522,t10_ar_p34_tbaker_camo_gold_unlock,0,0,2,,,,,,,50516|50517,0
50523,t10_ar_p34_tbaker_camo_diamond,0,0,10,93101,5000,,,,t10_ar_p34_tbaker_camo_diamond_unlock,,0
50525,t10_ar_p34_tbaker_camo_diamond_wrapper,0,0,1,,,,,,,50523,0
50526,t10_ar_p34_tbaker_camo_diamond_unlock,0,0,2,,,,,,,50521|38329,0
50527,t10_ar_p34_tbaker_camo_intergalactic,0,0,3,93180,7500,,,,t10_ar_p34_tbaker_camo_intergalactic_unlock,,0
50528,t10_ar_p34_tbaker_camo_intergalactic_wrapper,0,0,1,,,,,,,50527,0
50529,t10_ar_p34_tbaker_camo_intergalactic_unlock,0,0,2,,,,,,,50525|38337,0
50530,t10_ar_p34_tbaker_camo_darkmatter,0,0,3,93165,7500,,,,t10_ar_p34_tbaker_camo_darkmatter_unlock,,0
50531,t10_ar_p34_tbaker_camo_darkmatter_wrapper,0,0,1,,,,,,,50530,0
50532,t10_ar_p34_tbaker_camo_darkmatter_unlock,0,0,2,,,,,,,50528|38328,0
50533,t10_ar_p34_tbaker_camo_wz_base,0,0,5|10|15|20|30|40|50|75|100,92687|92550|92710|92703|92601|92736|92698|92680|92699,100|200|300|400|500|600|700|800|900,,,,,,0
50534,t10_ar_p34_tbaker_camo_wz_unique1,0,0,5,90454,1000,,,,t10_ar_p34_tbaker_camo_wz_unique_unlock,,0
50535,t10_ar_p34_tbaker_camo_wz_unique2,0,0,5,72048,1000,,,,t10_ar_p34_tbaker_camo_wz_unique_unlock,,0
50536,t10_ar_p34_tbaker_camo_wz_unique_wrapper,0,0,1,,,,,,,50534|50535,0
50537,t10_ar_p34_tbaker_camo_wz_unique_unlock,0,0,1,,,,,,,50533,0
50538,t10_ar_p34_tbaker_camo_wz_gold,0,0,5,93118,2500,,,,t10_ar_p34_tbaker_camo_wz_gold_unlock,,0
50539,t10_ar_p34_tbaker_camo_wz_gold_wrapper,0,0,1,,,,,,,50538,0
50540,t10_ar_p34_tbaker_camo_wz_gold_unlock,0,0,2,,,,,,,50534|50535,0
50541,t10_ar_p34_tbaker_camo_wz_diamond,0,0,5,93128,5000,,,,t10_ar_p34_tbaker_camo_wz_diamond_unlock,,0
50542,t10_ar_p34_tbaker_camo_wz_diamond_wrapper,0,0,1,,,,,,,50541,0
50543,t10_ar_p34_tbaker_camo_wz_diamond_unlock,0,0,2,,,,,,,50539|38886,0
50544,t10_ar_p34_tbaker_camo_wz_intergalactic,0,0,5,93138,7500,,,,t10_ar_p34_tbaker_camo_wz_intergalactic_unlock,,0
50545,t10_ar_p34_tbaker_camo_wz_intergalactic_wrapper,0,0,1,,,,,,,50544,0
50546,t10_ar_p34_tbaker_camo_wz_intergalactic_unlock,0,0,2,,,,,,,50542|38894,0
50547,t10_ar_p34_tbaker_camo_wz_darkmatter,0,0,2,93177,7500,,,,t10_ar_p34_tbaker_camo_wz_darkmatter_unlock,,0
50548,t10_ar_p34_tbaker_camo_wz_darkmatter_wrapper,0,0,1,,,,,,,50547,0
50549,t10_ar_p34_tbaker_camo_wz_darkmatter_unlock,0,0,2,,,,,,,50545|38895,0
50550,t10_ar_p34_tbaker_camo_zm_base,0,0,100|200|300|400|600|800|1000|1500|2000,92519|92584|92695|92688|92622|92740|92730|92593|92659,100|200|300|400|500|600|700|800|900,,,,,,0
50551,t10_ar_p34_tbaker_camo_zm_unique1,0,0,100,90478,1000,,,,t10_ar_p34_tbaker_camo_zm_unique_unlock,,0
50552,t10_ar_p34_tbaker_camo_zm_unique2,0,0,75,72049,1000,,,,t10_ar_p34_tbaker_camo_zm_unique_unlock,,0
50553,t10_ar_p34_tbaker_camo_zm_unique_wrapper,0,0,1,,,,,,,50551|50552,0
50554,t10_ar_p34_tbaker_camo_zm_unique_unlock,0,0,1,,,,,,,50550,0
50555,t10_ar_p34_tbaker_camo_zm_gold,0,0,15,93194,2500,,,,t10_ar_p34_tbaker_camo_zm_gold_unlock,,0
50556,t10_ar_p34_tbaker_camo_zm_gold_wrapper,0,0,1,,,,,,,50555,0
50557,t10_ar_p34_tbaker_camo_zm_gold_unlock,0,0,2,,,,,,,50551|50552,0
50558,t10_ar_p34_tbaker_camo_zm_diamond,0,0,30,93183,5000,,,,t10_ar_p34_tbaker_camo_zm_diamond_unlock,,0
50559,t10_ar_p34_tbaker_camo_zm_diamond_wrapper,0,0,1,,,,,,,50558,0
50560,t10_ar_p34_tbaker_camo_zm_diamond_unlock,0,0,2,,,,,,,50556|38896,0
50561,t10_ar_p34_tbaker_camo_zm_intergalactic,0,0,10,93111,7500,,,,t10_ar_p34_tbaker_camo_zm_intergalactic_unlock,,0
50562,t10_ar_p34_tbaker_camo_zm_intergalactic_wrapper,0,0,1,,,,,,,50561,0
50563,t10_ar_p34_tbaker_camo_zm_intergalactic_unlock,0,0,2,,,,,,,50559|38904,0
50564,t10_ar_p34_tbaker_camo_zm_darkmatter,0,0,10,93112,7500,,,,t10_ar_p34_tbaker_camo_zm_darkmatter_unlock,,0
50565,t10_ar_p34_tbaker_camo_zm_darkmatter_wrapper,0,0,1,,,,,,,50564,0
50566,t10_ar_p34_tbaker_camo_zm_darkmatter_unlock,0,0,2,,,,,,,50562|38905,0
50363,t10_dm_p05_falove_camo_base,0,0,5|10|15|20|30|40|50|75|100,72241|72341|72441|72541|72641|72741|72841|72941|73041,100|200|300|400|500|600|700|800|900,,,,,,0
50364,t10_dm_p05_falove_camo_unique1,0,0,50,71795,1000,,,,t10_dm_p05_falove_camo_unique_unlock,,0
50365,t10_dm_p05_falove_camo_unique2,0,0,10,90429,1000,,,,t10_dm_p05_falove_camo_unique_unlock,,0
50366,t10_dm_p05_falove_camo_unique_wrapper,0,0,1,,,,,,,50364|50365,0
50367,t10_dm_p05_falove_camo_unique_unlock,0,0,1,,,,,,,50363,0
50368,t10_dm_p05_falove_camo_gold,0,0,10,73185,2500,,,,t10_dm_p05_falove_camo_gold_unlock,,0
50369,t10_dm_p05_falove_camo_gold_wrapper,0,0,1,,,,,,,50368,0
50370,t10_dm_p05_falove_camo_gold_unlock,0,0,2,,,,,,,50364|50365,0
50371,t10_dm_p05_falove_camo_diamond,0,0,10,73285,5000,,,,t10_dm_p05_falove_camo_diamond_unlock,,0
50372,t10_dm_p05_falove_camo_diamond_wrapper,0,0,1,,,,,,,50371,0
50373,t10_dm_p05_falove_camo_diamond_unlock,0,0,2,,,,,,,50369|38334,0
50374,t10_dm_p05_falove_camo_intergalactic,0,0,3,73385,7500,,,,t10_dm_p05_falove_camo_intergalactic_unlock,,0
50375,t10_dm_p05_falove_camo_intergalactic_wrapper,0,0,1,,,,,,,50374,0
50376,t10_dm_p05_falove_camo_intergalactic_unlock,0,0,2,,,,,,,50372|38337,0
50377,t10_dm_p05_falove_camo_darkmatter,0,0,3,73485,7500,,,,t10_dm_p05_falove_camo_darkmatter_unlock,,0
50378,t10_dm_p05_falove_camo_darkmatter_wrapper,0,0,1,,,,,,,50377,0
50379,t10_dm_p05_falove_camo_darkmatter_unlock,0,0,2,,,,,,,50375|38328,0
50380,t10_dm_p05_falove_camo_wz_base,0,0,5|10|15|20|30|40|50|75|100,72275|72375|72475|72575|72675|72775|72875|72975|73075,100|200|300|400|500|600|700|800|900,,,,,,0
50381,t10_dm_p05_falove_camo_wz_unique1,0,0,10,71796,1000,,,,t10_dm_p05_falove_camo_wz_unique_unlock,,0
50382,t10_dm_p05_falove_camo_wz_unique2,0,0,5,90453,1000,,,,t10_dm_p05_falove_camo_wz_unique_unlock,,0
50383,t10_dm_p05_falove_camo_wz_unique_wrapper,0,0,1,,,,,,,50381|50382,0
50384,t10_dm_p05_falove_camo_wz_unique_unlock,0,0,1,,,,,,,50380,0
50385,t10_dm_p05_falove_camo_wz_gold,0,0,5,73219,2500,,,,t10_dm_p05_falove_camo_wz_gold_unlock,,0
50386,t10_dm_p05_falove_camo_wz_gold_wrapper,0,0,1,,,,,,,50385,0
50387,t10_dm_p05_falove_camo_wz_gold_unlock,0,0,2,,,,,,,50381|50382,0
50388,t10_dm_p05_falove_camo_wz_diamond,0,0,5,73319,5000,,,,t10_dm_p05_falove_camo_wz_diamond_unlock,,0
50389,t10_dm_p05_falove_camo_wz_diamond_wrapper,0,0,1,,,,,,,50388,0
50390,t10_dm_p05_falove_camo_wz_diamond_unlock,0,0,2,,,,,,,50386|38891,0
50391,t10_dm_p05_falove_camo_wz_intergalactic,0,0,5,73419,7500,,,,t10_dm_p05_falove_camo_wz_intergalactic_unlock,,0
50392,t10_dm_p05_falove_camo_wz_intergalactic_wrapper,0,0,1,,,,,,,50391,0
50393,t10_dm_p05_falove_camo_wz_intergalactic_unlock,0,0,2,,,,,,,50389|38894,0
50394,t10_dm_p05_falove_camo_wz_darkmatter,0,0,2,73519,7500,,,,t10_dm_p05_falove_camo_wz_darkmatter_unlock,,0
50395,t10_dm_p05_falove_camo_wz_darkmatter_wrapper,0,0,1,,,,,,,50394,0
50396,t10_dm_p05_falove_camo_wz_darkmatter_unlock,0,0,2,,,,,,,50392|38895,0
50397,t10_dm_p05_falove_camo_zm_base,0,0,100|200|300|400|600|800|1000|1500|2000,72309|72409|72509|72609|72709|72809|72909|73009|73109,100|200|300|400|500|600|700|800|900,,,,,,0
50398,t10_dm_p05_falove_camo_zm_unique1,0,0,300,71797,1000,,,,t10_dm_p05_falove_camo_zm_unique_unlock,,0
50399,t10_dm_p05_falove_camo_zm_unique2,0,0,300,90477,1000,,,,t10_dm_p05_falove_camo_zm_unique_unlock,,0
50400,t10_dm_p05_falove_camo_zm_unique_wrapper,0,0,1,,,,,,,50398|50399,0
50401,t10_dm_p05_falove_camo_zm_unique_unlock,0,0,1,,,,,,,50397,0
50402,t10_dm_p05_falove_camo_zm_gold,0,0,15,73253,2500,,,,t10_dm_p05_falove_camo_zm_gold_unlock,,0
50403,t10_dm_p05_falove_camo_zm_gold_wrapper,0,0,1,,,,,,,50402,0
50404,t10_dm_p05_falove_camo_zm_gold_unlock,0,0,2,,,,,,,50398|50399,0
50405,t10_dm_p05_falove_camo_zm_diamond,0,0,30,73353,5000,,,,t10_dm_p05_falove_camo_zm_diamond_unlock,,0
50406,t10_dm_p05_falove_camo_zm_diamond_wrapper,0,0,1,,,,,,,50405,0
50407,t10_dm_p05_falove_camo_zm_diamond_unlock,0,0,2,,,,,,,50403|38901,0
50408,t10_dm_p05_falove_camo_zm_intergalactic,0,0,10,73453,7500,,,,t10_dm_p05_falove_camo_zm_intergalactic_unlock,,0
50409,t10_dm_p05_falove_camo_zm_intergalactic_wrapper,0,0,1,,,,,,,50408,0
50410,t10_dm_p05_falove_camo_zm_intergalactic_unlock,0,0,2,,,,,,,50406|38904,0
50411,t10_dm_p05_falove_camo_zm_darkmatter,0,0,10,73553,7500,,,,t10_dm_p05_falove_camo_zm_darkmatter_unlock,,0
50412,t10_dm_p05_falove_camo_zm_darkmatter_wrapper,0,0,1,,,,,,,50411,0
50413,t10_dm_p05_falove_camo_zm_darkmatter_unlock,0,0,2,,,,,,,50409|38905,0
50416,t10_lm_p33_uxray_camo_base,0,0,5|10|15|20|30|40|50|75|100,92570|92625|92701|92521|92620|92663|92661|92721|92525,100|200|300|400|500|600|700|800|900,,,,,,0
50417,t10_lm_p33_uxray_camo_unique1,0,0,50,90264,1000,,,,t10_lm_p33_uxray_camo_unique_unlock,,0
50418,t10_lm_p33_uxray_camo_unique2,0,0,5,71798,1000,,,,t10_lm_p33_uxray_camo_unique_unlock,,0
50419,t10_lm_p33_uxray_camo_unique_wrapper,0,0,1,,,,,,,50417|50418,0
50420,t10_lm_p33_uxray_camo_unique_unlock,0,0,1,,,,,,,50416,0
50421,t10_lm_p33_uxray_camo_gold,0,0,10,93203,2500,,,,t10_lm_p33_uxray_camo_gold_unlock,,0
50422,t10_lm_p33_uxray_camo_gold_wrapper,0,0,1,,,,,,,50421,0
50423,t10_lm_p33_uxray_camo_gold_unlock,0,0,2,,,,,,,50417|50418,0
50424,t10_lm_p33_uxray_camo_diamond,0,0,10,93206,5000,,,,t10_lm_p33_uxray_camo_diamond_unlock,,0
50425,t10_lm_p33_uxray_camo_diamond_wrapper,0,0,1,,,,,,,50424,0
50426,t10_lm_p33_uxray_camo_diamond_unlock,0,0,2,,,,,,,50422|38333,0
50427,t10_lm_p33_uxray_camo_intergalactic,0,0,3,93173,7500,,,,t10_lm_p33_uxray_camo_intergalactic_unlock,,0
50428,t10_lm_p33_uxray_camo_intergalactic_wrapper,0,0,1,,,,,,,50427,0
50429,t10_lm_p33_uxray_camo_intergalactic_unlock,0,0,2,,,,,,,50425|38337,0
50430,t10_lm_p33_uxray_camo_darkmatter,0,0,3,93114,7500,,,,t10_lm_p33_uxray_camo_darkmatter_unlock,,0
50431,t10_lm_p33_uxray_camo_darkmatter_wrapper,0,0,1,,,,,,,50430,0
50432,t10_lm_p33_uxray_camo_darkmatter_unlock,0,0,2,,,,,,,50428|38328,0
50433,t10_lm_p33_uxray_camo_wz_base,0,0,5|10|15|20|30|40|50|75|100,92585|92704|92526|92713|92708|92669|92657|92551|92760,100|200|300|400|500|600|700|800|900,,,,,,0
50434,t10_lm_p33_uxray_camo_wz_unique1,0,0,5,90288,1000,,,,t10_lm_p33_uxray_camo_wz_unique_unlock,,0
50435,t10_lm_p33_uxray_camo_wz_unique2,0,0,5,71799,1000,,,,t10_lm_p33_uxray_camo_wz_unique_unlock,,0
50436,t10_lm_p33_uxray_camo_wz_unique_wrapper,0,0,1,,,,,,,50434|50435,0
50437,t10_lm_p33_uxray_camo_wz_unique_unlock,0,0,1,,,,,,,50433,0
50438,t10_lm_p33_uxray_camo_wz_gold,0,0,5,93117,2500,,,,t10_lm_p33_uxray_camo_wz_gold_unlock,,0
50439,t10_lm_p33_uxray_camo_wz_gold_wrapper,0,0,1,,,,,,,50438,0
50440,t10_lm_p33_uxray_camo_wz_gold_unlock,0,0,2,,,,,,,50434|50435,0
50441,t10_lm_p33_uxray_camo_wz_diamond,0,0,5,93176,5000,,,,t10_lm_p33_uxray_camo_wz_diamond_unlock,,0
50442,t10_lm_p33_uxray_camo_wz_diamond_wrapper,0,0,1,,,,,,,50441,0
50443,t10_lm_p33_uxray_camo_wz_diamond_unlock,0,0,2,,,,,,,50439|38890,0
50444,t10_lm_p33_uxray_camo_wz_intergalactic,0,0,5,93122,7500,,,,t10_lm_p33_uxray_camo_wz_intergalactic_unlock,,0
50445,t10_lm_p33_uxray_camo_wz_intergalactic_wrapper,0,0,1,,,,,,,50444,0
50446,t10_lm_p33_uxray_camo_wz_intergalactic_unlock,0,0,2,,,,,,,50442|38894,0
50447,t10_lm_p33_uxray_camo_wz_darkmatter,0,0,2,93189,7500,,,,t10_lm_p33_uxray_camo_wz_darkmatter_unlock,,0
50448,t10_lm_p33_uxray_camo_wz_darkmatter_wrapper,0,0,1,,,,,,,50447,0
50449,t10_lm_p33_uxray_camo_wz_darkmatter_unlock,0,0,2,,,,,,,50445|38895,0
50450,t10_lm_p33_uxray_camo_zm_base,0,0,100|200|300|400|600|800|1000|1500|2000,92689|92619|92693|92546|92520|92715|92719|92537|92605,100|200|300|400|500|600|700|800|900,,,,,,0
50451,t10_lm_p33_uxray_camo_zm_unique1,0,0,30,90312,1000,,,,t10_lm_p33_uxray_camo_zm_unique_unlock,,0
50452,t10_lm_p33_uxray_camo_zm_unique2,0,0,300,71800,1000,,,,t10_lm_p33_uxray_camo_zm_unique_unlock,,0
50453,t10_lm_p33_uxray_camo_zm_unique_wrapper,0,0,1,,,,,,,50451|50452,0
50454,t10_lm_p33_uxray_camo_zm_unique_unlock,0,0,1,,,,,,,50450,0
50455,t10_lm_p33_uxray_camo_zm_gold,0,0,15,93198,2500,,,,t10_lm_p33_uxray_camo_zm_gold_unlock,,0
50456,t10_lm_p33_uxray_camo_zm_gold_wrapper,0,0,1,,,,,,,50455,0
50457,t10_lm_p33_uxray_camo_zm_gold_unlock,0,0,2,,,,,,,50451|50452,0
50458,t10_lm_p33_uxray_camo_zm_diamond,0,0,30,93178,5000,,,,t10_lm_p33_uxray_camo_zm_diamond_unlock,,0
50459,t10_lm_p33_uxray_camo_zm_diamond_wrapper,0,0,1,,,,,,,50458,0
50460,t10_lm_p33_uxray_camo_zm_diamond_unlock,0,0,2,,,,,,,50456|38900,0
50461,t10_lm_p33_uxray_camo_zm_intergalactic,0,0,10,93113,7500,,,,t10_lm_p33_uxray_camo_zm_intergalactic_unlock,,0
50462,t10_lm_p33_uxray_camo_zm_intergalactic_wrapper,0,0,1,,,,,,,50461,0
50463,t10_lm_p33_uxray_camo_zm_intergalactic_unlock,0,0,2,,,,,,,50459|38904,0
50464,t10_lm_p33_uxray_camo_zm_darkmatter,0,0,10,93143,7500,,,,t10_lm_p33_uxray_camo_zm_darkmatter_unlock,,0
50465,t10_lm_p33_uxray_camo_zm_darkmatter_wrapper,0,0,1,,,,,,,50464,0
50466,t10_lm_p33_uxray_camo_zm_darkmatter_unlock,0,0,2,,,,,,,50462|38905,0
50748,t10_sm_p41_perth_camo_base,0,0,5|10|15|20|30|40|50|75|100,92653|92664|92549|92531|92595|92639|92614|92535|92652,100|200|300|400|500|600|700|800|900,,,,,,0
50749,t10_sm_p41_perth_camo_unique1,0,0,30,90270,1000,,,,t10_sm_p41_perth_camo_unique_unlock,,0
50750,t10_sm_p41_perth_camo_unique2,0,0,3,90414,1000,,,,t10_sm_p41_perth_camo_unique_unlock,,0
50751,t10_sm_p41_perth_camo_unique_wrapper,0,0,1,,,,,,,50749|50750,0
50752,t10_sm_p41_perth_camo_unique_unlock,0,0,1,,,,,,,50748,0
50753,t10_sm_p41_perth_camo_gold,0,0,10,93158,2500,,,,t10_sm_p41_perth_camo_gold_unlock,,0
50754,t10_sm_p41_perth_camo_gold_wrapper,0,0,1,,,,,,,50753,0
50755,t10_sm_p41_perth_camo_gold_unlock,0,0,2,,,,,,,50749|50750,0
50756,t10_sm_p41_perth_camo_diamond,0,0,10,93108,5000,,,,t10_sm_p41_perth_camo_diamond_unlock,,0
50757,t10_sm_p41_perth_camo_diamond_wrapper,0,0,1,,,,,,,50756,0
50758,t10_sm_p41_perth_camo_diamond_unlock,0,0,2,,,,,,,50754|38330,0
50759,t10_sm_p41_perth_camo_intergalactic,0,0,3,93192,7500,,,,t10_sm_p41_perth_camo_intergalactic_unlock,,0
50760,t10_sm_p41_perth_camo_intergalactic_wrapper,0,0,1,,,,,,,50759,0
50761,t10_sm_p41_perth_camo_intergalactic_unlock,0,0,2,,,,,,,50757|38337,0
50762,t10_sm_p41_perth_camo_darkmatter,0,0,3,93184,7500,,,,t10_sm_p41_perth_camo_darkmatter_unlock,,0
50763,t10_sm_p41_perth_camo_darkmatter_wrapper,0,0,1,,,,,,,50762,0
50764,t10_sm_p41_perth_camo_darkmatter_unlock,0,0,2,,,,,,,50760|38328,0
50765,t10_sm_p41_perth_camo_wz_base,0,0,5|10|15|20|30|40|50|75|100,92650|92641|92530|92574|92554|92681|92692|92557|92646,100|200|300|400|500|600|700|800|900,,,,,,0
50766,t10_sm_p41_perth_camo_wz_unique1,0,0,10,90294,1000,,,,t10_sm_p41_perth_camo_wz_unique_unlock,,0
50767,t10_sm_p41_perth_camo_wz_unique2,0,0,5,90438,1000,,,,t10_sm_p41_perth_camo_wz_unique_unlock,,0
50768,t10_sm_p41_perth_camo_wz_unique_wrapper,0,0,1,,,,,,,50766|50767,0
50769,t10_sm_p41_perth_camo_wz_unique_unlock,0,0,1,,,,,,,50765,0
50770,t10_sm_p41_perth_camo_wz_gold,0,0,5,93110,2500,,,,t10_sm_p41_perth_camo_wz_gold_unlock,,0
50771,t10_sm_p41_perth_camo_wz_gold_wrapper,0,0,1,,,,,,,50770,0
50772,t10_sm_p41_perth_camo_wz_gold_unlock,0,0,2,,,,,,,50766|50767,0
50773,t10_sm_p41_perth_camo_wz_diamond,0,0,5,93119,5000,,,,t10_sm_p41_perth_camo_wz_diamond_unlock,,0
50774,t10_sm_p41_perth_camo_wz_diamond_wrapper,0,0,1,,,,,,,50773,0
50775,t10_sm_p41_perth_camo_wz_diamond_unlock,0,0,2,,,,,,,50771|38887,0
50776,t10_sm_p41_perth_camo_wz_intergalactic,0,0,5,93135,7500,,,,t10_sm_p41_perth_camo_wz_intergalactic_unlock,,0
50777,t10_sm_p41_perth_camo_wz_intergalactic_wrapper,0,0,1,,,,,,,50776,0
50778,t10_sm_p41_perth_camo_wz_intergalactic_unlock,0,0,2,,,,,,,50774|38894,0
50779,t10_sm_p41_perth_camo_wz_darkmatter,0,0,2,93130,7500,,,,t10_sm_p41_perth_camo_wz_darkmatter_unlock,,0
50780,t10_sm_p41_perth_camo_wz_darkmatter_wrapper,0,0,1,,,,,,,50779,0
50781,t10_sm_p41_perth_camo_wz_darkmatter_unlock,0,0,2,,,,,,,50777|38895,0
50782,t10_sm_p41_perth_camo_zm_base,0,0,100|200|300|400|600|800|1000|1500|2000,92533|92634|92617|92666|92748|92648|92753|92668|92642,100|200|300|400|500|600|700|800|900,,,,,,0
50783,t10_sm_p41_perth_camo_zm_unique1,0,0,75,90318,1000,,,,t10_sm_p41_perth_camo_zm_unique_unlock,,0
50784,t10_sm_p41_perth_camo_zm_unique2,0,0,300,90462,1000,,,,t10_sm_p41_perth_camo_zm_unique_unlock,,0
50785,t10_sm_p41_perth_camo_zm_unique_wrapper,0,0,1,,,,,,,50783|50784,0
50786,t10_sm_p41_perth_camo_zm_unique_unlock,0,0,1,,,,,,,50782,0
50787,t10_sm_p41_perth_camo_zm_gold,0,0,15,93132,2500,,,,t10_sm_p41_perth_camo_zm_gold_unlock,,0
50788,t10_sm_p41_perth_camo_zm_gold_wrapper,0,0,1,,,,,,,50787,0
50789,t10_sm_p41_perth_camo_zm_gold_unlock,0,0,2,,,,,,,50783|50784,0
50790,t10_sm_p41_perth_camo_zm_diamond,0,0,30,93168,5000,,,,t10_sm_p41_perth_camo_zm_diamond_unlock,,0
50791,t10_sm_p41_perth_camo_zm_diamond_wrapper,0,0,1,,,,,,,50790,0
50792,t10_sm_p41_perth_camo_zm_diamond_unlock,0,0,2,,,,,,,50788|38897,0
50793,t10_sm_p41_perth_camo_zm_intergalactic,0,0,10,93141,7500,,,,t10_sm_p41_perth_camo_zm_intergalactic_unlock,,0
50794,t10_sm_p41_perth_camo_zm_intergalactic_wrapper,0,0,1,,,,,,,50793,0
50795,t10_sm_p41_perth_camo_zm_intergalactic_unlock,0,0,2,,,,,,,50791|38904,0
50796,t10_sm_p41_perth_camo_zm_darkmatter,0,0,10,93172,7500,,,,t10_sm_p41_perth_camo_zm_darkmatter_unlock,,0
50797,t10_sm_p41_perth_camo_zm_darkmatter_wrapper,0,0,1,,,,,,,50796,0
50798,t10_sm_p41_perth_camo_zm_darkmatter_unlock,0,0,2,,,,,,,50794|38905,0
51496,t10_me_p36_skateboard_camo_base,0,0,5|10|15|20|30|40|50|75|100,92725|92616|92583|92532|92658|92750|92647|92665|92543,100|200|300|400|500|600|700|800|900,,,,,,0
51497,t10_me_p36_skateboard_camo_unique1,0,0,15,90146,1000,,,,t10_me_p36_skateboard_camo_unique_unlock,,0
51498,t10_me_p36_skateboard_camo_unique2,0,0,30,90254,1000,,,,t10_me_p36_skateboard_camo_unique_unlock,,0
51499,t10_me_p36_skateboard_camo_unique_wrapper,0,0,1,,,,,,,51497|51498,0
51500,t10_me_p36_skateboard_camo_unique_unlock,0,0,1,,,,,,,51496,0
51501,t10_me_p36_skateboard_camo_gold,0,0,10,93099,2500,,,,t10_me_p36_skateboard_camo_gold_unlock,,0
51502,t10_me_p36_skateboard_camo_gold_wrapper,0,0,1,,,,,,,51501,0
51503,t10_me_p36_skateboard_camo_gold_unlock,0,0,2,,,,,,,51497|51498,0
51504,t10_me_p36_skateboard_camo_diamond,0,0,10,93100,5000,,,,t10_me_p36_skateboard_camo_diamond_unlock,,0
51505,t10_me_p36_skateboard_camo_diamond_wrapper,0,0,1,,,,,,,51504,0
51506,t10_me_p36_skateboard_camo_diamond_unlock,0,0,2,,,,,,,51502|40295,0
51507,t10_me_p36_skateboard_camo_intergalactic,0,0,3,93205,7500,,,,t10_me_p36_skateboard_camo_intergalactic_unlock,,0
51508,t10_me_p36_skateboard_camo_intergalactic_wrapper,0,0,1,,,,,,,51507,0
51509,t10_me_p36_skateboard_camo_intergalactic_unlock,0,0,2,,,,,,,51505|38337,0
51510,t10_me_p36_skateboard_camo_darkmatter,0,0,3,93146,7500,,,,t10_me_p36_skateboard_camo_darkmatter_unlock,,0
51511,t10_me_p36_skateboard_camo_darkmatter_wrapper,0,0,1,,,,,,,51510,0
51512,t10_me_p36_skateboard_camo_darkmatter_unlock,0,0,2,,,,,,,51508|38328,0
51513,t10_me_p36_skateboard_camo_wz_base,0,0,5|10|15|20|30|40|50|75|100,92675|92580|92623|92602|92749|92714|92586|92643|92667,100|200|300|400|500|600|700|800|900,,,,,,0
51514,t10_me_p36_skateboard_camo_wz_unique1,0,0,5,90170,1000,,,,t10_me_p36_skateboard_camo_wz_unique_unlock,,0
51515,t10_me_p36_skateboard_camo_wz_unique2,0,0,5,,1000,,,,t10_me_p36_skateboard_camo_wz_unique_unlock,,0
51516,t10_me_p36_skateboard_camo_wz_unique_wrapper,0,0,1,,,,,,,51514|51515,0
51517,t10_me_p36_skateboard_camo_wz_unique_unlock,0,0,1,,,,,,,51513,0
51518,t10_me_p36_skateboard_camo_wz_gold,0,0,3,93193,2500,,,,t10_me_p36_skateboard_camo_wz_gold_unlock,,0
51519,t10_me_p36_skateboard_camo_wz_gold_wrapper,0,0,1,,,,,,,51518,0
51520,t10_me_p36_skateboard_camo_wz_gold_unlock,0,0,2,,,,,,,51514|51515,0
51521,t10_me_p36_skateboard_camo_wz_diamond,0,0,2,93164,5000,,,,t10_me_p36_skateboard_camo_wz_diamond_unlock,,0
51522,t10_me_p36_skateboard_camo_wz_diamond_wrapper,0,0,1,,,,,,,51521,0
51523,t10_me_p36_skateboard_camo_wz_diamond_unlock,0,0,2,,,,,,,51519|40297,0
51524,t10_me_p36_skateboard_camo_wz_intergalactic,0,0,3,93200,7500,,,,t10_me_p36_skateboard_camo_wz_intergalactic_unlock,,0
51525,t10_me_p36_skateboard_camo_wz_intergalactic_wrapper,0,0,1,,,,,,,51524,0
51526,t10_me_p36_skateboard_camo_wz_intergalactic_unlock,0,0,2,,,,,,,51522|38894,0
51527,t10_me_p36_skateboard_camo_wz_darkmatter,0,0,1,93133,7500,,,,t10_me_p36_skateboard_camo_wz_darkmatter_unlock,,0
51528,t10_me_p36_skateboard_camo_wz_darkmatter_wrapper,0,0,1,,,,,,,51527,0
51529,t10_me_p36_skateboard_camo_wz_darkmatter_unlock,0,0,2,,,,,,,51525|38895,0
51530,t10_me_p36_skateboard_camo_zm_base,0,0,100|200|300|400|600|800|1000|1500|2000,92529|92576|92754|92722|92588|92523|92606|92621|92630,100|200|300|400|500|600|700|800|900,,,,,,0
51531,t10_me_p36_skateboard_camo_zm_unique1,0,0,100,90194,1000,,,,t10_me_p36_skateboard_camo_zm_unique_unlock,,0
51532,t10_me_p36_skateboard_camo_zm_unique2,0,0,300,90302,1000,,,,t10_me_p36_skateboard_camo_zm_unique_unlock,,0
51533,t10_me_p36_skateboard_camo_zm_unique_wrapper,0,0,1,,,,,,,51531|51532,0
51534,t10_me_p36_skateboard_camo_zm_unique_unlock,0,0,1,,,,,,,51530,0
51535,t10_me_p36_skateboard_camo_zm_gold,0,0,15,93142,2500,,,,t10_me_p36_skateboard_camo_zm_gold_unlock,,0
51536,t10_me_p36_skateboard_camo_zm_gold_wrapper,0,0,1,,,,,,,51535,0
51537,t10_me_p36_skateboard_camo_zm_gold_unlock,0,0,2,,,,,,,51531|51532,0
51538,t10_me_p36_skateboard_camo_zm_diamond,0,0,30,93181,5000,,,,t10_me_p36_skateboard_camo_zm_diamond_unlock,,0
51539,t10_me_p36_skateboard_camo_zm_diamond_wrapper,0,0,1,,,,,,,51538,0
51540,t10_me_p36_skateboard_camo_zm_diamond_unlock,0,0,2,,,,,,,51536|40299,0
51541,t10_me_p36_skateboard_camo_zm_intergalactic,0,0,10,93174,7500,,,,t10_me_p36_skateboard_camo_zm_intergalactic_unlock,,0
51542,t10_me_p36_skateboard_camo_zm_intergalactic_wrapper,0,0,1,,,,,,,51541,0
51543,t10_me_p36_skateboard_camo_zm_intergalactic_unlock,0,0,2,,,,,,,51539|38904,0
51544,t10_me_p36_skateboard_camo_zm_darkmatter,0,0,10,93120,7500,,,,t10_me_p36_skateboard_camo_zm_darkmatter_unlock,,0
51545,t10_me_p36_skateboard_camo_zm_darkmatter_wrapper,0,0,1,,,,,,,51544,0
51546,t10_me_p36_skateboard_camo_zm_darkmatter_unlock,0,0,2,,,,,,,51542|38905,0
51547,t10_me_p37_katanas_camo_base,0,0,5|10|15|20|30|40|50|75|100,92732|92644|92597|92609|92735|92541|92629|92599|92728,100|200|300|400|500|600|700|800|900,,,,,,0
51548,t10_me_p37_katanas_camo_unique1,0,0,3,70698,1000,,,,t10_me_p37_katanas_camo_unique_unlock,,0
51549,t10_me_p37_katanas_camo_unique2,0,0,50,71853,1000,,,,t10_me_p37_katanas_camo_unique_unlock,,0
51550,t10_me_p37_katanas_camo_unique_wrapper,0,0,1,,,,,,,51548|51549,0
51551,t10_me_p37_katanas_camo_unique_unlock,0,0,1,,,,,,,51547,0
51552,t10_me_p37_katanas_camo_gold,0,0,10,93109,2500,,,,t10_me_p37_katanas_camo_gold_unlock,,0
51553,t10_me_p37_katanas_camo_gold_wrapper,0,0,1,,,,,,,51552,0
51554,t10_me_p37_katanas_camo_gold_unlock,0,0,2,,,,,,,51548|51549,0
51555,t10_me_p37_katanas_camo_diamond,0,0,10,93139,5000,,,,t10_me_p37_katanas_camo_diamond_unlock,,0
51556,t10_me_p37_katanas_camo_diamond_wrapper,0,0,1,,,,,,,51555,0
51557,t10_me_p37_katanas_camo_diamond_unlock,0,0,2,,,,,,,51553|40295,0
51558,t10_me_p37_katanas_camo_intergalactic,0,0,3,93162,7500,,,,t10_me_p37_katanas_camo_intergalactic_unlock,,0
51559,t10_me_p37_katanas_camo_intergalactic_wrapper,0,0,1,,,,,,,51558,0
51560,t10_me_p37_katanas_camo_intergalactic_unlock,0,0,2,,,,,,,51556|38337,0
51561,t10_me_p37_katanas_camo_darkmatter,0,0,3,93145,7500,,,,t10_me_p37_katanas_camo_darkmatter_unlock,,0
51562,t10_me_p37_katanas_camo_darkmatter_wrapper,0,0,1,,,,,,,51561,0
51563,t10_me_p37_katanas_camo_darkmatter_unlock,0,0,2,,,,,,,51559|38328,0
51564,t10_me_p37_katanas_camo_wz_base,0,0,5|10|15|20|30|40|50|75|100,92743|92552|92596|92569|92636|92547|92744|92565|92729,100|200|300|400|500|600|700|800|900,,,,,,0
51565,t10_me_p37_katanas_camo_wz_unique1,0,0,5,70699,1000,,,,t10_me_p37_katanas_camo_wz_unique_unlock,,0
51566,t10_me_p37_katanas_camo_wz_unique2,0,0,5,71854,1000,,,,t10_me_p37_katanas_camo_wz_unique_unlock,,0
51567,t10_me_p37_katanas_camo_wz_unique_wrapper,0,0,1,,,,,,,51565|51566,0
51568,t10_me_p37_katanas_camo_wz_unique_unlock,0,0,1,,,,,,,51564,0
51569,t10_me_p37_katanas_camo_wz_gold,0,0,3,93167,2500,,,,t10_me_p37_katanas_camo_wz_gold_unlock,,0
51570,t10_me_p37_katanas_camo_wz_gold_wrapper,0,0,1,,,,,,,51569,0
51571,t10_me_p37_katanas_camo_wz_gold_unlock,0,0,2,,,,,,,51565|51566,0
51572,t10_me_p37_katanas_camo_wz_diamond,0,0,2,93116,5000,,,,t10_me_p37_katanas_camo_wz_diamond_unlock,,0
51573,t10_me_p37_katanas_camo_wz_diamond_wrapper,0,0,1,,,,,,,51572,0
51574,t10_me_p37_katanas_camo_wz_diamond_unlock,0,0,2,,,,,,,51570|40297,0
51575,t10_me_p37_katanas_camo_wz_intergalactic,0,0,3,93157,7500,,,,t10_me_p37_katanas_camo_wz_intergalactic_unlock,,0
51576,t10_me_p37_katanas_camo_wz_intergalactic_wrapper,0,0,1,,,,,,,51575,0
51577,t10_me_p37_katanas_camo_wz_intergalactic_unlock,0,0,2,,,,,,,51573|38894,0
51578,t10_me_p37_katanas_camo_wz_darkmatter,0,0,1,93104,7500,,,,t10_me_p37_katanas_camo_wz_darkmatter_unlock,,0
51579,t10_me_p37_katanas_camo_wz_darkmatter_wrapper,0,0,1,,,,,,,51578,0
51580,t10_me_p37_katanas_camo_wz_darkmatter_unlock,0,0,2,,,,,,,51576|38895,0
51581,t10_me_p37_katanas_camo_zm_base,0,0,100|200|300|400|600|800|1000|1500|2000,92679|92534|92610|92608|92691|92527|92694|92682|92731,100|200|300|400|500|600|700|800|900,,,,,,0
51582,t10_me_p37_katanas_camo_zm_unique1,0,0,300,70700,1000,,,,t10_me_p37_katanas_camo_zm_unique_unlock,,0
51583,t10_me_p37_katanas_camo_zm_unique2,0,0,300,71855,1000,,,,t10_me_p37_katanas_camo_zm_unique_unlock,,0
51584,t10_me_p37_katanas_camo_zm_unique_wrapper,0,0,1,,,,,,,51582|51583,0
51585,t10_me_p37_katanas_camo_zm_unique_unlock,0,0,1,,,,,,,51581,0
51586,t10_me_p37_katanas_camo_zm_gold,0,0,15,93147,2500,,,,t10_me_p37_katanas_camo_zm_gold_unlock,,0
51587,t10_me_p37_katanas_camo_zm_gold_wrapper,0,0,1,,,,,,,51586,0
51588,t10_me_p37_katanas_camo_zm_gold_unlock,0,0,2,,,,,,,51582|51583,0
51589,t10_me_p37_katanas_camo_zm_diamond,0,0,30,93121,5000,,,,t10_me_p37_katanas_camo_zm_diamond_unlock,,0
51590,t10_me_p37_katanas_camo_zm_diamond_wrapper,0,0,1,,,,,,,51589,0
51591,t10_me_p37_katanas_camo_zm_diamond_unlock,0,0,2,,,,,,,51587|40299,0
51592,t10_me_p37_katanas_camo_zm_intergalactic,0,0,10,93107,7500,,,,t10_me_p37_katanas_camo_zm_intergalactic_unlock,,0
51593,t10_me_p37_katanas_camo_zm_intergalactic_wrapper,0,0,1,,,,,,,51592,0
51594,t10_me_p37_katanas_camo_zm_intergalactic_unlock,0,0,2,,,,,,,51590|38904,0
51595,t10_me_p37_katanas_camo_zm_darkmatter,0,0,10,93150,7500,,,,t10_me_p37_katanas_camo_zm_darkmatter_unlock,,0
51596,t10_me_p37_katanas_camo_zm_darkmatter_wrapper,0,0,1,,,,,,,51595,0
51597,t10_me_p37_katanas_camo_zm_darkmatter_unlock,0,0,2,,,,,,,51593|38905,0
51598,t10_me_p38_sais_camo_base,0,0,5|10|15|20|30|40|50|75|100,92575|92628|92737|92587|92655|92558|92702|92631|92674,100|200|300|400|500|600|700|800|900,,,,,,0
51599,t10_me_p38_sais_camo_unique1,0,0,50,90145,1000,,,,t10_me_p38_sais_camo_unique_unlock,,0
51600,t10_me_p38_sais_camo_unique2,0,0,30,70721,1000,,,,t10_me_p38_sais_camo_unique_unlock,,0
51601,t10_me_p38_sais_camo_unique_wrapper,0,0,1,,,,,,,51599|51600,0
51602,t10_me_p38_sais_camo_unique_unlock,0,0,1,,,,,,,51598,0
51603,t10_me_p38_sais_camo_gold,0,0,10,93202,2500,,,,t10_me_p38_sais_camo_gold_unlock,,0
51604,t10_me_p38_sais_camo_gold_wrapper,0,0,1,,,,,,,51603,0
51605,t10_me_p38_sais_camo_gold_unlock,0,0,2,,,,,,,51599|51600,0
51606,t10_me_p38_sais_camo_diamond,0,0,10,93201,5000,,,,t10_me_p38_sais_camo_diamond_unlock,,0
51607,t10_me_p38_sais_camo_diamond_wrapper,0,0,1,,,,,,,51606,0
51608,t10_me_p38_sais_camo_diamond_unlock,0,0,2,,,,,,,51604|40295,0
51609,t10_me_p38_sais_camo_intergalactic,0,0,3,93134,7500,,,,t10_me_p38_sais_camo_intergalactic_unlock,,0
51610,t10_me_p38_sais_camo_intergalactic_wrapper,0,0,1,,,,,,,51609,0
51611,t10_me_p38_sais_camo_intergalactic_unlock,0,0,2,,,,,,,51607|38337,0
51612,t10_me_p38_sais_camo_darkmatter,0,0,3,93124,7500,,,,t10_me_p38_sais_camo_darkmatter_unlock,,0
51613,t10_me_p38_sais_camo_darkmatter_wrapper,0,0,1,,,,,,,51612,0
51614,t10_me_p38_sais_camo_darkmatter_unlock,0,0,2,,,,,,,51610|38328,0
51615,t10_me_p38_sais_camo_wz_base,0,0,5|10|15|20|30|40|50|75|100,92733|92718|92676|92600|92745|92566|92651|92654|92638,100|200|300|400|500|600|700|800|900,,,,,,0
51616,t10_me_p38_sais_camo_wz_unique1,0,0,5,90169,1000,,,,t10_me_p38_sais_camo_wz_unique_unlock,,0
51617,t10_me_p38_sais_camo_wz_unique2,0,0,5,70722,1000,,,,t10_me_p38_sais_camo_wz_unique_unlock,,0
51618,t10_me_p38_sais_camo_wz_unique_wrapper,0,0,1,,,,,,,51616|51617,0
51619,t10_me_p38_sais_camo_wz_unique_unlock,0,0,1,,,,,,,51615,0
51620,t10_me_p38_sais_camo_wz_gold,0,0,3,93161,2500,,,,t10_me_p38_sais_camo_wz_gold_unlock,,0
51621,t10_me_p38_sais_camo_wz_gold_wrapper,0,0,1,,,,,,,51620,0
51622,t10_me_p38_sais_camo_wz_gold_unlock,0,0,2,,,,,,,51616|51617,0
51623,t10_me_p38_sais_camo_wz_diamond,0,0,2,93153,5000,,,,t10_me_p38_sais_camo_wz_diamond_unlock,,0
51624,t10_me_p38_sais_camo_wz_diamond_wrapper,0,0,1,,,,,,,51623,0
51625,t10_me_p38_sais_camo_wz_diamond_unlock,0,0,2,,,,,,,51621|40297,0
51626,t10_me_p38_sais_camo_wz_intergalactic,0,0,3,93125,7500,,,,t10_me_p38_sais_camo_wz_intergalactic_unlock,,0
51627,t10_me_p38_sais_camo_wz_intergalactic_wrapper,0,0,1,,,,,,,51626,0
51628,t10_me_p38_sais_camo_wz_intergalactic_unlock,0,0,2,,,,,,,51624|38894,0
51629,t10_me_p38_sais_camo_wz_darkmatter,0,0,1,93186,7500,,,,t10_me_p38_sais_camo_wz_darkmatter_unlock,,0
51630,t10_me_p38_sais_camo_wz_darkmatter_wrapper,0,0,1,,,,,,,51629,0
51631,t10_me_p38_sais_camo_wz_darkmatter_unlock,0,0,2,,,,,,,51627|38895,0
51632,t10_me_p38_sais_camo_zm_base,0,0,100|200|300|400|600|800|1000|1500|2000,92604|92528|92562|92758|92592|92645|92581|92637|92746,100|200|300|400|500|600|700|800|900,,,,,,0
51633,t10_me_p38_sais_camo_zm_unique1,0,0,300,90193,1000,,,,t10_me_p38_sais_camo_zm_unique_unlock,,0
51634,t10_me_p38_sais_camo_zm_unique2,0,0,10,70723,1000,,,,t10_me_p38_sais_camo_zm_unique_unlock,,0
51635,t10_me_p38_sais_camo_zm_unique_wrapper,0,0,1,,,,,,,51633|51634,0
51636,t10_me_p38_sais_camo_zm_unique_unlock,0,0,1,,,,,,,51632,0
51637,t10_me_p38_sais_camo_zm_gold,0,0,15,93175,2500,,,,t10_me_p38_sais_camo_zm_gold_unlock,,0
51638,t10_me_p38_sais_camo_zm_gold_wrapper,0,0,1,,,,,,,51637,0
51639,t10_me_p38_sais_camo_zm_gold_unlock,0,0,2,,,,,,,51633|51634,0
51640,t10_me_p38_sais_camo_zm_diamond,0,0,30,93103,5000,,,,t10_me_p38_sais_camo_zm_diamond_unlock,,0
51641,t10_me_p38_sais_camo_zm_diamond_wrapper,0,0,1,,,,,,,51640,0
51642,t10_me_p38_sais_camo_zm_diamond_unlock,0,0,2,,,,,,,51638|40299,0
51643,t10_me_p38_sais_camo_zm_intergalactic,0,0,10,93169,7500,,,,t10_me_p38_sais_camo_zm_intergalactic_unlock,,0
51644,t10_me_p38_sais_camo_zm_intergalactic_wrapper,0,0,1,,,,,,,51643,0
51645,t10_me_p38_sais_camo_zm_intergalactic_unlock,0,0,2,,,,,,,51641|38904,0
51646,t10_me_p38_sais_camo_zm_darkmatter,0,0,10,93126,7500,,,,t10_me_p38_sais_camo_zm_darkmatter_unlock,,0
51647,t10_me_p38_sais_camo_zm_darkmatter_wrapper,0,0,1,,,,,,,51646,0
51648,t10_me_p38_sais_camo_zm_darkmatter_unlock,0,0,2,,,,,,,51644|38905,0
51649,t10_me_p39_nunchaku_camo_base,0,0,5|10|15|20|30|40|50|75|100,92759|92635|92700|92726|92761|92685|92613|92572|92755,100|200|300|400|500|600|700|800|900,,,,,,0
51650,t10_me_p39_nunchaku_camo_unique1,0,0,30,90421,1000,,,,t10_me_p39_nunchaku_camo_unique_unlock,,0
51651,t10_me_p39_nunchaku_camo_unique2,0,0,15,72044,1000,,,,t10_me_p39_nunchaku_camo_unique_unlock,,0
51652,t10_me_p39_nunchaku_camo_unique_wrapper,0,0,1,,,,,,,51650|51651,0
51653,t10_me_p39_nunchaku_camo_unique_unlock,0,0,1,,,,,,,51649,0
51654,t10_me_p39_nunchaku_camo_gold,0,0,10,93179,2500,,,,t10_me_p39_nunchaku_camo_gold_unlock,,0
51655,t10_me_p39_nunchaku_camo_gold_wrapper,0,0,1,,,,,,,51654,0
51656,t10_me_p39_nunchaku_camo_gold_unlock,0,0,2,,,,,,,51650|51651,0
51657,t10_me_p39_nunchaku_camo_diamond,0,0,10,93187,5000,,,,t10_me_p39_nunchaku_camo_diamond_unlock,,0
51658,t10_me_p39_nunchaku_camo_diamond_wrapper,0,0,1,,,,,,,51657,0
51659,t10_me_p39_nunchaku_camo_diamond_unlock,0,0,2,,,,,,,51655|40295,0
51660,t10_me_p39_nunchaku_camo_intergalactic,0,0,3,93136,7500,,,,t10_me_p39_nunchaku_camo_intergalactic_unlock,,0
51661,t10_me_p39_nunchaku_camo_intergalactic_wrapper,0,0,1,,,,,,,51660,0
51662,t10_me_p39_nunchaku_camo_intergalactic_unlock,0,0,2,,,,,,,51658|38337,0
51663,t10_me_p39_nunchaku_camo_darkmatter,0,0,3,93148,7500,,,,t10_me_p39_nunchaku_camo_darkmatter_unlock,,0
51664,t10_me_p39_nunchaku_camo_darkmatter_wrapper,0,0,1,,,,,,,51663,0
51665,t10_me_p39_nunchaku_camo_darkmatter_unlock,0,0,2,,,,,,,51661|38328,0
51666,t10_me_p39_nunchaku_camo_wz_base,0,0,5|10|15|20|30|40|50|75|100,92627|92594|92582|92560|92742|92615|92741|92707|92709,100|200|300|400|500|600|700|800|900,,,,,,0
51667,t10_me_p39_nunchaku_camo_wz_unique1,0,0,5,90445,1000,,,,t10_me_p39_nunchaku_camo_wz_unique_unlock,,0
51668,t10_me_p39_nunchaku_camo_wz_unique2,0,0,5,72045,1000,,,,t10_me_p39_nunchaku_camo_wz_unique_unlock,,0
51669,t10_me_p39_nunchaku_camo_wz_unique_wrapper,0,0,1,,,,,,,51667|51668,0
51670,t10_me_p39_nunchaku_camo_wz_unique_unlock,0,0,1,,,,,,,51666,0
51671,t10_me_p39_nunchaku_camo_wz_gold,0,0,3,93190,2500,,,,t10_me_p39_nunchaku_camo_wz_gold_unlock,,0
51672,t10_me_p39_nunchaku_camo_wz_gold_wrapper,0,0,1,,,,,,,51671,0
51673,t10_me_p39_nunchaku_camo_wz_gold_unlock,0,0,2,,,,,,,51667|51668,0
51674,t10_me_p39_nunchaku_camo_wz_diamond,0,0,2,93144,5000,,,,t10_me_p39_nunchaku_camo_wz_diamond_unlock,,0
51675,t10_me_p39_nunchaku_camo_wz_diamond_wrapper,0,0,1,,,,,,,51674,0
51676,t10_me_p39_nunchaku_camo_wz_diamond_unlock,0,0,2,,,,,,,51672|40297,0
51677,t10_me_p39_nunchaku_camo_wz_intergalactic,0,0,3,93131,7500,,,,t10_me_p39_nunchaku_camo_wz_intergalactic_unlock,,0
51678,t10_me_p39_nunchaku_camo_wz_intergalactic_wrapper,0,0,1,,,,,,,51677,0
51679,t10_me_p39_nunchaku_camo_wz_intergalactic_unlock,0,0,2,,,,,,,51675|38894,0
51680,t10_me_p39_nunchaku_camo_wz_darkmatter,0,0,1,93185,7500,,,,t10_me_p39_nunchaku_camo_wz_darkmatter_unlock,,0
51681,t10_me_p39_nunchaku_camo_wz_darkmatter_wrapper,0,0,1,,,,,,,51680,0
51682,t10_me_p39_nunchaku_camo_wz_darkmatter_unlock,0,0,2,,,,,,,51678|38895,0
51683,t10_me_p39_nunchaku_camo_zm_base,0,0,100|200|300|400|600|800|1000|1500|2000,92656|92683|92662|92670|92757|92738|92752|92678|92696,100|200|300|400|500|600|700|800|900,,,,,,0
51684,t10_me_p39_nunchaku_camo_zm_unique1,0,0,300,90469,1000,,,,t10_me_p39_nunchaku_camo_zm_unique_unlock,,0
51685,t10_me_p39_nunchaku_camo_zm_unique2,0,0,30,72046,1000,,,,t10_me_p39_nunchaku_camo_zm_unique_unlock,,0
51686,t10_me_p39_nunchaku_camo_zm_unique_wrapper,0,0,1,,,,,,,51684|51685,0
51687,t10_me_p39_nunchaku_camo_zm_unique_unlock,0,0,1,,,,,,,51683,0
51688,t10_me_p39_nunchaku_camo_zm_gold,0,0,15,93170,2500,,,,t10_me_p39_nunchaku_camo_zm_gold_unlock,,0
51689,t10_me_p39_nunchaku_camo_zm_gold_wrapper,0,0,1,,,,,,,51688,0
51690,t10_me_p39_nunchaku_camo_zm_gold_unlock,0,0,2,,,,,,,51684|51685,0
51691,t10_me_p39_nunchaku_camo_zm_diamond,0,0,30,93156,5000,,,,t10_me_p39_nunchaku_camo_zm_diamond_unlock,,0
51692,t10_me_p39_nunchaku_camo_zm_diamond_wrapper,0,0,1,,,,,,,51691,0
51693,t10_me_p39_nunchaku_camo_zm_diamond_unlock,0,0,2,,,,,,,51689|40299,0
51694,t10_me_p39_nunchaku_camo_zm_intergalactic,0,0,10,93166,7500,,,,t10_me_p39_nunchaku_camo_zm_intergalactic_unlock,,0
51695,t10_me_p39_nunchaku_camo_zm_intergalactic_wrapper,0,0,1,,,,,,,51694,0
51696,t10_me_p39_nunchaku_camo_zm_intergalactic_unlock,0,0,2,,,,,,,51692|38904,0
51697,t10_me_p39_nunchaku_camo_zm_darkmatter,0,0,10,93182,7500,,,,t10_me_p39_nunchaku_camo_zm_darkmatter_unlock,,0
51698,t10_me_p39_nunchaku_camo_zm_darkmatter_wrapper,0,0,1,,,,,,,51697,0
51699,t10_me_p39_nunchaku_camo_zm_darkmatter_unlock,0,0,2,,,,,,,51695|38905,0
51700,t10_me_p40_bostaff_camo_base,0,0,5|10|15|20|30|40|50|75|100,92633|92611|92717|92640|92539|92553|92671|92672|92568,100|200|300|400|500|600|700|800|900,,,,,,0
51701,t10_me_p40_bostaff_camo_unique1,0,0,50,90147,1000,,,,t10_me_p40_bostaff_camo_unique_unlock,,0
51702,t10_me_p40_bostaff_camo_unique2,0,0,3,90255,1000,,,,t10_me_p40_bostaff_camo_unique_unlock,,0
51703,t10_me_p40_bostaff_camo_unique_wrapper,0,0,1,,,,,,,51701|51702,0
51704,t10_me_p40_bostaff_camo_unique_unlock,0,0,1,,,,,,,51700,0
51705,t10_me_p40_bostaff_camo_gold,0,0,10,93149,2500,,,,t10_me_p40_bostaff_camo_gold_unlock,,0
51706,t10_me_p40_bostaff_camo_gold_wrapper,0,0,1,,,,,,,51705,0
51707,t10_me_p40_bostaff_camo_gold_unlock,0,0,2,,,,,,,51701|51702,0
51708,t10_me_p40_bostaff_camo_diamond,0,0,10,93151,5000,,,,t10_me_p40_bostaff_camo_diamond_unlock,,0
51709,t10_me_p40_bostaff_camo_diamond_wrapper,0,0,1,,,,,,,51708,0
51710,t10_me_p40_bostaff_camo_diamond_unlock,0,0,2,,,,,,,51706|40295,0
51711,t10_me_p40_bostaff_camo_intergalactic,0,0,3,93197,7500,,,,t10_me_p40_bostaff_camo_intergalactic_unlock,,0
51712,t10_me_p40_bostaff_camo_intergalactic_wrapper,0,0,1,,,,,,,51711,0
51713,t10_me_p40_bostaff_camo_intergalactic_unlock,0,0,2,,,,,,,51709|38337,0
51714,t10_me_p40_bostaff_camo_darkmatter,0,0,3,93140,7500,,,,t10_me_p40_bostaff_camo_darkmatter_unlock,,0
51715,t10_me_p40_bostaff_camo_darkmatter_wrapper,0,0,1,,,,,,,51714,0
51716,t10_me_p40_bostaff_camo_darkmatter_unlock,0,0,2,,,,,,,51712|38328,0
51717,t10_me_p40_bostaff_camo_wz_base,0,0,5|10|15|20|30|40|50|75|100,92573|92607|92706|92542|92522|92624|92559|92571|92697,100|200|300|400|500|600|700|800|900,,,,,,0
51718,t10_me_p40_bostaff_camo_wz_unique1,0,0,5,90171,1000,,,,t10_me_p40_bostaff_camo_wz_unique_unlock,,0
51719,t10_me_p40_bostaff_camo_wz_unique2,0,0,5,90279,1000,,,,t10_me_p40_bostaff_camo_wz_unique_unlock,,0
51720,t10_me_p40_bostaff_camo_wz_unique_wrapper,0,0,1,,,,,,,51718|51719,0
51721,t10_me_p40_bostaff_camo_wz_unique_unlock,0,0,1,,,,,,,51717,0
51722,t10_me_p40_bostaff_camo_wz_gold,0,0,3,93160,2500,,,,t10_me_p40_bostaff_camo_wz_gold_unlock,,0
51723,t10_me_p40_bostaff_camo_wz_gold_wrapper,0,0,1,,,,,,,51722,0
51724,t10_me_p40_bostaff_camo_wz_gold_unlock,0,0,2,,,,,,,51718|51719,0
51725,t10_me_p40_bostaff_camo_wz_diamond,0,0,2,93115,5000,,,,t10_me_p40_bostaff_camo_wz_diamond_unlock,,0
51726,t10_me_p40_bostaff_camo_wz_diamond_wrapper,0,0,1,,,,,,,51725,0
51727,t10_me_p40_bostaff_camo_wz_diamond_unlock,0,0,2,,,,,,,51723|40297,0
51728,t10_me_p40_bostaff_camo_wz_intergalactic,0,0,3,93106,7500,,,,t10_me_p40_bostaff_camo_wz_intergalactic_unlock,,0
51729,t10_me_p40_bostaff_camo_wz_intergalactic_wrapper,0,0,1,,,,,,,51728,0
51730,t10_me_p40_bostaff_camo_wz_intergalactic_unlock,0,0,2,,,,,,,51726|38894,0
51731,t10_me_p40_bostaff_camo_wz_darkmatter,0,0,1,93123,7500,,,,t10_me_p40_bostaff_camo_wz_darkmatter_unlock,,0
51732,t10_me_p40_bostaff_camo_wz_darkmatter_wrapper,0,0,1,,,,,,,51731,0
51733,t10_me_p40_bostaff_camo_wz_darkmatter_unlock,0,0,2,,,,,,,51729|38895,0
51734,t10_me_p40_bostaff_camo_zm_base,0,0,100|200|300|400|600|800|1000|1500|2000,92591|92590|92705|92712|92577|92545|92747|92690|92538,100|200|300|400|500|600|700|800|900,,,,,,0
51735,t10_me_p40_bostaff_camo_zm_unique1,0,0,300,90195,1000,,,,t10_me_p40_bostaff_camo_zm_unique_unlock,,0
51736,t10_me_p40_bostaff_camo_zm_unique2,0,0,30,90303,1000,,,,t10_me_p40_bostaff_camo_zm_unique_unlock,,0
51737,t10_me_p40_bostaff_camo_zm_unique_wrapper,0,0,1,,,,,,,51735|51736,0
51738,t10_me_p40_bostaff_camo_zm_unique_unlock,0,0,1,,,,,,,51734,0
51739,t10_me_p40_bostaff_camo_zm_gold,0,0,15,93129,2500,,,,t10_me_p40_bostaff_camo_zm_gold_unlock,,0
51740,t10_me_p40_bostaff_camo_zm_gold_wrapper,0,0,1,,,,,,,51739,0
51741,t10_me_p40_bostaff_camo_zm_gold_unlock,0,0,2,,,,,,,51735|51736,0
51742,t10_me_p40_bostaff_camo_zm_diamond,0,0,30,93191,5000,,,,t10_me_p40_bostaff_camo_zm_diamond_unlock,,0
51743,t10_me_p40_bostaff_camo_zm_diamond_wrapper,0,0,1,,,,,,,51742,0
51744,t10_me_p40_bostaff_camo_zm_diamond_unlock,0,0,2,,,,,,,51740|40299,0
51745,t10_me_p40_bostaff_camo_zm_intergalactic,0,0,10,93199,7500,,,,t10_me_p40_bostaff_camo_zm_intergalactic_unlock,,0
51746,t10_me_p40_bostaff_camo_zm_intergalactic_wrapper,0,0,1,,,,,,,51745,0
51747,t10_me_p40_bostaff_camo_zm_intergalactic_unlock,0,0,2,,,,,,,51743|38904,0
51748,t10_me_p40_bostaff_camo_zm_darkmatter,0,0,10,93152,7500,,,,t10_me_p40_bostaff_camo_zm_darkmatter_unlock,,0
51749,t10_me_p40_bostaff_camo_zm_darkmatter_wrapper,0,0,1,,,,,,,51748,0
51750,t10_me_p40_bostaff_camo_zm_darkmatter_unlock,0,0,2,,,,,,,51746|38905,0
51751,t10_sl_p35_blauncher_camo_base,0,0,5|10|15|20|30|40|50|75|100,92564|92544|92756|92684|92536|92524|92686|92589|92626,100|200|300|400|500|600|700|800|900,,,,,,0
51752,t10_sl_p35_blauncher_camo_unique1,0,0,10,90161,1000,,,,t10_sl_p35_blauncher_camo_unique_unlock,,0
51753,t10_sl_p35_blauncher_camo_unique2,0,0,30,72036,1000,,,,t10_sl_p35_blauncher_camo_unique_unlock,,0
51754,t10_sl_p35_blauncher_camo_unique_wrapper,0,0,1,,,,,,,51752|51753,0
51755,t10_sl_p35_blauncher_camo_unique_unlock,0,0,1,,,,,,,51751,0
51756,t10_sl_p35_blauncher_camo_gold,0,0,10,93163,2500,,,,t10_sl_p35_blauncher_camo_gold_unlock,,0
51757,t10_sl_p35_blauncher_camo_gold_wrapper,0,0,1,,,,,,,51756,0
51758,t10_sl_p35_blauncher_camo_gold_unlock,0,0,2,,,,,,,51752|51753,0
51759,t10_sl_p35_blauncher_camo_diamond,0,0,10,93159,5000,,,,t10_sl_p35_blauncher_camo_diamond_unlock,,0
51760,t10_sl_p35_blauncher_camo_diamond_wrapper,0,0,1,,,,,,,51759,0
51761,t10_sl_p35_blauncher_camo_diamond_unlock,0,0,2,,,,,,,51757|40294,0
51762,t10_sl_p35_blauncher_camo_intergalactic,0,0,3,93102,7500,,,,t10_sl_p35_blauncher_camo_intergalactic_unlock,,0
51763,t10_sl_p35_blauncher_camo_intergalactic_wrapper,0,0,1,,,,,,,51762,0
51764,t10_sl_p35_blauncher_camo_intergalactic_unlock,0,0,2,,,,,,,51760|38337,0
51765,t10_sl_p35_blauncher_camo_darkmatter,0,0,3,93196,7500,,,,t10_sl_p35_blauncher_camo_darkmatter_unlock,,0
51766,t10_sl_p35_blauncher_camo_darkmatter_wrapper,0,0,1,,,,,,,51765,0
51767,t10_sl_p35_blauncher_camo_darkmatter_unlock,0,0,2,,,,,,,51763|38328,0
51768,t10_sl_p35_blauncher_camo_wz_base,0,0,5|10|15|20|30|40|50|75|100,92723|92734|92677|92563|92612|92603|92567|92649|92561,100|200|300|400|500|600|700|800|900,,,,,,0
51769,t10_sl_p35_blauncher_camo_wz_unique1,0,0,5,90185,1000,,,,t10_sl_p35_blauncher_camo_wz_unique_unlock,,0
51770,t10_sl_p35_blauncher_camo_wz_unique2,0,0,5,72037,1000,,,,t10_sl_p35_blauncher_camo_wz_unique_unlock,,0
51771,t10_sl_p35_blauncher_camo_wz_unique_wrapper,0,0,1,,,,,,,51769|51770,0
51772,t10_sl_p35_blauncher_camo_wz_unique_unlock,0,0,1,,,,,,,51768,0
51773,t10_sl_p35_blauncher_camo_wz_gold,0,0,5,93171,2500,,,,t10_sl_p35_blauncher_camo_wz_gold_unlock,,0
51774,t10_sl_p35_blauncher_camo_wz_gold_wrapper,0,0,1,,,,,,,51773,0
51775,t10_sl_p35_blauncher_camo_wz_gold_unlock,0,0,2,,,,,,,51769|51770,0
51776,t10_sl_p35_blauncher_camo_wz_diamond,0,0,2,93105,5000,,,,t10_sl_p35_blauncher_camo_wz_diamond_unlock,,0
51777,t10_sl_p35_blauncher_camo_wz_diamond_wrapper,0,0,1,,,,,,,51776,0
51778,t10_sl_p35_blauncher_camo_wz_diamond_unlock,0,0,2,,,,,,,51774|40296,0
51779,t10_sl_p35_blauncher_camo_wz_intergalactic,0,0,5,93188,7500,,,,t10_sl_p35_blauncher_camo_wz_intergalactic_unlock,,0
51780,t10_sl_p35_blauncher_camo_wz_intergalactic_wrapper,0,0,1,,,,,,,51779,0
51781,t10_sl_p35_blauncher_camo_wz_intergalactic_unlock,0,0,2,,,,,,,51777|38894,0
51782,t10_sl_p35_blauncher_camo_wz_darkmatter,0,0,1,93204,7500,,,,t10_sl_p35_blauncher_camo_wz_darkmatter_unlock,,0
51783,t10_sl_p35_blauncher_camo_wz_darkmatter_wrapper,0,0,1,,,,,,,51782,0
51784,t10_sl_p35_blauncher_camo_wz_darkmatter_unlock,0,0,2,,,,,,,51780|38895,0
51785,t10_sl_p35_blauncher_camo_zm_base,0,0,100|200|300|400|600|800|1000|1500|2000,92724|92578|92727|92579|92540|92739|92556|92555|92751,100|200|300|400|500|600|700|800|900,,,,,,0
51786,t10_sl_p35_blauncher_camo_zm_unique1,0,0,100,90209,1000,,,,t10_sl_p35_blauncher_camo_zm_unique_unlock,,0
51787,t10_sl_p35_blauncher_camo_zm_unique2,0,0,300,72038,1000,,,,t10_sl_p35_blauncher_camo_zm_unique_unlock,,0
51788,t10_sl_p35_blauncher_camo_zm_unique_wrapper,0,0,1,,,,,,,51786|51787,0
51789,t10_sl_p35_blauncher_camo_zm_unique_unlock,0,0,1,,,,,,,51785,0
51790,t10_sl_p35_blauncher_camo_zm_gold,0,0,15,93155,2500,,,,t10_sl_p35_blauncher_camo_zm_gold_unlock,,0
51791,t10_sl_p35_blauncher_camo_zm_gold_wrapper,0,0,1,,,,,,,51790,0
51792,t10_sl_p35_blauncher_camo_zm_gold_unlock,0,0,2,,,,,,,51786|51787,0
51793,t10_sl_p35_blauncher_camo_zm_diamond,0,0,30,93127,5000,,,,t10_sl_p35_blauncher_camo_zm_diamond_unlock,,0
51794,t10_sl_p35_blauncher_camo_zm_diamond_wrapper,0,0,1,,,,,,,51793,0
51795,t10_sl_p35_blauncher_camo_zm_diamond_unlock,0,0,2,,,,,,,51791|40298,0
51796,t10_sl_p35_blauncher_camo_zm_intergalactic,0,0,10,93195,7500,,,,t10_sl_p35_blauncher_camo_zm_intergalactic_unlock,,0
51797,t10_sl_p35_blauncher_camo_zm_intergalactic_wrapper,0,0,1,,,,,,,51796,0
51798,t10_sl_p35_blauncher_camo_zm_intergalactic_unlock,0,0,2,,,,,,,51794|38904,0
51799,t10_sl_p35_blauncher_camo_zm_darkmatter,0,0,10,93154,7500,,,,t10_sl_p35_blauncher_camo_zm_darkmatter_unlock,,0
51800,t10_sl_p35_blauncher_camo_zm_darkmatter_wrapper,0,0,1,,,,,,,51799,0
51801,t10_sl_p35_blauncher_camo_zm_darkmatter_unlock,0,0,2,,,,,,,51797|38905,0
52080,t10_ar_p45_kent_camo_base,0,0,5|10|15|20|30|40|50|75|100,95806|95835|95979|95828|95766|95938|95846|95837|95821,100|200|300|400|500|600|700|800|900,,,,,,0
52081,t10_ar_p45_kent_camo_unique1,0,0,30,90163,1000,,,,t10_ar_p45_kent_camo_unique_unlock,,0
52082,t10_ar_p45_kent_camo_unique2,0,0,50,90773,1000,,,,t10_ar_p45_kent_camo_unique_unlock,,0
52083,t10_ar_p45_kent_camo_unique_wrapper,0,0,1,,,,,,,52081|52082,0
52084,t10_ar_p45_kent_camo_unique_unlock,0,0,1,,,,,,,52080,0
52085,t10_ar_p45_kent_camo_gold,0,0,10,95891,2500,,,,t10_ar_p45_kent_camo_gold_unlock,,0
52086,t10_ar_p45_kent_camo_gold_wrapper,0,0,1,,,,,,,52085,0
52087,t10_ar_p45_kent_camo_gold_unlock,0,0,2,,,,,,,52081|52082,0
52088,t10_ar_p45_kent_camo_diamond,0,0,10,95877,5000,,,,t10_ar_p45_kent_camo_diamond_unlock,,0
52089,t10_ar_p45_kent_camo_diamond_wrapper,0,0,1,,,,,,,52088,0
52090,t10_ar_p45_kent_camo_diamond_unlock,0,0,2,,,,,,,52086|38329,0
52091,t10_ar_p45_kent_camo_intergalactic,0,0,3,95861,7500,,,,t10_ar_p45_kent_camo_intergalactic_unlock,,0
52092,t10_ar_p45_kent_camo_intergalactic_wrapper,0,0,1,,,,,,,52091,0
52093,t10_ar_p45_kent_camo_intergalactic_unlock,0,0,2,,,,,,,52089|38337,0
52094,t10_ar_p45_kent_camo_darkmatter,0,0,3,95961,7500,,,,t10_ar_p45_kent_camo_darkmatter_unlock,,0
52095,t10_ar_p45_kent_camo_darkmatter_wrapper,0,0,1,,,,,,,52094,0
52096,t10_ar_p45_kent_camo_darkmatter_unlock,0,0,2,,,,,,,52092|38328,0
52097,t10_ar_p45_kent_camo_wz_base,0,0,5|10|15|20|30|40|50|75|100,95852|95992|95779|95797|95759|95793|95914|95931|95918,100|200|300|400|500|600|700|800|900,,,,,,0
52098,t10_ar_p45_kent_camo_wz_unique1,0,0,5,90187,1000,,,,t10_ar_p45_kent_camo_wz_unique_unlock,,0
52099,t10_ar_p45_kent_camo_wz_unique2,0,0,5,90789,1000,,,,t10_ar_p45_kent_camo_wz_unique_unlock,,0
52100,t10_ar_p45_kent_camo_wz_unique_wrapper,0,0,1,,,,,,,52098|52099,0
52101,t10_ar_p45_kent_camo_wz_unique_unlock,0,0,1,,,,,,,52097,0
52102,t10_ar_p45_kent_camo_wz_gold,0,0,5,95818,2500,,,,t10_ar_p45_kent_camo_wz_gold_unlock,,0
52103,t10_ar_p45_kent_camo_wz_gold_wrapper,0,0,1,,,,,,,52102,0
52104,t10_ar_p45_kent_camo_wz_gold_unlock,0,0,2,,,,,,,52098|52099,0
52105,t10_ar_p45_kent_camo_wz_diamond,0,0,5,95827,5000,,,,t10_ar_p45_kent_camo_wz_diamond_unlock,,0
52106,t10_ar_p45_kent_camo_wz_diamond_wrapper,0,0,1,,,,,,,52105,0
52107,t10_ar_p45_kent_camo_wz_diamond_unlock,0,0,2,,,,,,,52103|38886,0
52108,t10_ar_p45_kent_camo_wz_intergalactic,0,0,5,95872,7500,,,,t10_ar_p45_kent_camo_wz_intergalactic_unlock,,0
52109,t10_ar_p45_kent_camo_wz_intergalactic_wrapper,0,0,1,,,,,,,52108,0
52110,t10_ar_p45_kent_camo_wz_intergalactic_unlock,0,0,2,,,,,,,52106|38894,0
52111,t10_ar_p45_kent_camo_wz_darkmatter,0,0,2,95816,7500,,,,t10_ar_p45_kent_camo_wz_darkmatter_unlock,,0
52112,t10_ar_p45_kent_camo_wz_darkmatter_wrapper,0,0,1,,,,,,,52111,0
52113,t10_ar_p45_kent_camo_wz_darkmatter_unlock,0,0,2,,,,,,,52109|38895,0
52114,t10_ar_p45_kent_camo_zm_base,0,0,100|200|300|400|600|800|1000|1500|2000,95783|95839|95990|95769|95946|95824|95781|95985|95954,100|200|300|400|500|600|700|800|900,,,,,,0
52115,t10_ar_p45_kent_camo_zm_unique1,0,0,15,90211,1000,,,,t10_ar_p45_kent_camo_zm_unique_unlock,,0
52116,t10_ar_p45_kent_camo_zm_unique2,0,0,300,90805,1000,,,,t10_ar_p45_kent_camo_zm_unique_unlock,,0
52117,t10_ar_p45_kent_camo_zm_unique_wrapper,0,0,1,,,,,,,52115|52116,0
52118,t10_ar_p45_kent_camo_zm_unique_unlock,0,0,1,,,,,,,52114,0
52119,t10_ar_p45_kent_camo_zm_gold,0,0,15,95814,2500,,,,t10_ar_p45_kent_camo_zm_gold_unlock,,0
52120,t10_ar_p45_kent_camo_zm_gold_wrapper,0,0,1,,,,,,,52119,0
52121,t10_ar_p45_kent_camo_zm_gold_unlock,0,0,2,,,,,,,52115|52116,0
52122,t10_ar_p45_kent_camo_zm_diamond,0,0,30,95848,5000,,,,t10_ar_p45_kent_camo_zm_diamond_unlock,,0
52123,t10_ar_p45_kent_camo_zm_diamond_wrapper,0,0,1,,,,,,,52122,0
52124,t10_ar_p45_kent_camo_zm_diamond_unlock,0,0,2,,,,,,,52120|38896,0
52125,t10_ar_p45_kent_camo_zm_intergalactic,0,0,10,95921,7500,,,,t10_ar_p45_kent_camo_zm_intergalactic_unlock,,0
52126,t10_ar_p45_kent_camo_zm_intergalactic_wrapper,0,0,1,,,,,,,52125,0
52127,t10_ar_p45_kent_camo_zm_intergalactic_unlock,0,0,2,,,,,,,52123|38904,0
52128,t10_ar_p45_kent_camo_zm_darkmatter,0,0,10,95893,7500,,,,t10_ar_p45_kent_camo_zm_darkmatter_unlock,,0
52129,t10_ar_p45_kent_camo_zm_darkmatter_wrapper,0,0,1,,,,,,,52128,0
52130,t10_ar_p45_kent_camo_zm_darkmatter_unlock,0,0,2,,,,,,,52126|38905,0
52149,t10_ar_p47_gilroy_camo_base,0,0,5|10|15|20|30|40|50|75|100,95933|95982|95782|95841|95957|95902|95809|95981|95930,100|200|300|400|500|600|700|800|900,,,,,,0
52150,t10_ar_p47_gilroy_camo_unique1,0,0,30,90771,1000,,,,t10_ar_p47_gilroy_camo_unique_unlock,,0
52151,t10_ar_p47_gilroy_camo_unique2,0,0,50,90776,1000,,,,t10_ar_p47_gilroy_camo_unique_unlock,,0
52152,t10_ar_p47_gilroy_camo_unique_wrapper,0,0,1,,,,,,,52150|52151,0
52153,t10_ar_p47_gilroy_camo_unique_unlock,0,0,1,,,,,,,52149,0
52154,t10_ar_p47_gilroy_camo_gold,0,0,10,95907,2500,,,,t10_ar_p47_gilroy_camo_gold_unlock,,0
52155,t10_ar_p47_gilroy_camo_gold_wrapper,0,0,1,,,,,,,52154,0
52156,t10_ar_p47_gilroy_camo_gold_unlock,0,0,2,,,,,,,52150|52151,0
52157,t10_ar_p47_gilroy_camo_diamond,0,0,10,95817,5000,,,,t10_ar_p47_gilroy_camo_diamond_unlock,,0
52158,t10_ar_p47_gilroy_camo_diamond_wrapper,0,0,1,,,,,,,52157,0
52159,t10_ar_p47_gilroy_camo_diamond_unlock,0,0,2,,,,,,,52155|38329,0
52160,t10_ar_p47_gilroy_camo_intergalactic,0,0,3,95936,7500,,,,t10_ar_p47_gilroy_camo_intergalactic_unlock,,0
52161,t10_ar_p47_gilroy_camo_intergalactic_wrapper,0,0,1,,,,,,,52160,0
52162,t10_ar_p47_gilroy_camo_intergalactic_unlock,0,0,2,,,,,,,52158|38337,0
52163,t10_ar_p47_gilroy_camo_darkmatter,0,0,3,95802,7500,,,,t10_ar_p47_gilroy_camo_darkmatter_unlock,,0
52164,t10_ar_p47_gilroy_camo_darkmatter_wrapper,0,0,1,,,,,,,52163,0
52165,t10_ar_p47_gilroy_camo_darkmatter_unlock,0,0,2,,,,,,,52161|38328,0
52166,t10_ar_p47_gilroy_camo_wz_base,0,0,5|10|15|20|30|40|50|75|100,95960|95772|95879|95950|95988|95978|95803|95927|95945,100|200|300|400|500|600|700|800|900,,,,,,0
52167,t10_ar_p47_gilroy_camo_wz_unique1,0,0,5,90787,1000,,,,t10_ar_p47_gilroy_camo_wz_unique_unlock,,0
52168,t10_ar_p47_gilroy_camo_wz_unique2,0,0,5,90792,1000,,,,t10_ar_p47_gilroy_camo_wz_unique_unlock,,0
52169,t10_ar_p47_gilroy_camo_wz_unique_wrapper,0,0,1,,,,,,,52167|52168,0
52170,t10_ar_p47_gilroy_camo_wz_unique_unlock,0,0,1,,,,,,,52166,0
52171,t10_ar_p47_gilroy_camo_wz_gold,0,0,5,95791,2500,,,,t10_ar_p47_gilroy_camo_wz_gold_unlock,,0
52172,t10_ar_p47_gilroy_camo_wz_gold_wrapper,0,0,1,,,,,,,52171,0
52173,t10_ar_p47_gilroy_camo_wz_gold_unlock,0,0,2,,,,,,,52167|52168,0
52174,t10_ar_p47_gilroy_camo_wz_diamond,0,0,5,95894,5000,,,,t10_ar_p47_gilroy_camo_wz_diamond_unlock,,0
52175,t10_ar_p47_gilroy_camo_wz_diamond_wrapper,0,0,1,,,,,,,52174,0
52176,t10_ar_p47_gilroy_camo_wz_diamond_unlock,0,0,2,,,,,,,52172|38886,0
52177,t10_ar_p47_gilroy_camo_wz_intergalactic,0,0,5,95799,7500,,,,t10_ar_p47_gilroy_camo_wz_intergalactic_unlock,,0
52178,t10_ar_p47_gilroy_camo_wz_intergalactic_wrapper,0,0,1,,,,,,,52177,0
52179,t10_ar_p47_gilroy_camo_wz_intergalactic_unlock,0,0,2,,,,,,,52175|38894,0
52180,t10_ar_p47_gilroy_camo_wz_darkmatter,0,0,2,95761,7500,,,,t10_ar_p47_gilroy_camo_wz_darkmatter_unlock,,0
52181,t10_ar_p47_gilroy_camo_wz_darkmatter_wrapper,0,0,1,,,,,,,52180,0
52182,t10_ar_p47_gilroy_camo_wz_darkmatter_unlock,0,0,2,,,,,,,52178|38895,0
52183,t10_ar_p47_gilroy_camo_zm_base,0,0,100|200|300|400|600|800|1000|1500|2000,95903|95836|95955|95855|95890|95762|95786|95991|95883,100|200|300|400|500|600|700|800|900,,,,,,0
52184,t10_ar_p47_gilroy_camo_zm_unique1,0,0,300,90803,1000,,,,t10_ar_p47_gilroy_camo_zm_unique_unlock,,0
52185,t10_ar_p47_gilroy_camo_zm_unique2,0,0,100,90808,1000,,,,t10_ar_p47_gilroy_camo_zm_unique_unlock,,0
52186,t10_ar_p47_gilroy_camo_zm_unique_wrapper,0,0,1,,,,,,,52184|52185,0
52187,t10_ar_p47_gilroy_camo_zm_unique_unlock,0,0,1,,,,,,,52183,0
52188,t10_ar_p47_gilroy_camo_zm_gold,0,0,15,95866,2500,,,,t10_ar_p47_gilroy_camo_zm_gold_unlock,,0
52189,t10_ar_p47_gilroy_camo_zm_gold_wrapper,0,0,1,,,,,,,52188,0
52190,t10_ar_p47_gilroy_camo_zm_gold_unlock,0,0,2,,,,,,,52184|52185,0
52191,t10_ar_p47_gilroy_camo_zm_diamond,0,0,30,95811,5000,,,,t10_ar_p47_gilroy_camo_zm_diamond_unlock,,0
52192,t10_ar_p47_gilroy_camo_zm_diamond_wrapper,0,0,1,,,,,,,52191,0
52193,t10_ar_p47_gilroy_camo_zm_diamond_unlock,0,0,2,,,,,,,52189|38896,0
52194,t10_ar_p47_gilroy_camo_zm_intergalactic,0,0,10,95833,7500,,,,t10_ar_p47_gilroy_camo_zm_intergalactic_unlock,,0
52195,t10_ar_p47_gilroy_camo_zm_intergalactic_wrapper,0,0,1,,,,,,,52194,0
52196,t10_ar_p47_gilroy_camo_zm_intergalactic_unlock,0,0,2,,,,,,,52192|38904,0
52197,t10_ar_p47_gilroy_camo_zm_darkmatter,0,0,10,95876,7500,,,,t10_ar_p47_gilroy_camo_zm_darkmatter_unlock,,0
52198,t10_ar_p47_gilroy_camo_zm_darkmatter_wrapper,0,0,1,,,,,,,52197,0
52199,t10_ar_p47_gilroy_camo_zm_darkmatter_unlock,0,0,2,,,,,,,52195|38905,0
52200,t10_sn_p46_hugo_camo_base,0,0,5|10|15|20|30|40|50|75|100,95874|95964|95977|95886|95983|95984|95923|95873|95826,100|200|300|400|500|600|700|800|900,,,,,,0
52201,t10_sn_p46_hugo_camo_unique1,0,0,30,90769,1000,,,,t10_sn_p46_hugo_camo_unique_unlock,,0
52202,t10_sn_p46_hugo_camo_unique2,0,0,50,90148,1000,,,,t10_sn_p46_hugo_camo_unique_unlock,,0
52203,t10_sn_p46_hugo_camo_unique_wrapper,0,0,1,,,,,,,52201|52202,0
52204,t10_sn_p46_hugo_camo_unique_unlock,0,0,1,,,,,,,52200,0
52205,t10_sn_p46_hugo_camo_gold,0,0,10,95856,2500,,,,t10_sn_p46_hugo_camo_gold_unlock,,0
52206,t10_sn_p46_hugo_camo_gold_wrapper,0,0,1,,,,,,,52205,0
52207,t10_sn_p46_hugo_camo_gold_unlock,0,0,2,,,,,,,52201|52202,0
52208,t10_sn_p46_hugo_camo_diamond,0,0,10,95838,5000,,,,t10_sn_p46_hugo_camo_diamond_unlock,,0
52209,t10_sn_p46_hugo_camo_diamond_wrapper,0,0,1,,,,,,,52208,0
52210,t10_sn_p46_hugo_camo_diamond_unlock,0,0,2,,,,,,,52206|38336,0
52211,t10_sn_p46_hugo_camo_intergalactic,0,0,3,95989,7500,,,,t10_sn_p46_hugo_camo_intergalactic_unlock,,0
52212,t10_sn_p46_hugo_camo_intergalactic_wrapper,0,0,1,,,,,,,52211,0
52213,t10_sn_p46_hugo_camo_intergalactic_unlock,0,0,2,,,,,,,52209|38337,0
52214,t10_sn_p46_hugo_camo_darkmatter,0,0,3,95800,7500,,,,t10_sn_p46_hugo_camo_darkmatter_unlock,,0
52215,t10_sn_p46_hugo_camo_darkmatter_wrapper,0,0,1,,,,,,,52214,0
52216,t10_sn_p46_hugo_camo_darkmatter_unlock,0,0,2,,,,,,,52212|38328,0
52217,t10_sn_p46_hugo_camo_wz_base,0,0,5|10|15|20|30|40|50|75|100,95784|95794|95768|95825|95906|95787|95926|95881|95939,100|200|300|400|500|600|700|800|900,,,,,,0
52218,t10_sn_p46_hugo_camo_wz_unique1,0,0,5,90785,1000,,,,t10_sn_p46_hugo_camo_wz_unique_unlock,,0
52219,t10_sn_p46_hugo_camo_wz_unique2,0,0,5,90172,1000,,,,t10_sn_p46_hugo_camo_wz_unique_unlock,,0
52220,t10_sn_p46_hugo_camo_wz_unique_wrapper,0,0,1,,,,,,,52218|52219,0
52221,t10_sn_p46_hugo_camo_wz_unique_unlock,0,0,1,,,,,,,52217,0
52222,t10_sn_p46_hugo_camo_wz_gold,0,0,5,95951,2500,,,,t10_sn_p46_hugo_camo_wz_gold_unlock,,0
52223,t10_sn_p46_hugo_camo_wz_gold_wrapper,0,0,1,,,,,,,52222,0
52224,t10_sn_p46_hugo_camo_wz_gold_unlock,0,0,2,,,,,,,52218|52219,0
52225,t10_sn_p46_hugo_camo_wz_diamond,0,0,5,95966,5000,,,,t10_sn_p46_hugo_camo_wz_diamond_unlock,,0
52226,t10_sn_p46_hugo_camo_wz_diamond_wrapper,0,0,1,,,,,,,52225,0
52227,t10_sn_p46_hugo_camo_wz_diamond_unlock,0,0,2,,,,,,,52223|38893,0
52228,t10_sn_p46_hugo_camo_wz_intergalactic,0,0,5,95812,7500,,,,t10_sn_p46_hugo_camo_wz_intergalactic_unlock,,0
52229,t10_sn_p46_hugo_camo_wz_intergalactic_wrapper,0,0,1,,,,,,,52228,0
52230,t10_sn_p46_hugo_camo_wz_intergalactic_unlock,0,0,2,,,,,,,52226|38894,0
52231,t10_sn_p46_hugo_camo_wz_darkmatter,0,0,2,95775,7500,,,,t10_sn_p46_hugo_camo_wz_darkmatter_unlock,,0
52232,t10_sn_p46_hugo_camo_wz_darkmatter_wrapper,0,0,1,,,,,,,52231,0
52233,t10_sn_p46_hugo_camo_wz_darkmatter_unlock,0,0,2,,,,,,,52229|38895,0
52234,t10_sn_p46_hugo_camo_zm_base,0,0,100|200|300|400|600|800|1000|1500|2000,95788|95819|95880|95942|95871|95770|95840|95884|95975,100|200|300|400|500|600|700|800|900,,,,,,0
52235,t10_sn_p46_hugo_camo_zm_unique1,0,0,300,90801,1000,,,,t10_sn_p46_hugo_camo_zm_unique_unlock,,0
52236,t10_sn_p46_hugo_camo_zm_unique2,0,0,30,90196,1000,,,,t10_sn_p46_hugo_camo_zm_unique_unlock,,0
52237,t10_sn_p46_hugo_camo_zm_unique_wrapper,0,0,1,,,,,,,52235|52236,0
52238,t10_sn_p46_hugo_camo_zm_unique_unlock,0,0,1,,,,,,,52234,0
52239,t10_sn_p46_hugo_camo_zm_gold,0,0,15,95941,2500,,,,t10_sn_p46_hugo_camo_zm_gold_unlock,,0
52240,t10_sn_p46_hugo_camo_zm_gold_wrapper,0,0,1,,,,,,,52239,0
52241,t10_sn_p46_hugo_camo_zm_gold_unlock,0,0,2,,,,,,,52235|52236,0
52242,t10_sn_p46_hugo_camo_zm_diamond,0,0,30,95878,5000,,,,t10_sn_p46_hugo_camo_zm_diamond_unlock,,0
52243,t10_sn_p46_hugo_camo_zm_diamond_wrapper,0,0,1,,,,,,,52242,0
52244,t10_sn_p46_hugo_camo_zm_diamond_unlock,0,0,2,,,,,,,52240|38903,0
52245,t10_sn_p46_hugo_camo_zm_intergalactic,0,0,10,95859,7500,,,,t10_sn_p46_hugo_camo_zm_intergalactic_unlock,,0
52246,t10_sn_p46_hugo_camo_zm_intergalactic_wrapper,0,0,1,,,,,,,52245,0
52247,t10_sn_p46_hugo_camo_zm_intergalactic_unlock,0,0,2,,,,,,,52243|38904,0
52248,t10_sn_p46_hugo_camo_zm_darkmatter,0,0,10,95965,7500,,,,t10_sn_p46_hugo_camo_zm_darkmatter_unlock,,0
52249,t10_sn_p46_hugo_camo_zm_darkmatter_wrapper,0,0,1,,,,,,,52248,0
52250,t10_sn_p46_hugo_camo_zm_darkmatter_unlock,0,0,2,,,,,,,52246|38905,0
52251,t10_sl_p44_napa_camo_base,0,0,5|10|15|20|30|40|50|75|100,96586|96563|96584|96574|96571|96576|96560|96562|96578,100|200|300|400|500|600|700|800|900,,,,,,0
52252,t10_sl_p44_napa_camo_unique1,0,0,30,90770,1000,,,,t10_sl_p44_napa_camo_unique_unlock,,0
52253,t10_sl_p44_napa_camo_unique2,0,0,50,90772,1000,,,,t10_sl_p44_napa_camo_unique_unlock,,0
52254,t10_sl_p44_napa_camo_unique_wrapper,0,0,1,,,,,,,52252|52253,0
52255,t10_sl_p44_napa_camo_unique_unlock,0,0,1,,,,,,,52251,0
52256,t10_sl_p44_napa_camo_gold,0,0,10,96580,2500,,,,t10_sl_p44_napa_camo_gold_unlock,,0
52257,t10_sl_p44_napa_camo_gold_wrapper,0,0,1,,,,,,,52256,0
52258,t10_sl_p44_napa_camo_gold_unlock,0,0,2,,,,,,,52252|52253,0
52259,t10_sl_p44_napa_camo_diamond,0,0,10,96585,5000,,,,t10_sl_p44_napa_camo_diamond_unlock,,0
52260,t10_sl_p44_napa_camo_diamond_wrapper,0,0,1,,,,,,,52259,0
52261,t10_sl_p44_napa_camo_diamond_unlock,0,0,2,,,,,,,52257|40294,0
52262,t10_sl_p44_napa_camo_intergalactic,0,0,3,96561,7500,,,,t10_sl_p44_napa_camo_intergalactic_unlock,,0
52263,t10_sl_p44_napa_camo_intergalactic_wrapper,0,0,1,,,,,,,52262,0
52264,t10_sl_p44_napa_camo_intergalactic_unlock,0,0,2,,,,,,,52260|38337,0
52265,t10_sl_p44_napa_camo_darkmatter,0,0,3,96588,7500,,,,t10_sl_p44_napa_camo_darkmatter_unlock,,0
52266,t10_sl_p44_napa_camo_darkmatter_wrapper,0,0,1,,,,,,,52265,0
52267,t10_sl_p44_napa_camo_darkmatter_unlock,0,0,2,,,,,,,52263|38328,0
52268,t10_sl_p44_napa_camo_wz_base,0,0,5|10|15|20|30|40|50|75|100,96595|96558|96570|96569|96564|96568|96566|96579|96572,100|200|300|400|500|600|700|800|900,,,,,,0
52269,t10_sl_p44_napa_camo_wz_unique1,0,0,2,90786,1000,,,,t10_sl_p44_napa_camo_wz_unique_unlock,,0
52270,t10_sl_p44_napa_camo_wz_unique2,0,0,3,90788,1000,,,,t10_sl_p44_napa_camo_wz_unique_unlock,,0
52271,t10_sl_p44_napa_camo_wz_unique_wrapper,0,0,1,,,,,,,52269|52270,0
52272,t10_sl_p44_napa_camo_wz_unique_unlock,0,0,1,,,,,,,52268,0
52273,t10_sl_p44_napa_camo_wz_gold,0,0,5,96577,2500,,,,t10_sl_p44_napa_camo_wz_gold_unlock,,0
52274,t10_sl_p44_napa_camo_wz_gold_wrapper,0,0,1,,,,,,,52273,0
52275,t10_sl_p44_napa_camo_wz_gold_unlock,0,0,2,,,,,,,52269|52270,0
52276,t10_sl_p44_napa_camo_wz_diamond,0,0,5,96582,5000,,,,t10_sl_p44_napa_camo_wz_diamond_unlock,,0
52277,t10_sl_p44_napa_camo_wz_diamond_wrapper,0,0,1,,,,,,,52276,0
52278,t10_sl_p44_napa_camo_wz_diamond_unlock,0,0,2,,,,,,,52274|40296,0
52279,t10_sl_p44_napa_camo_wz_intergalactic,0,0,5,96573,7500,,,,t10_sl_p44_napa_camo_wz_intergalactic_unlock,,0
52280,t10_sl_p44_napa_camo_wz_intergalactic_wrapper,0,0,1,,,,,,,52279,0
52281,t10_sl_p44_napa_camo_wz_intergalactic_unlock,0,0,2,,,,,,,52277|38894,0
52282,t10_sl_p44_napa_camo_wz_darkmatter,0,0,2,96559,7500,,,,t10_sl_p44_napa_camo_wz_darkmatter_unlock,,0
52283,t10_sl_p44_napa_camo_wz_darkmatter_wrapper,0,0,1,,,,,,,52282,0
52284,t10_sl_p44_napa_camo_wz_darkmatter_unlock,0,0,2,,,,,,,52280|38895,0
52285,t10_sl_p44_napa_camo_zm_base,0,0,100|200|300|400|600|800|1000|1500|2000,96589|96594|96567|96587|96592|96590|96581|96565|96591,100|200|300|400|500|600|700|800|900,,,,,,0
52286,t10_sl_p44_napa_camo_zm_unique1,0,0,300,90802,1000,,,,t10_sl_p44_napa_camo_zm_unique_unlock,,0
52287,t10_sl_p44_napa_camo_zm_unique2,0,0,300,90804,1000,,,,t10_sl_p44_napa_camo_zm_unique_unlock,,0
52288,t10_sl_p44_napa_camo_zm_unique_wrapper,0,0,1,,,,,,,52286|52287,0
52289,t10_sl_p44_napa_camo_zm_unique_unlock,0,0,1,,,,,,,52285,0
52290,t10_sl_p44_napa_camo_zm_gold,0,0,15,96596,2500,,,,t10_sl_p44_napa_camo_zm_gold_unlock,,0
52291,t10_sl_p44_napa_camo_zm_gold_wrapper,0,0,1,,,,,,,52290,0
52292,t10_sl_p44_napa_camo_zm_gold_unlock,0,0,2,,,,,,,52286|52287,0
52293,t10_sl_p44_napa_camo_zm_diamond,0,0,30,96593,5000,,,,t10_sl_p44_napa_camo_zm_diamond_unlock,,0
52294,t10_sl_p44_napa_camo_zm_diamond_wrapper,0,0,1,,,,,,,52293,0
52295,t10_sl_p44_napa_camo_zm_diamond_unlock,0,0,2,,,,,,,52291|40298,0
52296,t10_sl_p44_napa_camo_zm_intergalactic,0,0,10,96583,7500,,,,t10_sl_p44_napa_camo_zm_intergalactic_unlock,,0
52297,t10_sl_p44_napa_camo_zm_intergalactic_wrapper,0,0,1,,,,,,,52296,0
52298,t10_sl_p44_napa_camo_zm_intergalactic_unlock,0,0,2,,,,,,,52294|38904,0
52299,t10_sl_p44_napa_camo_zm_darkmatter,0,0,10,96575,7500,,,,t10_sl_p44_napa_camo_zm_darkmatter_unlock,,0
52300,t10_sl_p44_napa_camo_zm_darkmatter_wrapper,0,0,1,,,,,,,52299,0
52301,t10_sl_p44_napa_camo_zm_darkmatter_unlock,0,0,2,,,,,,,52297|38905,0
52302,t10_me_p48_keene_camo_base,0,0,5|10|15|20|30|40|50|75|100,95922|95795|95976|95810|95980|95932|95904|95823|95943,100|200|300|400|500|600|700|800|900,,,,,,0
52303,t10_me_p48_keene_camo_unique1,0,0,50,90775,1000,,,,t10_me_p48_keene_camo_unique_unlock,,0
52304,t10_me_p48_keene_camo_unique2,0,0,3,90774,1000,,,,t10_me_p48_keene_camo_unique_unlock,,0
52305,t10_me_p48_keene_camo_unique_wrapper,0,0,1,,,,,,,52303|52304,0
52306,t10_me_p48_keene_camo_unique_unlock,0,0,1,,,,,,,52302,0
52307,t10_me_p48_keene_camo_gold,0,0,10,95780,2500,,,,t10_me_p48_keene_camo_gold_unlock,,0
52308,t10_me_p48_keene_camo_gold_wrapper,0,0,1,,,,,,,52307,0
52309,t10_me_p48_keene_camo_gold_unlock,0,0,2,,,,,,,52303|52304,0
52310,t10_me_p48_keene_camo_diamond,0,0,10,95820,5000,,,,t10_me_p48_keene_camo_diamond_unlock,,0
52311,t10_me_p48_keene_camo_diamond_wrapper,0,0,1,,,,,,,52310,0
52312,t10_me_p48_keene_camo_diamond_unlock,0,0,2,,,,,,,52308|40295,0
52313,t10_me_p48_keene_camo_intergalactic,0,0,3,95842,7500,,,,t10_me_p48_keene_camo_intergalactic_unlock,,0
52314,t10_me_p48_keene_camo_intergalactic_wrapper,0,0,1,,,,,,,52313,0
52315,t10_me_p48_keene_camo_intergalactic_unlock,0,0,2,,,,,,,52311|38337,0
52316,t10_me_p48_keene_camo_darkmatter,0,0,3,95850,7500,,,,t10_me_p48_keene_camo_darkmatter_unlock,,0
52317,t10_me_p48_keene_camo_darkmatter_wrapper,0,0,1,,,,,,,52316,0
52318,t10_me_p48_keene_camo_darkmatter_unlock,0,0,2,,,,,,,52314|38328,0
52319,t10_me_p48_keene_camo_wz_base,0,0,5|10|15|20|30|40|50|75|100,95909|95928|95857|95910|95765|95952|95771|95912|95847,100|200|300|400|500|600|700|800|900,,,,,,0
52320,t10_me_p48_keene_camo_wz_unique1,0,0,2,90791,1000,,,,t10_me_p48_keene_camo_wz_unique_unlock,,0
52321,t10_me_p48_keene_camo_wz_unique2,0,0,3,90790,1000,,,,t10_me_p48_keene_camo_wz_unique_unlock,,0
52322,t10_me_p48_keene_camo_wz_unique_wrapper,0,0,1,,,,,,,52320|52321,0
52323,t10_me_p48_keene_camo_wz_unique_unlock,0,0,1,,,,,,,52319,0
52324,t10_me_p48_keene_camo_wz_gold,0,0,3,95853,2500,,,,t10_me_p48_keene_camo_wz_gold_unlock,,0
52325,t10_me_p48_keene_camo_wz_gold_wrapper,0,0,1,,,,,,,52324,0
52326,t10_me_p48_keene_camo_wz_gold_unlock,0,0,2,,,,,,,52320|52321,0
52327,t10_me_p48_keene_camo_wz_diamond,0,0,2,95967,5000,,,,t10_me_p48_keene_camo_wz_diamond_unlock,,0
52328,t10_me_p48_keene_camo_wz_diamond_wrapper,0,0,1,,,,,,,52327,0
52329,t10_me_p48_keene_camo_wz_diamond_unlock,0,0,2,,,,,,,52325|40297,0
52330,t10_me_p48_keene_camo_wz_intergalactic,0,0,3,95801,7500,,,,t10_me_p48_keene_camo_wz_intergalactic_unlock,,0
52331,t10_me_p48_keene_camo_wz_intergalactic_wrapper,0,0,1,,,,,,,52330,0
52332,t10_me_p48_keene_camo_wz_intergalactic_unlock,0,0,2,,,,,,,52328|38894,0
52333,t10_me_p48_keene_camo_wz_darkmatter,0,0,1,95870,7500,,,,t10_me_p48_keene_camo_wz_darkmatter_unlock,,0
52334,t10_me_p48_keene_camo_wz_darkmatter_wrapper,0,0,1,,,,,,,52333,0
52335,t10_me_p48_keene_camo_wz_darkmatter_unlock,0,0,2,,,,,,,52331|38895,0
52336,t10_me_p48_keene_camo_zm_base,0,0,100|200|300|400|600|800|1000|1500|2000,95888|95862|95915|95929|95958|95792|95851|95956|95937,100|200|300|400|500|600|700|800|900,,,,,,0
52337,t10_me_p48_keene_camo_zm_unique1,0,0,30,90807,1000,,,,t10_me_p48_keene_camo_zm_unique_unlock,,0
52338,t10_me_p48_keene_camo_zm_unique2,0,0,300,90806,1000,,,,t10_me_p48_keene_camo_zm_unique_unlock,,0
52339,t10_me_p48_keene_camo_zm_unique_wrapper,0,0,1,,,,,,,52337|52338,0
52340,t10_me_p48_keene_camo_zm_unique_unlock,0,0,1,,,,,,,52336,0
52341,t10_me_p48_keene_camo_zm_gold,0,0,15,95777,2500,,,,t10_me_p48_keene_camo_zm_gold_unlock,,0
52342,t10_me_p48_keene_camo_zm_gold_wrapper,0,0,1,,,,,,,52341,0
52343,t10_me_p48_keene_camo_zm_gold_unlock,0,0,2,,,,,,,52337|52338,0
52344,t10_me_p48_keene_camo_zm_diamond,0,0,30,95831,5000,,,,t10_me_p48_keene_camo_zm_diamond_unlock,,0
52345,t10_me_p48_keene_camo_zm_diamond_wrapper,0,0,1,,,,,,,52344,0
52346,t10_me_p48_keene_camo_zm_diamond_unlock,0,0,2,,,,,,,52342|40299,0
52347,t10_me_p48_keene_camo_zm_intergalactic,0,0,10,95905,7500,,,,t10_me_p48_keene_camo_zm_intergalactic_unlock,,0
52348,t10_me_p48_keene_camo_zm_intergalactic_wrapper,0,0,1,,,,,,,52347,0
52349,t10_me_p48_keene_camo_zm_intergalactic_unlock,0,0,2,,,,,,,52345|38904,0
52350,t10_me_p48_keene_camo_zm_darkmatter,0,0,10,95969,7500,,,,t10_me_p48_keene_camo_zm_darkmatter_unlock,,0
52351,t10_me_p48_keene_camo_zm_darkmatter_wrapper,0,0,1,,,,,,,52350,0
52352,t10_me_p48_keene_camo_zm_darkmatter_unlock,0,0,2,,,,,,,52348|38905,0
38329,cer_camo_diamond_unlock_ar,0,0,7,,,,,,,37624|38198|40589|43918|43970|45368|45317|49780|50520|52085|52154,0
38330,cer_camo_diamond_unlock_sm,0,0,6,,,,,,,44654|44603|44552|44501|44450|44399|49882|50753,0
38331,cer_camo_diamond_unlock_pi,0,0,4,,,,,,,44960|44909|44858|44807,0
38333,cer_camo_diamond_unlock_lm,0,0,3,,,,,,,45113|45062|45011|50421,0
38334,cer_camo_diamond_unlock_dm,0,0,4,,,,,,,45266|45215|45164|43549|50368,0
38335,cer_camo_diamond_unlock_sh,0,0,2,,,,,,,44756|44705|50197,0
38336,cer_camo_diamond_unlock_sn,0,0,3,,,,,,,44348|44297|44246|50072|52205,0
40295,cer_camo_diamond_unlock_me,0,0,2,,,,,,,44093|44042|50256|49831|51501|51552|51603|51654|51705|52307,0
40294,cer_camo_diamond_unlock_la,0,0,2,,,,,,,44195|44144|49727|51756|52256,0
38337,cer_camo_intergalactic_unlock,0,0,33,,,,,,,38002|38201|40592|43921|43973|45371|45320|45269|45218|45167|43552|45116|45065|45014|44963|44912|44861|44810|44759|44708|44657|44606|44555|44504|44453|44402|44351|44300|44249|44198|44147|44096|44045|49783|50259|49834|50200|49730|49885|50075|50523|50371|5042,0
38328,cer_camo_darkmatter_unlock,0,0,33,,,,,,,38304|38298|40595|43924|43976|45374|45323|45272|45221|45170|43555|45119|45068|45017|44966|44915|44864|44813|44762|44711|44660|44609|44558|44507|44456|44405|44354|44303|44252|44201|44150|44099|44048|49786|50262|49837|50203|49733|49888|50078|50527|50374|5042,0
38896,cer_camo_zm_diamond_unlock_ar,0,0,7,,,,,,,38874|40281|40623|43952|44004|45402|45351|49814|50555|52119|52188,0
38897,cer_camo_zm_diamond_unlock_sm,0,0,6,,,,,,,44688|44637|44586|44535|44484|44433|49916|50787,0
38898,cer_camo_zm_diamond_unlock_pi,0,0,4,,,,,,,44994|44943|44892|44841,0
38900,cer_camo_zm_diamond_unlock_lm,0,0,3,,,,,,,45147|45096|45045|50455,0
38901,cer_camo_zm_diamond_unlock_dm,0,0,4,,,,,,,45300|45249|45198|43583|50402,0
38902,cer_camo_zm_diamond_unlock_sh,0,0,2,,,,,,,44790|44739|50231,0
38903,cer_camo_zm_diamond_unlock_sn,0,0,3,,,,,,,44382|44331|44280|50106|52239,0
40299,cer_camo_zm_diamond_unlock_me,0,0,2,,,,,,,44127|44076|50290|49865|51535|51586|51637|51688|51739|52341,0
40298,cer_camo_zm_diamond_unlock_la,0,0,2,,,,,,,44229|44178|49761|51790|52290,0
38904,cer_camo_zm_intergalactic_unlock,0,0,33,,,,,,,38877|40284|40626|43955|44007|45405|45354|45303|45252|45201|43586|45150|45099|45048|44997|44946|44895|44844|44793|44742|44691|44640|44589|44538|44487|44436|44385|44334|44283|44232|44181|44130|44079|49817|50293|49868|50234|49764|49919|50109|50558|50405|5045,0
38905,cer_camo_zm_darkmatter_unlock,0,0,33,,,,,,,38880|40287|40629|43958|44010|45408|45357|45306|45255|45204|43589|45153|45102|45051|45000|44949|44898|44847|44796|44745|44694|44643|44592|44541|44490|44439|44388|44337|44286|44235|44184|44133|44082|49820|50296|49871|50237|49767|49922|50112|50561|50408|5046,0
45673,cer_camo_mp_gold_mastery,0,0,1,73612,5000,,,,,37624|38198|40589|43918|43970|45368|45317|45266|45215|45164|43549|45113|45062|45011|44960|44909|44858|44807|44756|44705|44654|44603|44552|44501|44450|44399|44348|44297|44246|44195|44144|44093|44042|49780|50256|49831|50197|49727|49882|50072|50520|50368|5042,0
45672,cer_camo_mp_diamond_mastery,0,0,1,69065,7500,,,,,38002|38201|40592|43921|43973|45371|45320|45269|45218|45167|43552|45116|45065|45014|44963|44912|44861|44810|44759|44708|44657|44606|44555|44504|44453|44402|44351|44300|44249|44198|44147|44096|44045|49783|50259|49834|50200|49730|49885|50075|50523|50371|5042,0
45675,cer_camo_mp_intergalactic_mastery,0,0,1,69066,10000,,,,,38304|38298|40595|43924|43976|45374|45323|45272|45221|45170|43555|45119|45068|45017|44966|44915|44864|44813|44762|44711|44660|44609|44558|44507|44456|44405|44354|44303|44252|44201|44150|44099|44048|49786|50262|49837|50203|49733|49888|50078|50527|50374|5042,0
45677,cer_camo_mp_darkmatter_mastery,0,0,1,69067,15000,,,,,38307|38301|40598|43927|43979|45377|45326|45275|45224|45173|43558|45122|45071|45020|44969|44918|44867|44816|44765|44714|44663|44612|44561|44510|44459|44408|44357|44306|44255|44204|44153|44102|44051|49789|50265|49840|50206|49736|49891|50081|50530|50377|5043,0
47600,cer_camo_zm_gold_mastery,0,0,1,69068,5000,,,,,38874|40281|40623|43952|44004|45402|45351|45300|45249|45198|43583|45147|45096|45045|44994|44943|44892|44841|44790|44739|44688|44637|44586|44535|44484|44433|44382|44331|44280|44229|44178|44127|44076|49814|50290|49865|50231|49761|49916|50106|50555|50402|5045,0
47601,cer_camo_zm_diamond_mastery,0,0,1,69069,7500,,,,,38877|40284|40626|43955|44007|45405|45354|45303|45252|45201|43586|45150|45099|45048|44997|44946|44895|44844|44793|44742|44691|44640|44589|44538|44487|44436|44385|44334|44283|44232|44181|44130|44079|49817|50293|49868|50234|49764|49919|50109|50558|50405|5045,0
47602,cer_camo_zm_intergalactic_mastery,0,0,1,69070,10000,,,,,38880|40287|40629|43958|44010|45408|45357|45306|45255|45204|43589|45153|45102|45051|45000|44949|44898|44847|44796|44745|44694|44643|44592|44541|44490|44439|44388|44337|44286|44235|44184|44133|44082|49820|50296|49871|50237|49767|49922|50112|50561|50408|5046,0
47603,cer_camo_zm_darkmatter_mastery,0,0,1,73613,15000,,,,,38883|40290|40632|43961|44013|45411|45360|45309|45258|45207|43592|45156|45105|45054|45003|44952|44901|44850|44799|44748|44697|44646|44595|44544|44493|44442|44391|44340|44289|44238|44187|44136|44085|49823|50299|49874|50240|49770|49925|50115|50564|50411|5046,0
48872,cer_camo_wz_gold_mastery,0,0,1,69071,5000,,,,,38857|40264|40606|43935|43987|45385|45334|45283|45232|45181|43566|45130|45079|45028|44977|44926|44875|44824|44773|44722|44671|44620|44569|44518|44467|44416|44365|44314|44263|44212|44161|44110|44059|49797|50273|49848|50214|49744|49899|50089|50538|50385|5043,0
48873,cer_camo_wz_diamond_mastery,0,0,1,69072,7500,,,,,38860|40267|40609|43938|43990|45388|45337|45286|45235|45184|43569|45133|45082|45031|44980|44929|44878|44827|44776|44725|44674|44623|44572|44521|44470|44419|44368|44317|44266|44215|44164|44113|44062|49800|50276|49851|50217|49747|49902|50092|50541|50388|5044,0
48874,cer_camo_wz_intergalactic_mastery,0,0,1,69073,10000,,,,,38863|40270|40612|43941|43993|45391|45340|45289|45238|45187|43572|45136|45085|45034|44983|44932|44881|44830|44779|44728|44677|44626|44575|44524|44473|44422|44371|44320|44269|44218|44167|44116|44065|49803|50279|49854|50220|49750|49905|50095|50544|50391|5044,0
48875,cer_camo_wz_darkmatter_mastery,0,0,1,74032,15000,,,,,38866|40273|40615|43944|43996|45394|45343|45292|45241|45190|43575|45139|45088|45037|44986|44935|44884|44833|44782|44731|44680|44629|44578|44527|44476|44425|44374|44323|44272|44221|44170|44119|44068|49806|50282|49857|50223|49753|49908|50098|50547|50394|5044,0
38886,cer_camo_wz_diamond_unlock_ar,0,0,7,,,,,,,38857|40264|40606|43935|43987|45385|45334|49797|50538|52102|52171,0
38887,cer_camo_wz_diamond_unlock_sm,0,0,6,,,,,,,44671|44620|44569|44518|44467|44416|49899|50770,0
38888,cer_camo_wz_diamond_unlock_pi,0,0,4,,,,,,,44977|44926|44875|44824,0
38890,cer_camo_wz_diamond_unlock_lm,0,0,3,,,,,,,45130|45079|45028|50438,0
38891,cer_camo_wz_diamond_unlock_dm,0,0,4,,,,,,,45283|45232|45181|43566|50385,0
38892,cer_camo_wz_diamond_unlock_sh,0,0,2,,,,,,,44773|44722|50214,0
38893,cer_camo_wz_diamond_unlock_sn,0,0,3,,,,,,,44365|44314|44263|50089|52222,0
40296,cer_camo_wz_diamond_unlock_la,0,0,2,,,,,,,44212|44161|49744|51773|52273,0
40297,cer_camo_wz_diamond_unlock_me,0,0,2,,,,,,,44110|44059|50273|49848|51518|51569|51620|51671|51722|52324,0
38894,cer_camo_wz_intergalactic_unlock,0,0,33,,,,,,,38860|40267|40609|43938|43990|45388|45337|45286|45235|45184|43569|45133|45082|45031|44980|44929|44878|44827|44776|44725|44674|44623|44572|44521|44470|44419|44368|44317|44266|44215|44164|44113|44062|49800|50276|49851|50217|49747|49902|50092|50541|50388|5044,0
38895,cer_camo_wz_darkmatter_unlock,0,0,33,,,,,,,38863|40270|40612|43941|43993|45391|45340|45289|45238|45187|43572|45136|45085|45034|44983|44932|44881|44830|44779|44728|44677|44626|44575|44524|44473|44422|44371|44320|44269|44218|44167|44116|44065|49803|50279|49854|50220|49750|49905|50095|50544|50391|5044,0
11406,jup_jp01_ar_golf36_camo_1,0,0,50,33347,1000,,,,jup_jp01_ar_golf36_progression,,0
11407,jup_jp01_ar_golf36_camo_2,0,0,50,32567,1500,,,,jup_jp01_ar_golf36_progression,,0
11422,jup_jp01_ar_golf36_camo_3,0,0,15,32967,2000,,,,jup_jp01_ar_golf36_progression,,0
11423,jup_jp01_ar_golf36_camo_4,0,0,25,32548,2500,,,,jup_jp01_ar_golf36_progression,,0
11510,jup_jp01_ar_golf36_camo_gold,0,0,10,32485,4000,,,,jup_jp01_ar_golf36_camo_gold_unlock,,0
11511,jup_jp01_ar_golf36_camo_gold_unlock,0,0,4,,,,,,,11406|11407|11422|11423,0
11512,jup_jp01_ar_golf36_camo_plat,0,0,25,32495,5000,,,,jup_jp01_ar_golf36_camo_plat_unlock,,0
11513,jup_jp01_ar_golf36_camo_dama,0,0,15,32505,7500,,,,jup_jp01_ar_golf36_camo_dama_unlock,,0
11514,jup_jp01_ar_golf36_mastery_gold,0,0,100,35109+37400,4000,,,,jup_jp01_ar_golf36_mastery_gold_unlock,,0
11515,jup_jp01_ar_golf36_mastery_plat,0,0,200,37036+41824,5000,,,,jup_jp01_ar_golf36_mastery_plat_unlock,,0
11516,jup_jp01_ar_golf36_mastery_dama,0,0,300,41899+41798,7500,,,,jup_jp01_ar_golf36_mastery_dama_unlock,,0
11795,jup_jp01_ar_golf36_mastery_gold_unlock,0,0,2,,,,,,,11510|11424,0
11796,jup_jp01_ar_golf36_mastery_plat_unlock,0,0,3,,,,,,,11512|11514|11424,0
11798,jup_jp01_ar_golf36_mastery_dama_unlock,0,0,3,,,,,,,11513|11515|11424,0
11800,jup_jp01_ar_golf36_camo_plat_unlock,0,0,2,,,,,,,25950|11803,0
11802,jup_jp01_ar_golf36_camo_dama_unlock,0,0,2,,,,,,,25988|11805,0
13868,jup_jp01_ar_golf36_mastery_orion_unlock,0,0,3,,,,,,,13792|11516|11424,0
13870,jup_jp01_ar_golf36_mastery_orion,0,0,400,35112+37403,10000,,,,jup_jp01_ar_golf36_mastery_orion_unlock,,0
16255,jup_jp01_ar_golf36_mastery_completionist,0,0,4,43177,,,,,,11514|11515|11516|13870,0
17902,jup_jp01_ar_golf36_camo_ob_1,0,0,250,39280,1000,,,,jup_jp01_ar_golf36_progression,,0
17903,jup_jp01_ar_golf36_camo_ob_2,0,0,10,39328,1500,,,,jup_jp01_ar_golf36_progression,,0
17904,jup_jp01_ar_golf36_camo_ob_3,0,0,250,39392,2000,,,,jup_jp01_ar_golf36_progression,,0
17905,jup_jp01_ar_golf36_camo_ob_4,0,0,200,39362,2500,,,,jup_jp01_ar_golf36_progression,,0
17907,jup_jp01_ar_golf36_camo_ob_gold,0,0,1,39506,4000,,,,jup_jp01_ar_golf36_camo_ob_gold_unlock,,0
17909,jup_jp01_ar_golf36_camo_ob_gold_unlock,0,0,4,,,,,,,17902|17903|17904|17905,0
17911,jup_jp01_ar_golf36_camo_ob_plat,0,0,300,39538,5000,,,,jup_jp01_ar_golf36_camo_plat_unlock_ob,,0
17925,jup_jp01_ar_golf36_camo_plat_unlock_ob,0,0,2,,,,,,,26026|17885,0
17913,jup_jp01_ar_golf36_camo_ob_dama,0,0,10,39570,7500,,,,jup_jp01_ar_golf36_camo_dama_unlock_ob,,0
17927,jup_jp01_ar_golf36_camo_dama_unlock_ob,0,0,2,,,,,,,26064|17886,0
18295,jup_jp01_ar_golf36_camo_mastery_gold_ob,0,0,300,42227+43623,4000,,,,jup_jp01_ar_golf36_camo_mastery_gold_unlock_ob,,0
18332,jup_jp01_ar_golf36_camo_mastery_gold_unlock_ob,0,0,2,,,,,,,17907|11424,0
18369,jup_jp01_ar_golf36_camo_mastery_plat_ob,0,0,600,41872+43646,5000,,,,jup_jp01_ar_golf36_camo_mastery_plat_unlock_ob,,0
18406,jup_jp01_ar_golf36_camo_mastery_plat_unlock_ob,0,0,3,,,,,,,17911|18295|11424,0
18443,jup_jp01_ar_golf36_camo_mastery_dama_ob,0,0,900,42349+43635,7500,,,,jup_jp01_ar_golf36_camo_mastery_dama_unlock_ob,,0
18480,jup_jp01_ar_golf36_camo_mastery_dama_unlock_ob,0,0,3,,,,,,,17913|18369|11424,0
18517,jup_jp01_ar_golf36_camo_mastery_orion_ob,0,0,1200,43375+43688,10000,,,,jup_jp01_ar_golf36_camo_mastery_orion_unlock_ob,,0
18554,jup_jp01_ar_golf36_camo_mastery_orion_unlock_ob,0,0,3,,,,,,,17891|18443|11424,0
17932,jup_jp01_ar_golf36_mastery_completionist_ob,0,0,4,43208,,,,,,18295|18369|18443|18517,0
25950,jup_jp01_ar_golf36_camo_gold_wrapper,0,0,1,,,,,,,11510,0
25988,jup_jp01_ar_golf36_camo_plat_wrapper,0,0,1,,,,,,,11512,0
26026,jup_jp01_ar_golf36_camo_ob_gold_wrapper,0,0,1,,,,,,,17907,0
26064,jup_jp01_ar_golf36_camo_ob_plat_wrapper,0,0,1,,,,,,,17911,0
37959,jup_jp01_ar_golf36_prestige_unlock,0,0,23,,,,,,,,0
38997,jup_jp01_ar_golf36_camo_prestige_4,0,0,300000,68385,,,,,jup_jp01_ar_golf36_camo_prestige_3,,0
39124,jup_jp01_ar_golf36_camo_prestige_3,0,0,250000,68239,,,,,jup_jp01_ar_golf36_camo_prestige_2,,0
39251,jup_jp01_ar_golf36_camo_prestige_2,0,0,200000,63974,,,,,jup_jp01_ar_golf36_camo_prestige_1,,0
39378,jup_jp01_ar_golf36_camo_prestige_1,0,0,150000,62757,,,,,jup_jp01_ar_golf36_prestige_unlock,,0
12447,jup_jp02_ar_bromeo805_camo_1,0,0,50,33348,1000,,,,jup_jp02_ar_bromeo805_progression,,0
12448,jup_jp02_ar_bromeo805_camo_2,0,0,50,32526,1500,,,,jup_jp02_ar_bromeo805_progression,,0
12449,jup_jp02_ar_bromeo805_camo_3,0,0,15,32133,2000,,,,jup_jp02_ar_bromeo805_progression,,0
12450,jup_jp02_ar_bromeo805_camo_4,0,0,25,33367,2500,,,,jup_jp02_ar_bromeo805_progression,,0
12451,jup_jp02_ar_bromeo805_camo_gold,0,0,10,32718,4000,,,,jup_jp02_ar_bromeo805_camo_gold_unlock,,0
12452,jup_jp02_ar_bromeo805_camo_gold_unlock,0,0,4,,,,,,,12447|12448|12449|12450,0
12453,jup_jp02_ar_bromeo805_camo_plat,0,0,10,32719,5000,,,,jup_jp02_ar_bromeo805_camo_plat_unlock,,0
12454,jup_jp02_ar_bromeo805_camo_dama,0,0,10,32720,7500,,,,jup_jp02_ar_bromeo805_camo_dama_unlock,,0
12455,jup_jp02_ar_bromeo805_mastery_gold,0,0,100,37087+37408,4000,,,,jup_jp02_ar_bromeo805_mastery_gold_unlock,,0
12456,jup_jp02_ar_bromeo805_mastery_plat,0,0,200,37037+37436,5000,,,,jup_jp02_ar_bromeo805_mastery_plat_unlock,,0
12457,jup_jp02_ar_bromeo805_mastery_dama,0,0,300,41903+41807,7500,,,,jup_jp02_ar_bromeo805_mastery_dama_unlock,,0
12458,jup_jp02_ar_bromeo805_mastery_gold_unlock,0,0,2,,,,,,,12451|12470,0
12459,jup_jp02_ar_bromeo805_mastery_plat_unlock,0,0,3,,,,,,,12453|12455|12470,0
12460,jup_jp02_ar_bromeo805_mastery_dama_unlock,0,0,3,,,,,,,12454|12456|12470,0
12461,jup_jp02_ar_bromeo805_camo_plat_unlock,0,0,2,,,,,,,25951|11803,0
12462,jup_jp02_ar_bromeo805_camo_dama_unlock,0,0,2,,,,,,,25989|11805,0
16256,jup_jp02_ar_bromeo805_mastery_orion,0,0,400,42168+41774,10000,,,,jup_jp02_ar_bromeo805_mastery_orion_unlock,,0
16287,jup_jp02_ar_bromeo805_mastery_orion_unlock,0,0,3,,,,,,,13792|12457|12470,0
16318,jup_jp02_ar_bromeo805_mastery_completionist,0,0,4,43175,,,,,,12455|12456|12457|16256,0
17935,jup_jp02_ar_bromeo805_camo_ob_1,0,0,250,39281,1000,,,,jup_jp02_ar_bromeo805_progression,,0
17971,jup_jp02_ar_bromeo805_camo_ob_2,0,0,250,39340,1500,,,,jup_jp02_ar_bromeo805_progression,,0
18007,jup_jp02_ar_bromeo805_camo_ob_3,0,0,250,39394,2000,,,,jup_jp02_ar_bromeo805_progression,,0
18043,jup_jp02_ar_bromeo805_camo_ob_4,0,0,10,39480,2500,,,,jup_jp02_ar_bromeo805_progression,,0
18079,jup_jp02_ar_bromeo805_camo_ob_gold,0,0,1,39499,4000,,,,jup_jp02_ar_bromeo805_camo_ob_gold_unlock,,0
18115,jup_jp02_ar_bromeo805_camo_ob_gold_unlock,0,0,4,,,,,,,17935|17971|18007|18043,0
18151,jup_jp02_ar_bromeo805_camo_ob_plat,0,0,300,39531,5000,,,,jup_jp02_ar_bromeo805_camo_plat_unlock_ob,,0
18187,jup_jp02_ar_bromeo805_camo_plat_unlock_ob,0,0,2,,,,,,,26027|17885,0
18223,jup_jp02_ar_bromeo805_camo_ob_dama,0,0,10,39563,7500,,,,jup_jp02_ar_bromeo805_camo_dama_unlock_ob,,0
18259,jup_jp02_ar_bromeo805_camo_dama_unlock_ob,0,0,2,,,,,,,26065|17886,0
18296,jup_jp02_ar_bromeo805_camo_mastery_gold_ob,0,0,300,42236+41664,4000,,,,jup_jp02_ar_bromeo805_camo_mastery_gold_unlock_ob,,0
18333,jup_jp02_ar_bromeo805_camo_mastery_gold_unlock_ob,0,0,2,,,,,,,18079|12470,0
18370,jup_jp02_ar_bromeo805_camo_mastery_plat_ob,0,0,600,41881+41757,5000,,,,jup_jp02_ar_bromeo805_camo_mastery_plat_unlock_ob,,0
18407,jup_jp02_ar_bromeo805_camo_mastery_plat_unlock_ob,0,0,3,,,,,,,18151|18296|12470,0
18444,jup_jp02_ar_bromeo805_camo_mastery_dama_ob,0,0,900,42358+41569,7500,,,,jup_jp02_ar_bromeo805_camo_mastery_dama_unlock_ob,,0
18481,jup_jp02_ar_bromeo805_camo_mastery_dama_unlock_ob,0,0,3,,,,,,,18223|18370|12470,0
18518,jup_jp02_ar_bromeo805_camo_mastery_orion_ob,0,0,1200,43384+41473,10000,,,,jup_jp02_ar_bromeo805_camo_mastery_orion_unlock_ob,,0
18555,jup_jp02_ar_bromeo805_camo_mastery_orion_unlock_ob,0,0,3,,,,,,,17891|18444|12470,0
18591,jup_jp02_ar_bromeo805_mastery_completionist_ob,0,0,4,43176,,,,,,18296|18370|18444|18518,0
25951,jup_jp02_ar_bromeo805_camo_gold_wrapper,0,0,1,,,,,,,12451,0
25989,jup_jp02_ar_bromeo805_camo_plat_wrapper,0,0,1,,,,,,,12453,0
26027,jup_jp02_ar_bromeo805_camo_ob_gold_wrapper,0,0,1,,,,,,,18079,0
26065,jup_jp02_ar_bromeo805_camo_ob_plat_wrapper,0,0,1,,,,,,,18151,0
37962,jup_jp02_ar_bromeo805_prestige_unlock,0,0,25,,,,,,,,0
39000,jup_jp02_ar_bromeo805_camo_prestige_4,0,0,300000,68375,,,,,jup_jp02_ar_bromeo805_camo_prestige_3,,0
39127,jup_jp02_ar_bromeo805_camo_prestige_3,0,0,250000,68230,,,,,jup_jp02_ar_bromeo805_camo_prestige_2,,0
39254,jup_jp02_ar_bromeo805_camo_prestige_2,0,0,200000,63965,,,,,jup_jp02_ar_bromeo805_camo_prestige_1,,0
39381,jup_jp02_ar_bromeo805_camo_prestige_1,0,0,150000,62748,,,,,jup_jp02_ar_bromeo805_prestige_unlock,,0
12626,jup_jp05_ar_foxtrot2000_camo_1,0,0,50,51912,1000,,,,jup_jp05_ar_foxtrot2000_progression,,0
12726,jup_jp05_ar_foxtrot2000_camo_2,0,0,50,53825,1500,,,,jup_jp05_ar_foxtrot2000_progression,,0
12725,jup_jp05_ar_foxtrot2000_camo_3,0,0,15,51917,2000,,,,jup_jp05_ar_foxtrot2000_progression,,0
12727,jup_jp05_ar_foxtrot2000_camo_4,0,0,25,32137,2500,,,,jup_jp05_ar_foxtrot2000_progression,,0
12728,jup_jp05_ar_foxtrot2000_camo_gold,0,0,10,32724,4000,,,,jup_jp05_ar_foxtrot2000_camo_gold_unlock,,0
12632,jup_jp05_ar_foxtrot2000_camo_gold_unlock,0,0,4,,,,,,,12626|12726|12725|12727,0
12729,jup_jp05_ar_foxtrot2000_camo_plat,0,0,15,32725,5000,,,,jup_jp05_ar_foxtrot2000_camo_plat_unlock,,0
12633,jup_jp05_ar_foxtrot2000_camo_dama,0,0,15,32726,7500,,,,jup_jp05_ar_foxtrot2000_camo_dama_unlock,,0
12634,jup_jp05_ar_foxtrot2000_mastery_gold,0,0,100,52201+52213,4000,,,,jup_jp05_ar_foxtrot2000_mastery_gold_unlock,,0
12635,jup_jp05_ar_foxtrot2000_mastery_plat,0,0,200,52202+52058,5000,,,,jup_jp05_ar_foxtrot2000_mastery_plat_unlock,,0
12636,jup_jp05_ar_foxtrot2000_mastery_dama,0,0,300,52203+52059,7500,,,,jup_jp05_ar_foxtrot2000_mastery_dama_unlock,,0
12637,jup_jp05_ar_foxtrot2000_mastery_gold_unlock,0,0,2,,,,,,,12728|12570,0
12638,jup_jp05_ar_foxtrot2000_mastery_plat_unlock,0,0,3,,,,,,,12729|12634|12570,0
12639,jup_jp05_ar_foxtrot2000_mastery_dama_unlock,0,0,3,,,,,,,12633|12635|12570,0
12640,jup_jp05_ar_foxtrot2000_camo_plat_unlock,0,0,2,,,,,,,25952|11803,0
12641,jup_jp05_ar_foxtrot2000_camo_dama_unlock,0,0,2,,,,,,,25990|11805,0
16257,jup_jp05_ar_foxtrot2000_mastery_orion,0,0,400,52204+52060,10000,,,,jup_jp05_ar_foxtrot2000_mastery_orion_unlock,,0
16288,jup_jp05_ar_foxtrot2000_mastery_orion_unlock,0,0,3,,,,,,,13792|12636|12570,0
16319,jup_jp05_ar_foxtrot2000_mastery_completionist,0,0,4,53974,,,,,,12634|12635|12636|16257,0
17936,jup_jp05_ar_foxtrot2000_camo_ob_1,0,0,250,52300,1000,,,,jup_jp05_ar_foxtrot2000_progression,,0
17972,jup_jp05_ar_foxtrot2000_camo_ob_2,0,0,250,53829,1000,,,,jup_jp05_ar_foxtrot2000_progression,,0
18008,jup_jp05_ar_foxtrot2000_camo_ob_3,0,0,250,52297,1000,,,,jup_jp05_ar_foxtrot2000_progression,,0
18044,jup_jp05_ar_foxtrot2000_camo_ob_4,0,0,50,39398,1000,,,,jup_jp05_ar_foxtrot2000_progression,,0
18080,jup_jp05_ar_foxtrot2000_camo_ob_gold,0,0,1,39504,4000,,,,jup_jp05_ar_foxtrot2000_camo_ob_gold_unlock,,0
18116,jup_jp05_ar_foxtrot2000_camo_ob_gold_unlock,0,0,4,,,,,,,17936|17972|18008|18044,0
18152,jup_jp05_ar_foxtrot2000_camo_ob_plat,0,0,300,39536,5000,,,,jup_jp05_ar_foxtrot2000_camo_plat_unlock_ob,,0
18188,jup_jp05_ar_foxtrot2000_camo_plat_unlock_ob,0,0,2,,,,,,,26028|17885,0
18224,jup_jp05_ar_foxtrot2000_camo_ob_dama,0,0,10,39568,7500,,,,jup_jp05_ar_foxtrot2000_camo_dama_unlock_ob,,0
18260,jup_jp05_ar_foxtrot2000_camo_dama_unlock_ob,0,0,2,,,,,,,26066|17886,0
18297,jup_jp05_ar_foxtrot2000_camo_mastery_gold_ob,0,0,300,53835+51768,4000,,,,jup_jp05_ar_foxtrot2000_camo_mastery_gold_unlock_ob,,0
18334,jup_jp05_ar_foxtrot2000_camo_mastery_gold_unlock_ob,0,0,2,,,,,,,18080|12570,0
18371,jup_jp05_ar_foxtrot2000_camo_mastery_plat_ob,0,0,600,52020+51769,5000,,,,jup_jp05_ar_foxtrot2000_camo_mastery_plat_unlock_ob,,0
18408,jup_jp05_ar_foxtrot2000_camo_mastery_plat_unlock_ob,0,0,3,,,,,,,18152|18297|12570,0
18445,jup_jp05_ar_foxtrot2000_camo_mastery_dama_ob,0,0,900,52021+51770,7500,,,,jup_jp05_ar_foxtrot2000_camo_mastery_dama_unlock_ob,,0
18482,jup_jp05_ar_foxtrot2000_camo_mastery_dama_unlock_ob,0,0,3,,,,,,,18224|18371|12570,0
18519,jup_jp05_ar_foxtrot2000_camo_mastery_orion_ob,0,0,1200,52022+51771,10000,,,,jup_jp05_ar_foxtrot2000_camo_mastery_orion_unlock_ob,,0
18556,jup_jp05_ar_foxtrot2000_camo_mastery_orion_unlock_ob,0,0,3,,,,,,,17891|18445|12570,0
18592,jup_jp05_ar_foxtrot2000_mastery_completionist_ob,0,0,4,53886,,,,,,18297|18371|18445|18519,0
25952,jup_jp05_ar_foxtrot2000_camo_gold_wrapper,0,0,1,,,,,,,12728,0
25990,jup_jp05_ar_foxtrot2000_camo_plat_wrapper,0,0,1,,,,,,,12729,0
26028,jup_jp05_ar_foxtrot2000_camo_ob_gold_wrapper,0,0,1,,,,,,,18080,0
26066,jup_jp05_ar_foxtrot2000_camo_ob_plat_wrapper,0,0,1,,,,,,,18152,0
37970,jup_jp05_ar_foxtrot2000_prestige_unlock,0,0,19,,,,,,,,0
39008,jup_jp05_ar_foxtrot2000_camo_prestige_4,0,0,300000,68383,,,,,jup_jp05_ar_foxtrot2000_camo_prestige_3,,0
39135,jup_jp05_ar_foxtrot2000_camo_prestige_3,0,0,250000,68237,,,,,jup_jp05_ar_foxtrot2000_camo_prestige_2,,0
39262,jup_jp05_ar_foxtrot2000_camo_prestige_2,0,0,200000,63972,,,,,jup_jp05_ar_foxtrot2000_camo_prestige_1,,0
39389,jup_jp05_ar_foxtrot2000_camo_prestige_1,0,0,150000,62755,,,,,jup_jp05_ar_foxtrot2000_prestige_unlock,,0
16993,jup_jp36_ar_anov94_camo_1,0,0,50,33349,1000,,,,jup_jp36_ar_anov94_progression,,0
16994,jup_jp36_ar_anov94_camo_2,0,0,50,32568,1500,,,,jup_jp36_ar_anov94_progression,,0
16995,jup_jp36_ar_anov94_camo_3,0,0,15,32549,2000,,,,jup_jp36_ar_anov94_progression,,0
16996,jup_jp36_ar_anov94_camo_4,0,0,25,32152,2500,,,,jup_jp36_ar_anov94_progression,,0
16997,jup_jp36_ar_anov94_camo_gold,0,0,10,35799,4000,,,,jup_jp36_ar_anov94_camo_gold_unlock,,0
16998,jup_jp36_ar_anov94_camo_gold_unlock,0,0,4,,,,,,,16993|16994|16995|16996,0
16999,jup_jp36_ar_anov94_camo_plat,0,0,25,36222,5000,,,,jup_jp36_ar_anov94_camo_plat_unlock,,0
17000,jup_jp36_ar_anov94_camo_dama,0,0,15,35800,7500,,,,jup_jp36_ar_anov94_camo_dama_unlock,,0
17001,jup_jp36_ar_anov94_mastery_gold,0,0,100,37081+41831,4000,,,,jup_jp36_ar_anov94_mastery_gold_unlock,,0
17002,jup_jp36_ar_anov94_mastery_plat,0,0,200,37019+41827,5000,,,,jup_jp36_ar_anov94_mastery_plat_unlock,,0
17003,jup_jp36_ar_anov94_mastery_dama,0,0,300,42190+43645,7500,,,,jup_jp36_ar_anov94_mastery_dama_unlock,,0
17004,jup_jp36_ar_anov94_mastery_gold_unlock,0,0,2,,,,,,,16997|16556,0
17005,jup_jp36_ar_anov94_mastery_plat_unlock,0,0,3,,,,,,,16999|17001|16556,0
17006,jup_jp36_ar_anov94_mastery_dama_unlock,0,0,3,,,,,,,17000|17002|16556,0
17007,jup_jp36_ar_anov94_camo_plat_unlock,0,0,2,,,,,,,25953|11803,0
17008,jup_jp36_ar_anov94_camo_dama_unlock,0,0,2,,,,,,,25991|11805,0
17009,jup_jp36_ar_anov94_mastery_orion_unlock,0,0,3,,,,,,,13792|17003|16556,0
17010,jup_jp36_ar_anov94_mastery_orion,0,0,400,42155+41372,10000,,,,jup_jp36_ar_anov94_mastery_orion_unlock,,0
17011,jup_jp36_ar_anov94_mastery_completionist,0,0,4,43174,,,,,,17001|17002|17003|17010,0
17937,jup_jp36_ar_anov94_camo_ob_1,0,0,250,39282,1000,,,,jup_jp36_ar_anov94_progression,,0
17973,jup_jp36_ar_anov94_camo_ob_2,0,0,20,39329,1500,,,,jup_jp36_ar_anov94_progression,,0
18009,jup_jp36_ar_anov94_camo_ob_3,0,0,250,39363,2000,,,,jup_jp36_ar_anov94_progression,,0
18045,jup_jp36_ar_anov94_camo_ob_4,0,0,250,39481,2500,,,,jup_jp36_ar_anov94_progression,,0
18081,jup_jp36_ar_anov94_camo_ob_gold,0,0,1,45974,4000,,,,jup_jp36_ar_anov94_camo_ob_gold_unlock,,0
18117,jup_jp36_ar_anov94_camo_ob_gold_unlock,0,0,4,,,,,,,17937|17973|18009|18045,0
18153,jup_jp36_ar_anov94_camo_ob_plat,0,0,300,45980,5000,,,,jup_jp36_ar_anov94_camo_plat_unlock_ob,,0
18189,jup_jp36_ar_anov94_camo_plat_unlock_ob,0,0,2,,,,,,,26029|17885,0
18225,jup_jp36_ar_anov94_camo_ob_dama,0,0,10,45986,7500,,,,jup_jp36_ar_anov94_camo_dama_unlock_ob,,0
18261,jup_jp36_ar_anov94_camo_dama_unlock_ob,0,0,2,,,,,,,26067|17886,0
18298,jup_jp36_ar_anov94_camo_mastery_gold_ob,0,0,300,42223+41656,4000,,,,jup_jp36_ar_anov94_camo_mastery_gold_unlock_ob,,0
18335,jup_jp36_ar_anov94_camo_mastery_gold_unlock_ob,0,0,2,,,,,,,18081|16556,0
18372,jup_jp36_ar_anov94_camo_mastery_plat_ob,0,0,600,43416+41750,5000,,,,jup_jp36_ar_anov94_camo_mastery_plat_unlock_ob,,0
18409,jup_jp36_ar_anov94_camo_mastery_plat_unlock_ob,0,0,3,,,,,,,18153|18298|16556,0
18446,jup_jp36_ar_anov94_camo_mastery_dama_ob,0,0,900,42345+41561,7500,,,,jup_jp36_ar_anov94_camo_mastery_dama_unlock_ob,,0
18483,jup_jp36_ar_anov94_camo_mastery_dama_unlock_ob,0,0,3,,,,,,,18225|18372|16556,0
18520,jup_jp36_ar_anov94_camo_mastery_orion_ob,0,0,1200,43760+41465,10000,,,,jup_jp36_ar_anov94_camo_mastery_orion_unlock_ob,,0
18557,jup_jp36_ar_anov94_camo_mastery_orion_unlock_ob,0,0,3,,,,,,,17891|18446|16556,0
18593,jup_jp36_ar_anov94_mastery_completionist_ob,0,0,4,43170,,,,,,18298|18372|18446|18520,0
25953,jup_jp36_ar_anov94_camo_gold_wrapper,0,0,1,,,,,,,16997,0
25991,jup_jp36_ar_anov94_camo_plat_wrapper,0,0,1,,,,,,,16999,0
26029,jup_jp36_ar_anov94_camo_ob_gold_wrapper,0,0,1,,,,,,,18081,0
26067,jup_jp36_ar_anov94_camo_ob_plat_wrapper,0,0,1,,,,,,,18153,0
38000,jup_jp36_ar_anov94_prestige_unlock,0,0,29,,,,,,,,0
39038,jup_jp36_ar_anov94_camo_prestige_4,0,0,300000,68369,,,,,jup_jp36_ar_anov94_camo_prestige_3,,0
39165,jup_jp36_ar_anov94_camo_prestige_3,0,0,250000,68224,,,,,jup_jp36_ar_anov94_camo_prestige_2,,0
39292,jup_jp36_ar_anov94_camo_prestige_2,0,0,200000,63959,,,,,jup_jp36_ar_anov94_camo_prestige_1,,0
39418,jup_jp36_ar_anov94_camo_prestige_1,0,0,150000,62742,,,,,jup_jp36_ar_anov94_prestige_unlock,,0
12666,jup_jp08_ar_qbravo97_camo_1,0,0,50,33350,1000,,,,jup_jp08_ar_qbravo97_progression,,0
12735,jup_jp08_ar_qbravo97_camo_2,0,0,50,32584,1500,,,,jup_jp08_ar_qbravo97_progression,,0
12736,jup_jp08_ar_qbravo97_camo_3,0,0,15,32527,2000,,,,jup_jp08_ar_qbravo97_progression,,0
12737,jup_jp08_ar_qbravo97_camo_4,0,0,25,32153,2500,,,,jup_jp08_ar_qbravo97_progression,,0
12738,jup_jp08_ar_qbravo97_camo_gold,0,0,10,34105,4000,,,,jup_jp08_ar_qbravo97_camo_gold_unlock,,0
12671,jup_jp08_ar_qbravo97_camo_gold_unlock,0,0,4,,,,,,,12666|12735|12736|12737,0
12739,jup_jp08_ar_qbravo97_camo_plat,0,0,10,34104,5000,,,,jup_jp08_ar_qbravo97_camo_plat_unlock,,0
12673,jup_jp08_ar_qbravo97_camo_dama,0,0,10,34106,7500,,,,jup_jp08_ar_qbravo97_camo_dama_unlock,,0
12674,jup_jp08_ar_qbravo97_mastery_gold,0,0,100,37086+37420,4000,,,,jup_jp08_ar_qbravo97_mastery_gold_unlock,,0
12675,jup_jp08_ar_qbravo97_mastery_plat,0,0,200,37024+37448,5000,,,,jup_jp08_ar_qbravo97_mastery_plat_unlock,,0
12676,jup_jp08_ar_qbravo97_mastery_dama,0,0,300,41905+41810,7500,,,,jup_jp08_ar_qbravo97_mastery_dama_unlock,,0
12677,jup_jp08_ar_qbravo97_mastery_gold_unlock,0,0,2,,,,,,,12738|12577,0
12678,jup_jp08_ar_qbravo97_mastery_plat_unlock,0,0,3,,,,,,,12739|12674|12577,0
12679,jup_jp08_ar_qbravo97_mastery_dama_unlock,0,0,3,,,,,,,12673|12675|12577,0
12680,jup_jp08_ar_qbravo97_camo_plat_unlock,0,0,2,,,,,,,25954|11803,0
12681,jup_jp08_ar_qbravo97_camo_dama_unlock,0,0,2,,,,,,,25992|11805,0
20282,jup_jp08_ar_qbravo97_mastery_orion,0,0,400,42171+41777,10000,,,,jup_jp08_ar_qbravo97_mastery_orion_unlock,,0
20283,jup_jp08_ar_qbravo97_mastery_orion_unlock,0,0,3,,,,,,,13792|12676|12577,0
20284,jup_jp08_ar_qbravo97_mastery_completionist,0,0,4,43178,,,,,,12674|12675|12676|20282,0
20285,jup_jp08_ar_qbravo97_camo_ob_1,0,0,250,39283,1000,,,,jup_jp08_ar_qbravo97_progression,,0
20286,jup_jp08_ar_qbravo97_camo_ob_2,0,0,10,39454,1500,,,,jup_jp08_ar_qbravo97_progression,,0
20287,jup_jp08_ar_qbravo97_camo_ob_3,0,0,100,39341,2000,,,,jup_jp08_ar_qbravo97_progression,,0
20288,jup_jp08_ar_qbravo97_camo_ob_4,0,0,200,39482,2500,,,,jup_jp08_ar_qbravo97_progression,,0
20289,jup_jp08_ar_qbravo97_camo_ob_gold,0,0,1,45979,4000,,,,jup_jp08_ar_qbravo97_camo_ob_gold_unlock,,0
20290,jup_jp08_ar_qbravo97_camo_ob_gold_unlock,0,0,4,,,,,,,20285|20286|20287|20288,0
20291,jup_jp08_ar_qbravo97_camo_ob_plat,0,0,300,45985,5000,,,,jup_jp08_ar_qbravo97_camo_plat_unlock_ob,,0
20292,jup_jp08_ar_qbravo97_camo_plat_unlock_ob,0,0,2,,,,,,,26030|17885,0
20293,jup_jp08_ar_qbravo97_camo_ob_dama,0,0,10,45991,7500,,,,jup_jp08_ar_qbravo97_camo_dama_unlock_ob,,0
20294,jup_jp08_ar_qbravo97_camo_dama_unlock_ob,0,0,2,,,,,,,26068|17886,0
20295,jup_jp08_ar_qbravo97_camo_mastery_gold_ob,0,0,300,42239+43768,4000,,,,jup_jp08_ar_qbravo97_camo_mastery_gold_unlock_ob,,0
20296,jup_jp08_ar_qbravo97_camo_mastery_gold_unlock_ob,0,0,2,,,,,,,20289|12577,0
20297,jup_jp08_ar_qbravo97_camo_mastery_plat_ob,0,0,600,41884+41760,5000,,,,jup_jp08_ar_qbravo97_camo_mastery_plat_unlock_ob,,0
20298,jup_jp08_ar_qbravo97_camo_mastery_plat_unlock_ob,0,0,3,,,,,,,20291|20295|12577,0
20299,jup_jp08_ar_qbravo97_camo_mastery_dama_ob,0,0,900,42361+41572,7500,,,,jup_jp08_ar_qbravo97_camo_mastery_dama_unlock_ob,,0
20300,jup_jp08_ar_qbravo97_camo_mastery_dama_unlock_ob,0,0,3,,,,,,,20293|20297|12577,0
20301,jup_jp08_ar_qbravo97_camo_mastery_orion_ob,0,0,1200,43387+41476,10000,,,,jup_jp08_ar_qbravo97_camo_mastery_orion_unlock_ob,,0
20302,jup_jp08_ar_qbravo97_camo_mastery_orion_unlock_ob,0,0,3,,,,,,,17891|20299|12577,0
20303,jup_jp08_ar_qbravo97_mastery_completionist_ob,0,0,4,43179,,,,,,20295|20297|20299|20301,0
25954,jup_jp08_ar_qbravo97_camo_gold_wrapper,0,0,1,,,,,,,12738,0
25992,jup_jp08_ar_qbravo97_camo_plat_wrapper,0,0,1,,,,,,,12739,0
26030,jup_jp08_ar_qbravo97_camo_ob_gold_wrapper,0,0,1,,,,,,,20289,0
26068,jup_jp08_ar_qbravo97_camo_ob_plat_wrapper,0,0,1,,,,,,,20291,0
37975,jup_jp08_ar_qbravo97_prestige_unlock,0,0,24,,,,,,,,0
39013,jup_jp08_ar_qbravo97_camo_prestige_4,0,0,300000,68405,,,,,jup_jp08_ar_qbravo97_camo_prestige_3,,0
39140,jup_jp08_ar_qbravo97_camo_prestige_3,0,0,250000,68258,,,,,jup_jp08_ar_qbravo97_camo_prestige_2,,0
39267,jup_jp08_ar_qbravo97_camo_prestige_2,0,0,200000,63993,,,,,jup_jp08_ar_qbravo97_camo_prestige_1,,0
39394,jup_jp08_ar_qbravo97_camo_prestige_1,0,0,150000,62774,,,,,jup_jp08_ar_qbravo97_prestige_unlock,,0
12687,jup_jp19_ar_acharlie_camo_1,0,0,50,33351,1000,,,,jup_jp19_ar_acharlie_progression,,0
12740,jup_jp19_ar_acharlie_camo_2,0,0,50,32937,1500,,,,jup_jp19_ar_acharlie_progression,,0
12741,jup_jp19_ar_acharlie_camo_3,0,0,15,32585,2000,,,,jup_jp19_ar_acharlie_progression,,0
12742,jup_jp19_ar_acharlie_camo_4,0,0,25,32154,2500,,,,jup_jp19_ar_acharlie_progression,,0
12743,jup_jp19_ar_acharlie_camo_gold,0,0,10,32727,4000,,,,jup_jp19_ar_acharlie_camo_gold_unlock,,0
12694,jup_jp19_ar_acharlie_camo_gold_unlock,0,0,4,,,,,,,12687|12740|12741|12742,0
12744,jup_jp19_ar_acharlie_camo_plat,0,0,10,32728,5000,,,,jup_jp19_ar_acharlie_camo_plat_unlock,,0
12696,jup_jp19_ar_acharlie_camo_dama,0,0,10,32729,7500,,,,jup_jp19_ar_acharlie_camo_dama_unlock,,0
12697,jup_jp19_ar_acharlie_mastery_gold,0,0,100,37091+37404,4000,,,,jup_jp19_ar_acharlie_mastery_gold_unlock,,0
12698,jup_jp19_ar_acharlie_mastery_plat,0,0,200,37041+37432,5000,,,,jup_jp19_ar_acharlie_mastery_plat_unlock,,0
12699,jup_jp19_ar_acharlie_mastery_dama,0,0,300,41911+41821,7500,,,,jup_jp19_ar_acharlie_mastery_dama_unlock,,0
12700,jup_jp19_ar_acharlie_mastery_gold_unlock,0,0,2,,,,,,,12743|12587,0
12701,jup_jp19_ar_acharlie_mastery_plat_unlock,0,0,3,,,,,,,12744|12697|12587,0
12702,jup_jp19_ar_acharlie_mastery_dama_unlock,0,0,3,,,,,,,12696|12698|12587,0
12703,jup_jp19_ar_acharlie_camo_plat_unlock,0,0,2,,,,,,,25955|11803,0
12704,jup_jp19_ar_acharlie_camo_dama_unlock,0,0,2,,,,,,,25993|11805,0
16259,jup_jp19_ar_acharlie_mastery_orion,0,0,400,42182+41787,10000,,,,jup_jp19_ar_acharlie_mastery_orion_unlock,,0
16290,jup_jp19_ar_acharlie_mastery_orion_unlock,0,0,3,,,,,,,13792|12699|12587,0
16321,jup_jp19_ar_acharlie_mastery_completionist,0,0,4,43172,,,,,,12697|12698|12699|16259,0
17939,jup_jp19_ar_acharlie_camo_ob_1,0,0,250,39284,1000,,,,jup_jp19_ar_acharlie_progression,,0
17975,jup_jp19_ar_acharlie_camo_ob_2,0,0,10,39317,1500,,,,jup_jp19_ar_acharlie_progression,,0
18011,jup_jp19_ar_acharlie_camo_ob_3,0,0,250,39455,2000,,,,jup_jp19_ar_acharlie_progression,,0
18047,jup_jp19_ar_acharlie_camo_ob_4,0,0,5,39483,2500,,,,jup_jp19_ar_acharlie_progression,,0
18083,jup_jp19_ar_acharlie_camo_ob_gold,0,0,1,39495,4000,,,,jup_jp19_ar_acharlie_camo_ob_gold_unlock,,0
18119,jup_jp19_ar_acharlie_camo_ob_gold_unlock,0,0,4,,,,,,,17939|17975|18011|18047,0
18155,jup_jp19_ar_acharlie_camo_ob_plat,0,0,300,39527,5000,,,,jup_jp19_ar_acharlie_camo_plat_unlock_ob,,0
18191,jup_jp19_ar_acharlie_camo_plat_unlock_ob,0,0,2,,,,,,,26031|17885,0
18227,jup_jp19_ar_acharlie_camo_ob_dama,0,0,10,39559,7500,,,,jup_jp19_ar_acharlie_camo_dama_unlock_ob,,0
18263,jup_jp19_ar_acharlie_camo_dama_unlock_ob,0,0,2,,,,,,,26069|17886,0
18300,jup_jp19_ar_acharlie_camo_mastery_gold_ob,0,0,300,42250+43619,4000,,,,jup_jp19_ar_acharlie_camo_mastery_gold_unlock_ob,,0
18337,jup_jp19_ar_acharlie_camo_mastery_gold_unlock_ob,0,0,2,,,,,,,18083|12587,0
18374,jup_jp19_ar_acharlie_camo_mastery_plat_ob,0,0,600,41894+43610,5000,,,,jup_jp19_ar_acharlie_camo_mastery_plat_unlock_ob,,0
18411,jup_jp19_ar_acharlie_camo_mastery_plat_unlock_ob,0,0,3,,,,,,,18155|18300|12587,0
18448,jup_jp19_ar_acharlie_camo_mastery_dama_ob,0,0,900,42372+43632,7500,,,,jup_jp19_ar_acharlie_camo_mastery_dama_unlock_ob,,0
18485,jup_jp19_ar_acharlie_camo_mastery_dama_unlock_ob,0,0,3,,,,,,,18227|18374|12587,0
18522,jup_jp19_ar_acharlie_camo_mastery_orion_ob,0,0,1200,43398+43685,10000,,,,jup_jp19_ar_acharlie_camo_mastery_orion_unlock_ob,,0
18559,jup_jp19_ar_acharlie_camo_mastery_orion_unlock_ob,0,0,3,,,,,,,17891|18448|12587,0
18595,jup_jp19_ar_acharlie_mastery_completionist_ob,0,0,4,43173,,,,,,18300|18374|18448|18522,0
25955,jup_jp19_ar_acharlie_camo_gold_wrapper,0,0,1,,,,,,,12743,0
25993,jup_jp19_ar_acharlie_camo_plat_wrapper,0,0,1,,,,,,,12744,0
26031,jup_jp19_ar_acharlie_camo_ob_gold_wrapper,0,0,1,,,,,,,18083,0
26069,jup_jp19_ar_acharlie_camo_ob_plat_wrapper,0,0,1,,,,,,,18155,0
37985,jup_jp19_ar_acharlie_prestige_unlock,0,0,27,,,,,,,,0
39023,jup_jp19_ar_acharlie_camo_prestige_4,0,0,300000,68366,,,,,jup_jp19_ar_acharlie_camo_prestige_3,,0
39150,jup_jp19_ar_acharlie_camo_prestige_3,0,0,250000,68221,,,,,jup_jp19_ar_acharlie_camo_prestige_2,,0
39277,jup_jp19_ar_acharlie_camo_prestige_2,0,0,200000,63956,,,,,jup_jp19_ar_acharlie_camo_prestige_1,,0
37492,jup_jp19_ar_acharlie_camo_prestige_1,0,0,150000,58313,,,,,jup_jp19_ar_acharlie_prestige_unlock,,0
12750,jup_cp01_sm_coscar635_camo_1,0,0,50,32117,1000,,,,jup_cp01_sm_coscar635_progression,,0
12751,jup_cp01_sm_coscar635_camo_2,0,0,25,32538,1500,,,,jup_cp01_sm_coscar635_progression,,0
12752,jup_cp01_sm_coscar635_camo_3,0,0,10,32141,2000,,,,jup_cp01_sm_coscar635_progression,,0
12753,jup_cp01_sm_coscar635_camo_4,0,0,15,32528,2500,,,,jup_cp01_sm_coscar635_progression,,0
12754,jup_cp01_sm_coscar635_camo_gold,0,0,10,32730,4000,,,,jup_cp01_sm_coscar635_camo_gold_unlock,,0
12755,jup_cp01_sm_coscar635_camo_gold_unlock,0,0,4,,,,,,,12750|12751|12752|12753,0
12756,jup_cp01_sm_coscar635_camo_plat,0,0,10,32731,5000,,,,jup_cp01_sm_coscar635_camo_plat_unlock,,0
12757,jup_cp01_sm_coscar635_camo_dama,0,0,10,32732,7500,,,,jup_cp01_sm_coscar635_camo_dama_unlock,,0
12758,jup_cp01_sm_coscar635_mastery_gold,0,0,100,37050+37410,4000,,,,jup_cp01_sm_coscar635_mastery_gold_unlock,,0
12759,jup_cp01_sm_coscar635_mastery_plat,0,0,200,36963+37438,5000,,,,jup_cp01_sm_coscar635_mastery_plat_unlock,,0
12760,jup_cp01_sm_coscar635_mastery_dama,0,0,300,42188+41792,7500,,,,jup_cp01_sm_coscar635_mastery_dama_unlock,,0
12761,jup_cp01_sm_coscar635_mastery_gold_unlock,0,0,2,,,,,,,12754|12556,0
12762,jup_cp01_sm_coscar635_mastery_plat_unlock,0,0,3,,,,,,,12756|12758|12556,0
12763,jup_cp01_sm_coscar635_mastery_dama_unlock,0,0,3,,,,,,,12757|12759|12556,0
12764,jup_cp01_sm_coscar635_camo_plat_unlock,0,0,2,,,,,,,25956|13786,0
12765,jup_cp01_sm_coscar635_camo_dama_unlock,0,0,2,,,,,,,25994|11805,0
16260,jup_cp01_sm_coscar635_mastery_orion,0,0,400,42152+41369,10000,,,,jup_cp01_sm_coscar635_mastery_orion_unlock,,0
16291,jup_cp01_sm_coscar635_mastery_orion_unlock,0,0,3,,,,,,,13792|12760|12556,0
16322,jup_cp01_sm_coscar635_mastery_completionist,0,0,4,43292,,,,,,12758|12759|12760|16260,0
17940,jup_cp01_sm_coscar635_camo_ob_1,0,0,250,39274,1000,,,,jup_cp01_sm_coscar635_progression,,0
17976,jup_cp01_sm_coscar635_camo_ob_2,0,0,250,39352,1500,,,,jup_cp01_sm_coscar635_progression,,0
18012,jup_cp01_sm_coscar635_camo_ob_3,0,0,10,39402,2000,,,,jup_cp01_sm_coscar635_progression,,0
18048,jup_cp01_sm_coscar635_camo_ob_4,0,0,250,39342,2500,,,,jup_cp01_sm_coscar635_progression,,0
18084,jup_cp01_sm_coscar635_camo_ob_gold,0,0,1,39501,4000,,,,jup_cp01_sm_coscar635_camo_ob_gold_unlock,,0
18120,jup_cp01_sm_coscar635_camo_ob_gold_unlock,0,0,4,,,,,,,17940|17976|18012|18048,0
18156,jup_cp01_sm_coscar635_camo_ob_plat,0,0,300,39533,5000,,,,jup_cp01_sm_coscar635_camo_plat_unlock_ob,,0
18192,jup_cp01_sm_coscar635_camo_plat_unlock_ob,0,0,2,,,,,,,26032|17887,0
18228,jup_cp01_sm_coscar635_camo_ob_dama,0,0,10,39565,7500,,,,jup_cp01_sm_coscar635_camo_dama_unlock_ob,,0
18264,jup_cp01_sm_coscar635_camo_dama_unlock_ob,0,0,2,,,,,,,26070|17886,0
18301,jup_cp01_sm_coscar635_camo_mastery_gold_ob,0,0,300,42220+41653,4000,,,,jup_cp01_sm_coscar635_camo_mastery_gold_unlock_ob,,0
18338,jup_cp01_sm_coscar635_camo_mastery_gold_unlock_ob,0,0,2,,,,,,,18084|12556,0
18375,jup_cp01_sm_coscar635_camo_mastery_plat_ob,0,0,600,42092+41747,5000,,,,jup_cp01_sm_coscar635_camo_mastery_plat_unlock_ob,,0
18412,jup_cp01_sm_coscar635_camo_mastery_plat_unlock_ob,0,0,3,,,,,,,18156|18301|12556,0
18449,jup_cp01_sm_coscar635_camo_mastery_dama_ob,0,0,900,42342+41558,7500,,,,jup_cp01_sm_coscar635_camo_mastery_dama_unlock_ob,,0
18486,jup_cp01_sm_coscar635_camo_mastery_dama_unlock_ob,0,0,3,,,,,,,18228|18375|12556,0
18523,jup_cp01_sm_coscar635_camo_mastery_orion_ob,0,0,1200,43369+41463,10000,,,,jup_cp01_sm_coscar635_camo_mastery_orion_unlock_ob,,0
18560,jup_cp01_sm_coscar635_camo_mastery_orion_unlock_ob,0,0,3,,,,,,,17891|18449|12556,0
18596,jup_cp01_sm_coscar635_mastery_completionist_ob,0,0,4,43192,,,,,,18301|18375|18449|18523,0
25956,jup_cp01_sm_coscar635_camo_gold_wrapper,0,0,1,,,,,,,12754,0
25994,jup_cp01_sm_coscar635_camo_plat_wrapper,0,0,1,,,,,,,12756,0
26032,jup_cp01_sm_coscar635_camo_ob_gold_wrapper,0,0,1,,,,,,,18084,0
26070,jup_cp01_sm_coscar635_camo_ob_plat_wrapper,0,0,1,,,,,,,18156,0
37953,jup_cp01_sm_coscar635_prestige_unlock,0,0,28,,,,,,,,0
38991,jup_cp01_sm_coscar635_camo_prestige_4,0,0,300000,68379,,,,,jup_cp01_sm_coscar635_camo_prestige_3,,0
39118,jup_cp01_sm_coscar635_camo_prestige_3,0,0,250000,68233,,,,,jup_cp01_sm_coscar635_camo_prestige_2,,0
39245,jup_cp01_sm_coscar635_camo_prestige_2,0,0,200000,63968,,,,,jup_cp01_sm_coscar635_camo_prestige_1,,0
39372,jup_cp01_sm_coscar635_camo_prestige_1,0,0,150000,62751,,,,,jup_cp01_sm_coscar635_prestige_unlock,,0
12768,jup_jp02_sm_scharlie3_camo_1,0,0,50,32118,1000,,,,jup_jp02_sm_scharlie3_progression,,0
12769,jup_jp02_sm_scharlie3_camo_2,0,0,25,32550,1500,,,,jup_jp02_sm_scharlie3_progression,,0
12770,jup_jp02_sm_scharlie3_camo_3,0,0,10,32529,2000,,,,jup_jp02_sm_scharlie3_progression,,0
12771,jup_jp02_sm_scharlie3_camo_4,0,0,15,32142,2500,,,,jup_jp02_sm_scharlie3_progression,,0
12772,jup_jp02_sm_scharlie3_camo_gold,0,0,10,32735,4000,,,,jup_jp02_sm_scharlie3_camo_gold_unlock,,0
12773,jup_jp02_sm_scharlie3_camo_gold_unlock,0,0,4,,,,,,,12768|12769|12770|12771,0
12774,jup_jp02_sm_scharlie3_camo_plat,0,0,10,32733,5000,,,,jup_jp02_sm_scharlie3_camo_plat_unlock,,0
12775,jup_jp02_sm_scharlie3_camo_dama,0,0,10,32734,7500,,,,jup_jp02_sm_scharlie3_camo_dama_unlock,,0
12776,jup_jp02_sm_scharlie3_mastery_gold,0,0,100,37048+37423,4000,,,,jup_jp02_sm_scharlie3_mastery_gold_unlock,,0
12777,jup_jp02_sm_scharlie3_mastery_plat,0,0,200,36965+37451,5000,,,,jup_jp02_sm_scharlie3_mastery_plat_unlock,,0
12778,jup_jp02_sm_scharlie3_mastery_dama,0,0,300,42197+41808,7500,,,,jup_jp02_sm_scharlie3_mastery_dama_unlock,,0
12779,jup_jp02_sm_scharlie3_mastery_gold_unlock,0,0,2,,,,,,,12772|12564,0
12780,jup_jp02_sm_scharlie3_mastery_plat_unlock,0,0,3,,,,,,,12774|12776|12564,0
12781,jup_jp02_sm_scharlie3_mastery_dama_unlock,0,0,3,,,,,,,12775|12777|12564,0
12782,jup_jp02_sm_scharlie3_camo_plat_unlock,0,0,2,,,,,,,25957|13786,0
12783,jup_jp02_sm_scharlie3_camo_dama_unlock,0,0,2,,,,,,,25995|11805,0
16261,jup_jp02_sm_scharlie3_mastery_orion,0,0,400,42169+41775,10000,,,,jup_jp02_sm_scharlie3_mastery_orion_unlock,,0
16292,jup_jp02_sm_scharlie3_mastery_orion_unlock,0,0,3,,,,,,,13792|12778|12564,0
16323,jup_jp02_sm_scharlie3_mastery_completionist,0,0,4,43295,,,,,,12776|12777|12778|16261,0
17941,jup_jp02_sm_scharlie3_camo_ob_1,0,0,250,39275,1000,,,,jup_jp02_sm_scharlie3_progression,,0
17977,jup_jp02_sm_scharlie3_camo_ob_2,0,0,5,39364,1500,,,,jup_jp02_sm_scharlie3_progression,,0
18013,jup_jp02_sm_scharlie3_camo_ob_3,0,0,100,39343,2000,,,,jup_jp02_sm_scharlie3_progression,,0
18049,jup_jp02_sm_scharlie3_camo_ob_4,0,0,250,39403,2500,,,,jup_jp02_sm_scharlie3_progression,,0
18085,jup_jp02_sm_scharlie3_camo_ob_gold,0,0,1,39518,4000,,,,jup_jp02_sm_scharlie3_camo_ob_gold_unlock,,0
18121,jup_jp02_sm_scharlie3_camo_ob_gold_unlock,0,0,4,,,,,,,17941|17977|18013|18049,0
18157,jup_jp02_sm_scharlie3_camo_ob_plat,0,0,300,39550,5000,,,,jup_jp02_sm_scharlie3_camo_plat_unlock_ob,,0
18193,jup_jp02_sm_scharlie3_camo_plat_unlock_ob,0,0,2,,,,,,,26033|17887,0
18229,jup_jp02_sm_scharlie3_camo_ob_dama,0,0,10,39582,7500,,,,jup_jp02_sm_scharlie3_camo_dama_unlock_ob,,0
18265,jup_jp02_sm_scharlie3_camo_dama_unlock_ob,0,0,2,,,,,,,26071|17886,0
18302,jup_jp02_sm_scharlie3_camo_mastery_gold_ob,0,0,300,42237+41665,4000,,,,jup_jp02_sm_scharlie3_camo_mastery_gold_unlock_ob,,0
18339,jup_jp02_sm_scharlie3_camo_mastery_gold_unlock_ob,0,0,2,,,,,,,18085|12564,0
18376,jup_jp02_sm_scharlie3_camo_mastery_plat_ob,0,0,600,41882+41758,5000,,,,jup_jp02_sm_scharlie3_camo_mastery_plat_unlock_ob,,0
18413,jup_jp02_sm_scharlie3_camo_mastery_plat_unlock_ob,0,0,3,,,,,,,18157|18302|12564,0
18450,jup_jp02_sm_scharlie3_camo_mastery_dama_ob,0,0,900,42359+41570,7500,,,,jup_jp02_sm_scharlie3_camo_mastery_dama_unlock_ob,,0
18487,jup_jp02_sm_scharlie3_camo_mastery_dama_unlock_ob,0,0,3,,,,,,,18229|18376|12564,0
18524,jup_jp02_sm_scharlie3_camo_mastery_orion_ob,0,0,1200,43385+41474,10000,,,,jup_jp02_sm_scharlie3_camo_mastery_orion_unlock_ob,,0
18561,jup_jp02_sm_scharlie3_camo_mastery_orion_unlock_ob,0,0,3,,,,,,,17891|18450|12564,0
18597,jup_jp02_sm_scharlie3_mastery_completionist_ob,0,0,4,43296,,,,,,18302|18376|18450|18524,0
25957,jup_jp02_sm_scharlie3_camo_gold_wrapper,0,0,1,,,,,,,12772,0
25995,jup_jp02_sm_scharlie3_camo_plat_wrapper,0,0,1,,,,,,,12774,0
26033,jup_jp02_sm_scharlie3_camo_ob_gold_wrapper,0,0,1,,,,,,,18085,0
26071,jup_jp02_sm_scharlie3_camo_ob_plat_wrapper,0,0,1,,,,,,,18157,0
37965,jup_jp02_sm_scharlie3_prestige_unlock,0,0,19,,,,,,,,0
39003,jup_jp02_sm_scharlie3_camo_prestige_4,0,0,300000,68408,,,,,jup_jp02_sm_scharlie3_camo_prestige_3,,0
39130,jup_jp02_sm_scharlie3_camo_prestige_3,0,0,250000,68261,,,,,jup_jp02_sm_scharlie3_camo_prestige_2,,0
39257,jup_jp02_sm_scharlie3_camo_prestige_2,0,0,200000,63996,,,,,jup_jp02_sm_scharlie3_camo_prestige_1,,0
39384,jup_jp02_sm_scharlie3_camo_prestige_1,0,0,150000,62777,,,,,jup_jp02_sm_scharlie3_prestige_unlock,,0
12791,jup_jp04_sm_umike_camo_1,0,0,50,32122,1000,,,,jup_jp04_sm_umike_progression,,0
12792,jup_jp04_sm_umike_camo_2,0,0,25,32521,1500,,,,jup_jp04_sm_umike_progression,,0
12793,jup_jp04_sm_umike_camo_3,0,0,10,32586,2000,,,,jup_jp04_sm_umike_progression,,0
12794,jup_jp04_sm_umike_camo_4,0,0,15,32143,2500,,,,jup_jp04_sm_umike_progression,,0
12795,jup_jp04_sm_umike_camo_gold,0,0,10,32736,4000,,,,jup_jp04_sm_umike_camo_gold_unlock,,0
12796,jup_jp04_sm_umike_camo_gold_unlock,0,0,4,,,,,,,12791|12792|12793|12794,0
12797,jup_jp04_sm_umike_camo_plat,0,0,10,32737,5000,,,,jup_jp04_sm_umike_camo_plat_unlock,,0
12798,jup_jp04_sm_umike_camo_dama,0,0,10,32738,7500,,,,jup_jp04_sm_umike_camo_dama_unlock,,0
12799,jup_jp04_sm_umike_mastery_gold,0,0,100,37047+37427,4000,,,,jup_jp04_sm_umike_mastery_gold_unlock,,0
12800,jup_jp04_sm_umike_mastery_plat,0,0,200,36966+37455,5000,,,,jup_jp04_sm_umike_mastery_plat_unlock,,0
12801,jup_jp04_sm_umike_mastery_dama,0,0,300,42202+41818,7500,,,,jup_jp04_sm_umike_mastery_dama_unlock,,0
12802,jup_jp04_sm_umike_mastery_gold_unlock,0,0,2,,,,,,,12795|12569,0
12803,jup_jp04_sm_umike_mastery_plat_unlock,0,0,3,,,,,,,12797|12799|12569,0
12804,jup_jp04_sm_umike_mastery_dama_unlock,0,0,3,,,,,,,12798|12800|12569,0
12805,jup_jp04_sm_umike_camo_plat_unlock,0,0,2,,,,,,,25958|13786,0
12806,jup_jp04_sm_umike_camo_dama_unlock,0,0,2,,,,,,,25996|11805,0
16262,jup_jp04_sm_umike_mastery_orion,0,0,400,42179+43321,10000,,,,jup_jp04_sm_umike_mastery_orion_unlock,,0
16293,jup_jp04_sm_umike_mastery_orion_unlock,0,0,3,,,,,,,13792|12801|12569,0
16324,jup_jp04_sm_umike_mastery_completionist,0,0,4,43297,,,,,,12799|12800|12801|16262,0
17942,jup_jp04_sm_umike_camo_ob_1,0,0,250,39276,1000,,,,jup_jp04_sm_umike_progression,,0
17978,jup_jp04_sm_umike_camo_ob_2,0,0,30,39324,1500,,,,jup_jp04_sm_umike_progression,,0
18014,jup_jp04_sm_umike_camo_ob_3,0,0,250,39456,2000,,,,jup_jp04_sm_umike_progression,,0
18050,jup_jp04_sm_umike_camo_ob_4,0,0,250,39404,2500,,,,jup_jp04_sm_umike_progression,,0
18086,jup_jp04_sm_umike_camo_ob_gold,0,0,1,39522,4000,,,,jup_jp04_sm_umike_camo_ob_gold_unlock,,0
18122,jup_jp04_sm_umike_camo_ob_gold_unlock,0,0,4,,,,,,,17942|17978|18014|18050,0
18158,jup_jp04_sm_umike_camo_ob_plat,0,0,300,39554,5000,,,,jup_jp04_sm_umike_camo_plat_unlock_ob,,0
18194,jup_jp04_sm_umike_camo_plat_unlock_ob,0,0,2,,,,,,,26034|17887,0
18230,jup_jp04_sm_umike_camo_ob_dama,0,0,10,39586,7500,,,,jup_jp04_sm_umike_camo_dama_unlock_ob,,0
18266,jup_jp04_sm_umike_camo_dama_unlock_ob,0,0,2,,,,,,,26072|17886,0
18303,jup_jp04_sm_umike_camo_mastery_gold_ob,0,0,300,42247+41672,4000,,,,jup_jp04_sm_umike_camo_mastery_gold_unlock_ob,,0
18340,jup_jp04_sm_umike_camo_mastery_gold_unlock_ob,0,0,2,,,,,,,18086|12569,0
18377,jup_jp04_sm_umike_camo_mastery_plat_ob,0,0,600,41891+41766,5000,,,,jup_jp04_sm_umike_camo_mastery_plat_unlock_ob,,0
18414,jup_jp04_sm_umike_camo_mastery_plat_unlock_ob,0,0,3,,,,,,,18158|18303|12569,0
18451,jup_jp04_sm_umike_camo_mastery_dama_ob,0,0,900,42369+41578,7500,,,,jup_jp04_sm_umike_camo_mastery_dama_unlock_ob,,0
18488,jup_jp04_sm_umike_camo_mastery_dama_unlock_ob,0,0,3,,,,,,,18230|18377|12569,0
18525,jup_jp04_sm_umike_camo_mastery_orion_ob,0,0,1200,43395+41482,10000,,,,jup_jp04_sm_umike_camo_mastery_orion_unlock_ob,,0
18562,jup_jp04_sm_umike_camo_mastery_orion_unlock_ob,0,0,3,,,,,,,17891|18451|12569,0
18598,jup_jp04_sm_umike_mastery_completionist_ob,0,0,4,43298,,,,,,18303|18377|18451|18525,0
25958,jup_jp04_sm_umike_camo_gold_wrapper,0,0,1,,,,,,,12795,0
25996,jup_jp04_sm_umike_camo_plat_wrapper,0,0,1,,,,,,,12797,0
26034,jup_jp04_sm_umike_camo_ob_gold_wrapper,0,0,1,,,,,,,18086,0
26072,jup_jp04_sm_umike_camo_ob_plat_wrapper,0,0,1,,,,,,,18158,0
37969,jup_jp04_sm_umike_prestige_unlock,0,0,23,,,,,,,,0
39007,jup_jp04_sm_umike_camo_prestige_4,0,0,300000,68419,,,,,jup_jp04_sm_umike_camo_prestige_3,,0
39134,jup_jp04_sm_umike_camo_prestige_3,0,0,250000,68270,,,,,jup_jp04_sm_umike_camo_prestige_2,,0
39261,jup_jp04_sm_umike_camo_prestige_2,0,0,200000,64005,,,,,jup_jp04_sm_umike_camo_prestige_1,,0
39388,jup_jp04_sm_umike_camo_prestige_1,0,0,150000,62784,,,,,jup_jp04_sm_umike_prestige_unlock,,0
12809,jup_jp04_sm_lwhiskey_camo_1,0,0,50,32121,1000,,,,jup_jp04_sm_lwhiskey_progression,,0
12810,jup_jp04_sm_lwhiskey_camo_2,0,0,25,32520,1500,,,,jup_jp04_sm_lwhiskey_progression,,0
12811,jup_jp04_sm_lwhiskey_camo_3,0,0,10,32539,2000,,,,jup_jp04_sm_lwhiskey_progression,,0
12812,jup_jp04_sm_lwhiskey_camo_4,0,0,15,32547,2500,,,,jup_jp04_sm_lwhiskey_progression,,0
12813,jup_jp04_sm_lwhiskey_camo_gold,0,0,10,32488,4000,,,,jup_jp04_sm_lwhiskey_camo_gold_unlock,,0
12814,jup_jp04_sm_lwhiskey_camo_gold_unlock,0,0,4,,,,,,,12809|12810|12811|12812,0
12815,jup_jp04_sm_lwhiskey_camo_plat,0,0,15,32498,5000,,,,jup_jp04_sm_lwhiskey_camo_plat_unlock,,0
12816,jup_jp04_sm_lwhiskey_camo_dama,0,0,15,32508,7500,,,,jup_jp04_sm_lwhiskey_camo_dama_unlock,,0
12817,jup_jp04_sm_lwhiskey_mastery_gold,0,0,100,37049+37415,4000,,,,jup_jp04_sm_lwhiskey_mastery_gold_unlock,,0
12818,jup_jp04_sm_lwhiskey_mastery_plat,0,0,200,36964+37443,5000,,,,jup_jp04_sm_lwhiskey_mastery_plat_unlock,,0
12819,jup_jp04_sm_lwhiskey_mastery_dama,0,0,300,42201+41817,7500,,,,jup_jp04_sm_lwhiskey_mastery_dama_unlock,,0
12820,jup_jp04_sm_lwhiskey_mastery_gold_unlock,0,0,2,,,,,,,12813|12568,0
12821,jup_jp04_sm_lwhiskey_mastery_plat_unlock,0,0,3,,,,,,,12815|12817|12568,0
12822,jup_jp04_sm_lwhiskey_mastery_dama_unlock,0,0,3,,,,,,,12816|12818|12568,0
12823,jup_jp04_sm_lwhiskey_camo_plat_unlock,0,0,2,,,,,,,25959|13786,0
12824,jup_jp04_sm_lwhiskey_camo_dama_unlock,0,0,2,,,,,,,25997|11805,0
16263,jup_jp04_sm_lwhiskey_mastery_orion,0,0,400,42178+41784,10000,,,,jup_jp04_sm_lwhiskey_mastery_orion_unlock,,0
16294,jup_jp04_sm_lwhiskey_mastery_orion_unlock,0,0,3,,,,,,,13792|12819|12568,0
16325,jup_jp04_sm_lwhiskey_mastery_completionist,0,0,4,43293,,,,,,12817|12818|12819|16263,0
17943,jup_jp04_sm_lwhiskey_camo_ob_1,0,0,250,39277,1000,,,,jup_jp04_sm_lwhiskey_progression,,0
17979,jup_jp04_sm_lwhiskey_camo_ob_2,0,0,250,39323,1500,,,,jup_jp04_sm_lwhiskey_progression,,0
18015,jup_jp04_sm_lwhiskey_camo_ob_3,0,0,250,39353,2000,,,,jup_jp04_sm_lwhiskey_progression,,0
18051,jup_jp04_sm_lwhiskey_camo_ob_4,0,0,250,39361,2500,,,,jup_jp04_sm_lwhiskey_progression,,0
18087,jup_jp04_sm_lwhiskey_camo_ob_gold,0,0,1,39509,4000,,,,jup_jp04_sm_lwhiskey_camo_ob_gold_unlock,,0
18123,jup_jp04_sm_lwhiskey_camo_ob_gold_unlock,0,0,4,,,,,,,17943|17979|18015|18051,0
18159,jup_jp04_sm_lwhiskey_camo_ob_plat,0,0,300,39541,5000,,,,jup_jp04_sm_lwhiskey_camo_plat_unlock_ob,,0
18195,jup_jp04_sm_lwhiskey_camo_plat_unlock_ob,0,0,2,,,,,,,26035|17887,0
18231,jup_jp04_sm_lwhiskey_camo_ob_dama,0,0,10,39573,7500,,,,jup_jp04_sm_lwhiskey_camo_dama_unlock_ob,,0
18267,jup_jp04_sm_lwhiskey_camo_dama_unlock_ob,0,0,2,,,,,,,26073|17886,0
18304,jup_jp04_sm_lwhiskey_camo_mastery_gold_ob,0,0,300,42246+41671,4000,,,,jup_jp04_sm_lwhiskey_camo_mastery_gold_unlock_ob,,0
18341,jup_jp04_sm_lwhiskey_camo_mastery_gold_unlock_ob,0,0,2,,,,,,,18087|12568,0
18378,jup_jp04_sm_lwhiskey_camo_mastery_plat_ob,0,0,600,41890+41765,5000,,,,jup_jp04_sm_lwhiskey_camo_mastery_plat_unlock_ob,,0
18415,jup_jp04_sm_lwhiskey_camo_mastery_plat_unlock_ob,0,0,3,,,,,,,18159|18304|12568,0
18452,jup_jp04_sm_lwhiskey_camo_mastery_dama_ob,0,0,900,42368+41577,7500,,,,jup_jp04_sm_lwhiskey_camo_mastery_dama_unlock_ob,,0
18489,jup_jp04_sm_lwhiskey_camo_mastery_dama_unlock_ob,0,0,3,,,,,,,18231|18378|12568,0
18526,jup_jp04_sm_lwhiskey_camo_mastery_orion_ob,0,0,1200,43394+41481,10000,,,,jup_jp04_sm_lwhiskey_camo_mastery_orion_unlock_ob,,0
18563,jup_jp04_sm_lwhiskey_camo_mastery_orion_unlock_ob,0,0,3,,,,,,,17891|18452|12568,0
18599,jup_jp04_sm_lwhiskey_mastery_completionist_ob,0,0,4,43294,,,,,,18304|18378|18452|18526,0
25959,jup_jp04_sm_lwhiskey_camo_gold_wrapper,0,0,1,,,,,,,12813,0
25997,jup_jp04_sm_lwhiskey_camo_plat_wrapper,0,0,1,,,,,,,12815,0
26035,jup_jp04_sm_lwhiskey_camo_ob_gold_wrapper,0,0,1,,,,,,,18087,0
26073,jup_jp04_sm_lwhiskey_camo_ob_plat_wrapper,0,0,1,,,,,,,18159,0
37968,jup_jp04_sm_lwhiskey_prestige_unlock,0,0,24,,,,,,,,0
39006,jup_jp04_sm_lwhiskey_camo_prestige_4,0,0,300000,68392,,,,,jup_jp04_sm_lwhiskey_camo_prestige_3,,0
39133,jup_jp04_sm_lwhiskey_camo_prestige_3,0,0,250000,68245,,,,,jup_jp04_sm_lwhiskey_camo_prestige_2,,0
39260,jup_jp04_sm_lwhiskey_camo_prestige_2,0,0,200000,63980,,,,,jup_jp04_sm_lwhiskey_camo_prestige_1,,0
39387,jup_jp04_sm_lwhiskey_camo_prestige_1,0,0,150000,62762,,,,,jup_jp04_sm_lwhiskey_prestige_unlock,,0
12825,jup_jp07_sm_uzulu_camo_1,0,0,50,32120,1000,,,,jup_jp07_sm_uzulu_progression,,0
12826,jup_jp07_sm_uzulu_camo_2,0,0,25,33354,1500,,,,jup_jp07_sm_uzulu_progression,,0
12827,jup_jp07_sm_uzulu_camo_3,0,0,10,33365,2000,,,,jup_jp07_sm_uzulu_progression,,0
12828,jup_jp07_sm_uzulu_camo_4,0,0,15,32155,2500,,,,jup_jp07_sm_uzulu_progression,,0
12829,jup_jp07_sm_uzulu_camo_gold,0,0,10,32739,4000,,,,jup_jp07_sm_uzulu_camo_gold_unlock,,0
12830,jup_jp07_sm_uzulu_camo_gold_unlock,0,0,4,,,,,,,12825|12826|12827|12828,0
12831,jup_jp07_sm_uzulu_camo_plat,0,0,10,32740,5000,,,,jup_jp07_sm_uzulu_camo_plat_unlock,,0
12832,jup_jp07_sm_uzulu_camo_dama,0,0,10,32741,7500,,,,jup_jp07_sm_uzulu_camo_dama_unlock,,0
12833,jup_jp07_sm_uzulu_mastery_gold,0,0,100,37046+37428,4000,,,,jup_jp07_sm_uzulu_mastery_gold_unlock,,0
12834,jup_jp07_sm_uzulu_mastery_plat,0,0,200,36967+37456,5000,,,,jup_jp07_sm_uzulu_mastery_plat_unlock,,0
12835,jup_jp07_sm_uzulu_mastery_dama,0,0,300,42194+41802,7500,,,,jup_jp07_sm_uzulu_mastery_dama_unlock,,0
12836,jup_jp07_sm_uzulu_mastery_gold_unlock,0,0,2,,,,,,,12829|12574,0
12837,jup_jp07_sm_uzulu_mastery_plat_unlock,0,0,3,,,,,,,12831|12833|12574,0
12838,jup_jp07_sm_uzulu_mastery_dama_unlock,0,0,3,,,,,,,12832|12834|12574,0
12839,jup_jp07_sm_uzulu_camo_plat_unlock,0,0,2,,,,,,,25960|13786,0
12840,jup_jp07_sm_uzulu_camo_dama_unlock,0,0,2,,,,,,,25998|11805,0
16264,jup_jp07_sm_uzulu_mastery_orion,0,0,400,42163+41379,10000,,,,jup_jp07_sm_uzulu_mastery_orion_unlock,,0
16295,jup_jp07_sm_uzulu_mastery_orion_unlock,0,0,3,,,,,,,13792|12835|12574,0
16326,jup_jp07_sm_uzulu_mastery_completionist,0,0,4,43299,,,,,,12833|12834|12835|16264,0
17944,jup_jp07_sm_uzulu_camo_ob_1,0,0,250,39278,1000,,,,jup_jp07_sm_uzulu_progression,,0
17980,jup_jp07_sm_uzulu_camo_ob_2,0,0,1,39287,1500,,,,jup_jp07_sm_uzulu_progression,,0
18016,jup_jp07_sm_uzulu_camo_ob_3,0,0,250,39478,2000,,,,jup_jp07_sm_uzulu_progression,,0
18052,jup_jp07_sm_uzulu_camo_ob_4,0,0,10,39484,2500,,,,jup_jp07_sm_uzulu_progression,,0
18088,jup_jp07_sm_uzulu_camo_ob_gold,0,0,1,39523,4000,,,,jup_jp07_sm_uzulu_camo_ob_gold_unlock,,0
18124,jup_jp07_sm_uzulu_camo_ob_gold_unlock,0,0,4,,,,,,,17944|17980|18016|18052,0
18160,jup_jp07_sm_uzulu_camo_ob_plat,0,0,300,39555,5000,,,,jup_jp07_sm_uzulu_camo_plat_unlock_ob,,0
18196,jup_jp07_sm_uzulu_camo_plat_unlock_ob,0,0,2,,,,,,,26036|17887,0
18232,jup_jp07_sm_uzulu_camo_ob_dama,0,0,10,39587,7500,,,,jup_jp07_sm_uzulu_camo_dama_unlock_ob,,0
18268,jup_jp07_sm_uzulu_camo_dama_unlock_ob,0,0,2,,,,,,,26074|17886,0
18305,jup_jp07_sm_uzulu_camo_mastery_gold_ob,0,0,300,42231+43630,4000,,,,jup_jp07_sm_uzulu_camo_mastery_gold_unlock_ob,,0
18342,jup_jp07_sm_uzulu_camo_mastery_gold_unlock_ob,0,0,2,,,,,,,18088|12574,0
18379,jup_jp07_sm_uzulu_camo_mastery_plat_ob,0,0,600,41876+43618,5000,,,,jup_jp07_sm_uzulu_camo_mastery_plat_unlock_ob,,0
18416,jup_jp07_sm_uzulu_camo_mastery_plat_unlock_ob,0,0,3,,,,,,,18160|18305|12574,0
18453,jup_jp07_sm_uzulu_camo_mastery_dama_ob,0,0,900,42353+43640,7500,,,,jup_jp07_sm_uzulu_camo_mastery_dama_unlock_ob,,0
18490,jup_jp07_sm_uzulu_camo_mastery_dama_unlock_ob,0,0,3,,,,,,,18232|18379|12574,0
18527,jup_jp07_sm_uzulu_camo_mastery_orion_ob,0,0,1200,43379+43697,10000,,,,jup_jp07_sm_uzulu_camo_mastery_orion_unlock_ob,,0
18564,jup_jp07_sm_uzulu_camo_mastery_orion_unlock_ob,0,0,3,,,,,,,17891|18453|12574,0
18600,jup_jp07_sm_uzulu_mastery_completionist_ob,0,0,4,43314,,,,,,18305|18379|18453|18527,0
25960,jup_jp07_sm_uzulu_camo_gold_wrapper,0,0,1,,,,,,,12829,0
25998,jup_jp07_sm_uzulu_camo_plat_wrapper,0,0,1,,,,,,,12831,0
26036,jup_jp07_sm_uzulu_camo_ob_gold_wrapper,0,0,1,,,,,,,18088,0
26074,jup_jp07_sm_uzulu_camo_ob_plat_wrapper,0,0,1,,,,,,,18160,0
37973,jup_jp07_sm_uzulu_prestige_unlock,0,0,27,,,,,,,,0
39011,jup_jp07_sm_uzulu_camo_prestige_4,0,0,300000,68420,,,,,jup_jp07_sm_uzulu_camo_prestige_3,,0
39138,jup_jp07_sm_uzulu_camo_prestige_3,0,0,250000,68271,,,,,jup_jp07_sm_uzulu_camo_prestige_2,,0
39265,jup_jp07_sm_uzulu_camo_prestige_2,0,0,200000,64006,,,,,jup_jp07_sm_uzulu_camo_prestige_1,,0
39392,jup_jp07_sm_uzulu_camo_prestige_1,0,0,150000,62785,,,,,jup_jp07_sm_uzulu_prestige_unlock,,0
12843,jup_jp07_sm_uzulup_camo_1,0,0,50,32119,1000,,,,jup_jp07_sm_uzulup_progression,,0
12844,jup_jp07_sm_uzulup_camo_2,0,0,25,33353,1500,,,,jup_jp07_sm_uzulup_progression,,0
12845,jup_jp07_sm_uzulup_camo_3,0,0,10,33362,2000,,,,jup_jp07_sm_uzulup_progression,,0
12846,jup_jp07_sm_uzulup_camo_4,0,0,15,32156,2500,,,,jup_jp07_sm_uzulup_progression,,0
12847,jup_jp07_sm_uzulup_camo_gold,0,0,10,32742,4000,,,,jup_jp07_sm_uzulup_camo_gold_unlock,,0
12848,jup_jp07_sm_uzulup_camo_gold_unlock,0,0,4,,,,,,,12843|12844|12845|12846,0
12849,jup_jp07_sm_uzulup_camo_plat,0,0,10,32743,5000,,,,jup_jp07_sm_uzulup_camo_plat_unlock,,0
12850,jup_jp07_sm_uzulup_camo_dama,0,0,10,32744,7500,,,,jup_jp07_sm_uzulup_camo_dama_unlock,,0
12851,jup_jp07_sm_uzulup_mastery_gold,0,0,100,37045+37430,4000,,,,jup_jp07_sm_uzulup_mastery_gold_unlock,,0
12852,jup_jp07_sm_uzulup_mastery_plat,0,0,200,36968+37458,5000,,,,jup_jp07_sm_uzulup_mastery_plat_unlock,,0
12853,jup_jp07_sm_uzulup_mastery_dama,0,0,300,42193+41801,7500,,,,jup_jp07_sm_uzulup_mastery_dama_unlock,,0
12855,jup_jp07_sm_uzulup_mastery_gold_unlock,0,0,2,,,,,,,12847|12575,0
12854,jup_jp07_sm_uzulup_mastery_plat_unlock,0,0,3,,,,,,,12849|12851|12575,0
12856,jup_jp07_sm_uzulup_mastery_dama_unlock,0,0,3,,,,,,,12850|12852|12575,0
12857,jup_jp07_sm_uzulup_camo_plat_unlock,0,0,2,,,,,,,25961|13786,0
12858,jup_jp07_sm_uzulup_camo_dama_unlock,0,0,2,,,,,,,25999|11805,0
16265,jup_jp07_sm_uzulup_mastery_orion,0,0,400,42162+41378,10000,,,,jup_jp07_sm_uzulup_mastery_orion_unlock,,0
16296,jup_jp07_sm_uzulup_mastery_orion_unlock,0,0,3,,,,,,,13792|12853|12575,0
16327,jup_jp07_sm_uzulup_mastery_completionist,0,0,4,43300,,,,,,12851|12852|12853|16265,0
17945,jup_jp07_sm_uzulup_camo_ob_1,0,0,250,39279,1000,,,,jup_jp07_sm_uzulup_progression,,0
17981,jup_jp07_sm_uzulup_camo_ob_2,0,0,250,39286,1500,,,,jup_jp07_sm_uzulup_progression,,0
18017,jup_jp07_sm_uzulup_camo_ob_3,0,0,5,39475,2000,,,,jup_jp07_sm_uzulup_progression,,0
18053,jup_jp07_sm_uzulup_camo_ob_4,0,0,250,39485,2500,,,,jup_jp07_sm_uzulup_progression,,0
18089,jup_jp07_sm_uzulup_camo_ob_gold,0,0,1,39525,4000,,,,jup_jp07_sm_uzulup_camo_ob_gold_unlock,,0
18125,jup_jp07_sm_uzulup_camo_ob_gold_unlock,0,0,4,,,,,,,17945|17981|18017|18053,0
18161,jup_jp07_sm_uzulup_camo_ob_plat,0,0,300,39557,5000,,,,jup_jp07_sm_uzulup_camo_plat_unlock_ob,,0
18197,jup_jp07_sm_uzulup_camo_plat_unlock_ob,0,0,2,,,,,,,26037|17887,0
18233,jup_jp07_sm_uzulup_camo_ob_dama,0,0,10,39589,7500,,,,jup_jp07_sm_uzulup_camo_dama_unlock_ob,,0
18269,jup_jp07_sm_uzulup_camo_dama_unlock_ob,0,0,2,,,,,,,26075|17886,0
18306,jup_jp07_sm_uzulup_camo_mastery_gold_ob,0,0,300,42230+43631,4000,,,,jup_jp07_sm_uzulup_camo_mastery_gold_unlock_ob,,0
18343,jup_jp07_sm_uzulup_camo_mastery_gold_unlock_ob,0,0,2,,,,,,,18089|12575,0
18380,jup_jp07_sm_uzulup_camo_mastery_plat_ob,0,0,600,41875+43660,5000,,,,jup_jp07_sm_uzulup_camo_mastery_plat_unlock_ob,,0
18417,jup_jp07_sm_uzulup_camo_mastery_plat_unlock_ob,0,0,3,,,,,,,18161|18306|12575,0
18454,jup_jp07_sm_uzulup_camo_mastery_dama_ob,0,0,900,42352+43641,7500,,,,jup_jp07_sm_uzulup_camo_mastery_dama_unlock_ob,,0
18491,jup_jp07_sm_uzulup_camo_mastery_dama_unlock_ob,0,0,3,,,,,,,18233|18380|12575,0
18528,jup_jp07_sm_uzulup_camo_mastery_orion_ob,0,0,1200,43378+43698,10000,,,,jup_jp07_sm_uzulup_camo_mastery_orion_unlock_ob,,0
18565,jup_jp07_sm_uzulup_camo_mastery_orion_unlock_ob,0,0,3,,,,,,,17891|18454|12575,0
18601,jup_jp07_sm_uzulup_mastery_completionist_ob,0,0,4,43301,,,,,,18306|18380|18454|18528,0
25961,jup_jp07_sm_uzulup_camo_gold_wrapper,0,0,1,,,,,,,12847,0
25999,jup_jp07_sm_uzulup_camo_plat_wrapper,0,0,1,,,,,,,12849,0
26037,jup_jp07_sm_uzulup_camo_ob_gold_wrapper,0,0,1,,,,,,,18089,0
26075,jup_jp07_sm_uzulup_camo_ob_plat_wrapper,0,0,1,,,,,,,18161,0
37974,jup_jp07_sm_uzulup_prestige_unlock,0,0,26,,,,,,,,0
39012,jup_jp07_sm_uzulup_camo_prestige_4,0,0,300000,68422,,,,,jup_jp07_sm_uzulup_camo_prestige_3,,0
39139,jup_jp07_sm_uzulup_camo_prestige_3,0,0,250000,68273,,,,,jup_jp07_sm_uzulup_camo_prestige_2,,0
39266,jup_jp07_sm_uzulup_camo_prestige_2,0,0,200000,64008,,,,,jup_jp07_sm_uzulup_camo_prestige_1,,0
39393,jup_jp07_sm_uzulup_camo_prestige_1,0,0,150000,62787,,,,,jup_jp07_sm_uzulup_prestige_unlock,,0
12859,jup_cp24_pi_glima21_camo_1,0,0,50,33352,1000,,,,jup_cp24_pi_glima21_progression,,0
12860,jup_cp24_pi_glima21_camo_2,0,0,50,32530,1500,,,,jup_cp24_pi_glima21_progression,,0
12861,jup_cp24_pi_glima21_camo_3,0,0,10,32570,2000,,,,jup_cp24_pi_glima21_progression,,0
12862,jup_cp24_pi_glima21_camo_4,0,0,15,32157,2500,,,,jup_cp24_pi_glima21_progression,,0
12863,jup_cp24_pi_glima21_camo_gold,0,0,10,32745,4000,,,,jup_cp24_pi_glima21_camo_gold_unlock,,0
12864,jup_cp24_pi_glima21_camo_gold_unlock,0,0,4,,,,,,,12859|12860|12861|12862,0
12865,jup_cp24_pi_glima21_camo_plat,0,0,15,32746,5000,,,,jup_cp24_pi_glima21_camo_plat_unlock,,0
12866,jup_cp24_pi_glima21_camo_dama,0,0,10,32747,7500,,,,jup_cp24_pi_glima21_camo_dama_unlock,,0
12867,jup_cp24_pi_glima21_mastery_gold,0,0,100,37077+37412,4000,,,,jup_cp24_pi_glima21_mastery_gold_unlock,,0
12868,jup_cp24_pi_glima21_mastery_plat,0,0,200,37015+37440,5000,,,,jup_cp24_pi_glima21_mastery_plat_unlock,,0
12869,jup_cp24_pi_glima21_mastery_dama,0,0,300,41908+41815,7500,,,,jup_cp24_pi_glima21_mastery_dama_unlock,,0
12870,jup_cp24_pi_glima21_mastery_gold_unlock,0,0,2,,,,,,,12863|12558,0
12871,jup_cp24_pi_glima21_mastery_plat_unlock,0,0,3,,,,,,,12865|12867|12558,0
12872,jup_cp24_pi_glima21_mastery_dama_unlock,0,0,3,,,,,,,12866|12868|12558,0
12873,jup_cp24_pi_glima21_camo_plat_unlock,0,0,2,,,,,,,25962|13788,0
12874,jup_cp24_pi_glima21_camo_dama_unlock,0,0,2,,,,,,,26000|11805,0
16266,jup_cp24_pi_glima21_mastery_orion,0,0,400,42176+41782,10000,,,,jup_cp24_pi_glima21_mastery_orion_unlock,,0
16297,jup_cp24_pi_glima21_mastery_orion_unlock,0,0,3,,,,,,,13792|12869|12558,0
16328,jup_cp24_pi_glima21_mastery_completionist,0,0,4,43271,,,,,,12867|12868|12869|16266,0
17946,jup_cp24_pi_glima21_camo_ob_1,0,0,250,39285,1000,,,,jup_cp24_pi_glima21_progression,,0
17982,jup_cp24_pi_glima21_camo_ob_2,0,0,250,39344,1500,,,,jup_cp24_pi_glima21_progression,,0
18018,jup_cp24_pi_glima21_camo_ob_3,0,0,250,39368,2000,,,,jup_cp24_pi_glima21_progression,,0
18054,jup_cp24_pi_glima21_camo_ob_4,0,0,250,39486,2500,,,,jup_cp24_pi_glima21_progression,,0
18090,jup_cp24_pi_glima21_camo_ob_gold,0,0,1,39505,4000,,,,jup_cp24_pi_glima21_camo_ob_gold_unlock,,0
18126,jup_cp24_pi_glima21_camo_ob_gold_unlock,0,0,4,,,,,,,17946|17982|18018|18054,0
18162,jup_cp24_pi_glima21_camo_ob_plat,0,0,300,39537,5000,,,,jup_cp24_pi_glima21_camo_plat_unlock_ob,,0
18198,jup_cp24_pi_glima21_camo_plat_unlock_ob,0,0,2,,,,,,,26038|17888,0
18234,jup_cp24_pi_glima21_camo_ob_dama,0,0,10,39569,7500,,,,jup_cp24_pi_glima21_camo_dama_unlock_ob,,0
18270,jup_cp24_pi_glima21_camo_dama_unlock_ob,0,0,2,,,,,,,26076|17886,0
18307,jup_cp24_pi_glima21_camo_mastery_gold_ob,0,0,300,42244+41669,4000,,,,jup_cp24_pi_glima21_camo_mastery_gold_unlock_ob,,0
18344,jup_cp24_pi_glima21_camo_mastery_gold_unlock_ob,0,0,2,,,,,,,18090|12558,0
18381,jup_cp24_pi_glima21_camo_mastery_plat_ob,0,0,600,41889+41763,5000,,,,jup_cp24_pi_glima21_camo_mastery_plat_unlock_ob,,0
18418,jup_cp24_pi_glima21_camo_mastery_plat_unlock_ob,0,0,3,,,,,,,18162|18307|12558,0
18455,jup_cp24_pi_glima21_camo_mastery_dama_ob,0,0,900,42366+41575,7500,,,,jup_cp24_pi_glima21_camo_mastery_dama_unlock_ob,,0
18492,jup_cp24_pi_glima21_camo_mastery_dama_unlock_ob,0,0,3,,,,,,,18234|18381|12558,0
18529,jup_cp24_pi_glima21_camo_mastery_orion_ob,0,0,1200,44213+41479,10000,,,,jup_cp24_pi_glima21_camo_mastery_orion_unlock_ob,,0
18566,jup_cp24_pi_glima21_camo_mastery_orion_unlock_ob,0,0,3,,,,,,,17891|18455|12558,0
18602,jup_cp24_pi_glima21_mastery_completionist_ob,0,0,4,43272,,,,,,18307|18381|18455|18529,0
25962,jup_cp24_pi_glima21_camo_gold_wrapper,0,0,1,,,,,,,12863,0
26000,jup_cp24_pi_glima21_camo_plat_wrapper,0,0,1,,,,,,,12865,0
26038,jup_cp24_pi_glima21_camo_ob_gold_wrapper,0,0,1,,,,,,,18090,0
26076,jup_cp24_pi_glima21_camo_ob_plat_wrapper,0,0,1,,,,,,,18162,0
37958,jup_cp24_pi_glima21_prestige_unlock,0,0,21,,,,,,,,0
38996,jup_cp24_pi_glima21_camo_prestige_4,0,0,300000,68384,,,,,jup_cp24_pi_glima21_camo_prestige_3,,0
39123,jup_cp24_pi_glima21_camo_prestige_3,0,0,250000,68238,,,,,jup_cp24_pi_glima21_camo_prestige_2,,0
39250,jup_cp24_pi_glima21_camo_prestige_2,0,0,200000,63973,,,,,jup_cp24_pi_glima21_camo_prestige_1,,0
39377,jup_cp24_pi_glima21_camo_prestige_1,0,0,150000,62756,,,,,jup_cp24_pi_glima21_prestige_unlock,,0
12876,jup_jp07_pi_uzulum_camo_1,0,0,50,32541,1000,,,,jup_jp07_pi_uzulum_progression,,0
12877,jup_jp07_pi_uzulum_camo_2,0,0,50,34331,1500,,,,jup_jp07_pi_uzulum_progression,,0
12878,jup_jp07_pi_uzulum_camo_3,0,0,10,32146,2000,,,,jup_jp07_pi_uzulum_progression,,0
12879,jup_jp07_pi_uzulum_camo_4,0,0,15,32559,2500,,,,jup_jp07_pi_uzulum_progression,,0
12880,jup_jp07_pi_uzulum_camo_gold,0,0,10,32748,4000,,,,jup_jp07_pi_uzulum_camo_gold_unlock,,0
12881,jup_jp07_pi_uzulum_camo_gold_unlock,0,0,4,,,,,,,12876|12877|12878|12879,0
12882,jup_jp07_pi_uzulum_camo_plat,0,0,25,32749,5000,,,,jup_jp07_pi_uzulum_camo_plat_unlock,,0
12883,jup_jp07_pi_uzulum_camo_dama,0,0,25,32750,7500,,,,jup_jp07_pi_uzulum_camo_dama_unlock,,0
12884,jup_jp07_pi_uzulum_mastery_gold,0,0,100,37055+37429,4000,,,,jup_jp07_pi_uzulum_mastery_gold_unlock,,0
12885,jup_jp07_pi_uzulum_mastery_plat,0,0,200,37013+37457,5000,,,,jup_jp07_pi_uzulum_mastery_plat_unlock,,0
12886,jup_jp07_pi_uzulum_mastery_dama,0,0,300,41900+41800,7500,,,,jup_jp07_pi_uzulum_mastery_dama_unlock,,0
12887,jup_jp07_pi_uzulum_mastery_gold_unlock,0,0,2,,,,,,,12880|12573,0
12888,jup_jp07_pi_uzulum_mastery_plat_unlock,0,0,3,,,,,,,12882|12884|12573,0
12889,jup_jp07_pi_uzulum_mastery_dama_unlock,0,0,3,,,,,,,12883|12885|12573,0
12890,jup_jp07_pi_uzulum_camo_plat_unlock,0,0,2,,,,,,,25963|13788,0
12891,jup_jp07_pi_uzulum_camo_dama_unlock,0,0,2,,,,,,,26001|11805,0
16267,jup_jp07_pi_uzulum_mastery_orion,0,0,400,42161+41377,10000,,,,jup_jp07_pi_uzulum_mastery_orion_unlock,,0
16298,jup_jp07_pi_uzulum_mastery_orion_unlock,0,0,3,,,,,,,13792|12886|12573,0
16329,jup_jp07_pi_uzulum_mastery_completionist,0,0,4,43275,,,,,,12884|12885|12886|16267,0
17947,jup_jp07_pi_uzulum_camo_ob_1,0,0,250,39355,1000,,,,jup_jp07_pi_uzulum_progression,,0
17983,jup_jp07_pi_uzulum_camo_ob_2,0,0,250,39725,1500,,,,jup_jp07_pi_uzulum_progression,,0
18019,jup_jp07_pi_uzulum_camo_ob_3,0,0,250,39432,2000,,,,jup_jp07_pi_uzulum_progression,,0
18055,jup_jp07_pi_uzulum_camo_ob_4,0,0,250,39445,2500,,,,jup_jp07_pi_uzulum_progression,,0
18091,jup_jp07_pi_uzulum_camo_ob_gold,0,0,1,39524,4000,,,,jup_jp07_pi_uzulum_camo_ob_gold_unlock,,0
18127,jup_jp07_pi_uzulum_camo_ob_gold_unlock,0,0,4,,,,,,,17947|17983|18019|18055,0
18163,jup_jp07_pi_uzulum_camo_ob_plat,0,0,300,39556,5000,,,,jup_jp07_pi_uzulum_camo_plat_unlock_ob,,0
18199,jup_jp07_pi_uzulum_camo_plat_unlock_ob,0,0,2,,,,,,,26039|17888,0
18235,jup_jp07_pi_uzulum_camo_ob_dama,0,0,10,39588,7500,,,,jup_jp07_pi_uzulum_camo_dama_unlock_ob,,0
18271,jup_jp07_pi_uzulum_camo_dama_unlock_ob,0,0,2,,,,,,,26077|17886,0
18308,jup_jp07_pi_uzulum_camo_mastery_gold_ob,0,0,300,42229+41660,4000,,,,jup_jp07_pi_uzulum_camo_mastery_gold_unlock_ob,,0
18345,jup_jp07_pi_uzulum_camo_mastery_gold_unlock_ob,0,0,2,,,,,,,18091|12573,0
18382,jup_jp07_pi_uzulum_camo_mastery_plat_ob,0,0,600,41874+41754,5000,,,,jup_jp07_pi_uzulum_camo_mastery_plat_unlock_ob,,0
18419,jup_jp07_pi_uzulum_camo_mastery_plat_unlock_ob,0,0,3,,,,,,,18163|18308|12573,0
18456,jup_jp07_pi_uzulum_camo_mastery_dama_ob,0,0,900,42351+41565,7500,,,,jup_jp07_pi_uzulum_camo_mastery_dama_unlock_ob,,0
18493,jup_jp07_pi_uzulum_camo_mastery_dama_unlock_ob,0,0,3,,,,,,,18235|18382|12573,0
18530,jup_jp07_pi_uzulum_camo_mastery_orion_ob,0,0,1200,43377+41469,10000,,,,jup_jp07_pi_uzulum_camo_mastery_orion_unlock_ob,,0
18567,jup_jp07_pi_uzulum_camo_mastery_orion_unlock_ob,0,0,3,,,,,,,17891|18456|12573,0
18603,jup_jp07_pi_uzulum_mastery_completionist_ob,0,0,4,43315,,,,,,18308|18382|18456|18530,0
25963,jup_jp07_pi_uzulum_camo_gold_wrapper,0,0,1,,,,,,,12880,0
26001,jup_jp07_pi_uzulum_camo_plat_wrapper,0,0,1,,,,,,,12882,0
26039,jup_jp07_pi_uzulum_camo_ob_gold_wrapper,0,0,1,,,,,,,18091,0
26077,jup_jp07_pi_uzulum_camo_ob_plat_wrapper,0,0,1,,,,,,,18163,0
37972,jup_jp07_pi_uzulum_prestige_unlock,0,0,13,,,,,,,,0
39010,jup_jp07_pi_uzulum_camo_prestige_4,0,0,300000,68421,,,,,jup_jp07_pi_uzulum_camo_prestige_3,,0
39137,jup_jp07_pi_uzulum_camo_prestige_3,0,0,250000,68272,,,,,jup_jp07_pi_uzulum_camo_prestige_2,,0
39264,jup_jp07_pi_uzulum_camo_prestige_2,0,0,200000,64007,,,,,jup_jp07_pi_uzulum_camo_prestige_1,,0
39391,jup_jp07_pi_uzulum_camo_prestige_1,0,0,150000,62786,,,,,jup_jp07_pi_uzulum_prestige_unlock,,0
12893,jup_jp12_pi_mike93_camo_1,0,0,50,34332,1000,,,,jup_jp12_pi_mike93_progression,,0
12894,jup_jp12_pi_mike93_camo_2,0,0,50,32135,1500,,,,jup_jp12_pi_mike93_progression,,0
12895,jup_jp12_pi_mike93_camo_3,0,0,10,32147,2000,,,,jup_jp12_pi_mike93_progression,,0
12896,jup_jp12_pi_mike93_camo_4,0,0,15,32560,2500,,,,jup_jp12_pi_mike93_progression,,0
12897,jup_jp12_pi_mike93_camo_gold,0,0,10,32489,4000,,,,jup_jp12_pi_mike93_camo_gold_unlock,,0
12898,jup_jp12_pi_mike93_camo_gold_unlock,0,0,4,,,,,,,12893|12894|12895|12896,0
12899,jup_jp12_pi_mike93_camo_plat,0,0,25,32499,5000,,,,jup_jp12_pi_mike93_camo_plat_unlock,,0
12900,jup_jp12_pi_mike93_camo_dama,0,0,25,32509,7500,,,,jup_jp12_pi_mike93_camo_dama_unlock,,0
12901,jup_jp12_pi_mike93_mastery_gold,0,0,100,37053+37417,4000,,,,jup_jp12_pi_mike93_mastery_gold_unlock,,0
12902,jup_jp12_pi_mike93_mastery_plat,0,0,200,37011+37445,5000,,,,jup_jp12_pi_mike93_mastery_plat_unlock,,0
12903,jup_jp12_pi_mike93_mastery_dama,0,0,300,42195+41803,7500,,,,jup_jp12_pi_mike93_mastery_dama_unlock,,0
12904,jup_jp12_pi_mike93_mastery_gold_unlock,0,0,2,,,,,,,12897|12581,0
12905,jup_jp12_pi_mike93_mastery_plat_unlock,0,0,3,,,,,,,12899|12901|12581,0
12906,jup_jp12_pi_mike93_mastery_dama_unlock,0,0,3,,,,,,,12900|12902|12581,0
12907,jup_jp12_pi_mike93_camo_plat_unlock,0,0,2,,,,,,,25964|13788,0
12908,jup_jp12_pi_mike93_camo_dama_unlock,0,0,2,,,,,,,26002|11805,0
16268,jup_jp12_pi_mike93_mastery_orion,0,0,400,42164+41380,10000,,,,jup_jp12_pi_mike93_mastery_orion_unlock,,0
16299,jup_jp12_pi_mike93_mastery_orion_unlock,0,0,3,,,,,,,13792|12903|12581,0
16330,jup_jp12_pi_mike93_mastery_completionist,0,0,4,43273,,,,,,12901|12902|12903|16268,0
17948,jup_jp12_pi_mike93_camo_ob_1,0,0,250,39726,1000,,,,jup_jp12_pi_mike93_progression,,0
17984,jup_jp12_pi_mike93_camo_ob_2,0,0,10,39396,1500,,,,jup_jp12_pi_mike93_progression,,0
18020,jup_jp12_pi_mike93_camo_ob_3,0,0,250,39433,2000,,,,jup_jp12_pi_mike93_progression,,0
18056,jup_jp12_pi_mike93_camo_ob_4,0,0,250,39446,2500,,,,jup_jp12_pi_mike93_progression,,0
18092,jup_jp12_pi_mike93_camo_ob_gold,0,0,1,39511,4000,,,,jup_jp12_pi_mike93_camo_ob_gold_unlock,,0
18128,jup_jp12_pi_mike93_camo_ob_gold_unlock,0,0,4,,,,,,,17948|17984|18020|18056,0
18164,jup_jp12_pi_mike93_camo_ob_plat,0,0,300,39543,5000,,,,jup_jp12_pi_mike93_camo_plat_unlock_ob,,0
18200,jup_jp12_pi_mike93_camo_plat_unlock_ob,0,0,2,,,,,,,26040|17888,0
18236,jup_jp12_pi_mike93_camo_ob_dama,0,0,10,39575,7500,,,,jup_jp12_pi_mike93_camo_dama_unlock_ob,,0
18272,jup_jp12_pi_mike93_camo_dama_unlock_ob,0,0,2,,,,,,,26078|17886,0
18309,jup_jp12_pi_mike93_camo_mastery_gold_ob,0,0,300,42232+43625,4000,,,,jup_jp12_pi_mike93_camo_mastery_gold_unlock_ob,,0
18346,jup_jp12_pi_mike93_camo_mastery_gold_unlock_ob,0,0,2,,,,,,,18092|12581,0
18383,jup_jp12_pi_mike93_camo_mastery_plat_ob,0,0,600,41877+43615,5000,,,,jup_jp12_pi_mike93_camo_mastery_plat_unlock_ob,,0
18420,jup_jp12_pi_mike93_camo_mastery_plat_unlock_ob,0,0,3,,,,,,,18164|18309|12581,0
18457,jup_jp12_pi_mike93_camo_mastery_dama_ob,0,0,900,42354+43636,7500,,,,jup_jp12_pi_mike93_camo_mastery_dama_unlock_ob,,0
18494,jup_jp12_pi_mike93_camo_mastery_dama_unlock_ob,0,0,3,,,,,,,18236|18383|12581,0
18531,jup_jp12_pi_mike93_camo_mastery_orion_ob,0,0,1200,43380+43656,10000,,,,jup_jp12_pi_mike93_camo_mastery_orion_unlock_ob,,0
18568,jup_jp12_pi_mike93_camo_mastery_orion_unlock_ob,0,0,3,,,,,,,17891|18457|12581,0
18604,jup_jp12_pi_mike93_mastery_completionist_ob,0,0,4,43263,,,,,,18309|18383|18457|18531,0
25964,jup_jp12_pi_mike93_camo_gold_wrapper,0,0,1,,,,,,,12897,0
26002,jup_jp12_pi_mike93_camo_plat_wrapper,0,0,1,,,,,,,12899,0
26040,jup_jp12_pi_mike93_camo_ob_gold_wrapper,0,0,1,,,,,,,18092,0
26078,jup_jp12_pi_mike93_camo_ob_plat_wrapper,0,0,1,,,,,,,18164,0
37979,jup_jp12_pi_mike93_prestige_unlock,0,0,20,,,,,,,,0
39017,jup_jp12_pi_mike93_camo_prestige_4,0,0,300000,68395,,,,,jup_jp12_pi_mike93_camo_prestige_3,,0
39144,jup_jp12_pi_mike93_camo_prestige_3,0,0,250000,68248,,,,,jup_jp12_pi_mike93_camo_prestige_2,,0
39271,jup_jp12_pi_mike93_camo_prestige_2,0,0,200000,63983,,,,,jup_jp12_pi_mike93_camo_prestige_1,,0
39398,jup_jp12_pi_mike93_camo_prestige_1,0,0,150000,62765,,,,,jup_jp12_pi_mike93_prestige_unlock,,0
12910,jup_jp14_pi_rsierra12_camo_1,0,0,50,32556,1000,,,,jup_jp14_pi_rsierra12_progression,,0
12911,jup_jp14_pi_rsierra12_camo_2,0,0,50,32523,1500,,,,jup_jp14_pi_rsierra12_progression,,0
12912,jup_jp14_pi_rsierra12_camo_3,0,0,10,32571,2000,,,,jup_jp14_pi_rsierra12_progression,,0
12913,jup_jp14_pi_rsierra12_camo_4,0,0,15,32561,2500,,,,jup_jp14_pi_rsierra12_progression,,0
12914,jup_jp14_pi_rsierra12_camo_gold,0,0,10,32751,4000,,,,jup_jp14_pi_rsierra12_camo_gold_unlock,,0
12915,jup_jp14_pi_rsierra12_camo_gold_unlock,0,0,4,,,,,,,12910|12911|12912|12913,0
12916,jup_jp14_pi_rsierra12_camo_plat,0,0,25,32752,5000,,,,jup_jp14_pi_rsierra12_camo_plat_unlock,,0
12917,jup_jp14_pi_rsierra12_camo_dama,0,0,25,32753,7500,,,,jup_jp14_pi_rsierra12_camo_dama_unlock,,0
12918,jup_jp14_pi_rsierra12_mastery_gold,0,0,100,37076+37422,4000,,,,jup_jp14_pi_rsierra12_mastery_gold_unlock,,0
12919,jup_jp14_pi_rsierra12_mastery_plat,0,0,200,37014+37450,5000,,,,jup_jp14_pi_rsierra12_mastery_plat_unlock,,0
12920,jup_jp14_pi_rsierra12_mastery_dama,0,0,300,41896+41793,7500,,,,jup_jp14_pi_rsierra12_mastery_dama_unlock,,0
12921,jup_jp14_pi_rsierra12_mastery_gold_unlock,0,0,2,,,,,,,12914|12584,0
12922,jup_jp14_pi_rsierra12_mastery_plat_unlock,0,0,3,,,,,,,12916|12918|12584,0
12923,jup_jp14_pi_rsierra12_mastery_dama_unlock,0,0,3,,,,,,,12917|12919|12584,0
12924,jup_jp14_pi_rsierra12_camo_plat_unlock,0,0,2,,,,,,,25965|13788,0
12943,jup_jp14_pi_rsierra12_camo_dama_unlock,0,0,2,,,,,,,26003|11805,0
16269,jup_jp14_pi_rsierra12_mastery_orion,0,0,400,42153+41370,10000,,,,jup_jp14_pi_rsierra12_mastery_orion_unlock,,0
16300,jup_jp14_pi_rsierra12_mastery_orion_unlock,0,0,3,,,,,,,13792|12920|12584,0
16331,jup_jp14_pi_rsierra12_mastery_completionist,0,0,4,43274,,,,,,12918|12919|12920|16269,0
17949,jup_jp14_pi_rsierra12_camo_ob_1,0,0,250,39422,1000,,,,jup_jp14_pi_rsierra12_progression,,0
17985,jup_jp14_pi_rsierra12_camo_ob_2,0,0,250,39326,1500,,,,jup_jp14_pi_rsierra12_progression,,0
18021,jup_jp14_pi_rsierra12_camo_ob_3,0,0,30,39369,2000,,,,jup_jp14_pi_rsierra12_progression,,0
18057,jup_jp14_pi_rsierra12_camo_ob_4,0,0,10,39447,2500,,,,jup_jp14_pi_rsierra12_progression,,0
18093,jup_jp14_pi_rsierra12_camo_ob_gold,0,0,1,39517,4000,,,,jup_jp14_pi_rsierra12_camo_ob_gold_unlock,,0
18129,jup_jp14_pi_rsierra12_camo_ob_gold_unlock,0,0,4,,,,,,,17949|17985|18021|18057,0
18165,jup_jp14_pi_rsierra12_camo_ob_plat,0,0,300,39549,5000,,,,jup_jp14_pi_rsierra12_camo_plat_unlock_ob,,0
18201,jup_jp14_pi_rsierra12_camo_plat_unlock_ob,0,0,2,,,,,,,26041|17888,0
18237,jup_jp14_pi_rsierra12_camo_ob_dama,0,0,10,39581,7500,,,,jup_jp14_pi_rsierra12_camo_dama_unlock_ob,,0
18273,jup_jp14_pi_rsierra12_camo_dama_unlock_ob,0,0,2,,,,,,,26079|17886,0
18310,jup_jp14_pi_rsierra12_camo_mastery_gold_ob,0,0,300,42221+41654,4000,,,,jup_jp14_pi_rsierra12_camo_mastery_gold_unlock_ob,,0
18347,jup_jp14_pi_rsierra12_camo_mastery_gold_unlock_ob,0,0,2,,,,,,,18093|12584,0
18384,jup_jp14_pi_rsierra12_camo_mastery_plat_ob,0,0,600,42093+41748,5000,,,,jup_jp14_pi_rsierra12_camo_mastery_plat_unlock_ob,,0
18421,jup_jp14_pi_rsierra12_camo_mastery_plat_unlock_ob,0,0,3,,,,,,,18165|18310|12584,0
18458,jup_jp14_pi_rsierra12_camo_mastery_dama_ob,0,0,900,42343+41559,7500,,,,jup_jp14_pi_rsierra12_camo_mastery_dama_unlock_ob,,0
18495,jup_jp14_pi_rsierra12_camo_mastery_dama_unlock_ob,0,0,3,,,,,,,18237|18384|12584,0
18532,jup_jp14_pi_rsierra12_camo_mastery_orion_ob,0,0,1200,43370+41464,10000,,,,jup_jp14_pi_rsierra12_camo_mastery_orion_unlock_ob,,0
18569,jup_jp14_pi_rsierra12_camo_mastery_orion_unlock_ob,0,0,3,,,,,,,17891|18458|12584,0
18605,jup_jp14_pi_rsierra12_mastery_completionist_ob,0,0,4,43281,,,,,,18310|18384|18458|18532,0
25965,jup_jp14_pi_rsierra12_camo_gold_wrapper,0,0,1,,,,,,,12914,0
26003,jup_jp14_pi_rsierra12_camo_plat_wrapper,0,0,1,,,,,,,12916,0
26041,jup_jp14_pi_rsierra12_camo_ob_gold_wrapper,0,0,1,,,,,,,18093,0
26079,jup_jp14_pi_rsierra12_camo_ob_plat_wrapper,0,0,1,,,,,,,18165,0
37982,jup_jp14_pi_rsierra12_prestige_unlock,0,0,26,,,,,,,,0
39020,jup_jp14_pi_rsierra12_camo_prestige_4,0,0,300000,68407,,,,,jup_jp14_pi_rsierra12_camo_prestige_3,,0
39147,jup_jp14_pi_rsierra12_camo_prestige_3,0,0,250000,68260,,,,,jup_jp14_pi_rsierra12_camo_prestige_2,,0
39274,jup_jp14_pi_rsierra12_camo_prestige_2,0,0,200000,63995,,,,,jup_jp14_pi_rsierra12_camo_prestige_1,,0
39401,jup_jp14_pi_rsierra12_camo_prestige_1,0,0,150000,62776,,,,,jup_jp14_pi_rsierra12_prestige_unlock,,0
12927,jup_cp08_br_xmike5_camo_1,0,0,50,34333,1000,,,,jup_cp08_br_xmike5_progression,,0
12928,jup_cp08_br_xmike5_camo_2,0,0,50,32531,1500,,,,jup_cp08_br_xmike5_progression,,0
12929,jup_cp08_br_xmike5_camo_3,0,0,10,32542,2000,,,,jup_cp08_br_xmike5_progression,,0
12930,jup_cp08_br_xmike5_camo_4,0,0,15,32555,2500,,,,jup_cp08_br_xmike5_progression,,0
12931,jup_cp08_br_xmike5_camo_gold,0,0,10,32754,4000,,,,jup_cp08_br_xmike5_camo_gold_unlock,,0
12932,jup_cp08_br_xmike5_camo_gold_unlock,0,0,4,,,,,,,12927|12928|12929|12930,0
12933,jup_cp08_br_xmike5_camo_plat,0,0,10,32755,5000,,,,jup_cp08_br_xmike5_camo_plat_unlock,,0
12934,jup_cp08_br_xmike5_camo_dama,0,0,25,32756,7500,,,,jup_cp08_br_xmike5_camo_dama_unlock,,0
12935,jup_cp08_br_xmike5_mastery_gold,0,0,100,37085+37431,4000,,,,jup_cp08_br_xmike5_mastery_gold_unlock,,0
12936,jup_cp08_br_xmike5_mastery_plat,0,0,200,37023+37459,5000,,,,jup_cp08_br_xmike5_mastery_plat_unlock,,0
12937,jup_cp08_br_xmike5_mastery_dama,0,0,300,41901+41804,7500,,,,jup_cp08_br_xmike5_mastery_dama_unlock,,0
12938,jup_cp08_br_xmike5_mastery_gold_unlock,0,0,2,,,,,,,12931|12557,0
12939,jup_cp08_br_xmike5_mastery_plat_unlock,0,0,3,,,,,,,12933|12935|12557,0
12940,jup_cp08_br_xmike5_mastery_dama_unlock,0,0,3,,,,,,,12934|12936|12557,0
12941,jup_cp08_br_xmike5_camo_plat_unlock,0,0,2,,,,,,,25966|13790,0
12942,jup_cp08_br_xmike5_camo_dama_unlock,0,0,2,,,,,,,26004|11805,0
16270,jup_cp08_br_xmike5_mastery_orion,0,0,400,42165+41381,10000,,,,jup_cp08_br_xmike5_mastery_orion_unlock,,0
16301,jup_cp08_br_xmike5_mastery_orion_unlock,0,0,3,,,,,,,13792|12937|12557,0
16332,jup_cp08_br_xmike5_mastery_completionist,0,0,4,43190,,,,,,12935|12936|12937|16270,0
17950,jup_cp08_br_xmike5_camo_ob_1,0,0,250,39727,1000,,,,jup_cp08_br_xmike5_progression,,0
17986,jup_cp08_br_xmike5_camo_ob_2,0,0,250,39345,1500,,,,jup_cp08_br_xmike5_progression,,0
18022,jup_cp08_br_xmike5_camo_ob_3,0,0,250,39356,2000,,,,jup_cp08_br_xmike5_progression,,0
18058,jup_cp08_br_xmike5_camo_ob_4,0,0,10,39421,2500,,,,jup_cp08_br_xmike5_progression,,0
18094,jup_cp08_br_xmike5_camo_ob_gold,0,0,1,39526,4000,,,,jup_cp08_br_xmike5_camo_ob_gold_unlock,,0
18130,jup_cp08_br_xmike5_camo_ob_gold_unlock,0,0,4,,,,,,,17950|17986|18022|18058,0
18166,jup_cp08_br_xmike5_camo_ob_plat,0,0,300,39558,5000,,,,jup_cp08_br_xmike5_camo_plat_unlock_ob,,0
18202,jup_cp08_br_xmike5_camo_plat_unlock_ob,0,0,2,,,,,,,26042|17889,0
18238,jup_cp08_br_xmike5_camo_ob_dama,0,0,10,39590,7500,,,,jup_cp08_br_xmike5_camo_dama_unlock_ob,,0
18274,jup_cp08_br_xmike5_camo_dama_unlock_ob,0,0,2,,,,,,,26080|17886,0
18311,jup_cp08_br_xmike5_camo_mastery_gold_ob,0,0,300,42233+41661,4000,,,,jup_cp08_br_xmike5_camo_mastery_gold_unlock_ob,,0
18348,jup_cp08_br_xmike5_camo_mastery_gold_unlock_ob,0,0,2,,,,,,,18094|12557,0
18385,jup_cp08_br_xmike5_camo_mastery_plat_ob,0,0,600,41878+41755,5000,,,,jup_cp08_br_xmike5_camo_mastery_plat_unlock_ob,,0
18422,jup_cp08_br_xmike5_camo_mastery_plat_unlock_ob,0,0,3,,,,,,,18166|18311|12557,0
18459,jup_cp08_br_xmike5_camo_mastery_dama_ob,0,0,900,42355+41566,7500,,,,jup_cp08_br_xmike5_camo_mastery_dama_unlock_ob,,0
18496,jup_cp08_br_xmike5_camo_mastery_dama_unlock_ob,0,0,3,,,,,,,18238|18385|12557,0
18533,jup_cp08_br_xmike5_camo_mastery_orion_ob,0,0,1200,43381+41470,10000,,,,jup_cp08_br_xmike5_camo_mastery_orion_unlock_ob,,0
18570,jup_cp08_br_xmike5_camo_mastery_orion_unlock_ob,0,0,3,,,,,,,17891|18459|12557,0
18606,jup_cp08_br_xmike5_mastery_completionist_ob,0,0,4,43318,,,,,,18311|18385|18459|18533,0
25966,jup_cp08_br_xmike5_camo_gold_wrapper,0,0,1,,,,,,,12931,0
26004,jup_cp08_br_xmike5_camo_plat_wrapper,0,0,1,,,,,,,12933,0
26042,jup_cp08_br_xmike5_camo_ob_gold_wrapper,0,0,1,,,,,,,18094,0
26080,jup_cp08_br_xmike5_camo_ob_plat_wrapper,0,0,1,,,,,,,18166,0
37956,jup_cp08_br_xmike5_prestige_unlock,0,0,28,,,,,,,,0
38994,jup_cp08_br_xmike5_camo_prestige_4,0,0,300000,68423,,,,,jup_cp08_br_xmike5_camo_prestige_3,,0
39121,jup_cp08_br_xmike5_camo_prestige_3,0,0,250000,68274,,,,,jup_cp08_br_xmike5_camo_prestige_2,,0
39248,jup_cp08_br_xmike5_camo_prestige_2,0,0,200000,64009,,,,,jup_cp08_br_xmike5_camo_prestige_1,,0
39375,jup_cp08_br_xmike5_camo_prestige_1,0,0,150000,62788,,,,,jup_cp08_br_xmike5_prestige_unlock,,0
13148,jup_jp02_br_bromeo2_camo_1,0,0,50,34334,1000,,,,jup_jp02_br_bromeo2_progression,,0
13149,jup_jp02_br_bromeo2_camo_2,0,0,50,32522,1500,,,,jup_jp02_br_bromeo2_progression,,0
13150,jup_jp02_br_bromeo2_camo_3,0,0,10,32148,2000,,,,jup_jp02_br_bromeo2_progression,,0
13151,jup_jp02_br_bromeo2_camo_4,0,0,15,32554,2500,,,,jup_jp02_br_bromeo2_progression,,0
13152,jup_jp02_br_bromeo2_camo_gold,0,0,10,32483,4000,,,,jup_jp02_br_bromeo2_camo_gold_unlock,,0
13153,jup_jp02_br_bromeo2_camo_gold_unlock,0,0,4,,,,,,,13148|13149|13150|13151,0
13154,jup_jp02_br_bromeo2_camo_plat,0,0,25,32493,5000,,,,jup_jp02_br_bromeo2_camo_plat_unlock,,0
13155,jup_jp02_br_bromeo2_camo_dama,0,0,15,32503,7500,,,,jup_jp02_br_bromeo2_camo_dama_unlock,,0
13156,jup_jp02_br_bromeo2_mastery_gold,0,0,100,37088+37407,4000,,,,jup_jp02_br_bromeo2_mastery_gold_unlock,,0
13157,jup_jp02_br_bromeo2_mastery_plat,0,0,200,37038+37435,5000,,,,jup_jp02_br_bromeo2_mastery_plat_unlock,,0
13158,jup_jp02_br_bromeo2_mastery_dama,0,0,300,42196+41806,7500,,,,jup_jp02_br_bromeo2_mastery_dama_unlock,,0
13159,jup_jp02_br_bromeo2_mastery_gold_unlock,0,0,2,,,,,,,13152|12562,0
13160,jup_jp02_br_bromeo2_mastery_plat_unlock,0,0,3,,,,,,,13154|13156|12562,0
13161,jup_jp02_br_bromeo2_mastery_dama_unlock,0,0,3,,,,,,,13155|13157|12562,0
13162,jup_jp02_br_bromeo2_camo_plat_unlock,0,0,2,,,,,,,25967|13790,0
13163,jup_jp02_br_bromeo2_camo_dama_unlock,0,0,2,,,,,,,26005|11805,0
16271,jup_jp02_br_bromeo2_mastery_orion,0,0,400,42167+41773,10000,,,,jup_jp02_br_bromeo2_mastery_orion_unlock,,0
16302,jup_jp02_br_bromeo2_mastery_orion_unlock,0,0,3,,,,,,,13792|13158|12562,0
16333,jup_jp02_br_bromeo2_mastery_completionist,0,0,4,43188,,,,,,13156|13157|13158|16271,0
17951,jup_jp02_br_bromeo2_camo_ob_1,0,0,250,39728,1000,,,,jup_jp02_br_bromeo2_progression,,0
17987,jup_jp02_br_bromeo2_camo_ob_2,0,0,250,39325,1500,,,,jup_jp02_br_bromeo2_progression,,0
18023,jup_jp02_br_bromeo2_camo_ob_3,0,0,50,39434,2000,,,,jup_jp02_br_bromeo2_progression,,0
18059,jup_jp02_br_bromeo2_camo_ob_4,0,0,100,39420,2500,,,,jup_jp02_br_bromeo2_progression,,0
18095,jup_jp02_br_bromeo2_camo_ob_gold,0,0,1,39498,4000,,,,jup_jp02_br_bromeo2_camo_ob_gold_unlock,,0
18131,jup_jp02_br_bromeo2_camo_ob_gold_unlock,0,0,4,,,,,,,17951|17987|18023|18059,0
18167,jup_jp02_br_bromeo2_camo_ob_plat,0,0,300,39530,5000,,,,jup_jp02_br_bromeo2_camo_plat_unlock_ob,,0
18203,jup_jp02_br_bromeo2_camo_plat_unlock_ob,0,0,2,,,,,,,26043|17889,0
18239,jup_jp02_br_bromeo2_camo_ob_dama,0,0,10,39562,7500,,,,jup_jp02_br_bromeo2_camo_dama_unlock_ob,,0
18275,jup_jp02_br_bromeo2_camo_dama_unlock_ob,0,0,2,,,,,,,26081|17886,0
18312,jup_jp02_br_bromeo2_camo_mastery_gold_ob,0,0,300,42235+41663,4000,,,,jup_jp02_br_bromeo2_camo_mastery_gold_unlock_ob,,0
18349,jup_jp02_br_bromeo2_camo_mastery_gold_unlock_ob,0,0,2,,,,,,,18095|12562,0
18386,jup_jp02_br_bromeo2_camo_mastery_plat_ob,0,0,600,41880+43613,5000,,,,jup_jp02_br_bromeo2_camo_mastery_plat_unlock_ob,,0
18423,jup_jp02_br_bromeo2_camo_mastery_plat_unlock_ob,0,0,3,,,,,,,18167|18312|12562,0
18460,jup_jp02_br_bromeo2_camo_mastery_dama_ob,0,0,900,42357+41568,7500,,,,jup_jp02_br_bromeo2_camo_mastery_dama_unlock_ob,,0
18497,jup_jp02_br_bromeo2_camo_mastery_dama_unlock_ob,0,0,3,,,,,,,18239|18386|12562,0
18534,jup_jp02_br_bromeo2_camo_mastery_orion_ob,0,0,1200,43383+41472,10000,,,,jup_jp02_br_bromeo2_camo_mastery_orion_unlock_ob,,0
18571,jup_jp02_br_bromeo2_camo_mastery_orion_unlock_ob,0,0,3,,,,,,,17891|18460|12562,0
18607,jup_jp02_br_bromeo2_mastery_completionist_ob,0,0,4,43189,,,,,,18312|18386|18460|18534,0
25967,jup_jp02_br_bromeo2_camo_gold_wrapper,0,0,1,,,,,,,13152,0
26005,jup_jp02_br_bromeo2_camo_plat_wrapper,0,0,1,,,,,,,13154,0
26043,jup_jp02_br_bromeo2_camo_ob_gold_wrapper,0,0,1,,,,,,,18095,0
26081,jup_jp02_br_bromeo2_camo_ob_plat_wrapper,0,0,1,,,,,,,18167,0
37963,jup_jp02_br_bromeo2_prestige_unlock,0,0,22,,,,,,,,0
39001,jup_jp02_br_bromeo2_camo_prestige_4,0,0,300000,68374,,,,,jup_jp02_br_bromeo2_camo_prestige_3,,0
39128,jup_jp02_br_bromeo2_camo_prestige_3,0,0,250000,68229,,,,,jup_jp02_br_bromeo2_camo_prestige_2,,0
39255,jup_jp02_br_bromeo2_camo_prestige_2,0,0,200000,63964,,,,,jup_jp02_br_bromeo2_camo_prestige_1,,0
39382,jup_jp02_br_bromeo2_camo_prestige_1,0,0,150000,62747,,,,,jup_jp02_br_bromeo2_prestige_unlock,,0
13165,jup_jp19_br_acharlie450_camo_1,0,0,50,34335,1000,,,,jup_jp19_br_acharlie450_progression,,0
13166,jup_jp19_br_acharlie450_camo_2,0,0,50,32551,1500,,,,jup_jp19_br_acharlie450_progression,,0
13167,jup_jp19_br_acharlie450_camo_3,0,0,10,32149,2000,,,,jup_jp19_br_acharlie450_progression,,0
13168,jup_jp19_br_acharlie450_camo_4,0,0,15,32553,2500,,,,jup_jp19_br_acharlie450_progression,,0
13169,jup_jp19_br_acharlie450_camo_gold,0,0,10,32757,4000,,,,jup_jp19_br_acharlie450_camo_gold_unlock,,0
13170,jup_jp19_br_acharlie450_camo_gold_unlock,0,0,4,,,,,,,13165|13166|13167|13168,0
13171,jup_jp19_br_acharlie450_camo_plat,0,0,25,32758,5000,,,,jup_jp19_br_acharlie450_camo_plat_unlock,,0
13172,jup_jp19_br_acharlie450_camo_dama,0,0,25,32759,7500,,,,jup_jp19_br_acharlie450_camo_dama_unlock,,0
13173,jup_jp19_br_acharlie450_mastery_gold,0,0,100,37090+37405,4000,,,,jup_jp19_br_acharlie450_mastery_gold_unlock,,0
13174,jup_jp19_br_acharlie450_mastery_plat,0,0,200,37040+37433,5000,,,,jup_jp19_br_acharlie450_mastery_plat_unlock,,0
13175,jup_jp19_br_acharlie450_mastery_dama,0,0,300,41910+41820,7500,,,,jup_jp19_br_acharlie450_mastery_dama_unlock,,0
13176,jup_jp19_br_acharlie450_mastery_gold_unlock,0,0,2,,,,,,,13169|12589,0
13177,jup_jp19_br_acharlie450_mastery_plat_unlock,0,0,3,,,,,,,13171|13173|12589,0
13178,jup_jp19_br_acharlie450_mastery_dama_unlock,0,0,3,,,,,,,13172|13174|12589,0
13179,jup_jp19_br_acharlie450_camo_plat_unlock,0,0,2,,,,,,,25968|13790,0
13180,jup_jp19_br_acharlie450_camo_dama_unlock,0,0,2,,,,,,,26006|11805,0
16272,jup_jp19_br_acharlie450_mastery_orion,0,0,400,42181+41786,10000,,,,jup_jp19_br_acharlie450_mastery_orion_unlock,,0
16303,jup_jp19_br_acharlie450_mastery_orion_unlock,0,0,3,,,,,,,13792|13175|12589,0
16334,jup_jp19_br_acharlie450_mastery_completionist,0,0,4,43186,,,,,,13173|13174|13175|16272,0
17952,jup_jp19_br_acharlie450_camo_ob_1,0,0,250,39729,1000,,,,jup_jp19_br_acharlie450_progression,,0
17988,jup_jp19_br_acharlie450_camo_ob_2,0,0,10,39365,1500,,,,jup_jp19_br_acharlie450_progression,,0
18024,jup_jp19_br_acharlie450_camo_ob_3,0,0,200,39435,2000,,,,jup_jp19_br_acharlie450_progression,,0
18060,jup_jp19_br_acharlie450_camo_ob_4,0,0,250,39419,2500,,,,jup_jp19_br_acharlie450_progression,,0
18096,jup_jp19_br_acharlie450_camo_ob_gold,0,0,1,39496,4000,,,,jup_jp19_br_acharlie450_camo_ob_gold_unlock,,0
18132,jup_jp19_br_acharlie450_camo_ob_gold_unlock,0,0,4,,,,,,,17952|17988|18024|18060,0
18168,jup_jp19_br_acharlie450_camo_ob_plat,0,0,300,39528,5000,,,,jup_jp19_br_acharlie450_camo_plat_unlock_ob,,0
18204,jup_jp19_br_acharlie450_camo_plat_unlock_ob,0,0,2,,,,,,,26044|17889,0
18240,jup_jp19_br_acharlie450_camo_ob_dama,0,0,10,39560,7500,,,,jup_jp19_br_acharlie450_camo_dama_unlock_ob,,0
18276,jup_jp19_br_acharlie450_camo_dama_unlock_ob,0,0,2,,,,,,,26082|17886,0
18313,jup_jp19_br_acharlie450_camo_mastery_gold_ob,0,0,300,42249+43620,4000,,,,jup_jp19_br_acharlie450_camo_mastery_gold_unlock_ob,,0
18350,jup_jp19_br_acharlie450_camo_mastery_gold_unlock_ob,0,0,2,,,,,,,18096|12589,0
18387,jup_jp19_br_acharlie450_camo_mastery_plat_ob,0,0,600,41893+43611,5000,,,,jup_jp19_br_acharlie450_camo_mastery_plat_unlock_ob,,0
18424,jup_jp19_br_acharlie450_camo_mastery_plat_unlock_ob,0,0,3,,,,,,,18168|18313|12589,0
18461,jup_jp19_br_acharlie450_camo_mastery_dama_ob,0,0,900,42371+43633,7500,,,,jup_jp19_br_acharlie450_camo_mastery_dama_unlock_ob,,0
18498,jup_jp19_br_acharlie450_camo_mastery_dama_unlock_ob,0,0,3,,,,,,,18240|18387|12589,0
18535,jup_jp19_br_acharlie450_camo_mastery_orion_ob,0,0,1200,43397+43765,10000,,,,jup_jp19_br_acharlie450_camo_mastery_orion_unlock_ob,,0
18572,jup_jp19_br_acharlie450_camo_mastery_orion_unlock_ob,0,0,3,,,,,,,17891|18461|12589,0
18608,jup_jp19_br_acharlie450_mastery_completionist_ob,0,0,4,43187,,,,,,18313|18387|18461|18535,0
25968,jup_jp19_br_acharlie450_camo_gold_wrapper,0,0,1,,,,,,,13169,0
26006,jup_jp19_br_acharlie450_camo_plat_wrapper,0,0,1,,,,,,,13171,0
26044,jup_jp19_br_acharlie450_camo_ob_gold_wrapper,0,0,1,,,,,,,18096,0
26082,jup_jp19_br_acharlie450_camo_ob_plat_wrapper,0,0,1,,,,,,,18168,0
37986,jup_jp19_br_acharlie450_prestige_unlock,0,0,27,,,,,,,,0
39024,jup_jp19_br_acharlie450_camo_prestige_4,0,0,300000,68367,,,,,jup_jp19_br_acharlie450_camo_prestige_3,,0
39151,jup_jp19_br_acharlie450_camo_prestige_3,0,0,250000,68222,,,,,jup_jp19_br_acharlie450_camo_prestige_2,,0
39278,jup_jp19_br_acharlie450_camo_prestige_2,0,0,200000,63957,,,,,jup_jp19_br_acharlie450_camo_prestige_1,,0
39404,jup_jp19_br_acharlie450_camo_prestige_1,0,0,150000,58314,,,,,jup_jp19_br_acharlie450_prestige_unlock,,0
13181,jup_jp01_lm_mgolf36_camo_1,0,0,50,32930,1000,,,,jup_jp01_lm_mgolf36_progression,,0
13182,jup_jp01_lm_mgolf36_camo_2,0,0,10,32543,1500,,,,jup_jp01_lm_mgolf36_progression,,0
13183,jup_jp01_lm_mgolf36_camo_3,0,0,10,32552,2000,,,,jup_jp01_lm_mgolf36_progression,,0
13184,jup_jp01_lm_mgolf36_camo_4,0,0,10,32558,2500,,,,jup_jp01_lm_mgolf36_progression,,0
13185,jup_jp01_lm_mgolf36_camo_gold,0,0,10,32760,4000,,,,jup_jp01_lm_mgolf36_camo_gold_unlock,,0
13186,jup_jp01_lm_mgolf36_camo_gold_unlock,0,0,4,,,,,,,13181|13182|13183|13184,0
13187,jup_jp01_lm_mgolf36_camo_plat,0,0,25,32761,5000,,,,jup_jp01_lm_mgolf36_camo_plat_unlock,,0
13188,jup_jp01_lm_mgolf36_camo_dama,0,0,25,32762,7500,,,,jup_jp01_lm_mgolf36_camo_dama_unlock,,0
13189,jup_jp01_lm_mgolf36_mastery_gold,0,0,100,37080+37416,4000,,,,jup_jp01_lm_mgolf36_mastery_gold_unlock,,0
13190,jup_jp01_lm_mgolf36_mastery_plat,0,0,200,37018+37444,5000,,,,jup_jp01_lm_mgolf36_mastery_plat_unlock,,0
13191,jup_jp01_lm_mgolf36_mastery_dama,0,0,300,41898+41797,7500,,,,jup_jp01_lm_mgolf36_mastery_dama_unlock,,0
13192,jup_jp01_lm_mgolf36_mastery_gold_unlock,0,0,2,,,,,,,13185|12560,0
13193,jup_jp01_lm_mgolf36_mastery_plat_unlock,0,0,3,,,,,,,13187|13189|12560,0
13194,jup_jp01_lm_mgolf36_mastery_dama_unlock,0,0,3,,,,,,,13188|13190|12560,0
13195,jup_jp01_lm_mgolf36_camo_plat_unlock,0,0,2,,,,,,,25969|13822,0
13196,jup_jp01_lm_mgolf36_camo_dama_unlock,0,0,2,,,,,,,26007|11805,0
16273,jup_jp01_lm_mgolf36_mastery_orion,0,0,400,42158+41375,10000,,,,jup_jp01_lm_mgolf36_mastery_orion_unlock,,0
16304,jup_jp01_lm_mgolf36_mastery_orion_unlock,0,0,3,,,,,,,13792|13191|12560,0
16335,jup_jp01_lm_mgolf36_mastery_completionist,0,0,4,43247,,,,,,13189|13190|13191|16273,0
17953,jup_jp01_lm_mgolf36_camo_ob_1,0,0,250,39310,1000,,,,jup_jp01_lm_mgolf36_progression,,0
17989,jup_jp01_lm_mgolf36_camo_ob_2,0,0,10,39357,1500,,,,jup_jp01_lm_mgolf36_progression,,0
18025,jup_jp01_lm_mgolf36_camo_ob_3,0,0,10,39366,2000,,,,jup_jp01_lm_mgolf36_progression,,0
18061,jup_jp01_lm_mgolf36_camo_ob_4,0,0,10,39424,2500,,,,jup_jp01_lm_mgolf36_progression,,0
18097,jup_jp01_lm_mgolf36_camo_ob_gold,0,0,1,39510,4000,,,,jup_jp01_lm_mgolf36_camo_ob_gold_unlock,,0
18133,jup_jp01_lm_mgolf36_camo_ob_gold_unlock,0,0,4,,,,,,,17953|17989|18025|18061,0
18169,jup_jp01_lm_mgolf36_camo_ob_plat,0,0,300,39542,5000,,,,jup_jp01_lm_mgolf36_camo_plat_unlock_ob,,0
18205,jup_jp01_lm_mgolf36_camo_plat_unlock_ob,0,0,2,,,,,,,26045|17893,0
18241,jup_jp01_lm_mgolf36_camo_ob_dama,0,0,10,39574,7500,,,,jup_jp01_lm_mgolf36_camo_dama_unlock_ob,,0
18277,jup_jp01_lm_mgolf36_camo_dama_unlock_ob,0,0,2,,,,,,,26083|17886,0
18314,jup_jp01_lm_mgolf36_camo_mastery_gold_ob,0,0,300,42226+41658,4000,,,,jup_jp01_lm_mgolf36_camo_mastery_gold_unlock_ob,,0
18351,jup_jp01_lm_mgolf36_camo_mastery_gold_unlock_ob,0,0,2,,,,,,,18097|12560,0
18388,jup_jp01_lm_mgolf36_camo_mastery_plat_ob,0,0,600,41871+41752,5000,,,,jup_jp01_lm_mgolf36_camo_mastery_plat_unlock_ob,,0
18425,jup_jp01_lm_mgolf36_camo_mastery_plat_unlock_ob,0,0,3,,,,,,,18169|18314|12560,0
18462,jup_jp01_lm_mgolf36_camo_mastery_dama_ob,0,0,900,42348+41563,7500,,,,jup_jp01_lm_mgolf36_camo_mastery_dama_unlock_ob,,0
18499,jup_jp01_lm_mgolf36_camo_mastery_dama_unlock_ob,0,0,3,,,,,,,18241|18388|12560,0
18536,jup_jp01_lm_mgolf36_camo_mastery_orion_ob,0,0,1200,43374+41467,10000,,,,jup_jp01_lm_mgolf36_camo_mastery_orion_unlock_ob,,0
18573,jup_jp01_lm_mgolf36_camo_mastery_orion_unlock_ob,0,0,3,,,,,,,17891|18462|12560,0
18609,jup_jp01_lm_mgolf36_mastery_completionist_ob,0,0,4,43257,,,,,,18314|18388|18462|18536,0
25969,jup_jp01_lm_mgolf36_camo_gold_wrapper,0,0,1,,,,,,,13185,0
26007,jup_jp01_lm_mgolf36_camo_plat_wrapper,0,0,1,,,,,,,13187,0
26045,jup_jp01_lm_mgolf36_camo_ob_gold_wrapper,0,0,1,,,,,,,18097,0
26083,jup_jp01_lm_mgolf36_camo_ob_plat_wrapper,0,0,1,,,,,,,18169,0
37961,jup_jp01_lm_mgolf36_prestige_unlock,0,0,19,,,,,,,,0
38999,jup_jp01_lm_mgolf36_camo_prestige_4,0,0,300000,68393,,,,,jup_jp01_lm_mgolf36_camo_prestige_3,,0
39126,jup_jp01_lm_mgolf36_camo_prestige_3,0,0,250000,68246,,,,,jup_jp01_lm_mgolf36_camo_prestige_2,,0
39253,jup_jp01_lm_mgolf36_camo_prestige_2,0,0,200000,63981,,,,,jup_jp01_lm_mgolf36_camo_prestige_1,,0
39380,jup_jp01_lm_mgolf36_camo_prestige_1,0,0,150000,62763,,,,,jup_jp01_lm_mgolf36_prestige_unlock,,0
13219,jup_jp06_lm_pkilop_camo_1,0,0,50,34336,1000,,,,jup_jp06_lm_pkilop_progression,,0
13220,jup_jp06_lm_pkilop_camo_2,0,0,10,32524,1500,,,,jup_jp06_lm_pkilop_progression,,0
13221,jup_jp06_lm_pkilop_camo_3,0,0,10,32150,2000,,,,jup_jp06_lm_pkilop_progression,,0
13222,jup_jp06_lm_pkilop_camo_4,0,0,10,32575,2500,,,,jup_jp06_lm_pkilop_progression,,0
13223,jup_jp06_lm_pkilop_camo_gold,0,0,10,32491,4000,,,,jup_jp06_lm_pkilop_camo_gold_unlock,,0
13224,jup_jp06_lm_pkilop_camo_gold_unlock,0,0,4,,,,,,,13219|13220|13221|13222,0
13225,jup_jp06_lm_pkilop_camo_plat,0,0,25,32501,5000,,,,jup_jp06_lm_pkilop_camo_plat_unlock,,0
13226,jup_jp06_lm_pkilop_camo_dama,0,0,10,32511,7500,,,,jup_jp06_lm_pkilop_camo_dama_unlock,,0
13227,jup_jp06_lm_pkilop_mastery_gold,0,0,100,37054+37419,4000,,,,jup_jp06_lm_pkilop_mastery_gold_unlock,,0
13228,jup_jp06_lm_pkilop_mastery_plat,0,0,200,37012+37447,5000,,,,jup_jp06_lm_pkilop_mastery_plat_unlock,,0
13229,jup_jp06_lm_pkilop_mastery_dama,0,0,300,41907+41814,7500,,,,jup_jp06_lm_pkilop_mastery_dama_unlock,,0
13230,jup_jp06_lm_pkilop_mastery_gold_unlock,0,0,2,,,,,,,13223|12572,0
13231,jup_jp06_lm_pkilop_mastery_plat_unlock,0,0,3,,,,,,,13225|13227|12572,0
13232,jup_jp06_lm_pkilop_mastery_dama_unlock,0,0,3,,,,,,,13226|13228|12572,0
13233,jup_jp06_lm_pkilop_camo_plat_unlock,0,0,2,,,,,,,25970|13822,0
13234,jup_jp06_lm_pkilop_camo_dama_unlock,0,0,2,,,,,,,26008|11805,0
16274,jup_jp06_lm_pkilop_mastery_orion,0,0,400,42175+41781,10000,,,,jup_jp06_lm_pkilop_mastery_orion_unlock,,0
16305,jup_jp06_lm_pkilop_mastery_orion_unlock,0,0,3,,,,,,,13792|13229|12572,0
16336,jup_jp06_lm_pkilop_mastery_completionist,0,0,4,43249,,,,,,13227|13228|13229|16274,0
17954,jup_jp06_lm_pkilop_camo_ob_1,0,0,250,39730,1000,,,,jup_jp06_lm_pkilop_progression,,0
17990,jup_jp06_lm_pkilop_camo_ob_2,0,0,1,39338,1500,,,,jup_jp06_lm_pkilop_progression,,0
18026,jup_jp06_lm_pkilop_camo_ob_3,0,0,250,39436,2000,,,,jup_jp06_lm_pkilop_progression,,0
18062,jup_jp06_lm_pkilop_camo_ob_4,0,0,5,39425,2500,,,,jup_jp06_lm_pkilop_progression,,0
18098,jup_jp06_lm_pkilop_camo_ob_gold,0,0,1,39513,4000,,,,jup_jp06_lm_pkilop_camo_ob_gold_unlock,,0
18134,jup_jp06_lm_pkilop_camo_ob_gold_unlock,0,0,4,,,,,,,17954|17990|18026|18062,0
18170,jup_jp06_lm_pkilop_camo_ob_plat,0,0,300,39545,5000,,,,jup_jp06_lm_pkilop_camo_plat_unlock_ob,,0
18206,jup_jp06_lm_pkilop_camo_plat_unlock_ob,0,0,2,,,,,,,26046|17893,0
18242,jup_jp06_lm_pkilop_camo_ob_dama,0,0,10,39577,7500,,,,jup_jp06_lm_pkilop_camo_dama_unlock_ob,,0
18278,jup_jp06_lm_pkilop_camo_dama_unlock_ob,0,0,2,,,,,,,26084|17886,0
18315,jup_jp06_lm_pkilop_camo_mastery_gold_ob,0,0,300,42243+41668,4000,,,,jup_jp06_lm_pkilop_camo_mastery_gold_unlock_ob,,0
18352,jup_jp06_lm_pkilop_camo_mastery_gold_unlock_ob,0,0,2,,,,,,,18098|12572,0
18389,jup_jp06_lm_pkilop_camo_mastery_plat_ob,0,0,600,41888+41762,5000,,,,jup_jp06_lm_pkilop_camo_mastery_plat_unlock_ob,,0
18426,jup_jp06_lm_pkilop_camo_mastery_plat_unlock_ob,0,0,3,,,,,,,18170|18315|12572,0
18463,jup_jp06_lm_pkilop_camo_mastery_dama_ob,0,0,900,42365+41574,7500,,,,jup_jp06_lm_pkilop_camo_mastery_dama_unlock_ob,,0
18500,jup_jp06_lm_pkilop_camo_mastery_dama_unlock_ob,0,0,3,,,,,,,18242|18389|12572,0
18537,jup_jp06_lm_pkilop_camo_mastery_orion_ob,0,0,1200,43391+41478,10000,,,,jup_jp06_lm_pkilop_camo_mastery_orion_unlock_ob,,0
18574,jup_jp06_lm_pkilop_camo_mastery_orion_unlock_ob,0,0,3,,,,,,,17891|18463|12572,0
18610,jup_jp06_lm_pkilop_mastery_completionist_ob,0,0,4,43250,,,,,,18315|18389|18463|18537,0
25970,jup_jp06_lm_pkilop_camo_gold_wrapper,0,0,1,,,,,,,13223,0
26008,jup_jp06_lm_pkilop_camo_plat_wrapper,0,0,1,,,,,,,13225,0
26046,jup_jp06_lm_pkilop_camo_ob_gold_wrapper,0,0,1,,,,,,,18098,0
26084,jup_jp06_lm_pkilop_camo_ob_plat_wrapper,0,0,1,,,,,,,18170,0
37971,jup_jp06_lm_pkilop_prestige_unlock,0,0,27,,,,,,,,0
39009,jup_jp06_lm_pkilop_camo_prestige_4,0,0,300000,68402,,,,,jup_jp06_lm_pkilop_camo_prestige_3,,0
39136,jup_jp06_lm_pkilop_camo_prestige_3,0,0,250000,68255,,,,,jup_jp06_lm_pkilop_camo_prestige_2,,0
39263,jup_jp06_lm_pkilop_camo_prestige_2,0,0,200000,63990,,,,,jup_jp06_lm_pkilop_camo_prestige_1,,0
39390,jup_jp06_lm_pkilop_camo_prestige_1,0,0,150000,62771,,,,,jup_jp06_lm_pkilop_prestige_unlock,,0
13256,jup_jp08_lm_qbravo95lsw_camo_1,0,0,50,32993,1000,,,,jup_jp08_lm_qbravo95lsw_progression,,0
13257,jup_jp08_lm_qbravo95lsw_camo_2,0,0,10,32518,1500,,,,jup_jp08_lm_qbravo95lsw_progression,,0
13258,jup_jp08_lm_qbravo95lsw_camo_3,0,0,10,32573,2000,,,,jup_jp08_lm_qbravo95lsw_progression,,0
13259,jup_jp08_lm_qbravo95lsw_camo_4,0,0,10,32576,2500,,,,jup_jp08_lm_qbravo95lsw_progression,,0
13260,jup_jp08_lm_qbravo95lsw_camo_gold,0,0,10,32763,4000,,,,jup_jp08_lm_qbravo95lsw_camo_gold_unlock,,0
13261,jup_jp08_lm_qbravo95lsw_camo_gold_unlock,0,0,4,,,,,,,13256|13257|13258|13259,0
13262,jup_jp08_lm_qbravo95lsw_camo_plat,0,0,25,32764,5000,,,,jup_jp08_lm_qbravo95lsw_camo_plat_unlock,,0
13263,jup_jp08_lm_qbravo95lsw_camo_dama,0,0,25,32765,7500,,,,jup_jp08_lm_qbravo95lsw_camo_dama_unlock,,0
13264,jup_jp08_lm_qbravo95lsw_mastery_gold,0,0,100,37079+35652,4000,,,,jup_jp08_lm_qbravo95lsw_mastery_gold_unlock,,0
13265,jup_jp08_lm_qbravo95lsw_mastery_plat,0,0,200,37017+35623,5000,,,,jup_jp08_lm_qbravo95lsw_mastery_plat_unlock,,0
13266,jup_jp08_lm_qbravo95lsw_mastery_dama,0,0,300,41904+41809,7500,,,,jup_jp08_lm_qbravo95lsw_mastery_dama_unlock,,0
13267,jup_jp08_lm_qbravo95lsw_mastery_gold_unlock,0,0,2,,,,,,,13260|12578,0
13268,jup_jp08_lm_qbravo95lsw_mastery_plat_unlock,0,0,3,,,,,,,13262|13264|12578,0
13269,jup_jp08_lm_qbravo95lsw_mastery_dama_unlock,0,0,3,,,,,,,13263|13265|12578,0
13270,jup_jp08_lm_qbravo95lsw_camo_plat_unlock,0,0,2,,,,,,,25971|13822,0
13271,jup_jp08_lm_qbravo95lsw_camo_dama_unlock,0,0,2,,,,,,,26009|11805,0
16275,jup_jp08_lm_qbravo95lsw_mastery_orion,0,0,400,42170+41776,10000,,,,jup_jp08_lm_qbravo95lsw_mastery_orion_unlock,,0
16306,jup_jp08_lm_qbravo95lsw_mastery_orion_unlock,0,0,3,,,,,,,13792|13266|12578,0
16337,jup_jp08_lm_qbravo95lsw_mastery_completionist,0,0,4,43251,,,,,,13264|13265|13266|16275,0
17955,jup_jp08_lm_qbravo95lsw_camo_ob_1,0,0,250,39460,1000,,,,jup_jp08_lm_qbravo95lsw_progression,,0
17991,jup_jp08_lm_qbravo95lsw_camo_ob_2,0,0,250,39321,1500,,,,jup_jp08_lm_qbravo95lsw_progression,,0
18027,jup_jp08_lm_qbravo95lsw_camo_ob_3,0,0,250,39371,2000,,,,jup_jp08_lm_qbravo95lsw_progression,,0
18063,jup_jp08_lm_qbravo95lsw_camo_ob_4,0,0,200,39426,2500,,,,jup_jp08_lm_qbravo95lsw_progression,,0
18099,jup_jp08_lm_qbravo95lsw_camo_ob_gold,0,0,1,39515,4000,,,,jup_jp08_lm_qbravo95lsw_camo_ob_gold_unlock,,0
18135,jup_jp08_lm_qbravo95lsw_camo_ob_gold_unlock,0,0,4,,,,,,,17955|17991|18027|18063,0
18171,jup_jp08_lm_qbravo95lsw_camo_ob_plat,0,0,300,39547,5000,,,,jup_jp08_lm_qbravo95lsw_camo_plat_unlock_ob,,0
18207,jup_jp08_lm_qbravo95lsw_camo_plat_unlock_ob,0,0,2,,,,,,,26047|17893,0
18243,jup_jp08_lm_qbravo95lsw_camo_ob_dama,0,0,10,39579,7500,,,,jup_jp08_lm_qbravo95lsw_camo_dama_unlock_ob,,0
18279,jup_jp08_lm_qbravo95lsw_camo_dama_unlock_ob,0,0,2,,,,,,,26085|17886,0
18316,jup_jp08_lm_qbravo95lsw_camo_mastery_gold_ob,0,0,300,42238+41666,4000,,,,jup_jp08_lm_qbravo95lsw_camo_mastery_gold_unlock_ob,,0
18353,jup_jp08_lm_qbravo95lsw_camo_mastery_gold_unlock_ob,0,0,2,,,,,,,18099|12578,0
18390,jup_jp08_lm_qbravo95lsw_camo_mastery_plat_ob,0,0,600,41883+41759,5000,,,,jup_jp08_lm_qbravo95lsw_camo_mastery_plat_unlock_ob,,0
18427,jup_jp08_lm_qbravo95lsw_camo_mastery_plat_unlock_ob,0,0,3,,,,,,,18171|18316|12578,0
18464,jup_jp08_lm_qbravo95lsw_camo_mastery_dama_ob,0,0,900,42360+41571,7500,,,,jup_jp08_lm_qbravo95lsw_camo_mastery_dama_unlock_ob,,0
18501,jup_jp08_lm_qbravo95lsw_camo_mastery_dama_unlock_ob,0,0,3,,,,,,,18243|18390|12578,0
18538,jup_jp08_lm_qbravo95lsw_camo_mastery_orion_ob,0,0,1200,43386+41475,10000,,,,jup_jp08_lm_qbravo95lsw_camo_mastery_orion_unlock_ob,,0
18575,jup_jp08_lm_qbravo95lsw_camo_mastery_orion_unlock_ob,0,0,3,,,,,,,17891|18464|12578,0
18611,jup_jp08_lm_qbravo95lsw_mastery_completionist_ob,0,0,4,43252,,,,,,18316|18390|18464|18538,0
25971,jup_jp08_lm_qbravo95lsw_camo_gold_wrapper,0,0,1,,,,,,,13260,0
26009,jup_jp08_lm_qbravo95lsw_camo_plat_wrapper,0,0,1,,,,,,,13262,0
26047,jup_jp08_lm_qbravo95lsw_camo_ob_gold_wrapper,0,0,1,,,,,,,18099,0
26085,jup_jp08_lm_qbravo95lsw_camo_ob_plat_wrapper,0,0,1,,,,,,,18171,0
37976,jup_jp08_lm_qbravo95lsw_prestige_unlock,0,0,28,,,,,,,,0
39014,jup_jp08_lm_qbravo95lsw_camo_prestige_4,0,0,300000,68404,,,,,jup_jp08_lm_qbravo95lsw_camo_prestige_3,,0
39141,jup_jp08_lm_qbravo95lsw_camo_prestige_3,0,0,250000,68257,,,,,jup_jp08_lm_qbravo95lsw_camo_prestige_2,,0
39268,jup_jp08_lm_qbravo95lsw_camo_prestige_2,0,0,200000,63992,,,,,jup_jp08_lm_qbravo95lsw_camo_prestige_1,,0
39395,jup_jp08_lm_qbravo95lsw_camo_prestige_1,0,0,150000,62773,,,,,jup_jp08_lm_qbravo95lsw_prestige_unlock,,0
17039,jup_cp05_lm_halpha_camo_1,0,0,50,32136,1000,,,,jup_cp05_lm_halpha_progression,,0
17040,jup_cp05_lm_halpha_camo_2,0,0,10,32580,1500,,,,jup_cp05_lm_halpha_progression,,0
17041,jup_cp05_lm_halpha_camo_3,0,0,10,32962,2000,,,,jup_cp05_lm_halpha_progression,,0
17042,jup_cp05_lm_halpha_camo_4,0,0,10,32564,2500,,,,jup_cp05_lm_halpha_progression,,0
17043,jup_cp05_lm_halpha_camo_gold,0,0,10,35793,4000,,,,jup_cp05_lm_halpha_camo_gold_unlock,,0
17044,jup_cp05_lm_halpha_camo_gold_unlock,0,0,4,,,,,,,17039|17040|17041|17042,0
17045,jup_cp05_lm_halpha_camo_plat,0,0,10,35795,5000,,,,jup_cp05_lm_halpha_camo_plat_unlock,,0
17046,jup_cp05_lm_halpha_camo_dama,0,0,5,35797,7500,,,,jup_cp05_lm_halpha_camo_dama_unlock,,0
17047,jup_cp05_lm_halpha_mastery_gold,0,0,100,41913+41834,4000,,,,jup_cp05_lm_halpha_mastery_gold_unlock,,0
17048,jup_cp05_lm_halpha_mastery_plat,0,0,200,41841+41828,5000,,,,jup_cp05_lm_halpha_mastery_plat_unlock,,0
17049,jup_cp05_lm_halpha_mastery_dama,0,0,300,42192+41799,7500,,,,jup_cp05_lm_halpha_mastery_dama_unlock,,0
17050,jup_cp05_lm_halpha_mastery_gold_unlock,0,0,2,,,,,,,17043|17014,0
17051,jup_cp05_lm_halpha_mastery_plat_unlock,0,0,3,,,,,,,17045|17047|17014,0
17052,jup_cp05_lm_halpha_mastery_dama_unlock,0,0,3,,,,,,,17046|17048|17014,0
17053,jup_cp05_lm_halpha_camo_plat_unlock,0,0,2,,,,,,,25972|13822,0
17054,jup_cp05_lm_halpha_camo_dama_unlock,0,0,2,,,,,,,26010|11805,0
17055,jup_cp05_lm_halpha_mastery_orion,0,0,400,42160+41376,10000,,,,jup_cp05_lm_halpha_mastery_orion_unlock,,0
17056,jup_cp05_lm_halpha_mastery_orion_unlock,0,0,3,,,,,,,13792|17049|17014,0
17057,jup_cp05_lm_halpha_mastery_completionist,0,0,4,43245,,,,,,17047|17048|17049|17055,0
17956,jup_cp05_lm_halpha_camo_ob_1,0,0,250,39397,1000,,,,jup_cp05_lm_halpha_progression,,0
17992,jup_cp05_lm_halpha_camo_ob_2,0,0,10,39430,1500,,,,jup_cp05_lm_halpha_progression,,0
18028,jup_cp05_lm_halpha_camo_ob_3,0,0,10,39387,2000,,,,jup_cp05_lm_halpha_progression,,0
18064,jup_cp05_lm_halpha_camo_ob_4,0,0,250,39450,2500,,,,jup_cp05_lm_halpha_progression,,0
18100,jup_cp05_lm_halpha_camo_ob_gold,0,0,1,45977,4000,,,,jup_cp05_lm_halpha_camo_ob_gold_unlock,,0
18136,jup_cp05_lm_halpha_camo_ob_gold_unlock,0,0,4,,,,,,,17956|17992|18028|18064,0
18172,jup_cp05_lm_halpha_camo_ob_plat,0,0,300,45983,5000,,,,jup_cp05_lm_halpha_camo_plat_unlock_ob,,0
18208,jup_cp05_lm_halpha_camo_plat_unlock_ob,0,0,2,,,,,,,26048|17893,0
18244,jup_cp05_lm_halpha_camo_ob_dama,0,0,10,45989,7500,,,,jup_cp05_lm_halpha_camo_dama_unlock_ob,,0
18280,jup_cp05_lm_halpha_camo_dama_unlock_ob,0,0,2,,,,,,,26086|17886,0
18317,jup_cp05_lm_halpha_camo_mastery_gold_ob,0,0,300,42228+41659,4000,,,,jup_cp05_lm_halpha_camo_mastery_gold_unlock_ob,,0
18354,jup_cp05_lm_halpha_camo_mastery_gold_unlock_ob,0,0,2,,,,,,,18100|17014,0
18391,jup_cp05_lm_halpha_camo_mastery_plat_ob,0,0,600,41873+41753,5000,,,,jup_cp05_lm_halpha_camo_mastery_plat_unlock_ob,,0
18428,jup_cp05_lm_halpha_camo_mastery_plat_unlock_ob,0,0,3,,,,,,,18172|18317|17014,0
18465,jup_cp05_lm_halpha_camo_mastery_dama_ob,0,0,900,42350+41564,7500,,,,jup_cp05_lm_halpha_camo_mastery_dama_unlock_ob,,0
18502,jup_cp05_lm_halpha_camo_mastery_dama_unlock_ob,0,0,3,,,,,,,18244|18391|17014,0
18539,jup_cp05_lm_halpha_camo_mastery_orion_ob,0,0,1200,43376+41468,10000,,,,jup_cp05_lm_halpha_camo_mastery_orion_unlock_ob,,0
18576,jup_cp05_lm_halpha_camo_mastery_orion_unlock_ob,0,0,3,,,,,,,17891|18465|17014,0
18612,jup_cp05_lm_halpha_mastery_completionist_ob,0,0,4,43246,,,,,,18317|18391|18465|18539,0
25972,jup_cp05_lm_halpha_camo_gold_wrapper,0,0,1,,,,,,,17043,0
26010,jup_cp05_lm_halpha_camo_plat_wrapper,0,0,1,,,,,,,17045,0
26048,jup_cp05_lm_halpha_camo_ob_gold_wrapper,0,0,1,,,,,,,18100,0
26086,jup_cp05_lm_halpha_camo_ob_plat_wrapper,0,0,1,,,,,,,18172,0
37954,jup_cp05_lm_halpha_prestige_unlock,0,0,21,,,,,,,,0
38992,jup_cp05_lm_halpha_camo_prestige_4,0,0,300000,68386,,,,,jup_cp05_lm_halpha_camo_prestige_3,,0
39119,jup_cp05_lm_halpha_camo_prestige_3,0,0,250000,68240,,,,,jup_cp05_lm_halpha_camo_prestige_2,,0
39246,jup_cp05_lm_halpha_camo_prestige_2,0,0,200000,63975,,,,,jup_cp05_lm_halpha_camo_prestige_1,,0
39373,jup_cp05_lm_halpha_camo_prestige_1,0,0,150000,62758,,,,,jup_cp05_lm_halpha_prestige_unlock,,0
13273,jup_jp20_lm_evictor_camo_1,0,0,50,32995,1000,,,,jup_jp20_lm_evictor_progression,,0
13274,jup_jp20_lm_evictor_camo_2,0,0,10,32964,1500,,,,jup_jp20_lm_evictor_progression,,0
13275,jup_jp20_lm_evictor_camo_3,0,0,10,32981,2000,,,,jup_jp20_lm_evictor_progression,,0
13276,jup_jp20_lm_evictor_camo_4,0,0,10,32577,2500,,,,jup_jp20_lm_evictor_progression,,0
13277,jup_jp20_lm_evictor_camo_gold,0,0,10,32766,4000,,,,jup_jp20_lm_evictor_camo_gold_unlock,,0
13278,jup_jp20_lm_evictor_camo_gold_unlock,0,0,4,,,,,,,13273|13274|13275|13276,0
13279,jup_jp20_lm_evictor_camo_plat,0,0,10,32767,5000,,,,jup_jp20_lm_evictor_camo_plat_unlock,,0
13280,jup_jp20_lm_evictor_camo_dama,0,0,10,32768,7500,,,,jup_jp20_lm_evictor_camo_dama_unlock,,0
13281,jup_jp20_lm_evictor_mastery_gold,0,0,100,36924+44235,4000,,,,jup_jp20_lm_evictor_mastery_gold_unlock,,0
13282,jup_jp20_lm_evictor_mastery_plat,0,0,200,36925+44236,5000,,,,jup_jp20_lm_evictor_mastery_plat_unlock,,0
13283,jup_jp20_lm_evictor_mastery_dama,0,0,300,44458+44237,7500,,,,jup_jp20_lm_evictor_mastery_dama_unlock,,0
13284,jup_jp20_lm_evictor_mastery_gold_unlock,0,0,2,,,,,,,13277|12591,0
13285,jup_jp20_lm_evictor_mastery_plat_unlock,0,0,3,,,,,,,13279|13281|12591,0
13286,jup_jp20_lm_evictor_mastery_dama_unlock,0,0,3,,,,,,,13280|13282|12591,0
13287,jup_jp20_lm_evictor_camo_plat_unlock,0,0,2,,,,,,,25973|13822,0
13288,jup_jp20_lm_evictor_camo_dama_unlock,0,0,2,,,,,,,26011|11805,0
16276,jup_jp20_lm_evictor_mastery_orion,0,0,400,44459+44238,10000,,,,jup_jp20_lm_evictor_mastery_orion_unlock,,0
16307,jup_jp20_lm_evictor_mastery_orion_unlock,0,0,3,,,,,,,13792|13283|12591,0
16338,jup_jp20_lm_evictor_mastery_completionist,0,0,4,43244,,,,,,13281|13282|13283|16276,0
17957,jup_jp20_lm_evictor_camo_ob_1,0,0,250,39462,1000,,,,jup_jp20_lm_evictor_progression,,0
17993,jup_jp20_lm_evictor_camo_ob_2,0,0,10,39389,1500,,,,jup_jp20_lm_evictor_progression,,0
18029,jup_jp20_lm_evictor_camo_ob_3,0,0,250,39438,2000,,,,jup_jp20_lm_evictor_progression,,0
18065,jup_jp20_lm_evictor_camo_ob_4,0,0,10,39427,2500,,,,jup_jp20_lm_evictor_progression,,0
18101,jup_jp20_lm_evictor_camo_ob_gold,0,0,1,39503,4000,,,,jup_jp20_lm_evictor_camo_ob_gold_unlock,,0
18137,jup_jp20_lm_evictor_camo_ob_gold_unlock,0,0,4,,,,,,,17957|17993|18029|18065,0
18173,jup_jp20_lm_evictor_camo_ob_plat,0,0,300,39535,5000,,,,jup_jp20_lm_evictor_camo_plat_unlock_ob,,0
18209,jup_jp20_lm_evictor_camo_plat_unlock_ob,0,0,2,,,,,,,26049|17893,0
18245,jup_jp20_lm_evictor_camo_ob_dama,0,0,10,39567,7500,,,,jup_jp20_lm_evictor_camo_dama_unlock_ob,,0
18281,jup_jp20_lm_evictor_camo_dama_unlock_ob,0,0,2,,,,,,,26087|17886,0
18318,jup_jp20_lm_evictor_camo_mastery_gold_ob,0,0,300,44467+44297,4000,,,,jup_jp20_lm_evictor_camo_mastery_gold_unlock_ob,,0
18355,jup_jp20_lm_evictor_camo_mastery_gold_unlock_ob,0,0,2,,,,,,,18101|12591,0
18392,jup_jp20_lm_evictor_camo_mastery_plat_ob,0,0,600,44466+44296,5000,,,,jup_jp20_lm_evictor_camo_mastery_plat_unlock_ob,,0
18429,jup_jp20_lm_evictor_camo_mastery_plat_unlock_ob,0,0,3,,,,,,,18173|18318|12591,0
18466,jup_jp20_lm_evictor_camo_mastery_dama_ob,0,0,900,44468+44298,7500,,,,jup_jp20_lm_evictor_camo_mastery_dama_unlock_ob,,0
18503,jup_jp20_lm_evictor_camo_mastery_dama_unlock_ob,0,0,3,,,,,,,18245|18392|12591,0
18540,jup_jp20_lm_evictor_camo_mastery_orion_ob,0,0,1200,44512+44299,10000,,,,jup_jp20_lm_evictor_camo_mastery_orion_unlock_ob,,0
18577,jup_jp20_lm_evictor_camo_mastery_orion_unlock_ob,0,0,3,,,,,,,17891|18466|12591,0
18613,jup_jp20_lm_evictor_mastery_completionist_ob,0,0,4,43203,,,,,,18318|18392|18466|18540,0
25973,jup_jp20_lm_evictor_camo_gold_wrapper,0,0,1,,,,,,,13277,0
26011,jup_jp20_lm_evictor_camo_plat_wrapper,0,0,1,,,,,,,13279,0
26049,jup_jp20_lm_evictor_camo_ob_gold_wrapper,0,0,1,,,,,,,18101,0
26087,jup_jp20_lm_evictor_camo_ob_plat_wrapper,0,0,1,,,,,,,18173,0
37988,jup_jp20_lm_evictor_prestige_unlock,0,0,18,,,,,,,,0
39026,jup_jp20_lm_evictor_camo_prestige_4,0,0,300000,68381,,,,,jup_jp20_lm_evictor_camo_prestige_3,,0
39153,jup_jp20_lm_evictor_camo_prestige_3,0,0,250000,68235,,,,,jup_jp20_lm_evictor_camo_prestige_2,,0
39280,jup_jp20_lm_evictor_camo_prestige_2,0,0,200000,63970,,,,,jup_jp20_lm_evictor_camo_prestige_1,,0
39406,jup_jp20_lm_evictor_camo_prestige_1,0,0,150000,62753,,,,,jup_jp20_lm_evictor_prestige_unlock,,0
13293,jup_jp01_dm_slima8_camo_1,0,0,50,32138,1000,,,,jup_jp01_dm_slima8_progression,,0
13294,jup_jp01_dm_slima8_camo_2,0,0,50,32982,1500,,,,jup_jp01_dm_slima8_progression,,0
13295,jup_jp01_dm_slima8_camo_3,0,0,10,32544,2000,,,,jup_jp01_dm_slima8_progression,,0
13296,jup_jp01_dm_slima8_camo_4,0,0,15,32931,2500,,,,jup_jp01_dm_slima8_progression,,0
13297,jup_jp01_dm_slima8_camo_gold,0,0,10,32492,4000,,,,jup_jp01_dm_slima8_camo_gold_unlock,,0
13298,jup_jp01_dm_slima8_camo_gold_unlock,0,0,4,,,,,,,13293|13294|13295|13296,0
13299,jup_jp01_dm_slima8_camo_plat,0,0,25,32502,5000,,,,jup_jp01_dm_slima8_camo_plat_unlock,,0
13300,jup_jp01_dm_slima8_camo_dama,0,0,15,32512,7500,,,,jup_jp01_dm_slima8_camo_dama_unlock,,0
13301,jup_jp01_dm_slima8_mastery_gold,0,0,100,37083+37424,4000,,,,jup_jp01_dm_slima8_mastery_gold_unlock,,0
13302,jup_jp01_dm_slima8_mastery_plat,0,0,200,37021+37452,5000,,,,jup_jp01_dm_slima8_mastery_plat_unlock,,0
13303,jup_jp01_dm_slima8_mastery_dama,0,0,300,41897+41796,7500,,,,jup_jp01_dm_slima8_mastery_dama_unlock,,0
13304,jup_jp01_dm_slima8_mastery_gold_unlock,0,0,2,,,,,,,13297|12559,0
13305,jup_jp01_dm_slima8_mastery_plat_unlock,0,0,3,,,,,,,13299|13301|12559,0
13306,jup_jp01_dm_slima8_mastery_dama_unlock,0,0,3,,,,,,,13300|13302|12559,0
13307,jup_jp01_dm_slima8_camo_plat_unlock,0,0,2,,,,,,,25974|13824,0
13308,jup_jp01_dm_slima8_camo_dama_unlock,0,0,2,,,,,,,26012|11805,0
16277,jup_jp01_dm_slima8_mastery_orion,0,0,400,42157+41374,10000,,,,jup_jp01_dm_slima8_mastery_orion_unlock,,0
16308,jup_jp01_dm_slima8_mastery_orion_unlock,0,0,3,,,,,,,13792|13303|12559,0
16339,jup_jp01_dm_slima8_mastery_completionist,0,0,4,43199,,,,,,13301|13302|13303|16277,0
17958,jup_jp01_dm_slima8_camo_ob_1,0,0,250,39399,1000,,,,jup_jp01_dm_slima8_progression,,0
17994,jup_jp01_dm_slima8_camo_ob_2,0,0,250,39439,1500,,,,jup_jp01_dm_slima8_progression,,0
18030,jup_jp01_dm_slima8_camo_ob_3,0,0,10,39358,2000,,,,jup_jp01_dm_slima8_progression,,0
18066,jup_jp01_dm_slima8_camo_ob_4,0,0,250,39311,2500,,,,jup_jp01_dm_slima8_progression,,0
18102,jup_jp01_dm_slima8_camo_ob_gold,0,0,1,39519,4000,,,,jup_jp01_dm_slima8_camo_ob_gold_unlock,,0
18138,jup_jp01_dm_slima8_camo_ob_gold_unlock,0,0,4,,,,,,,17958|17994|18030|18066,0
18174,jup_jp01_dm_slima8_camo_ob_plat,0,0,300,39551,5000,,,,jup_jp01_dm_slima8_camo_plat_unlock_ob,,0
18210,jup_jp01_dm_slima8_camo_plat_unlock_ob,0,0,2,,,,,,,26050|17896,0
18246,jup_jp01_dm_slima8_camo_ob_dama,0,0,10,39583,7500,,,,jup_jp01_dm_slima8_camo_dama_unlock_ob,,0
18282,jup_jp01_dm_slima8_camo_dama_unlock_ob,0,0,2,,,,,,,26088|17886,0
18319,jup_jp01_dm_slima8_camo_mastery_gold_ob,0,0,300,42225+43627,4000,,,,jup_jp01_dm_slima8_camo_mastery_gold_unlock_ob,,0
18356,jup_jp01_dm_slima8_camo_mastery_gold_unlock_ob,0,0,2,,,,,,,18102|12559,0
18393,jup_jp01_dm_slima8_camo_mastery_plat_ob,0,0,600,41870+43616,5000,,,,jup_jp01_dm_slima8_camo_mastery_plat_unlock_ob,,0
18430,jup_jp01_dm_slima8_camo_mastery_plat_unlock_ob,0,0,3,,,,,,,18174|18319|12559,0
18467,jup_jp01_dm_slima8_camo_mastery_dama_ob,0,0,900,42347+43637,7500,,,,jup_jp01_dm_slima8_camo_mastery_dama_unlock_ob,,0
18504,jup_jp01_dm_slima8_camo_mastery_dama_unlock_ob,0,0,3,,,,,,,18246|18393|12559,0
18541,jup_jp01_dm_slima8_camo_mastery_orion_ob,0,0,1200,43373+43694,10000,,,,jup_jp01_dm_slima8_camo_mastery_orion_unlock_ob,,0
18578,jup_jp01_dm_slima8_camo_mastery_orion_unlock_ob,0,0,3,,,,,,,17891|18467|12559,0
18614,jup_jp01_dm_slima8_mastery_completionist_ob,0,0,4,43291,,,,,,18319|18393|18467|18541,0
25974,jup_jp01_dm_slima8_camo_gold_wrapper,0,0,1,,,,,,,13297,0
26012,jup_jp01_dm_slima8_camo_plat_wrapper,0,0,1,,,,,,,13299,0
26050,jup_jp01_dm_slima8_camo_ob_gold_wrapper,0,0,1,,,,,,,18102,0
26088,jup_jp01_dm_slima8_camo_ob_plat_wrapper,0,0,1,,,,,,,18174,0
37960,jup_jp01_dm_slima8_prestige_unlock,0,0,22,,,,,,,,0
38998,jup_jp01_dm_slima8_camo_prestige_4,0,0,300000,68410,,,,,jup_jp01_dm_slima8_camo_prestige_3,,0
39125,jup_jp01_dm_slima8_camo_prestige_3,0,0,250000,68263,,,,,jup_jp01_dm_slima8_camo_prestige_2,,0
39252,jup_jp01_dm_slima8_camo_prestige_2,0,0,200000,63998,,,,,jup_jp01_dm_slima8_camo_prestige_1,,0
39379,jup_jp01_dm_slima8_camo_prestige_1,0,0,150000,62778,,,,,jup_jp01_dm_slima8_prestige_unlock,,0
13333,jup_jp02_dm_bromeop_camo_1,0,0,50,32997,1000,,,,jup_jp02_dm_bromeop_progression,,0
13334,jup_jp02_dm_bromeop_camo_2,0,0,50,32983,1500,,,,jup_jp02_dm_bromeop_progression,,0
13335,jup_jp02_dm_bromeop_camo_3,0,0,10,32525,2000,,,,jup_jp02_dm_bromeop_progression,,0
13336,jup_jp02_dm_bromeop_camo_4,0,0,15,32934,2500,,,,jup_jp02_dm_bromeop_progression,,0
13337,jup_jp02_dm_bromeop_camo_gold,0,0,10,32769,4000,,,,jup_jp02_dm_bromeop_camo_gold_unlock,,0
13338,jup_jp02_dm_bromeop_camo_gold_unlock,0,0,4,,,,,,,13333|13334|13335|13336,0
13339,jup_jp02_dm_bromeop_camo_plat,0,0,10,32770,5000,,,,jup_jp02_dm_bromeop_camo_plat_unlock,,0
13340,jup_jp02_dm_bromeop_camo_dama,0,0,5,32771,7500,,,,jup_jp02_dm_bromeop_camo_dama_unlock,,0
13341,jup_jp02_dm_bromeop_mastery_gold,0,0,100,37084+37409,4000,,,,jup_jp02_dm_bromeop_mastery_gold_unlock,,0
13342,jup_jp02_dm_bromeop_mastery_plat,0,0,200,37022+37437,5000,,,,jup_jp02_dm_bromeop_mastery_plat_unlock,,0
13343,jup_jp02_dm_bromeop_mastery_dama,0,0,300,41902+41805,7500,,,,jup_jp02_dm_bromeop_mastery_dama_unlock,,0
13344,jup_jp02_dm_bromeop_mastery_gold_unlock,0,0,2,,,,,,,13337|12563,0
13345,jup_jp02_dm_bromeop_mastery_plat_unlock,0,0,3,,,,,,,13339|13341|12563,0
13346,jup_jp02_dm_bromeop_mastery_dama_unlock,0,0,3,,,,,,,13340|13342|12563,0
13347,jup_jp02_dm_bromeop_camo_plat_unlock,0,0,2,,,,,,,25975|13824,0
13348,jup_jp02_dm_bromeop_camo_dama_unlock,0,0,2,,,,,,,26013|11805,0
16278,jup_jp02_dm_bromeop_mastery_orion,0,0,400,42166+41772,10000,,,,jup_jp02_dm_bromeop_mastery_orion_unlock,,0
16309,jup_jp02_dm_bromeop_mastery_orion_unlock,0,0,3,,,,,,,13792|13343|12563,0
16340,jup_jp02_dm_bromeop_mastery_completionist,0,0,4,43198,,,,,,13341|13342|13343|16278,0
17959,jup_jp02_dm_bromeop_camo_ob_1,0,0,250,39464,1000,,,,jup_jp02_dm_bromeop_progression,,0
17995,jup_jp02_dm_bromeop_camo_ob_2,0,0,100,39440,1500,,,,jup_jp02_dm_bromeop_progression,,0
18031,jup_jp02_dm_bromeop_camo_ob_3,0,0,30,39339,2000,,,,jup_jp02_dm_bromeop_progression,,0
18067,jup_jp02_dm_bromeop_camo_ob_4,0,0,250,39314,2500,,,,jup_jp02_dm_bromeop_progression,,0
18103,jup_jp02_dm_bromeop_camo_ob_gold,0,0,1,39500,4000,,,,jup_jp02_dm_bromeop_camo_ob_gold_unlock,,0
18139,jup_jp02_dm_bromeop_camo_ob_gold_unlock,0,0,4,,,,,,,17959|17995|18031|18067,0
18175,jup_jp02_dm_bromeop_camo_ob_plat,0,0,300,39532,5000,,,,jup_jp02_dm_bromeop_camo_plat_unlock_ob,,0
18211,jup_jp02_dm_bromeop_camo_plat_unlock_ob,0,0,2,,,,,,,26051|17896,0
18247,jup_jp02_dm_bromeop_camo_ob_dama,0,0,10,39564,7500,,,,jup_jp02_dm_bromeop_camo_dama_unlock_ob,,0
18283,jup_jp02_dm_bromeop_camo_dama_unlock_ob,0,0,2,,,,,,,26089|17886,0
18320,jup_jp02_dm_bromeop_camo_mastery_gold_ob,0,0,300,42234+41662,4000,,,,jup_jp02_dm_bromeop_camo_mastery_gold_unlock_ob,,0
18357,jup_jp02_dm_bromeop_camo_mastery_gold_unlock_ob,0,0,2,,,,,,,18103|12563,0
18394,jup_jp02_dm_bromeop_camo_mastery_plat_ob,0,0,600,41879+41756,5000,,,,jup_jp02_dm_bromeop_camo_mastery_plat_unlock_ob,,0
18431,jup_jp02_dm_bromeop_camo_mastery_plat_unlock_ob,0,0,3,,,,,,,18175|18320|12563,0
18468,jup_jp02_dm_bromeop_camo_mastery_dama_ob,0,0,900,42356+41567,7500,,,,jup_jp02_dm_bromeop_camo_mastery_dama_unlock_ob,,0
18505,jup_jp02_dm_bromeop_camo_mastery_dama_unlock_ob,0,0,3,,,,,,,18247|18394|12563,0
18542,jup_jp02_dm_bromeop_camo_mastery_orion_ob,0,0,1200,43382+41471,10000,,,,jup_jp02_dm_bromeop_camo_mastery_orion_unlock_ob,,0
18579,jup_jp02_dm_bromeop_camo_mastery_orion_unlock_ob,0,0,3,,,,,,,17891|18468|12563,0
18615,jup_jp02_dm_bromeop_mastery_completionist_ob,0,0,4,43191,,,,,,18320|18394|18468|18542,0
25975,jup_jp02_dm_bromeop_camo_gold_wrapper,0,0,1,,,,,,,13337,0
26013,jup_jp02_dm_bromeop_camo_plat_wrapper,0,0,1,,,,,,,13339,0
26051,jup_jp02_dm_bromeop_camo_ob_gold_wrapper,0,0,1,,,,,,,18103,0
26089,jup_jp02_dm_bromeop_camo_ob_plat_wrapper,0,0,1,,,,,,,18175,0
37964,jup_jp02_dm_bromeop_prestige_unlock,0,0,17,,,,,,,,0
39002,jup_jp02_dm_bromeop_camo_prestige_4,0,0,300000,68376,,,,,jup_jp02_dm_bromeop_camo_prestige_3,,0
39129,jup_jp02_dm_bromeop_camo_prestige_3,0,0,250000,68231,,,,,jup_jp02_dm_bromeop_camo_prestige_2,,0
39256,jup_jp02_dm_bromeop_camo_prestige_2,0,0,200000,63966,,,,,jup_jp02_dm_bromeop_camo_prestige_1,,0
39383,jup_jp02_dm_bromeop_camo_prestige_1,0,0,150000,62749,,,,,jup_jp02_dm_bromeop_prestige_unlock,,0
13350,jup_jp13_dm_svictork_camo_1,0,0,50,32139,1000,,,,jup_jp13_dm_svictork_progression,,0
13351,jup_jp13_dm_svictork_camo_2,0,0,50,32961,1500,,,,jup_jp13_dm_svictork_progression,,0
13352,jup_jp13_dm_svictork_camo_3,0,0,10,32563,2000,,,,jup_jp13_dm_svictork_progression,,0
13353,jup_jp13_dm_svictork_camo_4,0,0,15,32936,2500,,,,jup_jp13_dm_svictork_progression,,0
13354,jup_jp13_dm_svictork_camo_gold,0,0,10,32772,4000,,,,jup_jp13_dm_svictork_camo_gold_unlock,,0
13355,jup_jp13_dm_svictork_camo_gold_unlock,0,0,4,,,,,,,13350|13351|13352|13353,0
13356,jup_jp13_dm_svictork_camo_plat,0,0,25,32773,5000,,,,jup_jp13_dm_svictork_camo_plat_unlock,,0
13357,jup_jp13_dm_svictork_camo_dama,0,0,25,32774,7500,,,,jup_jp13_dm_svictork_camo_dama_unlock,,0
13358,jup_jp13_dm_svictork_mastery_gold,0,0,100,37082+37426,4000,,,,jup_jp13_dm_svictork_mastery_gold_unlock,,0
13359,jup_jp13_dm_svictork_mastery_plat,0,0,200,37020+37454,5000,,,,jup_jp13_dm_svictork_mastery_plat_unlock,,0
13360,jup_jp13_dm_svictork_mastery_dama,0,0,300,41906+41813,7500,,,,jup_jp13_dm_svictork_mastery_dama_unlock,,0
13361,jup_jp13_dm_svictork_mastery_gold_unlock,0,0,2,,,,,,,13354|12582,0
13362,jup_jp13_dm_svictork_mastery_plat_unlock,0,0,3,,,,,,,13356|13358|12582,0
13363,jup_jp13_dm_svictork_mastery_dama_unlock,0,0,3,,,,,,,13357|13359|12582,0
13364,jup_jp13_dm_svictork_camo_plat_unlock,0,0,2,,,,,,,25976|13824,0
13365,jup_jp13_dm_svictork_camo_dama_unlock,0,0,2,,,,,,,26014|11805,0
16279,jup_jp13_dm_svictork_mastery_orion,0,0,400,42174+41780,10000,,,,jup_jp13_dm_svictork_mastery_orion_unlock,,0
16310,jup_jp13_dm_svictork_mastery_orion_unlock,0,0,3,,,,,,,13792|13360|12582,0
16341,jup_jp13_dm_svictork_mastery_completionist,0,0,4,43201,,,,,,13358|13359|13360|16279,0
17960,jup_jp13_dm_svictork_camo_ob_1,0,0,250,39400,1000,,,,jup_jp13_dm_svictork_progression,,0
17996,jup_jp13_dm_svictork_camo_ob_2,0,0,10,39386,1500,,,,jup_jp13_dm_svictork_progression,,0
18032,jup_jp13_dm_svictork_camo_ob_3,0,0,10,39449,2000,,,,jup_jp13_dm_svictork_progression,,0
18068,jup_jp13_dm_svictork_camo_ob_4,0,0,250,39316,2500,,,,jup_jp13_dm_svictork_progression,,0
18104,jup_jp13_dm_svictork_camo_ob_gold,0,0,1,39521,4000,,,,jup_jp13_dm_svictork_camo_ob_gold_unlock,,0
18140,jup_jp13_dm_svictork_camo_ob_gold_unlock,0,0,4,,,,,,,17960|17996|18032|18068,0
18176,jup_jp13_dm_svictork_camo_ob_plat,0,0,300,39553,5000,,,,jup_jp13_dm_svictork_camo_plat_unlock_ob,,0
18212,jup_jp13_dm_svictork_camo_plat_unlock_ob,0,0,2,,,,,,,26052|17896,0
18248,jup_jp13_dm_svictork_camo_ob_dama,0,0,10,39585,7500,,,,jup_jp13_dm_svictork_camo_dama_unlock_ob,,0
18284,jup_jp13_dm_svictork_camo_dama_unlock_ob,0,0,2,,,,,,,26090|17886,0
18321,jup_jp13_dm_svictork_camo_mastery_gold_ob,0,0,300,42242+43629,4000,,,,jup_jp13_dm_svictork_camo_mastery_gold_unlock_ob,,0
18358,jup_jp13_dm_svictork_camo_mastery_gold_unlock_ob,0,0,2,,,,,,,18104|12582,0
18395,jup_jp13_dm_svictork_camo_mastery_plat_ob,0,0,600,41887+43617,5000,,,,jup_jp13_dm_svictork_camo_mastery_plat_unlock_ob,,0
18432,jup_jp13_dm_svictork_camo_mastery_plat_unlock_ob,0,0,3,,,,,,,18176|18321|12582,0
18469,jup_jp13_dm_svictork_camo_mastery_dama_ob,0,0,900,42364+43639,7500,,,,jup_jp13_dm_svictork_camo_mastery_dama_unlock_ob,,0
18506,jup_jp13_dm_svictork_camo_mastery_dama_unlock_ob,0,0,3,,,,,,,18248|18395|12582,0
18543,jup_jp13_dm_svictork_camo_mastery_orion_ob,0,0,1200,43390+43696,10000,,,,jup_jp13_dm_svictork_camo_mastery_orion_unlock_ob,,0
18580,jup_jp13_dm_svictork_camo_mastery_orion_unlock_ob,0,0,3,,,,,,,17891|18469|12582,0
18616,jup_jp13_dm_svictork_mastery_completionist_ob,0,0,4,43307,,,,,,18321|18395|18469|18543,0
25976,jup_jp13_dm_svictork_camo_gold_wrapper,0,0,1,,,,,,,13354,0
26014,jup_jp13_dm_svictork_camo_plat_wrapper,0,0,1,,,,,,,13356,0
26052,jup_jp13_dm_svictork_camo_ob_gold_wrapper,0,0,1,,,,,,,18104,0
26090,jup_jp13_dm_svictork_camo_ob_plat_wrapper,0,0,1,,,,,,,18176,0
37980,jup_jp13_dm_svictork_prestige_unlock,0,0,29,,,,,,,,0
39018,jup_jp13_dm_svictork_camo_prestige_4,0,0,300000,68415,,,,,jup_jp13_dm_svictork_camo_prestige_3,,0
39145,jup_jp13_dm_svictork_camo_prestige_3,0,0,250000,68266,,,,,jup_jp13_dm_svictork_camo_prestige_2,,0
39272,jup_jp13_dm_svictork_camo_prestige_2,0,0,200000,64001,,,,,jup_jp13_dm_svictork_camo_prestige_1,,0
39399,jup_jp13_dm_svictork_camo_prestige_1,0,0,150000,62780,,,,,jup_jp13_dm_svictork_prestige_unlock,,0
13385,jup_jp19_dm_acharlied_camo_1,0,0,50,32984,1000,,,,jup_jp19_dm_acharlied_progression,,0
13386,jup_jp19_dm_acharlied_camo_2,0,0,50,32519,1500,,,,jup_jp19_dm_acharlied_progression,,0
13387,jup_jp19_dm_acharlied_camo_3,0,0,10,32569,2000,,,,jup_jp19_dm_acharlied_progression,,0
13388,jup_jp19_dm_acharlied_camo_4,0,0,15,32565,2500,,,,jup_jp19_dm_acharlied_progression,,0
13389,jup_jp19_dm_acharlied_camo_gold,0,0,10,32775,4000,,,,jup_jp19_dm_acharlied_camo_gold_unlock,,0
13390,jup_jp19_dm_acharlied_camo_gold_unlock,0,0,4,,,,,,,13385|13386|13387|13388,0
13391,jup_jp19_dm_acharlied_camo_plat,0,0,15,32776,5000,,,,jup_jp19_dm_acharlied_camo_plat_unlock,,0
13392,jup_jp19_dm_acharlied_camo_dama,0,0,15,32777,7500,,,,jup_jp19_dm_acharlied_camo_dama_unlock,,0
13393,jup_jp19_dm_acharlied_mastery_gold,0,0,100,37089+37406,4000,,,,jup_jp19_dm_acharlied_mastery_gold_unlock,,0
13394,jup_jp19_dm_acharlied_mastery_plat,0,0,200,37039+37434,5000,,,,jup_jp19_dm_acharlied_mastery_plat_unlock,,0
13395,jup_jp19_dm_acharlied_mastery_dama,0,0,300,41909+41819,7500,,,,jup_jp19_dm_acharlied_mastery_dama_unlock,,0
13396,jup_jp19_dm_acharlied_mastery_gold_unlock,0,0,2,,,,,,,13389|12590,0
13397,jup_jp19_dm_acharlied_mastery_plat_unlock,0,0,3,,,,,,,13391|13393|12590,0
13398,jup_jp19_dm_acharlied_mastery_dama_unlock,0,0,3,,,,,,,13392|13394|12590,0
13399,jup_jp19_dm_acharlied_camo_plat_unlock,0,0,2,,,,,,,25977|13824,0
13400,jup_jp19_dm_acharlied_camo_dama_unlock,0,0,2,,,,,,,26015|11805,0
16280,jup_jp19_dm_acharlied_mastery_orion,0,0,400,42180+41785,10000,,,,jup_jp19_dm_acharlied_mastery_orion_unlock,,0
16311,jup_jp19_dm_acharlied_mastery_orion_unlock,0,0,3,,,,,,,13792|13395|12590,0
16342,jup_jp19_dm_acharlied_mastery_completionist,0,0,4,43196,,,,,,13393|13394|13395|16280,0
17961,jup_jp19_dm_acharlied_camo_ob_1,0,0,250,39441,1000,,,,jup_jp19_dm_acharlied_progression,,0
17997,jup_jp19_dm_acharlied_camo_ob_2,0,0,100,39322,1500,,,,jup_jp19_dm_acharlied_progression,,0
18033,jup_jp19_dm_acharlied_camo_ob_3,0,0,250,39367,2000,,,,jup_jp19_dm_acharlied_progression,,0
18069,jup_jp19_dm_acharlied_camo_ob_4,0,0,200,39451,2500,,,,jup_jp19_dm_acharlied_progression,,0
18105,jup_jp19_dm_acharlied_camo_ob_gold,0,0,1,39497,4000,,,,jup_jp19_dm_acharlied_camo_ob_gold_unlock,,0
18141,jup_jp19_dm_acharlied_camo_ob_gold_unlock,0,0,4,,,,,,,17961|17997|18033|18069,0
18177,jup_jp19_dm_acharlied_camo_ob_plat,0,0,300,39529,5000,,,,jup_jp19_dm_acharlied_camo_plat_unlock_ob,,0
18213,jup_jp19_dm_acharlied_camo_plat_unlock_ob,0,0,2,,,,,,,26053|17896,0
18249,jup_jp19_dm_acharlied_camo_ob_dama,0,0,10,39561,7500,,,,jup_jp19_dm_acharlied_camo_dama_unlock_ob,,0
18285,jup_jp19_dm_acharlied_camo_dama_unlock_ob,0,0,2,,,,,,,26091|17886,0
18322,jup_jp19_dm_acharlied_camo_mastery_gold_ob,0,0,300,42248+43621,4000,,,,jup_jp19_dm_acharlied_camo_mastery_gold_unlock_ob,,0
18359,jup_jp19_dm_acharlied_camo_mastery_gold_unlock_ob,0,0,2,,,,,,,18105|12590,0
18396,jup_jp19_dm_acharlied_camo_mastery_plat_ob,0,0,600,41892+43612,5000,,,,jup_jp19_dm_acharlied_camo_mastery_plat_unlock_ob,,0
18433,jup_jp19_dm_acharlied_camo_mastery_plat_unlock_ob,0,0,3,,,,,,,18177|18322|12590,0
18470,jup_jp19_dm_acharlied_camo_mastery_dama_ob,0,0,900,42370+43634,7500,,,,jup_jp19_dm_acharlied_camo_mastery_dama_unlock_ob,,0
18507,jup_jp19_dm_acharlied_camo_mastery_dama_unlock_ob,0,0,3,,,,,,,18249|18396|12590,0
18544,jup_jp19_dm_acharlied_camo_mastery_orion_ob,0,0,1200,43396+43686,10000,,,,jup_jp19_dm_acharlied_camo_mastery_orion_unlock_ob,,0
18581,jup_jp19_dm_acharlied_camo_mastery_orion_unlock_ob,0,0,3,,,,,,,17891|18470|12590,0
18617,jup_jp19_dm_acharlied_mastery_completionist_ob,0,0,4,43197,,,,,,18322|18396|18470|18544,0
25977,jup_jp19_dm_acharlied_camo_gold_wrapper,0,0,1,,,,,,,13389,0
26015,jup_jp19_dm_acharlied_camo_plat_wrapper,0,0,1,,,,,,,13391,0
26053,jup_jp19_dm_acharlied_camo_ob_gold_wrapper,0,0,1,,,,,,,18105,0
26091,jup_jp19_dm_acharlied_camo_ob_plat_wrapper,0,0,1,,,,,,,18177,0
37987,jup_jp19_dm_acharlied_prestige_unlock,0,0,23,,,,,,,,0
39025,jup_jp19_dm_acharlied_camo_prestige_4,0,0,300000,68368,,,,,jup_jp19_dm_acharlied_camo_prestige_3,,0
39152,jup_jp19_dm_acharlied_camo_prestige_3,0,0,250000,68223,,,,,jup_jp19_dm_acharlied_camo_prestige_2,,0
39279,jup_jp19_dm_acharlied_camo_prestige_2,0,0,200000,63958,,,,,jup_jp19_dm_acharlied_camo_prestige_1,,0
39405,jup_jp19_dm_acharlied_camo_prestige_1,0,0,150000,58315,,,,,jup_jp19_dm_acharlied_prestige_unlock,,0
13402,jup_jp09_sh_oromeo12_camo_1,0,0,50,32535,1000,,,,jup_jp09_sh_oromeo12_progression,,0
13403,jup_jp09_sh_oromeo12_camo_2,0,0,50,32572,1500,,,,jup_jp09_sh_oromeo12_progression,,0
13404,jup_jp09_sh_oromeo12_camo_3,0,0,10,32959,2000,,,,jup_jp09_sh_oromeo12_progression,,0
13405,jup_jp09_sh_oromeo12_camo_4,0,0,15,32557,2500,,,,jup_jp09_sh_oromeo12_progression,,0
13406,jup_jp09_sh_oromeo12_camo_gold,0,0,10,32490,4000,,,,jup_jp09_sh_oromeo12_camo_gold_unlock,,0
13407,jup_jp09_sh_oromeo12_camo_gold_unlock,0,0,4,,,,,,,13402|13403|13404|13405,0
13408,jup_jp09_sh_oromeo12_camo_plat,0,0,15,32500,5000,,,,jup_jp09_sh_oromeo12_camo_plat_unlock,,0
13409,jup_jp09_sh_oromeo12_camo_dama,0,0,10,32510,7500,,,,jup_jp09_sh_oromeo12_camo_dama_unlock,,0
13410,jup_jp09_sh_oromeo12_mastery_gold,0,0,100,37052+37418,4000,,,,jup_jp09_sh_oromeo12_mastery_gold_unlock,,0
13411,jup_jp09_sh_oromeo12_mastery_plat,0,0,200,37010+37446,5000,,,,jup_jp09_sh_oromeo12_mastery_plat_unlock,,0
13412,jup_jp09_sh_oromeo12_mastery_dama,0,0,300,42191+41795,7500,,,,jup_jp09_sh_oromeo12_mastery_dama_unlock,,0
13413,jup_jp09_sh_oromeo12_mastery_gold_unlock,0,0,2,,,,,,,13406|12579,0
13414,jup_jp09_sh_oromeo12_mastery_plat_unlock,0,0,3,,,,,,,13408|13410|12579,0
13415,jup_jp09_sh_oromeo12_mastery_dama_unlock,0,0,3,,,,,,,13409|13411|12579,0
13416,jup_jp09_sh_oromeo12_camo_plat_unlock,0,0,2,,,,,,,25978|13826,0
13417,jup_jp09_sh_oromeo12_camo_dama_unlock,0,0,2,,,,,,,26016|11805,0
16281,jup_jp09_sh_oromeo12_mastery_orion,0,0,400,42156+41373,10000,,,,jup_jp09_sh_oromeo12_mastery_orion_unlock,,0
16312,jup_jp09_sh_oromeo12_mastery_orion_unlock,0,0,3,,,,,,,13792|13412|12579,0
16343,jup_jp09_sh_oromeo12_mastery_completionist,0,0,4,43288,,,,,,13410|13411|13412|16281,0
17962,jup_jp09_sh_oromeo12_camo_ob_1,0,0,250,39349,1000,,,,jup_jp09_sh_oromeo12_progression,,0
17998,jup_jp09_sh_oromeo12_camo_ob_2,0,0,250,39370,1500,,,,jup_jp09_sh_oromeo12_progression,,0
18034,jup_jp09_sh_oromeo12_camo_ob_3,0,0,250,39384,2000,,,,jup_jp09_sh_oromeo12_progression,,0
18070,jup_jp09_sh_oromeo12_camo_ob_4,0,0,10,39423,2500,,,,jup_jp09_sh_oromeo12_progression,,0
18106,jup_jp09_sh_oromeo12_camo_ob_gold,0,0,1,39512,4000,,,,jup_jp09_sh_oromeo12_camo_ob_gold_unlock,,0
18142,jup_jp09_sh_oromeo12_camo_ob_gold_unlock,0,0,4,,,,,,,17962|17998|18034|18070,0
18178,jup_jp09_sh_oromeo12_camo_ob_plat,0,0,300,39544,5000,,,,jup_jp09_sh_oromeo12_camo_plat_unlock_ob,,0
18214,jup_jp09_sh_oromeo12_camo_plat_unlock_ob,0,0,2,,,,,,,26054|17895,0
18250,jup_jp09_sh_oromeo12_camo_ob_dama,0,0,10,39576,7500,,,,jup_jp09_sh_oromeo12_camo_dama_unlock_ob,,0
18286,jup_jp09_sh_oromeo12_camo_dama_unlock_ob,0,0,2,,,,,,,26092|17886,0
18323,jup_jp09_sh_oromeo12_camo_mastery_gold_ob,0,0,300,42224+41657,4000,,,,jup_jp09_sh_oromeo12_camo_mastery_gold_unlock_ob,,0
18360,jup_jp09_sh_oromeo12_camo_mastery_gold_unlock_ob,0,0,2,,,,,,,18106|12579,0
18397,jup_jp09_sh_oromeo12_camo_mastery_plat_ob,0,0,600,41869+41751,5000,,,,jup_jp09_sh_oromeo12_camo_mastery_plat_unlock_ob,,0
18434,jup_jp09_sh_oromeo12_camo_mastery_plat_unlock_ob,0,0,3,,,,,,,18178|18323|12579,0
18471,jup_jp09_sh_oromeo12_camo_mastery_dama_ob,0,0,900,42346+41562,7500,,,,jup_jp09_sh_oromeo12_camo_mastery_dama_unlock_ob,,0
18508,jup_jp09_sh_oromeo12_camo_mastery_dama_unlock_ob,0,0,3,,,,,,,18250|18397|12579,0
18545,jup_jp09_sh_oromeo12_camo_mastery_orion_ob,0,0,1200,43372+41466,10000,,,,jup_jp09_sh_oromeo12_camo_mastery_orion_unlock_ob,,0
18582,jup_jp09_sh_oromeo12_camo_mastery_orion_unlock_ob,0,0,3,,,,,,,17891|18471|12579,0
18618,jup_jp09_sh_oromeo12_mastery_completionist_ob,0,0,4,43268,,,,,,18323|18397|18471|18545,0
25978,jup_jp09_sh_oromeo12_camo_gold_wrapper,0,0,1,,,,,,,13406,0
26016,jup_jp09_sh_oromeo12_camo_plat_wrapper,0,0,1,,,,,,,13408,0
26054,jup_jp09_sh_oromeo12_camo_ob_gold_wrapper,0,0,1,,,,,,,18106,0
26092,jup_jp09_sh_oromeo12_camo_ob_plat_wrapper,0,0,1,,,,,,,18178,0
37977,jup_jp09_sh_oromeo12_prestige_unlock,0,0,21,,,,,,,,0
39015,jup_jp09_sh_oromeo12_camo_prestige_4,0,0,300000,68399,,,,,jup_jp09_sh_oromeo12_camo_prestige_3,,0
39142,jup_jp09_sh_oromeo12_camo_prestige_3,0,0,250000,68252,,,,,jup_jp09_sh_oromeo12_camo_prestige_2,,0
39269,jup_jp09_sh_oromeo12_camo_prestige_2,0,0,200000,63987,,,,,jup_jp09_sh_oromeo12_camo_prestige_1,,0
39396,jup_jp09_sh_oromeo12_camo_prestige_1,0,0,150000,62769,,,,,jup_jp09_sh_oromeo12_prestige_unlock,,0
13419,jup_jp16_sh_recho870_camo_1,0,0,50,32536,1000,,,,jup_jp16_sh_recho870_progression,,0
13420,jup_jp16_sh_recho870_camo_2,0,0,50,32960,1500,,,,jup_jp16_sh_recho870_progression,,0
13421,jup_jp16_sh_recho870_camo_3,0,0,10,32562,2000,,,,jup_jp16_sh_recho870_progression,,0
13422,jup_jp16_sh_recho870_camo_4,0,0,15,32144,2500,,,,jup_jp16_sh_recho870_progression,,0
13423,jup_jp16_sh_recho870_camo_gold,0,0,10,32778,4000,,,,jup_jp16_sh_recho870_camo_gold_unlock,,0
13424,jup_jp16_sh_recho870_camo_gold_unlock,0,0,4,,,,,,,13419|13420|13421|13422,0
13425,jup_jp16_sh_recho870_camo_plat,0,0,25,32780,5000,,,,jup_jp16_sh_recho870_camo_plat_unlock,,0
13426,jup_jp16_sh_recho870_camo_dama,0,0,5,32779,7500,,,,jup_jp16_sh_recho870_camo_dama_unlock,,0
13427,jup_jp16_sh_recho870_mastery_gold,0,0,100,37051+37421,4000,,,,jup_jp16_sh_recho870_mastery_gold_unlock,,0
13428,jup_jp16_sh_recho870_mastery_plat,0,0,200,36962+37449,5000,,,,jup_jp16_sh_recho870_mastery_plat_unlock,,0
13429,jup_jp16_sh_recho870_mastery_dama,0,0,300,42200+41816,7500,,,,jup_jp16_sh_recho870_mastery_dama_unlock,,0
13430,jup_jp16_sh_recho870_mastery_gold_unlock,0,0,2,,,,,,,13423|12585,0
13431,jup_jp16_sh_recho870_mastery_plat_unlock,0,0,3,,,,,,,13425|13427|12585,0
13432,jup_jp16_sh_recho870_mastery_dama_unlock,0,0,3,,,,,,,13426|13428|12585,0
13433,jup_jp16_sh_recho870_camo_plat_unlock,0,0,2,,,,,,,25979|13826,0
13434,jup_jp16_sh_recho870_camo_dama_unlock,0,0,2,,,,,,,26017|11805,0
16282,jup_jp16_sh_recho870_mastery_orion,0,0,400,42177+41783,10000,,,,jup_jp16_sh_recho870_mastery_orion_unlock,,0
16313,jup_jp16_sh_recho870_mastery_orion_unlock,0,0,3,,,,,,,13792|13429|12585,0
16344,jup_jp16_sh_recho870_mastery_completionist,0,0,4,43289,,,,,,13427|13428|13429|16282,0
17963,jup_jp16_sh_recho870_camo_ob_1,0,0,250,39350,1000,,,,jup_jp16_sh_recho870_progression,,0
17999,jup_jp16_sh_recho870_camo_ob_2,0,0,250,39385,1500,,,,jup_jp16_sh_recho870_progression,,0
18035,jup_jp16_sh_recho870_camo_ob_3,0,0,250,39448,2000,,,,jup_jp16_sh_recho870_progression,,0
18071,jup_jp16_sh_recho870_camo_ob_4,0,0,10,39405,2500,,,,jup_jp16_sh_recho870_progression,,0
18107,jup_jp16_sh_recho870_camo_ob_gold,0,0,1,39516,4000,,,,jup_jp16_sh_recho870_camo_ob_gold_unlock,,0
18143,jup_jp16_sh_recho870_camo_ob_gold_unlock,0,0,4,,,,,,,17963|17999|18035|18071,0
18179,jup_jp16_sh_recho870_camo_ob_plat,0,0,300,39548,5000,,,,jup_jp16_sh_recho870_camo_plat_unlock_ob,,0
18215,jup_jp16_sh_recho870_camo_plat_unlock_ob,0,0,2,,,,,,,26055|17895,0
18251,jup_jp16_sh_recho870_camo_ob_dama,0,0,10,39580,7500,,,,jup_jp16_sh_recho870_camo_dama_unlock_ob,,0
18287,jup_jp16_sh_recho870_camo_dama_unlock_ob,0,0,2,,,,,,,26093|17886,0
18324,jup_jp16_sh_recho870_camo_mastery_gold_ob,0,0,300,42245+41670,4000,,,,jup_jp16_sh_recho870_camo_mastery_gold_unlock_ob,,0
18361,jup_jp16_sh_recho870_camo_mastery_gold_unlock_ob,0,0,2,,,,,,,18107|12585,0
18398,jup_jp16_sh_recho870_camo_mastery_plat_ob,0,0,600,43754+41764,5000,,,,jup_jp16_sh_recho870_camo_mastery_plat_unlock_ob,,0
18435,jup_jp16_sh_recho870_camo_mastery_plat_unlock_ob,0,0,3,,,,,,,18179|18324|12585,0
18472,jup_jp16_sh_recho870_camo_mastery_dama_ob,0,0,900,42367+41576,7500,,,,jup_jp16_sh_recho870_camo_mastery_dama_unlock_ob,,0
18509,jup_jp16_sh_recho870_camo_mastery_dama_unlock_ob,0,0,3,,,,,,,18251|18398|12585,0
18546,jup_jp16_sh_recho870_camo_mastery_orion_ob,0,0,1200,43393+41480,10000,,,,jup_jp16_sh_recho870_camo_mastery_orion_unlock_ob,,0
18583,jup_jp16_sh_recho870_camo_mastery_orion_unlock_ob,0,0,3,,,,,,,17891|18472|12585,0
18619,jup_jp16_sh_recho870_mastery_completionist_ob,0,0,4,43290,,,,,,18324|18398|18472|18546,0
25979,jup_jp16_sh_recho870_camo_gold_wrapper,0,0,1,,,,,,,13423,0
26017,jup_jp16_sh_recho870_camo_plat_wrapper,0,0,1,,,,,,,13425,0
26055,jup_jp16_sh_recho870_camo_ob_gold_wrapper,0,0,1,,,,,,,18107,0
26093,jup_jp16_sh_recho870_camo_ob_plat_wrapper,0,0,1,,,,,,,18179,0
37983,jup_jp16_sh_recho870_prestige_unlock,0,0,26,,,,,,,,0
39021,jup_jp16_sh_recho870_camo_prestige_4,0,0,300000,68406,,,,,jup_jp16_sh_recho870_camo_prestige_3,,0
39148,jup_jp16_sh_recho870_camo_prestige_3,0,0,250000,68259,,,,,jup_jp16_sh_recho870_camo_prestige_2,,0
39275,jup_jp16_sh_recho870_camo_prestige_2,0,0,200000,63994,,,,,jup_jp16_sh_recho870_camo_prestige_1,,0
39402,jup_jp16_sh_recho870_camo_prestige_1,0,0,150000,62775,,,,,jup_jp16_sh_recho870_prestige_unlock,,0
17109,jup_cp01_sh_aromeo410_camo_1,0,0,50,32537,1000,,,,jup_cp01_sh_aromeo410_progression,,0
17110,jup_cp01_sh_aromeo410_camo_2,0,0,50,32151,1500,,,,jup_cp01_sh_aromeo410_progression,,0
17113,jup_cp01_sh_aromeo410_camo_3,0,0,10,32966,2000,,,,jup_cp01_sh_aromeo410_progression,,0
17112,jup_cp01_sh_aromeo410_camo_4,0,0,10,32582,2500,,,,jup_cp01_sh_aromeo410_progression,,0
17111,jup_cp01_sh_aromeo410_camo_gold,0,0,10,36050,4000,,,,jup_cp01_sh_aromeo410_camo_gold_unlock,,0
17114,jup_cp01_sh_aromeo410_camo_gold_unlock,0,0,4,,,,,,,17109|17110|17113|17112,0
17115,jup_cp01_sh_aromeo410_camo_plat,0,0,25,36051,5000,,,,jup_cp01_sh_aromeo410_camo_plat_unlock,,0
17116,jup_cp01_sh_aromeo410_camo_dama,0,0,5,36052,7500,,,,jup_cp01_sh_aromeo410_camo_dama_unlock,,0
17117,jup_cp01_sh_aromeo410_mastery_gold,0,0,100,41840+41832,4000,,,,jup_cp01_sh_aromeo410_mastery_gold_unlock,,0
17118,jup_cp01_sh_aromeo410_mastery_plat,0,0,200,43565+41825,5000,,,,jup_cp01_sh_aromeo410_mastery_plat_unlock,,0
17119,jup_cp01_sh_aromeo410_mastery_dama,0,0,300,42187+41791,7500,,,,jup_cp01_sh_aromeo410_mastery_dama_unlock,,0
17120,jup_cp01_sh_aromeo410_mastery_gold_unlock,0,0,2,,,,,,,17111|15594,0
17121,jup_cp01_sh_aromeo410_mastery_plat_unlock,0,0,3,,,,,,,17115|17117|15594,0
17122,jup_cp01_sh_aromeo410_mastery_dama_unlock,0,0,3,,,,,,,17116|17118|15594,0
17123,jup_cp01_sh_aromeo410_camo_plat_unlock,0,0,2,,,,,,,25980|13826,0
17124,jup_cp01_sh_aromeo410_camo_dama_unlock,0,0,2,,,,,,,26018|11805,0
17125,jup_cp01_sh_aromeo410_mastery_orion,0,0,400,42151+41368,10000,,,,jup_cp01_sh_aromeo410_mastery_orion_unlock,,0
17126,jup_cp01_sh_aromeo410_mastery_orion_unlock,0,0,3,,,,,,,13792|17119|15594,0
17127,jup_cp01_sh_aromeo410_mastery_completionist,0,0,4,43287,,,,,,17117|17118|17119|17125,0
17964,jup_cp01_sh_aromeo410_camo_ob_1,0,0,250,39351,1000,,,,jup_cp01_sh_aromeo410_progression,,0
18000,jup_cp01_sh_aromeo410_camo_ob_2,0,0,10,39437,1500,,,,jup_cp01_sh_aromeo410_progression,,0
18036,jup_cp01_sh_aromeo410_camo_ob_3,0,0,250,39391,2000,,,,jup_cp01_sh_aromeo410_progression,,0
18072,jup_cp01_sh_aromeo410_camo_ob_4,0,0,10,39452,2500,,,,jup_cp01_sh_aromeo410_progression,,0
18108,jup_cp01_sh_aromeo410_camo_ob_gold,0,0,1,45975,4000,,,,jup_cp01_sh_aromeo410_camo_ob_gold_unlock,,0
18144,jup_cp01_sh_aromeo410_camo_ob_gold_unlock,0,0,4,,,,,,,17964|18000|18036|18072,0
18180,jup_cp01_sh_aromeo410_camo_ob_plat,0,0,300,45981,5000,,,,jup_cp01_sh_aromeo410_camo_plat_unlock_ob,,0
18216,jup_cp01_sh_aromeo410_camo_plat_unlock_ob,0,0,2,,,,,,,26056|17895,0
18252,jup_cp01_sh_aromeo410_camo_ob_dama,0,0,10,45987,7500,,,,jup_cp01_sh_aromeo410_camo_dama_unlock_ob,,0
18288,jup_cp01_sh_aromeo410_camo_dama_unlock_ob,0,0,2,,,,,,,26094|17886,0
18325,jup_cp01_sh_aromeo410_camo_mastery_gold_ob,0,0,300,42219+41652,4000,,,,jup_cp01_sh_aromeo410_camo_mastery_gold_unlock_ob,,0
18362,jup_cp01_sh_aromeo410_camo_mastery_gold_unlock_ob,0,0,2,,,,,,,18108|15594,0
18399,jup_cp01_sh_aromeo410_camo_mastery_plat_ob,0,0,600,42091+41746,5000,,,,jup_cp01_sh_aromeo410_camo_mastery_plat_unlock_ob,,0
18436,jup_cp01_sh_aromeo410_camo_mastery_plat_unlock_ob,0,0,3,,,,,,,18180|18325|15594,0
18473,jup_cp01_sh_aromeo410_camo_mastery_dama_ob,0,0,900,42341+41557,7500,,,,jup_cp01_sh_aromeo410_camo_mastery_dama_unlock_ob,,0
18510,jup_cp01_sh_aromeo410_camo_mastery_dama_unlock_ob,0,0,3,,,,,,,18252|18399|15594,0
18547,jup_cp01_sh_aromeo410_camo_mastery_orion_ob,0,0,1200,43368+41462,10000,,,,jup_cp01_sh_aromeo410_camo_mastery_orion_unlock_ob,,0
18584,jup_cp01_sh_aromeo410_camo_mastery_orion_unlock_ob,0,0,3,,,,,,,17891|18473|15594,0
18620,jup_cp01_sh_aromeo410_mastery_completionist_ob,0,0,4,43181,,,,,,18325|18399|18473|18547,0
25980,jup_cp01_sh_aromeo410_camo_gold_wrapper,0,0,1,,,,,,,17111,0
26018,jup_cp01_sh_aromeo410_camo_plat_wrapper,0,0,1,,,,,,,17115,0
26056,jup_cp01_sh_aromeo410_camo_ob_gold_wrapper,0,0,1,,,,,,,18108,0
26094,jup_cp01_sh_aromeo410_camo_ob_plat_wrapper,0,0,1,,,,,,,18180,0
37952,jup_cp01_sh_aromeo410_prestige_unlock,0,0,23,,,,,,,,0
38990,jup_cp01_sh_aromeo410_camo_prestige_4,0,0,300000,68371,,,,,jup_cp01_sh_aromeo410_camo_prestige_3,,0
39117,jup_cp01_sh_aromeo410_camo_prestige_3,0,0,250000,68226,,,,,jup_cp01_sh_aromeo410_camo_prestige_2,,0
39244,jup_cp01_sh_aromeo410_camo_prestige_2,0,0,200000,63961,,,,,jup_cp01_sh_aromeo410_camo_prestige_1,,0
39371,jup_cp01_sh_aromeo410_camo_prestige_1,0,0,150000,62744,,,,,jup_cp01_sh_aromeo410_prestige_unlock,,0
13436,jup_jp13_sn_svictor_camo_1,0,0,50,32935,1000,,,,jup_jp13_sn_svictor_progression,,0
13437,jup_jp13_sn_svictor_camo_2,0,0,50,32574,1500,,,,jup_jp13_sn_svictor_progression,,0
13438,jup_jp13_sn_svictor_camo_3,0,0,10,32958,2000,,,,jup_jp13_sn_svictor_progression,,0
13439,jup_jp13_sn_svictor_camo_4,0,0,15,32160,2500,,,,jup_jp13_sn_svictor_progression,,0
13440,jup_jp13_sn_svictor_camo_gold,0,0,10,32781,4000,,,,jup_jp13_sn_svictor_camo_gold_unlock,,0
13441,jup_jp13_sn_svictor_camo_gold_unlock,0,0,4,,,,,,,13436|13437|13438|13439,0
13442,jup_jp13_sn_svictor_camo_plat,0,0,25,32782,5000,,,,jup_jp13_sn_svictor_camo_plat_unlock,,0
13443,jup_jp13_sn_svictor_camo_dama,0,0,5,32783,7500,,,,jup_jp13_sn_svictor_camo_dama_unlock,,0
13444,jup_jp13_sn_svictor_mastery_gold,0,0,100,37043+37425,4000,,,,jup_jp13_sn_svictor_mastery_gold_unlock,,0
13445,jup_jp13_sn_svictor_mastery_plat,0,0,200,36970+37453,5000,,,,jup_jp13_sn_svictor_mastery_plat_unlock,,0
13446,jup_jp13_sn_svictor_mastery_dama,0,0,300,42199+41812,7500,,,,jup_jp13_sn_svictor_mastery_dama_unlock,,0
13447,jup_jp13_sn_svictor_mastery_gold_unlock,0,0,2,,,,,,,13440|12583,0
13448,jup_jp13_sn_svictor_mastery_plat_unlock,0,0,3,,,,,,,13442|13444|12583,0
13449,jup_jp13_sn_svictor_mastery_dama_unlock,0,0,3,,,,,,,13443|13445|12583,0
13450,jup_jp13_sn_svictor_camo_plat_unlock,0,0,2,,,,,,,25981|13827,0
13451,jup_jp13_sn_svictor_camo_dama_unlock,0,0,2,,,,,,,26019|11805,0
16283,jup_jp13_sn_svictor_mastery_orion,0,0,400,42173+41779,10000,,,,jup_jp13_sn_svictor_mastery_orion_unlock,,0
16314,jup_jp13_sn_svictor_mastery_orion_unlock,0,0,3,,,,,,,13792|13446|12583,0
16345,jup_jp13_sn_svictor_mastery_completionist,0,0,4,43305,,,,,,13444|13445|13446|16283,0
17965,jup_jp13_sn_svictor_camo_ob_1,0,0,250,39315,1000,,,,jup_jp13_sn_svictor_progression,,0
18001,jup_jp13_sn_svictor_camo_ob_2,0,0,5,39372,1500,,,,jup_jp13_sn_svictor_progression,,0
18037,jup_jp13_sn_svictor_camo_ob_3,0,0,250,39383,2000,,,,jup_jp13_sn_svictor_progression,,0
18073,jup_jp13_sn_svictor_camo_ob_4,0,0,30,39489,2500,,,,jup_jp13_sn_svictor_progression,,0
18109,jup_jp13_sn_svictor_camo_ob_gold,0,0,1,39520,4000,,,,jup_jp13_sn_svictor_camo_ob_gold_unlock,,0
18145,jup_jp13_sn_svictor_camo_ob_gold_unlock,0,0,4,,,,,,,17965|18001|18037|18073,0
18181,jup_jp13_sn_svictor_camo_ob_plat,0,0,300,39552,5000,,,,jup_jp13_sn_svictor_camo_plat_unlock_ob,,0
18217,jup_jp13_sn_svictor_camo_plat_unlock_ob,0,0,2,,,,,,,26057|17897,0
18253,jup_jp13_sn_svictor_camo_ob_dama,0,0,10,39584,7500,,,,jup_jp13_sn_svictor_camo_dama_unlock_ob,,0
18289,jup_jp13_sn_svictor_camo_dama_unlock_ob,0,0,2,,,,,,,26095|17886,0
18326,jup_jp13_sn_svictor_camo_mastery_gold_ob,0,0,300,42241+43628,4000,,,,jup_jp13_sn_svictor_camo_mastery_gold_unlock_ob,,0
18363,jup_jp13_sn_svictor_camo_mastery_gold_unlock_ob,0,0,2,,,,,,,18109|12583,0
18400,jup_jp13_sn_svictor_camo_mastery_plat_ob,0,0,600,41886+43659,5000,,,,jup_jp13_sn_svictor_camo_mastery_plat_unlock_ob,,0
18437,jup_jp13_sn_svictor_camo_mastery_plat_unlock_ob,0,0,3,,,,,,,18181|18326|12583,0
18474,jup_jp13_sn_svictor_camo_mastery_dama_ob,0,0,900,42363+43638,7500,,,,jup_jp13_sn_svictor_camo_mastery_dama_unlock_ob,,0
18511,jup_jp13_sn_svictor_camo_mastery_dama_unlock_ob,0,0,3,,,,,,,18253|18400|12583,0
18548,jup_jp13_sn_svictor_camo_mastery_orion_ob,0,0,1200,43389+43695,10000,,,,jup_jp13_sn_svictor_camo_mastery_orion_unlock_ob,,0
18585,jup_jp13_sn_svictor_camo_mastery_orion_unlock_ob,0,0,3,,,,,,,17891|18474|12583,0
18621,jup_jp13_sn_svictor_mastery_completionist_ob,0,0,4,43308,,,,,,18326|18400|18474|18548,0
25981,jup_jp13_sn_svictor_camo_gold_wrapper,0,0,1,,,,,,,13440,0
26019,jup_jp13_sn_svictor_camo_plat_wrapper,0,0,1,,,,,,,13442,0
26057,jup_jp13_sn_svictor_camo_ob_gold_wrapper,0,0,1,,,,,,,18109,0
26095,jup_jp13_sn_svictor_camo_ob_plat_wrapper,0,0,1,,,,,,,18181,0
37981,jup_jp13_sn_svictor_prestige_unlock,0,0,32,,,,,,,,0
39019,jup_jp13_sn_svictor_camo_prestige_4,0,0,300000,68414,,,,,jup_jp13_sn_svictor_camo_prestige_3,,0
39146,jup_jp13_sn_svictor_camo_prestige_3,0,0,250000,68265,,,,,jup_jp13_sn_svictor_camo_prestige_2,,0
39273,jup_jp13_sn_svictor_camo_prestige_2,0,0,200000,64000,,,,,jup_jp13_sn_svictor_camo_prestige_1,,0
39400,jup_jp13_sn_svictor_camo_prestige_1,0,0,150000,62779,,,,,jup_jp13_sn_svictor_prestige_unlock,,0
13453,jup_jp17_sn_hsierra_camo_1,0,0,50,32932,1000,,,,jup_jp17_sn_hsierra_progression,,0
13454,jup_jp17_sn_hsierra_camo_2,0,0,50,32517,1500,,,,jup_jp17_sn_hsierra_progression,,0
13455,jup_jp17_sn_hsierra_camo_3,0,0,10,32968,2000,,,,jup_jp17_sn_hsierra_progression,,0
13456,jup_jp17_sn_hsierra_camo_4,0,0,15,32583,2500,,,,jup_jp17_sn_hsierra_progression,,0
13457,jup_jp17_sn_hsierra_camo_gold,0,0,10,32486,4000,,,,jup_jp17_sn_hsierra_camo_gold_unlock,,0
13458,jup_jp17_sn_hsierra_camo_gold_unlock,0,0,4,,,,,,,13453|13454|13455|13456,0
13459,jup_jp17_sn_hsierra_camo_plat,0,0,15,32496,5000,,,,jup_jp17_sn_hsierra_camo_plat_unlock,,0
13460,jup_jp17_sn_hsierra_camo_dama,0,0,3,32506,7500,,,,jup_jp17_sn_hsierra_camo_dama_unlock,,0
13461,jup_jp17_sn_hsierra_mastery_gold,0,0,100,37044+37413,4000,,,,jup_jp17_sn_hsierra_mastery_gold_unlock,,0
13462,jup_jp17_sn_hsierra_mastery_plat,0,0,200,36969+37441,5000,,,,jup_jp17_sn_hsierra_mastery_plat_unlock,,0
13463,jup_jp17_sn_hsierra_mastery_dama,0,0,300,42198+41811,7500,,,,jup_jp17_sn_hsierra_mastery_dama_unlock,,0
13464,jup_jp17_sn_hsierra_mastery_gold_unlock,0,0,2,,,,,,,13457|12586,0
13465,jup_jp17_sn_hsierra_mastery_plat_unlock,0,0,3,,,,,,,13459|13461|12586,0
13466,jup_jp17_sn_hsierra_mastery_dama_unlock,0,0,3,,,,,,,13460|13462|12586,0
13467,jup_jp17_sn_hsierra_camo_plat_unlock,0,0,2,,,,,,,25982|13827,0
13468,jup_jp17_sn_hsierra_camo_dama_unlock,0,0,2,,,,,,,26020|11805,0
16284,jup_jp17_sn_hsierra_mastery_orion,0,0,400,42172+41778,10000,,,,jup_jp17_sn_hsierra_mastery_orion_unlock,,0
16315,jup_jp17_sn_hsierra_mastery_orion_unlock,0,0,3,,,,,,,13792|13463|12586,0
16346,jup_jp17_sn_hsierra_mastery_completionist,0,0,4,43303,,,,,,13461|13462|13463|16284,0
17966,jup_jp17_sn_hsierra_camo_ob_1,0,0,250,39312,1000,,,,jup_jp17_sn_hsierra_progression,,0
18002,jup_jp17_sn_hsierra_camo_ob_2,0,0,200,39320,1500,,,,jup_jp17_sn_hsierra_progression,,0
18038,jup_jp17_sn_hsierra_camo_ob_3,0,0,250,39393,2000,,,,jup_jp17_sn_hsierra_progression,,0
18074,jup_jp17_sn_hsierra_camo_ob_4,0,0,250,39453,2500,,,,jup_jp17_sn_hsierra_progression,,0
18110,jup_jp17_sn_hsierra_camo_ob_gold,0,0,1,39507,4000,,,,jup_jp17_sn_hsierra_camo_ob_gold_unlock,,0
18146,jup_jp17_sn_hsierra_camo_ob_gold_unlock,0,0,4,,,,,,,17966|18002|18038|18074,0
18182,jup_jp17_sn_hsierra_camo_ob_plat,0,0,300,39539,5000,,,,jup_jp17_sn_hsierra_camo_plat_unlock_ob,,0
18218,jup_jp17_sn_hsierra_camo_plat_unlock_ob,0,0,2,,,,,,,26058|17897,0
18254,jup_jp17_sn_hsierra_camo_ob_dama,0,0,10,39571,7500,,,,jup_jp17_sn_hsierra_camo_dama_unlock_ob,,0
18290,jup_jp17_sn_hsierra_camo_dama_unlock_ob,0,0,2,,,,,,,26096|17886,0
18327,jup_jp17_sn_hsierra_camo_mastery_gold_ob,0,0,300,42240+41667,4000,,,,jup_jp17_sn_hsierra_camo_mastery_gold_unlock_ob,,0
18364,jup_jp17_sn_hsierra_camo_mastery_gold_unlock_ob,0,0,2,,,,,,,18110|12586,0
18401,jup_jp17_sn_hsierra_camo_mastery_plat_ob,0,0,600,41885+41761,5000,,,,jup_jp17_sn_hsierra_camo_mastery_plat_unlock_ob,,0
18438,jup_jp17_sn_hsierra_camo_mastery_plat_unlock_ob,0,0,3,,,,,,,18182|18327|12586,0
18475,jup_jp17_sn_hsierra_camo_mastery_dama_ob,0,0,900,42362+41573,7500,,,,jup_jp17_sn_hsierra_camo_mastery_dama_unlock_ob,,0
18512,jup_jp17_sn_hsierra_camo_mastery_dama_unlock_ob,0,0,3,,,,,,,18254|18401|12586,0
18549,jup_jp17_sn_hsierra_camo_mastery_orion_ob,0,0,1200,43388+41477,10000,,,,jup_jp17_sn_hsierra_camo_mastery_orion_unlock_ob,,0
18586,jup_jp17_sn_hsierra_camo_mastery_orion_unlock_ob,0,0,3,,,,,,,17891|18475|12586,0
18622,jup_jp17_sn_hsierra_mastery_completionist_ob,0,0,4,43304,,,,,,18327|18401|18475|18549,0
25982,jup_jp17_sn_hsierra_camo_gold_wrapper,0,0,1,,,,,,,13457,0
26020,jup_jp17_sn_hsierra_camo_plat_wrapper,0,0,1,,,,,,,13459,0
26058,jup_jp17_sn_hsierra_camo_ob_gold_wrapper,0,0,1,,,,,,,18110,0
26096,jup_jp17_sn_hsierra_camo_ob_plat_wrapper,0,0,1,,,,,,,18182,0
37984,jup_jp17_sn_hsierra_prestige_unlock,0,0,28,,,,,,,,0
39022,jup_jp17_sn_hsierra_camo_prestige_4,0,0,300000,68387,,,,,jup_jp17_sn_hsierra_camo_prestige_3,,0
39149,jup_jp17_sn_hsierra_camo_prestige_3,0,0,250000,68241,,,,,jup_jp17_sn_hsierra_camo_prestige_2,,0
39276,jup_jp17_sn_hsierra_camo_prestige_2,0,0,200000,63976,,,,,jup_jp17_sn_hsierra_camo_prestige_1,,0
39403,jup_jp17_sn_hsierra_camo_prestige_1,0,0,150000,62759,,,,,jup_jp17_sn_hsierra_prestige_unlock,,0
17128,jup_jp36_sn_boscar_camo_1,0,0,50,32933,1000,,,,jup_jp36_sn_boscar_progression,,0
17129,jup_jp36_sn_boscar_camo_2,0,0,50,32566,1500,,,,jup_jp36_sn_boscar_progression,,0
17130,jup_jp36_sn_boscar_camo_3,0,0,10,32957,2000,,,,jup_jp36_sn_boscar_progression,,0
17131,jup_jp36_sn_boscar_camo_4,0,0,15,32158,2500,,,,jup_jp36_sn_boscar_progression,,0
17132,jup_jp36_sn_boscar_camo_gold,0,0,10,35792,4000,,,,jup_jp36_sn_boscar_camo_gold_unlock,,0
17133,jup_jp36_sn_boscar_camo_gold_unlock,0,0,4,,,,,,,17128|17129|17130|17131,0
17134,jup_jp36_sn_boscar_camo_plat,0,0,25,35794,5000,,,,jup_jp36_sn_boscar_camo_plat_unlock,,0
17135,jup_jp36_sn_boscar_camo_dama,0,0,3,35796,7500,,,,jup_jp36_sn_boscar_camo_dama_unlock,,0
17136,jup_jp36_sn_boscar_mastery_gold,0,0,100,43570+41833,4000,,,,jup_jp36_sn_boscar_mastery_gold_unlock,,0
17137,jup_jp36_sn_boscar_mastery_plat,0,0,200,43566+41826,5000,,,,jup_jp36_sn_boscar_mastery_plat_unlock,,0
17138,jup_jp36_sn_boscar_mastery_dama,0,0,300,42189+41794,7500,,,,jup_jp36_sn_boscar_mastery_dama_unlock,,0
17139,jup_jp36_sn_boscar_mastery_gold_unlock,0,0,2,,,,,,,17132|16557,0
17140,jup_jp36_sn_boscar_mastery_plat_unlock,0,0,3,,,,,,,17134|17136|16557,0
17141,jup_jp36_sn_boscar_mastery_dama_unlock,0,0,3,,,,,,,17135|17137|16557,0
17142,jup_jp36_sn_boscar_camo_plat_unlock,0,0,2,,,,,,,25983|13827,0
17143,jup_jp36_sn_boscar_camo_dama_unlock,0,0,2,,,,,,,26021|11805,0
17144,jup_jp36_sn_boscar_mastery_orion,0,0,400,42154+41371,10000,,,,jup_jp36_sn_boscar_mastery_orion_unlock,,0
17145,jup_jp36_sn_boscar_mastery_orion_unlock,0,0,3,,,,,,,13792|17138|16557,0
17146,jup_jp36_sn_boscar_mastery_completionist,0,0,4,43302,,,,,,17136|17137|17138|17144,0
17967,jup_jp36_sn_boscar_camo_ob_1,0,0,250,39313,1000,,,,jup_jp36_sn_boscar_progression,,0
18003,jup_jp36_sn_boscar_camo_ob_2,0,0,250,39327,1500,,,,jup_jp36_sn_boscar_progression,,0
18039,jup_jp36_sn_boscar_camo_ob_3,0,0,250,39382,2000,,,,jup_jp36_sn_boscar_progression,,0
18075,jup_jp36_sn_boscar_camo_ob_4,0,0,200,39487,2500,,,,jup_jp36_sn_boscar_progression,,0
18111,jup_jp36_sn_boscar_camo_ob_gold,0,0,1,45976,4000,,,,jup_jp36_sn_boscar_camo_ob_gold_unlock,,0
18147,jup_jp36_sn_boscar_camo_ob_gold_unlock,0,0,4,,,,,,,17967|18003|18039|18075,0
18183,jup_jp36_sn_boscar_camo_ob_plat,0,0,300,45982,5000,,,,jup_jp36_sn_boscar_camo_plat_unlock_ob,,0
18219,jup_jp36_sn_boscar_camo_plat_unlock_ob,0,0,2,,,,,,,26059|17897,0
18255,jup_jp36_sn_boscar_camo_ob_dama,0,0,10,45988,7500,,,,jup_jp36_sn_boscar_camo_dama_unlock_ob,,0
18291,jup_jp36_sn_boscar_camo_dama_unlock_ob,0,0,2,,,,,,,26097|17886,0
18328,jup_jp36_sn_boscar_camo_mastery_gold_ob,0,0,300,42222+41655,4000,,,,jup_jp36_sn_boscar_camo_mastery_gold_unlock_ob,,0
18365,jup_jp36_sn_boscar_camo_mastery_gold_unlock_ob,0,0,2,,,,,,,18111|16557,0
18402,jup_jp36_sn_boscar_camo_mastery_plat_ob,0,0,600,42094+41749,5000,,,,jup_jp36_sn_boscar_camo_mastery_plat_unlock_ob,,0
18439,jup_jp36_sn_boscar_camo_mastery_plat_unlock_ob,0,0,3,,,,,,,18183|18328|16557,0
18476,jup_jp36_sn_boscar_camo_mastery_dama_ob,0,0,900,42344+41560,7500,,,,jup_jp36_sn_boscar_camo_mastery_dama_unlock_ob,,0
18513,jup_jp36_sn_boscar_camo_mastery_dama_unlock_ob,0,0,3,,,,,,,18255|18402|16557,0
18550,jup_jp36_sn_boscar_camo_mastery_orion_ob,0,0,1200,43371+43766,10000,,,,jup_jp36_sn_boscar_camo_mastery_orion_unlock_ob,,0
18587,jup_jp36_sn_boscar_camo_mastery_orion_unlock_ob,0,0,3,,,,,,,17891|18476|16557,0
18623,jup_jp36_sn_boscar_mastery_completionist_ob,0,0,4,43185,,,,,,18328|18402|18476|18550,0
25983,jup_jp36_sn_boscar_camo_gold_wrapper,0,0,1,,,,,,,17132,0
26021,jup_jp36_sn_boscar_camo_plat_wrapper,0,0,1,,,,,,,17134,0
26059,jup_jp36_sn_boscar_camo_ob_gold_wrapper,0,0,1,,,,,,,18111,0
26097,jup_jp36_sn_boscar_camo_ob_plat_wrapper,0,0,1,,,,,,,18183,0
38001,jup_jp36_sn_boscar_prestige_unlock,0,0,30,,,,,,,,0
39039,jup_jp36_sn_boscar_camo_prestige_4,0,0,300000,68373,,,,,jup_jp36_sn_boscar_camo_prestige_3,,0
39166,jup_jp36_sn_boscar_camo_prestige_3,0,0,250000,68228,,,,,jup_jp36_sn_boscar_camo_prestige_2,,0
39293,jup_jp36_sn_boscar_camo_prestige_2,0,0,200000,63963,,,,,jup_jp36_sn_boscar_camo_prestige_1,,0
39419,jup_jp36_sn_boscar_camo_prestige_1,0,0,150000,62746,,,,,jup_jp36_sn_boscar_prestige_unlock,,0
13470,jup_jp22_la_dromeo_camo_1,0,0,25,32579,1000,,,,jup_jp22_la_dromeo_progression,,0
13471,jup_jp22_la_dromeo_camo_gold,0,0,10,32484,4000,,,,jup_jp22_la_dromeo_camo_gold_unlock,,0
13472,jup_jp22_la_dromeo_camo_gold_unlock,0,0,1,,,,,,,13470,0
13473,jup_jp22_la_dromeo_camo_plat,0,0,25,32494,5000,,,,jup_jp22_la_dromeo_camo_plat_unlock,,0
13474,jup_jp22_la_dromeo_camo_dama,0,0,25,32504,7500,,,,jup_jp22_la_dromeo_camo_dama_unlock,,0
13475,jup_jp22_la_dromeo_mastery_gold,0,0,25,37106+44279,4000,,,,jup_jp22_la_dromeo_mastery_gold_unlock,,0
13476,jup_jp22_la_dromeo_mastery_plat,0,0,50,37105+44281,5000,,,,jup_jp22_la_dromeo_mastery_plat_unlock,,0
13477,jup_jp22_la_dromeo_mastery_dama,0,0,75,44456+44278,7500,,,,jup_jp22_la_dromeo_mastery_dama_unlock,,0
13478,jup_jp22_la_dromeo_mastery_gold_unlock,0,0,2,,,,,,,13471|12592,0
13479,jup_jp22_la_dromeo_mastery_plat_unlock,0,0,3,,,,,,,13473|13475|12592,0
13480,jup_jp22_la_dromeo_mastery_dama_unlock,0,0,3,,,,,,,13474|13476|12592,0
13481,jup_jp22_la_dromeo_camo_plat_unlock,0,0,2,,,,,,,25984|13820,0
13482,jup_jp22_la_dromeo_camo_dama_unlock,0,0,2,,,,,,,26022|11805,0
16285,jup_jp22_la_dromeo_mastery_orion,0,0,100,44457+44280,10000,,,,jup_jp22_la_dromeo_mastery_orion_unlock,,0
16316,jup_jp22_la_dromeo_mastery_orion_unlock,0,0,3,,,,,,,13792|13477|12592,0
16347,jup_jp22_la_dromeo_mastery_completionist,0,0,4,43240,,,,,,13475|13476|13477|16285,0
17968,jup_jp22_la_dromeo_camo_ob_1,0,0,250,39429,1000,,,,jup_jp22_la_dromeo_progression,,0
18112,jup_jp22_la_dromeo_camo_ob_gold,0,0,1,39502,4000,,,,jup_jp22_la_dromeo_camo_ob_gold_unlock,,0
18148,jup_jp22_la_dromeo_camo_ob_gold_unlock,0,0,1,,,,,,,17968,0
18184,jup_jp22_la_dromeo_camo_ob_plat,0,0,300,39534,5000,,,,jup_jp22_la_dromeo_camo_plat_unlock_ob,,0
18220,jup_jp22_la_dromeo_camo_plat_unlock_ob,0,0,2,,,,,,,26060|17892,0
18256,jup_jp22_la_dromeo_camo_ob_dama,0,0,10,39566,7500,,,,jup_jp22_la_dromeo_camo_dama_unlock_ob,,0
18292,jup_jp22_la_dromeo_camo_dama_unlock_ob,0,0,2,,,,,,,26098|17886,0
18329,jup_jp22_la_dromeo_camo_mastery_gold_ob,0,0,300,44464+44293,4000,,,,jup_jp22_la_dromeo_camo_mastery_gold_unlock_ob,,0
18366,jup_jp22_la_dromeo_camo_mastery_gold_unlock_ob,0,0,2,,,,,,,18112|12592,0
18403,jup_jp22_la_dromeo_camo_mastery_plat_ob,0,0,600,44463+48530,5000,,,,jup_jp22_la_dromeo_camo_mastery_plat_unlock_ob,,0
18440,jup_jp22_la_dromeo_camo_mastery_plat_unlock_ob,0,0,3,,,,,,,18184|18329|12592,0
18477,jup_jp22_la_dromeo_camo_mastery_dama_ob,0,0,900,44465+44294,7500,,,,jup_jp22_la_dromeo_camo_mastery_dama_unlock_ob,,0
18514,jup_jp22_la_dromeo_camo_mastery_dama_unlock_ob,0,0,3,,,,,,,18256|18403|12592,0
18551,jup_jp22_la_dromeo_camo_mastery_orion_ob,0,0,1200,44511+44295,10000,,,,jup_jp22_la_dromeo_camo_mastery_orion_unlock_ob,,0
18588,jup_jp22_la_dromeo_camo_mastery_orion_unlock_ob,0,0,3,,,,,,,17891|18477|12592,0
18624,jup_jp22_la_dromeo_mastery_completionist_ob,0,0,4,43202,,,,,,18329|18403|18477|18551,0
25984,jup_jp22_la_dromeo_camo_gold_wrapper,0,0,1,,,,,,,13471,0
26022,jup_jp22_la_dromeo_camo_plat_wrapper,0,0,1,,,,,,,13473,0
26060,jup_jp22_la_dromeo_camo_ob_gold_wrapper,0,0,1,,,,,,,18112,0
26098,jup_jp22_la_dromeo_camo_ob_plat_wrapper,0,0,1,,,,,,,18184,0
37989,jup_jp22_la_dromeo_prestige_unlock,0,0,5,,,,,,,,0
39027,jup_jp22_la_dromeo_camo_prestige_4,0,0,300000,68380,,,,,jup_jp22_la_dromeo_camo_prestige_3,,0
39154,jup_jp22_la_dromeo_camo_prestige_3,0,0,250000,68234,,,,,jup_jp22_la_dromeo_camo_prestige_2,,0
39281,jup_jp22_la_dromeo_camo_prestige_2,0,0,200000,63969,,,,,jup_jp22_la_dromeo_camo_prestige_1,,0
39407,jup_jp22_la_dromeo_camo_prestige_1,0,0,150000,62752,,,,,jup_jp22_la_dromeo_prestige_unlock,,0
17160,jup_jp26_la_mike32_camo_1,0,0,25,32140,1000,,,,jup_jp26_la_mike32_progression,,0
17161,jup_jp26_la_mike32_camo_gold,0,0,10,36053,4000,,,,jup_jp26_la_mike32_camo_gold_unlock,,0
17162,jup_jp26_la_mike32_camo_gold_unlock,0,0,1,,,,,,,17160,0
17163,jup_jp26_la_mike32_camo_plat,0,0,25,36054,5000,,,,jup_jp26_la_mike32_camo_plat_unlock,,0
17164,jup_jp26_la_mike32_camo_dama,0,0,25,36055,7500,,,,jup_jp26_la_mike32_camo_dama_unlock,,0
17165,jup_jp26_la_mike32_mastery_gold,0,0,100,44197+41830,4000,,,,jup_jp26_la_mike32_mastery_gold_unlock,,0
17166,jup_jp26_la_mike32_mastery_plat,0,0,200,42203+41823,5000,,,,jup_jp26_la_mike32_mastery_plat_unlock,,0
17167,jup_jp26_la_mike32_mastery_dama,0,0,300,42184+41790,7500,,,,jup_jp26_la_mike32_mastery_dama_unlock,,0
17168,jup_jp26_la_mike32_mastery_gold_unlock,0,0,2,,,,,,,17161|12595,0
17169,jup_jp26_la_mike32_mastery_plat_unlock,0,0,3,,,,,,,17163|17165|12595,0
17170,jup_jp26_la_mike32_mastery_dama_unlock,0,0,3,,,,,,,17164|17166|12595,0
17171,jup_jp26_la_mike32_camo_plat_unlock,0,0,2,,,,,,,25985|13820,0
17172,jup_jp26_la_mike32_camo_dama_unlock,0,0,2,,,,,,,26023|11805,0
17173,jup_jp26_la_mike32_mastery_orion,0,0,400,42148+41367,10000,,,,jup_jp26_la_mike32_mastery_orion_unlock,,0
17174,jup_jp26_la_mike32_mastery_orion_unlock,0,0,3,,,,,,,13792|17167|12595,0
17175,jup_jp26_la_mike32_mastery_completionist,0,0,4,43241,,,,,,17165|17166|17167|17173,0
17969,jup_jp26_la_mike32_camo_ob_1,0,0,250,39401,1000,,,,jup_jp26_la_mike32_progression,,0
18113,jup_jp26_la_mike32_camo_ob_gold,0,0,1,47127,4000,,,,jup_jp26_la_mike32_camo_ob_gold_unlock,,0
18149,jup_jp26_la_mike32_camo_ob_gold_unlock,0,0,1,,,,,,,17969,0
18185,jup_jp26_la_mike32_camo_ob_plat,0,0,300,47128,5000,,,,jup_jp26_la_mike32_camo_plat_unlock_ob,,0
18221,jup_jp26_la_mike32_camo_plat_unlock_ob,0,0,2,,,,,,,26061|17892,0
18257,jup_jp26_la_mike32_camo_ob_dama,0,0,10,47129,7500,,,,jup_jp26_la_mike32_camo_dama_unlock_ob,,0
18293,jup_jp26_la_mike32_camo_dama_unlock_ob,0,0,2,,,,,,,26099|17886,0
18330,jup_jp26_la_mike32_camo_mastery_gold_ob,0,0,300,42216+43624,4000,,,,jup_jp26_la_mike32_camo_mastery_gold_unlock_ob,,0
18367,jup_jp26_la_mike32_camo_mastery_gold_unlock_ob,0,0,2,,,,,,,18113|12595,0
18404,jup_jp26_la_mike32_camo_mastery_plat_ob,0,0,600,42088+43655,5000,,,,jup_jp26_la_mike32_camo_mastery_plat_unlock_ob,,0
18441,jup_jp26_la_mike32_camo_mastery_plat_unlock_ob,0,0,3,,,,,,,18185|18330|12595,0
18478,jup_jp26_la_mike32_camo_mastery_dama_ob,0,0,900,42338+43608,7500,,,,jup_jp26_la_mike32_camo_mastery_dama_unlock_ob,,0
18515,jup_jp26_la_mike32_camo_mastery_dama_unlock_ob,0,0,3,,,,,,,18257|18404|12595,0
18552,jup_jp26_la_mike32_camo_mastery_orion_ob,0,0,1200,43365+41460,10000,,,,jup_jp26_la_mike32_camo_mastery_orion_unlock_ob,,0
18589,jup_jp26_la_mike32_camo_mastery_orion_unlock_ob,0,0,3,,,,,,,17891|18478|12595,0
18625,jup_jp26_la_mike32_mastery_completionist_ob,0,0,4,43242,,,,,,18330|18404|18478|18552,0
25985,jup_jp26_la_mike32_camo_gold_wrapper,0,0,1,,,,,,,17161,0
26023,jup_jp26_la_mike32_camo_plat_wrapper,0,0,1,,,,,,,17163,0
26061,jup_jp26_la_mike32_camo_ob_gold_wrapper,0,0,1,,,,,,,18113,0
26099,jup_jp26_la_mike32_camo_ob_plat_wrapper,0,0,1,,,,,,,18185,0
37996,jup_jp26_la_mike32_prestige_unlock,0,0,5,,,,,,,,0
39034,jup_jp26_la_mike32_camo_prestige_4,0,0,300000,68394,,,,,jup_jp26_la_mike32_camo_prestige_3,,0
39161,jup_jp26_la_mike32_camo_prestige_3,0,0,250000,68247,,,,,jup_jp26_la_mike32_camo_prestige_2,,0
39288,jup_jp26_la_mike32_camo_prestige_2,0,0,200000,63982,,,,,jup_jp26_la_mike32_camo_prestige_1,,0
39414,jup_jp26_la_mike32_camo_prestige_1,0,0,150000,62764,,,,,jup_jp26_la_mike32_prestige_unlock,,0
13484,jup_jp23_me_knife_camo_1,0,0,50,32545,1000,,,,jup_jp23_me_knife_progression,,0
13485,jup_jp23_me_knife_camo_gold,0,0,10,32487,4000,,,,jup_jp23_me_knife_camo_gold_unlock,,0
13486,jup_jp23_me_knife_camo_gold_unlock,0,0,1,,,,,,,13484,0
13487,jup_jp23_me_knife_camo_plat,0,0,5,32497,5000,,,,jup_jp23_me_knife_camo_plat_unlock,,0
13488,jup_jp23_me_knife_camo_dama,0,0,15,32507,7500,,,,jup_jp23_me_knife_camo_dama_unlock,,0
13489,jup_jp23_me_knife_mastery_gold,0,0,100,37078+37414,4000,,,,jup_jp23_me_knife_mastery_gold_unlock,,0
13490,jup_jp23_me_knife_mastery_plat,0,0,200,37016+37442,5000,,,,jup_jp23_me_knife_mastery_plat_unlock,,0
13491,jup_jp23_me_knife_mastery_dama,0,0,300,41895+41789,7500,,,,jup_jp23_me_knife_mastery_dama_unlock,,0
13492,jup_jp23_me_knife_mastery_gold_unlock,0,0,2,,,,,,,13485|12593,0
13493,jup_jp23_me_knife_mastery_plat_unlock,0,0,3,,,,,,,13487|13489|12593,0
13494,jup_jp23_me_knife_mastery_dama_unlock,0,0,3,,,,,,,13488|13490|12593,0
13495,jup_jp23_me_knife_camo_plat_unlock,0,0,2,,,,,,,25986|13829,0
13496,jup_jp23_me_knife_camo_dama_unlock,0,0,2,,,,,,,26024|11805,0
16286,jup_jp23_me_knife_mastery_orion,0,0,400,42147+41366,10000,,,,jup_jp23_me_knife_mastery_orion_unlock,,0
16317,jup_jp23_me_knife_mastery_orion_unlock,0,0,3,,,,,,,13792|13491|12593,0
16348,jup_jp23_me_knife_mastery_completionist,0,0,4,43255,,,,,,13489|13490|13491|16286,0
17970,jup_jp23_me_knife_camo_ob_1,0,0,250,39359,1000,,,,jup_jp23_me_knife_progression,,0
18114,jup_jp23_me_knife_camo_ob_gold,0,0,1,39508,4000,,,,jup_jp23_me_knife_camo_ob_gold_unlock,,0
18150,jup_jp23_me_knife_camo_ob_gold_unlock,0,0,1,,,,,,,17970,0
18186,jup_jp23_me_knife_camo_ob_plat,0,0,300,39540,5000,,,,jup_jp23_me_knife_camo_plat_unlock_ob,,0
18222,jup_jp23_me_knife_camo_plat_unlock_ob,0,0,2,,,,,,,26062|17899,0
18258,jup_jp23_me_knife_camo_ob_dama,0,0,10,39572,7500,,,,jup_jp23_me_knife_camo_dama_unlock_ob,,0
18294,jup_jp23_me_knife_camo_dama_unlock_ob,0,0,2,,,,,,,26100|17886,0
18331,jup_jp23_me_knife_camo_mastery_gold_ob,0,0,300,42215+41651,4000,,,,jup_jp23_me_knife_camo_mastery_gold_unlock_ob,,0
18368,jup_jp23_me_knife_camo_mastery_gold_unlock_ob,0,0,2,,,,,,,18114|12593,0
18405,jup_jp23_me_knife_camo_mastery_plat_ob,0,0,600,42087+41745,5000,,,,jup_jp23_me_knife_camo_mastery_plat_unlock_ob,,0
18442,jup_jp23_me_knife_camo_mastery_plat_unlock_ob,0,0,3,,,,,,,18186|18331|12593,0
18479,jup_jp23_me_knife_camo_mastery_dama_ob,0,0,900,43757+41556,7500,,,,jup_jp23_me_knife_camo_mastery_dama_unlock_ob,,0
18516,jup_jp23_me_knife_camo_mastery_dama_unlock_ob,0,0,3,,,,,,,18258|18405|12593,0
18553,jup_jp23_me_knife_camo_mastery_orion_ob,0,0,1200,43364+41459,10000,,,,jup_jp23_me_knife_camo_mastery_orion_unlock_ob,,0
18590,jup_jp23_me_knife_camo_mastery_orion_unlock_ob,0,0,3,,,,,,,17891|18479|12593,0
18626,jup_jp23_me_knife_mastery_completionist_ob,0,0,4,43256,,,,,,18331|18405|18479|18553,0
25986,jup_jp23_me_knife_camo_gold_wrapper,0,0,1,,,,,,,13485,0
26024,jup_jp23_me_knife_camo_plat_wrapper,0,0,1,,,,,,,13487,0
26062,jup_jp23_me_knife_camo_ob_gold_wrapper,0,0,1,,,,,,,18114,0
26100,jup_jp23_me_knife_camo_ob_plat_wrapper,0,0,1,,,,,,,18186,0
37991,jup_jp23_me_knife_prestige_unlock,0,0,5,,,,,,,,0
39029,jup_jp23_me_knife_camo_prestige_4,0,0,300000,68390,,,,,jup_jp23_me_knife_camo_prestige_3,,0
39156,jup_jp23_me_knife_camo_prestige_3,0,0,250000,68244,,,,,jup_jp23_me_knife_camo_prestige_2,,0
39283,jup_jp23_me_knife_camo_prestige_2,0,0,200000,63979,,,,,jup_jp23_me_knife_camo_prestige_1,,0
39409,jup_jp23_me_knife_camo_prestige_1,0,0,150000,62761,,,,,jup_jp23_me_knife_prestige_unlock,,0
18736,iw9_ar_mike4_camo_ob_1,0,0,250,44083,1000,,,,iw9_ar_mike4_base_camos_ob_unlock,,0
18803,iw9_ar_mike4_camo_ob_2,0,0,200,43877,1500,,,,iw9_ar_mike4_base_camos_ob_unlock,,0
18870,iw9_ar_mike4_camo_ob_3,0,0,30,43833,2000,,,,iw9_ar_mike4_base_camos_ob_unlock,,0
18937,iw9_ar_mike4_camo_ob_4,0,0,5,43933,2500,,,,iw9_ar_mike4_base_camos_ob_unlock,,0
19004,iw9_ar_mike4_camo_ob_gold,0,0,1,45516,4000,,,,iw9_ar_mike4_camo_ob_gold_unlock,,0
19071,iw9_ar_mike4_camo_ob_gold_unlock,0,0,4,,,,,,,18736|18803|18870|18937,0
19138,iw9_ar_mike4_camo_ob_plat,0,0,300,45597,5000,,,,iw9_ar_mike4_camo_plat_unlock_ob,,0
19205,iw9_ar_mike4_camo_plat_unlock_ob,0,0,2,,,,,,,26102|18711,0
19272,iw9_ar_mike4_camo_ob_dama,0,0,10,45678,7500,,,,iw9_ar_mike4_camo_dama_unlock_ob,,0
19339,iw9_ar_mike4_camo_dama_unlock_ob,0,0,2,,,,,,,26179|18713,0
19406,iw9_ar_mike4_camo_mastery_gold_ob,0,0,300,42213+41649,4000,,,,iw9_ar_mike4_camo_mastery_gold_unlock_ob,,0
19473,iw9_ar_mike4_camo_mastery_gold_unlock_ob,0,0,1,,,,,,,19004,0
19540,iw9_ar_mike4_camo_mastery_plat_ob,0,0,600,42086+41743,5000,,,,iw9_ar_mike4_camo_mastery_plat_unlock_ob,,0
19607,iw9_ar_mike4_camo_mastery_plat_unlock_ob,0,0,2,,,,,,,19138|19406,0
19674,iw9_ar_mike4_camo_mastery_dama_ob,0,0,900,42336+41554,7500,,,,iw9_ar_mike4_camo_mastery_dama_unlock_ob,,0
19741,iw9_ar_mike4_camo_mastery_dama_unlock_ob,0,0,2,,,,,,,19272|19540,0
19808,iw9_ar_mike4_camo_mastery_orion_ob,0,0,1200,43362+41457,10000,,,,iw9_ar_mike4_camo_mastery_orion_unlock_ob,,0
19875,iw9_ar_mike4_camo_mastery_orion_unlock_ob,0,0,2,,,,,,,18721|19674,0
19942,iw9_ar_mike4_mastery_completionist_ob,0,0,4,43262,,,,,,19406|19540|19674|19808,0
21834,iw9_ar_mike4_base_camos_ob_unlock,0,0,1|7|12|18,,,,,,,,0
26102,iw9_ar_mike4_camo_ob_gold_wrapper,0,0,1,,,,,,,19004,0
26179,iw9_ar_mike4_camo_ob_plat_wrapper,0,0,1,,,,,,,19138,0
37860,iw9_ar_mike4_prestige_unlock,0,0,19,,,,,,,,0
38926,iw9_ar_mike4_camo_prestige_4,0,0,300000,68330,,,,,iw9_ar_mike4_camo_prestige_3,,0
39053,iw9_ar_mike4_camo_prestige_3,0,0,250000,68185,,,,,iw9_ar_mike4_camo_prestige_2,,0
39180,iw9_ar_mike4_camo_prestige_2,0,0,200000,63919,,,,,iw9_ar_mike4_camo_prestige_1,,0
39307,iw9_ar_mike4_camo_prestige_1,0,0,150000,63840,,,,,iw9_ar_mike4_prestige_unlock,,0
18737,iw9_ar_mike16_camo_ob_1,0,0,250,43808,1000,,,,iw9_ar_mike16_base_camos_ob_unlock,,0
18804,iw9_ar_mike16_camo_ob_2,0,0,100,43795,1500,,,,iw9_ar_mike16_base_camos_ob_unlock,,0
18871,iw9_ar_mike16_camo_ob_3,0,0,200,43974,2000,,,,iw9_ar_mike16_base_camos_ob_unlock,,0
18938,iw9_ar_mike16_camo_ob_4,0,0,10,43882,2500,,,,iw9_ar_mike16_base_camos_ob_unlock,,0
19005,iw9_ar_mike16_camo_ob_gold,0,0,1,45512,4000,,,,iw9_ar_mike16_camo_ob_gold_unlock,,0
19072,iw9_ar_mike16_camo_ob_gold_unlock,0,0,4,,,,,,,18737|18804|18871|18938,0
19139,iw9_ar_mike16_camo_ob_plat,0,0,300,45593,5000,,,,iw9_ar_mike16_camo_plat_unlock_ob,,0
19206,iw9_ar_mike16_camo_plat_unlock_ob,0,0,2,,,,,,,26103|18711,0
19273,iw9_ar_mike16_camo_ob_dama,0,0,10,45674,7500,,,,iw9_ar_mike16_camo_dama_unlock_ob,,0
19340,iw9_ar_mike16_camo_dama_unlock_ob,0,0,2,,,,,,,26180|18713,0
19407,iw9_ar_mike16_camo_mastery_gold_ob,0,0,300,42212+41648,4000,,,,iw9_ar_mike16_camo_mastery_gold_unlock_ob,,0
19474,iw9_ar_mike16_camo_mastery_gold_unlock_ob,0,0,1,,,,,,,19005,0
19541,iw9_ar_mike16_camo_mastery_plat_ob,0,0,600,42085+41742,5000,,,,iw9_ar_mike16_camo_mastery_plat_unlock_ob,,0
19608,iw9_ar_mike16_camo_mastery_plat_unlock_ob,0,0,2,,,,,,,19139|19407,0
19675,iw9_ar_mike16_camo_mastery_dama_ob,0,0,900,42335+41553,7500,,,,iw9_ar_mike16_camo_mastery_dama_unlock_ob,,0
19742,iw9_ar_mike16_camo_mastery_dama_unlock_ob,0,0,2,,,,,,,19273|19541,0
19809,iw9_ar_mike16_camo_mastery_orion_ob,0,0,1200,43361+41456,10000,,,,iw9_ar_mike16_camo_mastery_orion_unlock_ob,,0
19876,iw9_ar_mike16_camo_mastery_orion_unlock_ob,0,0,2,,,,,,,18721|19675,0
19943,iw9_ar_mike16_mastery_completionist_ob,0,0,4,43259,,,,,,19407|19541|19675|19809,0
21847,iw9_ar_mike16_base_camos_ob_unlock,0,0,1|5|10|14,,,,,,,,0
26103,iw9_ar_mike16_camo_ob_gold_wrapper,0,0,1,,,,,,,19005,0
26180,iw9_ar_mike16_camo_ob_plat_wrapper,0,0,1,,,,,,,19139,0
37859,iw9_ar_mike16_prestige_unlock,0,0,15,,,,,,,,0
38925,iw9_ar_mike16_camo_prestige_4,0,0,300000,68326,,,,,iw9_ar_mike16_camo_prestige_3,,0
39052,iw9_ar_mike16_camo_prestige_3,0,0,250000,68181,,,,,iw9_ar_mike16_camo_prestige_2,,0
39179,iw9_ar_mike16_camo_prestige_2,0,0,200000,63915,,,,,iw9_ar_mike16_camo_prestige_1,,0
39306,iw9_ar_mike16_camo_prestige_1,0,0,150000,63836,,,,,iw9_ar_mike16_prestige_unlock,,0
18738,iw9_lm_foxtrot_camo_ob_1,0,0,250,43955,1000,,,,iw9_lm_foxtrot_base_camos_ob_unlock,,0
18805,iw9_lm_foxtrot_camo_ob_2,0,0,250,43904,1500,,,,iw9_lm_foxtrot_base_camos_ob_unlock,,0
18872,iw9_lm_foxtrot_camo_ob_3,0,0,5,44005,2000,,,,iw9_lm_foxtrot_base_camos_ob_unlock,,0
18939,iw9_lm_foxtrot_camo_ob_4,0,0,20,43811,2500,,,,iw9_lm_foxtrot_base_camos_ob_unlock,,0
19006,iw9_lm_foxtrot_camo_ob_gold,0,0,1,45491,4000,,,,iw9_lm_foxtrot_camo_ob_gold_unlock,,0
19073,iw9_lm_foxtrot_camo_ob_gold_unlock,0,0,4,,,,,,,18738|18805|18872|18939,0
19140,iw9_lm_foxtrot_camo_ob_plat,0,0,300,45572,5000,,,,iw9_lm_foxtrot_camo_plat_unlock_ob,,0
19207,iw9_lm_foxtrot_camo_plat_unlock_ob,0,0,2,,,,,,,26104|18725,0
19274,iw9_lm_foxtrot_camo_ob_dama,0,0,10,45653,7500,,,,iw9_lm_foxtrot_camo_dama_unlock_ob,,0
19341,iw9_lm_foxtrot_camo_dama_unlock_ob,0,0,2,,,,,,,26181|18713,0
19408,iw9_lm_foxtrot_camo_mastery_gold_ob,0,0,300,42209+41645,4000,,,,iw9_lm_foxtrot_camo_mastery_gold_unlock_ob,,0
19475,iw9_lm_foxtrot_camo_mastery_gold_unlock_ob,0,0,1,,,,,,,19006,0
19542,iw9_lm_foxtrot_camo_mastery_plat_ob,0,0,600,42082+41739,5000,,,,iw9_lm_foxtrot_camo_mastery_plat_unlock_ob,,0
19609,iw9_lm_foxtrot_camo_mastery_plat_unlock_ob,0,0,2,,,,,,,19140|19408,0
19676,iw9_lm_foxtrot_camo_mastery_dama_ob,0,0,900,42332+41550,7500,,,,iw9_lm_foxtrot_camo_mastery_dama_unlock_ob,,0
19743,iw9_lm_foxtrot_camo_mastery_dama_unlock_ob,0,0,2,,,,,,,19274|19542,0
19810,iw9_lm_foxtrot_camo_mastery_orion_ob,0,0,1200,43358+41453,10000,,,,iw9_lm_foxtrot_camo_mastery_orion_unlock_ob,,0
19877,iw9_lm_foxtrot_camo_mastery_orion_unlock_ob,0,0,2,,,,,,,18721|19676,0
19944,iw9_lm_foxtrot_mastery_completionist_ob,0,0,4,43205,,,,,,19408|19542|19676|19810,0
21872,iw9_lm_foxtrot_base_camos_ob_unlock,0,0,1|5|10|14,,,,,,,,0
26104,iw9_lm_foxtrot_camo_ob_gold_wrapper,0,0,1,,,,,,,19006,0
26181,iw9_lm_foxtrot_camo_ob_plat_wrapper,0,0,1,,,,,,,19140,0
37885,iw9_lm_foxtrot_prestige_unlock,0,0,15,,,,,,,,0
38948,iw9_lm_foxtrot_camo_prestige_4,0,0,300000,68305,,,,,iw9_lm_foxtrot_camo_prestige_3,,0
39075,iw9_lm_foxtrot_camo_prestige_3,0,0,250000,68160,,,,,iw9_lm_foxtrot_camo_prestige_2,,0
39202,iw9_lm_foxtrot_camo_prestige_2,0,0,200000,63894,,,,,iw9_lm_foxtrot_camo_prestige_1,,0
39329,iw9_lm_foxtrot_camo_prestige_1,0,0,150000,63815,,,,,iw9_lm_foxtrot_prestige_unlock,,0
18739,iw9_br_msecho_camo_ob_1,0,0,250,43814,1000,,,,iw9_br_msecho_base_camos_ob_unlock,,0
18806,iw9_br_msecho_camo_ob_2,0,0,250,43934,1500,,,,iw9_br_msecho_base_camos_ob_unlock,,0
18873,iw9_br_msecho_camo_ob_3,0,0,250,44089,2000,,,,iw9_br_msecho_base_camos_ob_unlock,,0
18940,iw9_br_msecho_camo_ob_4,0,0,200,44000,2500,,,,iw9_br_msecho_base_camos_ob_unlock,,0
19007,iw9_br_msecho_camo_ob_gold,0,0,1,45522,4000,,,,iw9_br_msecho_camo_ob_gold_unlock,,0
19074,iw9_br_msecho_camo_ob_gold_unlock,0,0,4,,,,,,,18739|18806|18873|18940,0
19141,iw9_br_msecho_camo_ob_plat,0,0,300,45603,5000,,,,iw9_br_msecho_camo_plat_unlock_ob,,0
19208,iw9_br_msecho_camo_plat_unlock_ob,0,0,2,,,,,,,26105|18719,0
19275,iw9_br_msecho_camo_ob_dama,0,0,10,45684,7500,,,,iw9_br_msecho_camo_dama_unlock_ob,,0
19342,iw9_br_msecho_camo_dama_unlock_ob,0,0,2,,,,,,,26182|18713,0
19409,iw9_br_msecho_camo_mastery_gold_ob,0,0,300,42210+41646,4000,,,,iw9_br_msecho_camo_mastery_gold_unlock_ob,,0
19476,iw9_br_msecho_camo_mastery_gold_unlock_ob,0,0,1,,,,,,,19007,0
19543,iw9_br_msecho_camo_mastery_plat_ob,0,0,600,42083+41740,5000,,,,iw9_br_msecho_camo_mastery_plat_unlock_ob,,0
19610,iw9_br_msecho_camo_mastery_plat_unlock_ob,0,0,2,,,,,,,19141|19409,0
19677,iw9_br_msecho_camo_mastery_dama_ob,0,0,900,42333+41551,7500,,,,iw9_br_msecho_camo_mastery_dama_unlock_ob,,0
19744,iw9_br_msecho_camo_mastery_dama_unlock_ob,0,0,2,,,,,,,19275|19543,0
19811,iw9_br_msecho_camo_mastery_orion_ob,0,0,1200,43359+41454,10000,,,,iw9_br_msecho_camo_mastery_orion_unlock_ob,,0
19878,iw9_br_msecho_camo_mastery_orion_unlock_ob,0,0,2,,,,,,,18721|19677,0
19945,iw9_br_msecho_mastery_completionist_ob,0,0,4,43266,,,,,,19409|19543|19677|19811,0
21852,iw9_br_msecho_base_camos_ob_unlock,0,0,1|8|14|21,,,,,,,,0
26105,iw9_br_msecho_camo_ob_gold_wrapper,0,0,1,,,,,,,19007,0
26182,iw9_br_msecho_camo_ob_plat_wrapper,0,0,1,,,,,,,19141,0
37865,iw9_br_msecho_prestige_unlock,0,0,22,,,,,,,,0
38930,iw9_br_msecho_camo_prestige_4,0,0,300000,68336,,,,,iw9_br_msecho_camo_prestige_3,,0
39057,iw9_br_msecho_camo_prestige_3,0,0,250000,68191,,,,,iw9_br_msecho_camo_prestige_2,,0
39184,iw9_br_msecho_camo_prestige_2,0,0,200000,63925,,,,,iw9_br_msecho_camo_prestige_1,,0
39311,iw9_br_msecho_camo_prestige_1,0,0,150000,63846,,,,,iw9_br_msecho_prestige_unlock,,0
18740,iw9_sm_alpha57_camo_ob_1,0,0,250,43923,1000,,,,iw9_sm_alpha57_base_camos_ob_unlock,,0
18807,iw9_sm_alpha57_camo_ob_2,0,0,250,43953,1500,,,,iw9_sm_alpha57_base_camos_ob_unlock,,0
18874,iw9_sm_alpha57_camo_ob_3,0,0,250,44026,2000,,,,iw9_sm_alpha57_base_camos_ob_unlock,,0
18941,iw9_sm_alpha57_camo_ob_4,0,0,250,44070,2500,,,,iw9_sm_alpha57_base_camos_ob_unlock,,0
19008,iw9_sm_alpha57_camo_ob_gold,0,0,1,45480,4000,,,,iw9_sm_alpha57_camo_ob_gold_unlock,,0
19075,iw9_sm_alpha57_camo_ob_gold_unlock,0,0,4,,,,,,,18740|18807|18874|18941,0
19142,iw9_sm_alpha57_camo_ob_plat,0,0,300,45561,5000,,,,iw9_sm_alpha57_camo_plat_unlock_ob,,0
19209,iw9_sm_alpha57_camo_plat_unlock_ob,0,0,2,,,,,,,26106|18715,0
19276,iw9_sm_alpha57_camo_ob_dama,0,0,10,45642,7500,,,,iw9_sm_alpha57_camo_dama_unlock_ob,,0
19343,iw9_sm_alpha57_camo_dama_unlock_ob,0,0,2,,,,,,,26183|18713,0
19410,iw9_sm_alpha57_camo_mastery_gold_ob,0,0,300,42211+41647,4000,,,,iw9_sm_alpha57_camo_mastery_gold_unlock_ob,,0
19477,iw9_sm_alpha57_camo_mastery_gold_unlock_ob,0,0,1,,,,,,,19008,0
19544,iw9_sm_alpha57_camo_mastery_plat_ob,0,0,600,42084+41741,5000,,,,iw9_sm_alpha57_camo_mastery_plat_unlock_ob,,0
19611,iw9_sm_alpha57_camo_mastery_plat_unlock_ob,0,0,2,,,,,,,19142|19410,0
19678,iw9_sm_alpha57_camo_mastery_dama_ob,0,0,900,42334+41552,7500,,,,iw9_sm_alpha57_camo_mastery_dama_unlock_ob,,0
19745,iw9_sm_alpha57_camo_mastery_dama_unlock_ob,0,0,2,,,,,,,19276|19544,0
19812,iw9_sm_alpha57_camo_mastery_orion_ob,0,0,1200,43360+41455,10000,,,,iw9_sm_alpha57_camo_mastery_orion_unlock_ob,,0
19879,iw9_sm_alpha57_camo_mastery_orion_unlock_ob,0,0,2,,,,,,,18721|19678,0
19946,iw9_sm_alpha57_mastery_completionist_ob,0,0,4,43169,,,,,,19410|19544|19678|19812,0
21896,iw9_sm_alpha57_base_camos_ob_unlock,0,0,1|5|9|13,,,,,,,,0
26106,iw9_sm_alpha57_camo_ob_gold_wrapper,0,0,1,,,,,,,19008,0
26183,iw9_sm_alpha57_camo_ob_plat_wrapper,0,0,1,,,,,,,19142,0
37913,iw9_sm_alpha57_prestige_unlock,0,0,15,,,,,,,,0
38975,iw9_sm_alpha57_camo_prestige_4,0,0,300000,68295,,,,,iw9_sm_alpha57_camo_prestige_3,,0
39102,iw9_sm_alpha57_camo_prestige_3,0,0,250000,68150,,,,,iw9_sm_alpha57_camo_prestige_2,,0
39229,iw9_sm_alpha57_camo_prestige_2,0,0,200000,63884,,,,,iw9_sm_alpha57_camo_prestige_1,,0
39356,iw9_sm_alpha57_camo_prestige_1,0,0,150000,63805,,,,,iw9_sm_alpha57_prestige_unlock,,0
18741,iw9_ar_golf3_camo_ob_1,0,0,250,43807,1000,,,,iw9_ar_golf3_base_camos_ob_unlock,,0
18808,iw9_ar_golf3_camo_ob_2,0,0,250,43924,1500,,,,iw9_ar_golf3_base_camos_ob_unlock,,0
18875,iw9_ar_golf3_camo_ob_3,0,0,50,43906,2000,,,,iw9_ar_golf3_base_camos_ob_unlock,,0
18942,iw9_ar_golf3_camo_ob_4,0,0,250,43856,2500,,,,iw9_ar_golf3_base_camos_ob_unlock,,0
25605,iw9_br_golf3_camo_ob_gold,0,0,1,45494,4000,,,,iw9_ar_golf3_camo_ob_gold_unlock,,0
19076,iw9_ar_golf3_camo_ob_gold_unlock,0,0,4,,,,,,,18741|18808|18875|18942,0
19143,iw9_ar_golf3_camo_ob_plat,0,0,300,45575,5000,,,,iw9_br_golf3_camo_plat_unlock_ob,,0
26592,iw9_br_golf3_camo_plat_unlock_ob,0,0,2,,,,,,,26107|18719,0
19277,iw9_ar_golf3_camo_ob_dama,0,0,10,45656,7500,,,,iw9_ar_golf3_camo_dama_unlock_ob,,0
19344,iw9_ar_golf3_camo_dama_unlock_ob,0,0,2,,,,,,,26184|18713,0
19411,iw9_ar_golf3_camo_mastery_gold_ob,0,0,300,42206+41642,4000,,,,iw9_ar_golf3_camo_mastery_gold_unlock_ob,,0
19478,iw9_ar_golf3_camo_mastery_gold_unlock_ob,0,0,1,,,,,,,25605,0
19545,iw9_ar_golf3_camo_mastery_plat_ob,0,0,600,42079+41736,5000,,,,iw9_ar_golf3_camo_mastery_plat_unlock_ob,,0
19612,iw9_ar_golf3_camo_mastery_plat_unlock_ob,0,0,2,,,,,,,19143|19411,0
19679,iw9_ar_golf3_camo_mastery_dama_ob,0,0,900,42329+41548,7500,,,,iw9_ar_golf3_camo_mastery_dama_unlock_ob,,0
19746,iw9_ar_golf3_camo_mastery_dama_unlock_ob,0,0,2,,,,,,,19277|19545,0
19813,iw9_ar_golf3_camo_mastery_orion_ob,0,0,1200,43355+41450,10000,,,,iw9_ar_golf3_camo_mastery_orion_unlock_ob,,0
19880,iw9_ar_golf3_camo_mastery_orion_unlock_ob,0,0,2,,,,,,,18721|19679,0
19947,iw9_ar_golf3_mastery_completionist_ob,0,0,4,43209,,,,,,19411|19545|19679|19813,0
21842,iw9_ar_golf3_base_camos_ob_unlock,0,0,1|6|12|17,,,,,,,,0
26107,iw9_ar_golf3_camo_ob_gold_wrapper,0,0,1,,,,,,,25605,0
26184,iw9_ar_golf3_camo_ob_plat_wrapper,0,0,1,,,,,,,19143,0
37853,iw9_ar_golf3_prestige_unlock,0,0,18,,,,,,,,0
38919,iw9_ar_golf3_camo_prestige_4,0,0,300000,68308,,,,,iw9_ar_golf3_camo_prestige_3,,0
39046,iw9_ar_golf3_camo_prestige_3,0,0,250000,68163,,,,,iw9_ar_golf3_camo_prestige_2,,0
39173,iw9_ar_golf3_camo_prestige_2,0,0,200000,63897,,,,,iw9_ar_golf3_camo_prestige_1,,0
39300,iw9_ar_golf3_camo_prestige_1,0,0,150000,63818,,,,,iw9_ar_golf3_prestige_unlock,,0
18742,iw9_sm_mpapa5_camo_ob_1,0,0,250,44106,1000,,,,iw9_sm_mpapa5_base_camos_ob_unlock,,0
18809,iw9_sm_mpapa5_camo_ob_2,0,0,250,44094,1500,,,,iw9_sm_mpapa5_base_camos_ob_unlock,,0
18876,iw9_sm_mpapa5_camo_ob_3,0,0,100,44063,2000,,,,iw9_sm_mpapa5_base_camos_ob_unlock,,0
18943,iw9_sm_mpapa5_camo_ob_4,0,0,250,43834,2500,,,,iw9_sm_mpapa5_base_camos_ob_unlock,,0
19010,iw9_sm_mpapa5_camo_ob_gold,0,0,1,45518,4000,,,,iw9_sm_mpapa5_camo_ob_gold_unlock,,0
19077,iw9_sm_mpapa5_camo_ob_gold_unlock,0,0,4,,,,,,,18742|18809|18876|18943,0
19144,iw9_sm_mpapa5_camo_ob_plat,0,0,300,45599,5000,,,,iw9_sm_mpapa5_camo_plat_unlock_ob,,0
19211,iw9_sm_mpapa5_camo_plat_unlock_ob,0,0,2,,,,,,,26108|18715,0
19278,iw9_sm_mpapa5_camo_ob_dama,0,0,10,45680,7500,,,,iw9_sm_mpapa5_camo_dama_unlock_ob,,0
19345,iw9_sm_mpapa5_camo_dama_unlock_ob,0,0,2,,,,,,,26185|18713,0
19412,iw9_sm_mpapa5_camo_mastery_gold_ob,0,0,300,42207+41643,4000,,,,iw9_sm_mpapa5_camo_mastery_gold_unlock_ob,,0
19479,iw9_sm_mpapa5_camo_mastery_gold_unlock_ob,0,0,1,,,,,,,19010,0
19546,iw9_sm_mpapa5_camo_mastery_plat_ob,0,0,600,42080+41737,5000,,,,iw9_sm_mpapa5_camo_mastery_plat_unlock_ob,,0
19613,iw9_sm_mpapa5_camo_mastery_plat_unlock_ob,0,0,2,,,,,,,19144|19412,0
19680,iw9_sm_mpapa5_camo_mastery_dama_ob,0,0,900,42330+44200,7500,,,,iw9_sm_mpapa5_camo_mastery_dama_unlock_ob,,0
19747,iw9_sm_mpapa5_camo_mastery_dama_unlock_ob,0,0,2,,,,,,,19278|19546,0
19814,iw9_sm_mpapa5_camo_mastery_orion_ob,0,0,1200,43356+41451,10000,,,,iw9_sm_mpapa5_camo_mastery_orion_unlock_ob,,0
19881,iw9_sm_mpapa5_camo_mastery_orion_unlock_ob,0,0,2,,,,,,,18721|19680,0
19948,iw9_sm_mpapa5_mastery_completionist_ob,0,0,4,43264,,,,,,19412|19546|19680|19814,0
21900,iw9_sm_mpapa5_base_camos_ob_unlock,0,0,1|6|12|17,,,,,,,,0
26108,iw9_sm_mpapa5_camo_ob_gold_wrapper,0,0,1,,,,,,,19010,0
26185,iw9_sm_mpapa5_camo_ob_plat_wrapper,0,0,1,,,,,,,19144,0
37917,iw9_sm_mpapa5_prestige_unlock,0,0,18,,,,,,,,0
38979,iw9_sm_mpapa5_camo_prestige_4,0,0,300000,68332,,,,,iw9_sm_mpapa5_camo_prestige_3,,0
39106,iw9_sm_mpapa5_camo_prestige_3,0,0,250000,68187,,,,,iw9_sm_mpapa5_camo_prestige_2,,0
39233,iw9_sm_mpapa5_camo_prestige_2,0,0,200000,63921,,,,,iw9_sm_mpapa5_camo_prestige_1,,0
39360,iw9_sm_mpapa5_camo_prestige_1,0,0,150000,63842,,,,,iw9_sm_mpapa5_prestige_unlock,,0
18743,iw9_lm_kilo21_camo_ob_1,0,0,250,43922,1000,,,,iw9_lm_kilo21_base_camos_ob_unlock,,0
18810,iw9_lm_kilo21_camo_ob_2,0,0,20,43864,1500,,,,iw9_lm_kilo21_base_camos_ob_unlock,,0
18877,iw9_lm_kilo21_camo_ob_3,0,0,10,43982,2000,,,,iw9_lm_kilo21_base_camos_ob_unlock,,0
18944,iw9_lm_kilo21_camo_ob_4,0,0,10,43790,2500,,,,iw9_lm_kilo21_base_camos_ob_unlock,,0
19011,iw9_lm_kilo21_camo_ob_gold,0,0,1,45501,4000,,,,iw9_lm_kilo21_camo_ob_gold_unlock,,0
19078,iw9_lm_kilo21_camo_ob_gold_unlock,0,0,4,,,,,,,18743|18810|18877|18944,0
19145,iw9_lm_kilo21_camo_ob_plat,0,0,300,45582,5000,,,,iw9_lm_kilo21_camo_plat_unlock_ob,,0
19212,iw9_lm_kilo21_camo_plat_unlock_ob,0,0,2,,,,,,,26109|18725,0
19279,iw9_lm_kilo21_camo_ob_dama,0,0,10,45663,7500,,,,iw9_lm_kilo21_camo_dama_unlock_ob,,0
19346,iw9_lm_kilo21_camo_dama_unlock_ob,0,0,2,,,,,,,26186|18713,0
19413,iw9_lm_kilo21_camo_mastery_gold_ob,0,0,300,42320+41640,4000,,,,iw9_lm_kilo21_camo_mastery_gold_unlock_ob,,0
19480,iw9_lm_kilo21_camo_mastery_gold_unlock_ob,0,0,1,,,,,,,19011,0
19547,iw9_lm_kilo21_camo_mastery_plat_ob,0,0,600,42077+41734,5000,,,,iw9_lm_kilo21_camo_mastery_plat_unlock_ob,,0
19614,iw9_lm_kilo21_camo_mastery_plat_unlock_ob,0,0,2,,,,,,,19145|19413,0
19681,iw9_lm_kilo21_camo_mastery_dama_ob,0,0,900,42327+41546,7500,,,,iw9_lm_kilo21_camo_mastery_dama_unlock_ob,,0
19748,iw9_lm_kilo21_camo_mastery_dama_unlock_ob,0,0,2,,,,,,,19279|19547,0
19815,iw9_lm_kilo21_camo_mastery_orion_ob,0,0,1200,43353+41448,10000,,,,iw9_lm_kilo21_camo_mastery_orion_unlock_ob,,0
19882,iw9_lm_kilo21_camo_mastery_orion_unlock_ob,0,0,2,,,,,,,18721|19681,0
19949,iw9_lm_kilo21_mastery_completionist_ob,0,0,4,43236,,,,,,19413|19547|19681|19815,0
21873,iw9_lm_kilo21_base_camos_ob_unlock,0,0,1|6|12|17,,,,,,,,0
26109,iw9_lm_kilo21_camo_ob_gold_wrapper,0,0,1,,,,,,,19011,0
26186,iw9_lm_kilo21_camo_ob_plat_wrapper,0,0,1,,,,,,,19145,0
37886,iw9_lm_kilo21_prestige_unlock,0,0,18,,,,,,,,0
38949,iw9_lm_kilo21_camo_prestige_4,0,0,300000,68315,,,,,iw9_lm_kilo21_camo_prestige_3,,0
39076,iw9_lm_kilo21_camo_prestige_3,0,0,250000,68170,,,,,iw9_lm_kilo21_camo_prestige_2,,0
39203,iw9_lm_kilo21_camo_prestige_2,0,0,200000,63904,,,,,iw9_lm_kilo21_camo_prestige_1,,0
39330,iw9_lm_kilo21_camo_prestige_1,0,0,150000,63825,,,,,iw9_lm_kilo21_prestige_unlock,,0
18744,iw9_ar_kilo53_camo_ob_1,0,0,250,43952,1000,,,,iw9_ar_kilo53_base_camos_ob_unlock,,0
18811,iw9_ar_kilo53_camo_ob_2,0,0,250,44047,1500,,,,iw9_ar_kilo53_base_camos_ob_unlock,,0
18878,iw9_ar_kilo53_camo_ob_3,0,0,10,44108,2000,,,,iw9_ar_kilo53_base_camos_ob_unlock,,0
18945,iw9_ar_kilo53_camo_ob_4,0,0,100,43954,2500,,,,iw9_ar_kilo53_base_camos_ob_unlock,,0
19012,iw9_ar_kilo53_camo_ob_gold,0,0,1,45502,4000,,,,iw9_ar_kilo53_camo_ob_gold_unlock,,0
19079,iw9_ar_kilo53_camo_ob_gold_unlock,0,0,4,,,,,,,18744|18811|18878|18945,0
19146,iw9_ar_kilo53_camo_ob_plat,0,0,300,45583,5000,,,,iw9_ar_kilo53_camo_plat_unlock_ob,,0
19213,iw9_ar_kilo53_camo_plat_unlock_ob,0,0,2,,,,,,,26110|18711,0
19280,iw9_ar_kilo53_camo_ob_dama,0,0,10,45664,7500,,,,iw9_ar_kilo53_camo_dama_unlock_ob,,0
19347,iw9_ar_kilo53_camo_dama_unlock_ob,0,0,2,,,,,,,26187|18713,0
19414,iw9_ar_kilo53_camo_mastery_gold_ob,0,0,300,42208+41644,4000,,,,iw9_ar_kilo53_camo_mastery_gold_unlock_ob,,0
19481,iw9_ar_kilo53_camo_mastery_gold_unlock_ob,0,0,1,,,,,,,19012,0
19548,iw9_ar_kilo53_camo_mastery_plat_ob,0,0,600,42081+41738,5000,,,,iw9_ar_kilo53_camo_mastery_plat_unlock_ob,,0
19615,iw9_ar_kilo53_camo_mastery_plat_unlock_ob,0,0,2,,,,,,,19146|19414,0
19682,iw9_ar_kilo53_camo_mastery_dama_ob,0,0,900,42331+41549,7500,,,,iw9_ar_kilo53_camo_mastery_dama_unlock_ob,,0
19749,iw9_ar_kilo53_camo_mastery_dama_unlock_ob,0,0,2,,,,,,,19280|19548,0
19816,iw9_ar_kilo53_camo_mastery_orion_ob,0,0,1200,43357+41452,10000,,,,iw9_ar_kilo53_camo_mastery_orion_unlock_ob,,0
19883,iw9_ar_kilo53_camo_mastery_orion_unlock_ob,0,0,2,,,,,,,18721|19682,0
19950,iw9_ar_kilo53_mastery_completionist_ob,0,0,4,43237,,,,,,19414|19548|19682|19816,0
21844,iw9_ar_kilo53_base_camos_ob_unlock,0,0,1|7|13|18,,,,,,,,0
26110,iw9_ar_kilo53_camo_ob_gold_wrapper,0,0,1,,,,,,,19012,0
26187,iw9_ar_kilo53_camo_ob_plat_wrapper,0,0,1,,,,,,,19146,0
37855,iw9_ar_kilo53_prestige_unlock,0,0,19,,,,,,,,0
38921,iw9_ar_kilo53_camo_prestige_4,0,0,300000,68316,,,,,iw9_ar_kilo53_camo_prestige_3,,0
39048,iw9_ar_kilo53_camo_prestige_3,0,0,250000,68171,,,,,iw9_ar_kilo53_camo_prestige_2,,0
39175,iw9_ar_kilo53_camo_prestige_2,0,0,200000,63905,,,,,iw9_ar_kilo53_camo_prestige_1,,0
39302,iw9_ar_kilo53_camo_prestige_1,0,0,150000,63826,,,,,iw9_ar_kilo53_prestige_unlock,,0
18745,iw9_dm_pgolf1_camo_ob_1,0,0,250,43901,1000,,,,iw9_dm_pgolf1_base_camos_ob_unlock,,0
18812,iw9_dm_pgolf1_camo_ob_2,0,0,250,43997,1500,,,,iw9_dm_pgolf1_base_camos_ob_unlock,,0
18879,iw9_dm_pgolf1_camo_ob_3,0,0,250,43881,2000,,,,iw9_dm_pgolf1_base_camos_ob_unlock,,0
18946,iw9_dm_pgolf1_camo_ob_4,0,0,200,43860,2500,,,,iw9_dm_pgolf1_base_camos_ob_unlock,,0
19013,iw9_dm_pgolf1_camo_ob_gold,0,0,1,45528,4000,,,,iw9_dm_pgolf1_camo_ob_gold_unlock,,0
19080,iw9_dm_pgolf1_camo_ob_gold_unlock,0,0,4,,,,,,,18745|18812|18879|18946,0
19147,iw9_dm_pgolf1_camo_ob_plat,0,0,300,45609,5000,,,,iw9_dm_pgolf1_camo_plat_unlock_ob,,0
19214,iw9_dm_pgolf1_camo_plat_unlock_ob,0,0,2,,,,,,,26111|18729,0
19281,iw9_dm_pgolf1_camo_ob_dama,0,0,10,45690,7500,,,,iw9_dm_pgolf1_camo_dama_unlock_ob,,0
19348,iw9_dm_pgolf1_camo_dama_unlock_ob,0,0,2,,,,,,,26188|18713,0
19415,iw9_dm_pgolf1_camo_mastery_gold_ob,0,0,300,42205+41641,4000,,,,iw9_dm_pgolf1_camo_mastery_gold_unlock_ob,,0
19482,iw9_dm_pgolf1_camo_mastery_gold_unlock_ob,0,0,1,,,,,,,19013,0
19549,iw9_dm_pgolf1_camo_mastery_plat_ob,0,0,600,42078+41735,5000,,,,iw9_dm_pgolf1_camo_mastery_plat_unlock_ob,,0
19616,iw9_dm_pgolf1_camo_mastery_plat_unlock_ob,0,0,2,,,,,,,19147|19415,0
19683,iw9_dm_pgolf1_camo_mastery_dama_ob,0,0,900,42328+41547,7500,,,,iw9_dm_pgolf1_camo_mastery_dama_unlock_ob,,0
19750,iw9_dm_pgolf1_camo_mastery_dama_unlock_ob,0,0,2,,,,,,,19281|19549,0
19817,iw9_dm_pgolf1_camo_mastery_orion_ob,0,0,1200,43354+41449,10000,,,,iw9_dm_pgolf1_camo_mastery_orion_unlock_ob,,0
19884,iw9_dm_pgolf1_camo_mastery_orion_unlock_ob,0,0,2,,,,,,,18721|19683,0
19951,iw9_dm_pgolf1_mastery_completionist_ob,0,0,4,43270,,,,,,19415|19549|19683|19817,0
21859,iw9_dm_pgolf1_base_camos_ob_unlock,0,0,1|4|8|11,,,,,,,,0
26111,iw9_dm_pgolf1_camo_ob_gold_wrapper,0,0,1,,,,,,,19013,0
26188,iw9_dm_pgolf1_camo_ob_plat_wrapper,0,0,1,,,,,,,19147,0
37872,iw9_dm_pgolf1_prestige_unlock,0,0,12,,,,,,,,0
38937,iw9_dm_pgolf1_camo_prestige_4,0,0,300000,68342,,,,,iw9_dm_pgolf1_camo_prestige_3,,0
39064,iw9_dm_pgolf1_camo_prestige_3,0,0,250000,68197,,,,,iw9_dm_pgolf1_camo_prestige_2,,0
39191,iw9_dm_pgolf1_camo_prestige_2,0,0,200000,63931,,,,,iw9_dm_pgolf1_camo_prestige_1,,0
39318,iw9_dm_pgolf1_camo_prestige_1,0,0,150000,63852,,,,,iw9_dm_pgolf1_prestige_unlock,,0
18746,iw9_ar_augolf_camo_ob_1,0,0,250,43945,1000,,,,iw9_ar_augolf_base_camos_ob_unlock,,0
18813,iw9_ar_augolf_camo_ob_2,0,0,10,44017,1500,,,,iw9_ar_augolf_base_camos_ob_unlock,,0
18880,iw9_ar_augolf_camo_ob_3,0,0,250,44024,2000,,,,iw9_ar_augolf_base_camos_ob_unlock,,0
18947,iw9_ar_augolf_camo_ob_4,0,0,250,44086,2500,,,,iw9_ar_augolf_base_camos_ob_unlock,,0
19014,iw9_ar_augolf_camo_ob_gold,0,0,1,45482,4000,,,,iw9_ar_augolf_camo_ob_gold_unlock,,0
19081,iw9_ar_augolf_camo_ob_gold_unlock,0,0,4,,,,,,,18746|18813|18880|18947,0
19148,iw9_ar_augolf_camo_ob_plat,0,0,300,45563,5000,,,,iw9_ar_augolf_camo_plat_unlock_ob,,0
19215,iw9_ar_augolf_camo_plat_unlock_ob,0,0,2,,,,,,,26112|18711,0
19282,iw9_ar_augolf_camo_ob_dama,0,0,10,45644,7500,,,,iw9_ar_augolf_camo_dama_unlock_ob,,0
19349,iw9_ar_augolf_camo_dama_unlock_ob,0,0,2,,,,,,,26189|18713,0
19416,iw9_ar_augolf_camo_mastery_gold_ob,0,0,300,42319+41639,4000,,,,iw9_ar_augolf_camo_mastery_gold_unlock_ob,,0
19483,iw9_ar_augolf_camo_mastery_gold_unlock_ob,0,0,1,,,,,,,19014,0
19550,iw9_ar_augolf_camo_mastery_plat_ob,0,0,600,42076+41733,5000,,,,iw9_ar_augolf_camo_mastery_plat_unlock_ob,,0
19617,iw9_ar_augolf_camo_mastery_plat_unlock_ob,0,0,2,,,,,,,19148|19416,0
19684,iw9_ar_augolf_camo_mastery_dama_ob,0,0,900,42326+41545,7500,,,,iw9_ar_augolf_camo_mastery_dama_unlock_ob,,0
19751,iw9_ar_augolf_camo_mastery_dama_unlock_ob,0,0,2,,,,,,,19282|19550,0
19818,iw9_ar_augolf_camo_mastery_orion_ob,0,0,1200,43352+41447,10000,,,,iw9_ar_augolf_camo_mastery_orion_unlock_ob,,0
19885,iw9_ar_augolf_camo_mastery_orion_unlock_ob,0,0,2,,,,,,,18721|19684,0
19952,iw9_ar_augolf_mastery_completionist_ob,0,0,4,43182,,,,,,19416|19550|19684|19818,0
21839,iw9_ar_augolf_base_camos_ob_unlock,0,0,1|7|13|19,,,,,,,,0
26112,iw9_ar_augolf_camo_ob_gold_wrapper,0,0,1,,,,,,,19014,0
26189,iw9_ar_augolf_camo_ob_plat_wrapper,0,0,1,,,,,,,19148,0
37850,iw9_ar_augolf_prestige_unlock,0,0,20,,,,,,,,0
38917,iw9_ar_augolf_camo_prestige_4,0,0,300000,68297,,,,,iw9_ar_augolf_camo_prestige_3,,0
39044,iw9_ar_augolf_camo_prestige_3,0,0,250000,68152,,,,,iw9_ar_augolf_camo_prestige_2,,0
39171,iw9_ar_augolf_camo_prestige_2,0,0,200000,63886,,,,,iw9_ar_augolf_camo_prestige_1,,0
39298,iw9_ar_augolf_camo_prestige_1,0,0,150000,63807,,,,,iw9_ar_augolf_prestige_unlock,,0
18747,iw9_sm_apapa_camo_ob_1,0,0,250,44061,1000,,,,iw9_sm_apapa_base_camos_ob_unlock,,0
18814,iw9_sm_apapa_camo_ob_2,0,0,250,44117,1500,,,,iw9_sm_apapa_base_camos_ob_unlock,,0
18881,iw9_sm_apapa_camo_ob_3,0,0,250,43928,2000,,,,iw9_sm_apapa_base_camos_ob_unlock,,0
18948,iw9_sm_apapa_camo_ob_4,0,0,10,44065,2500,,,,iw9_sm_apapa_base_camos_ob_unlock,,0
19015,iw9_sm_apapa_camo_ob_gold,0,0,1,45481,4000,,,,iw9_sm_apapa_camo_ob_gold_unlock,,0
19082,iw9_sm_apapa_camo_ob_gold_unlock,0,0,4,,,,,,,18747|18814|18881|18948,0
19149,iw9_sm_apapa_camo_ob_plat,0,0,300,45562,5000,,,,iw9_sm_apapa_camo_plat_unlock_ob,,0
19216,iw9_sm_apapa_camo_plat_unlock_ob,0,0,2,,,,,,,26113|18715,0
19283,iw9_sm_apapa_camo_ob_dama,0,0,10,45643,7500,,,,iw9_sm_apapa_camo_dama_unlock_ob,,0
19350,iw9_sm_apapa_camo_dama_unlock_ob,0,0,2,,,,,,,26190|18713,0
19417,iw9_sm_apapa_camo_mastery_gold_ob,0,0,300,42318+41638,4000,,,,iw9_sm_apapa_camo_mastery_gold_unlock_ob,,0
19484,iw9_sm_apapa_camo_mastery_gold_unlock_ob,0,0,1,,,,,,,19015,0
19551,iw9_sm_apapa_camo_mastery_plat_ob,0,0,600,42075+41732,5000,,,,iw9_sm_apapa_camo_mastery_plat_unlock_ob,,0
19618,iw9_sm_apapa_camo_mastery_plat_unlock_ob,0,0,2,,,,,,,19149|19417,0
19685,iw9_sm_apapa_camo_mastery_dama_ob,0,0,900,42325+41544,7500,,,,iw9_sm_apapa_camo_mastery_dama_unlock_ob,,0
19752,iw9_sm_apapa_camo_mastery_dama_unlock_ob,0,0,2,,,,,,,19283|19551,0
19819,iw9_sm_apapa_camo_mastery_orion_ob,0,0,1200,43351+41446,10000,,,,iw9_sm_apapa_camo_mastery_orion_unlock_ob,,0
19886,iw9_sm_apapa_camo_mastery_orion_unlock_ob,0,0,2,,,,,,,18721|19685,0
19953,iw9_sm_apapa_mastery_completionist_ob,0,0,4,43171,,,,,,19417|19551|19685|19819,0
21897,iw9_sm_apapa_base_camos_ob_unlock,0,0,1|6|10|15,,,,,,,,0
26113,iw9_sm_apapa_camo_ob_gold_wrapper,0,0,1,,,,,,,19015,0
26190,iw9_sm_apapa_camo_ob_plat_wrapper,0,0,1,,,,,,,19149,0
37914,iw9_sm_apapa_prestige_unlock,0,0,19,,,,,,,,0
38976,iw9_sm_apapa_camo_prestige_4,0,0,300000,68296,,,,,iw9_sm_apapa_camo_prestige_3,,0
39103,iw9_sm_apapa_camo_prestige_3,0,0,250000,68151,,,,,iw9_sm_apapa_camo_prestige_2,,0
39230,iw9_sm_apapa_camo_prestige_2,0,0,200000,63885,,,,,iw9_sm_apapa_camo_prestige_1,,0
39357,iw9_sm_apapa_camo_prestige_1,0,0,150000,63806,,,,,iw9_sm_apapa_prestige_unlock,,0
18748,iw9_lm_ahotel_camo_ob_1,0,0,250,43991,1000,,,,iw9_lm_ahotel_base_camos_ob_unlock,,0
18815,iw9_lm_ahotel_camo_ob_2,0,0,250,44002,1500,,,,iw9_lm_ahotel_base_camos_ob_unlock,,0
18882,iw9_lm_ahotel_camo_ob_3,0,0,250,43996,2000,,,,iw9_lm_ahotel_base_camos_ob_unlock,,0
18949,iw9_lm_ahotel_camo_ob_4,0,0,10,43902,2500,,,,iw9_lm_ahotel_base_camos_ob_unlock,,0
19016,iw9_lm_ahotel_camo_ob_gold,0,0,1,45475,4000,,,,iw9_lm_ahotel_camo_ob_gold_unlock,,0
19083,iw9_lm_ahotel_camo_ob_gold_unlock,0,0,4,,,,,,,18748|18815|18882|18949,0
19150,iw9_lm_ahotel_camo_ob_plat,0,0,300,45556,5000,,,,iw9_lm_ahotel_camo_plat_unlock_ob,,0
19217,iw9_lm_ahotel_camo_plat_unlock_ob,0,0,2,,,,,,,26114|18725,0
19284,iw9_lm_ahotel_camo_ob_dama,0,0,10,45637,7500,,,,iw9_lm_ahotel_camo_dama_unlock_ob,,0
19351,iw9_lm_ahotel_camo_dama_unlock_ob,0,0,2,,,,,,,26191|18713,0
19418,iw9_lm_ahotel_camo_mastery_gold_ob,0,0,300,42317+41637,4000,,,,iw9_lm_ahotel_camo_mastery_gold_unlock_ob,,0
19485,iw9_lm_ahotel_camo_mastery_gold_unlock_ob,0,0,1,,,,,,,19016,0
19552,iw9_lm_ahotel_camo_mastery_plat_ob,0,0,600,42074+41731,5000,,,,iw9_lm_ahotel_camo_mastery_plat_unlock_ob,,0
19619,iw9_lm_ahotel_camo_mastery_plat_unlock_ob,0,0,2,,,,,,,19150|19418,0
19686,iw9_lm_ahotel_camo_mastery_dama_ob,0,0,900,42324+41543,7500,,,,iw9_lm_ahotel_camo_mastery_dama_unlock_ob,,0
19753,iw9_lm_ahotel_camo_mastery_dama_unlock_ob,0,0,2,,,,,,,19284|19552,0
19820,iw9_lm_ahotel_camo_mastery_orion_ob,0,0,1200,43350+41445,10000,,,,iw9_lm_ahotel_camo_mastery_orion_unlock_ob,,0
19887,iw9_lm_ahotel_camo_mastery_orion_unlock_ob,0,0,2,,,,,,,18721|19686,0
19954,iw9_lm_ahotel_mastery_completionist_ob,0,0,4,43165,,,,,,19418|19552|19686|19820,0
21871,iw9_lm_ahotel_base_camos_ob_unlock,0,0,1|6|12|17,,,,,,,,0
26114,iw9_lm_ahotel_camo_ob_gold_wrapper,0,0,1,,,,,,,19016,0
26191,iw9_lm_ahotel_camo_ob_plat_wrapper,0,0,1,,,,,,,19150,0
37884,iw9_lm_ahotel_prestige_unlock,0,0,18,,,,,,,,0
38947,iw9_lm_ahotel_camo_prestige_4,0,0,300000,68290,,,,,iw9_lm_ahotel_camo_prestige_3,,0
39074,iw9_lm_ahotel_camo_prestige_3,0,0,250000,68145,,,,,iw9_lm_ahotel_camo_prestige_2,,0
39201,iw9_lm_ahotel_camo_prestige_2,0,0,200000,63879,,,,,iw9_lm_ahotel_camo_prestige_1,,0
39328,iw9_lm_ahotel_camo_prestige_1,0,0,150000,63800,,,,,iw9_lm_ahotel_prestige_unlock,,0
18749,iw9_ar_akilo_camo_ob_1,0,0,250,44038,1000,,,,iw9_ar_akilo_base_camos_ob_unlock,,0
18816,iw9_ar_akilo_camo_ob_2,0,0,20,43853,1500,,,,iw9_ar_akilo_base_camos_ob_unlock,,0
18883,iw9_ar_akilo_camo_ob_3,0,0,250,43995,2000,,,,iw9_ar_akilo_base_camos_ob_unlock,,0
18950,iw9_ar_akilo_camo_ob_4,0,0,250,44112,2500,,,,iw9_ar_akilo_base_camos_ob_unlock,,0
19017,iw9_ar_akilo_camo_ob_gold,0,0,1,45476,4000,,,,iw9_ar_akilo_camo_ob_gold_unlock,,0
19084,iw9_ar_akilo_camo_ob_gold_unlock,0,0,4,,,,,,,18749|18816|18883|18950,0
19151,iw9_ar_akilo_camo_ob_plat,0,0,300,45557,5000,,,,iw9_ar_akilo_camo_plat_unlock_ob,,0
19218,iw9_ar_akilo_camo_plat_unlock_ob,0,0,2,,,,,,,26115|18711,0
19285,iw9_ar_akilo_camo_ob_dama,0,0,10,45638,7500,,,,iw9_ar_akilo_camo_dama_unlock_ob,,0
19352,iw9_ar_akilo_camo_dama_unlock_ob,0,0,2,,,,,,,26192|18713,0
19419,iw9_ar_akilo_camo_mastery_gold_ob,0,0,300,42316+41636,4000,,,,iw9_ar_akilo_camo_mastery_gold_unlock_ob,,0
19486,iw9_ar_akilo_camo_mastery_gold_unlock_ob,0,0,1,,,,,,,19017,0
19553,iw9_ar_akilo_camo_mastery_plat_ob,0,0,600,42073+41730,5000,,,,iw9_ar_akilo_camo_mastery_plat_unlock_ob,,0
19620,iw9_ar_akilo_camo_mastery_plat_unlock_ob,0,0,2,,,,,,,19151|19419,0
19687,iw9_ar_akilo_camo_mastery_dama_ob,0,0,900,42323+41542,7500,,,,iw9_ar_akilo_camo_mastery_dama_unlock_ob,,0
19754,iw9_ar_akilo_camo_mastery_dama_unlock_ob,0,0,2,,,,,,,19285|19553,0
19821,iw9_ar_akilo_camo_mastery_orion_ob,0,0,1200,43349+41444,10000,,,,iw9_ar_akilo_camo_mastery_orion_unlock_ob,,0
19888,iw9_ar_akilo_camo_mastery_orion_unlock_ob,0,0,2,,,,,,,18721|19687,0
19955,iw9_ar_akilo_mastery_completionist_ob,0,0,4,43168,,,,,,19419|19553|19687|19821,0
21836,iw9_ar_akilo_base_camos_ob_unlock,0,0,1|7|13|19,,,,,,,,0
26115,iw9_ar_akilo_camo_ob_gold_wrapper,0,0,1,,,,,,,19017,0
26192,iw9_ar_akilo_camo_ob_plat_wrapper,0,0,1,,,,,,,19151,0
37847,iw9_ar_akilo_prestige_unlock,0,0,20,,,,,,,,0
38914,iw9_ar_akilo_camo_prestige_4,0,0,300000,68291,,,,,iw9_ar_akilo_camo_prestige_3,,0
39041,iw9_ar_akilo_camo_prestige_3,0,0,250000,68146,,,,,iw9_ar_akilo_camo_prestige_2,,0
39168,iw9_ar_akilo_camo_prestige_2,0,0,200000,63880,,,,,iw9_ar_akilo_camo_prestige_1,,0
39295,iw9_ar_akilo_camo_prestige_1,0,0,150000,63801,,,,,iw9_ar_akilo_prestige_unlock,,0
18750,iw9_ar_akilo105_camo_ob_1,0,0,250,43992,1000,,,,iw9_ar_akilo105_base_camos_ob_unlock,,0
18817,iw9_ar_akilo105_camo_ob_2,0,0,250,43951,1500,,,,iw9_ar_akilo105_base_camos_ob_unlock,,0
18884,iw9_ar_akilo105_camo_ob_3,0,0,250,43975,2000,,,,iw9_ar_akilo105_base_camos_ob_unlock,,0
18951,iw9_ar_akilo105_camo_ob_4,0,0,250,43786,2500,,,,iw9_ar_akilo105_base_camos_ob_unlock,,0
19018,iw9_ar_akilo105_camo_ob_gold,0,0,1,45477,4000,,,,iw9_ar_akilo105_camo_ob_gold_unlock,,0
19085,iw9_ar_akilo105_camo_ob_gold_unlock,0,0,4,,,,,,,18750|18817|18884|18951,0
19152,iw9_ar_akilo105_camo_ob_plat,0,0,300,45558,5000,,,,iw9_ar_akilo105_camo_plat_unlock_ob,,0
19219,iw9_ar_akilo105_camo_plat_unlock_ob,0,0,2,,,,,,,26116|18711,0
19286,iw9_ar_akilo105_camo_ob_dama,0,0,10,45639,7500,,,,iw9_ar_akilo105_camo_dama_unlock_ob,,0
19353,iw9_ar_akilo105_camo_dama_unlock_ob,0,0,2,,,,,,,26193|18713,0
19420,iw9_ar_akilo105_camo_mastery_gold_ob,0,0,300,42315+41635,4000,,,,iw9_ar_akilo105_camo_mastery_gold_unlock_ob,,0
19487,iw9_ar_akilo105_camo_mastery_gold_unlock_ob,0,0,1,,,,,,,19018,0
19554,iw9_ar_akilo105_camo_mastery_plat_ob,0,0,600,42072+41729,5000,,,,iw9_ar_akilo105_camo_mastery_plat_unlock_ob,,0
19621,iw9_ar_akilo105_camo_mastery_plat_unlock_ob,0,0,2,,,,,,,19152|19420,0
19688,iw9_ar_akilo105_camo_mastery_dama_ob,0,0,900,42322+41541,7500,,,,iw9_ar_akilo105_camo_mastery_dama_unlock_ob,,0
19755,iw9_ar_akilo105_camo_mastery_dama_unlock_ob,0,0,2,,,,,,,19286|19554,0
19822,iw9_ar_akilo105_camo_mastery_orion_ob,0,0,1200,43348+41443,10000,,,,iw9_ar_akilo105_camo_mastery_orion_unlock_ob,,0
19889,iw9_ar_akilo105_camo_mastery_orion_unlock_ob,0,0,2,,,,,,,18721|19688,0
19956,iw9_ar_akilo105_mastery_completionist_ob,0,0,4,43166,,,,,,19420|19554|19688|19822,0
21837,iw9_ar_akilo105_base_camos_ob_unlock,0,0,1|6|12|17,,,,,,,,0
26116,iw9_ar_akilo105_camo_ob_gold_wrapper,0,0,1,,,,,,,19018,0
26193,iw9_ar_akilo105_camo_ob_plat_wrapper,0,0,1,,,,,,,19152,0
37848,iw9_ar_akilo105_prestige_unlock,0,0,18,,,,,,,,0
38915,iw9_ar_akilo105_camo_prestige_4,0,0,300000,68292,,,,,iw9_ar_akilo105_camo_prestige_3,,0
39042,iw9_ar_akilo105_camo_prestige_3,0,0,250000,68147,,,,,iw9_ar_akilo105_camo_prestige_2,,0
39169,iw9_ar_akilo105_camo_prestige_2,0,0,200000,63881,,,,,iw9_ar_akilo105_camo_prestige_1,,0
39296,iw9_ar_akilo105_camo_prestige_1,0,0,150000,63802,,,,,iw9_ar_akilo105_prestige_unlock,,0
18751,iw9_ar_akilo74_camo_ob_1,0,0,250,43899,1000,,,,iw9_ar_akilo74_base_camos_ob_unlock,,0
18818,iw9_ar_akilo74_camo_ob_2,0,0,250,44071,1500,,,,iw9_ar_akilo74_base_camos_ob_unlock,,0
18885,iw9_ar_akilo74_camo_ob_3,0,0,5,44110,2000,,,,iw9_ar_akilo74_base_camos_ob_unlock,,0
18952,iw9_ar_akilo74_camo_ob_4,0,0,10,44051,2500,,,,iw9_ar_akilo74_base_camos_ob_unlock,,0
19019,iw9_ar_akilo74_camo_ob_gold,0,0,1,45478,4000,,,,iw9_ar_akilo74_camo_ob_gold_unlock,,0
19086,iw9_ar_akilo74_camo_ob_gold_unlock,0,0,4,,,,,,,18751|18818|18885|18952,0
19153,iw9_ar_akilo74_camo_ob_plat,0,0,300,45559,5000,,,,iw9_ar_akilo74_camo_plat_unlock_ob,,0
19220,iw9_ar_akilo74_camo_plat_unlock_ob,0,0,2,,,,,,,26117|18711,0
19287,iw9_ar_akilo74_camo_ob_dama,0,0,10,45640,7500,,,,iw9_ar_akilo74_camo_dama_unlock_ob,,0
19354,iw9_ar_akilo74_camo_dama_unlock_ob,0,0,2,,,,,,,26194|18713,0
19421,iw9_ar_akilo74_camo_mastery_gold_ob,0,0,300,42314+41634,4000,,,,iw9_ar_akilo74_camo_mastery_gold_unlock_ob,,0
19488,iw9_ar_akilo74_camo_mastery_gold_unlock_ob,0,0,1,,,,,,,19019,0
19555,iw9_ar_akilo74_camo_mastery_plat_ob,0,0,600,42071+41728,5000,,,,iw9_ar_akilo74_camo_mastery_plat_unlock_ob,,0
19622,iw9_ar_akilo74_camo_mastery_plat_unlock_ob,0,0,2,,,,,,,19153|19421,0
19689,iw9_ar_akilo74_camo_mastery_dama_ob,0,0,900,42434+41540,7500,,,,iw9_ar_akilo74_camo_mastery_dama_unlock_ob,,0
19756,iw9_ar_akilo74_camo_mastery_dama_unlock_ob,0,0,2,,,,,,,19287|19555,0
19823,iw9_ar_akilo74_camo_mastery_orion_ob,0,0,1200,43347+41442,10000,,,,iw9_ar_akilo74_camo_mastery_orion_unlock_ob,,0
19890,iw9_ar_akilo74_camo_mastery_orion_unlock_ob,0,0,2,,,,,,,18721|19689,0
19957,iw9_ar_akilo74_mastery_completionist_ob,0,0,4,43167,,,,,,19421|19555|19689|19823,0
21838,iw9_ar_akilo74_base_camos_ob_unlock,0,0,1|7|13|19,,,,,,,,0
26117,iw9_ar_akilo74_camo_ob_gold_wrapper,0,0,1,,,,,,,19019,0
26194,iw9_ar_akilo74_camo_ob_plat_wrapper,0,0,1,,,,,,,19153,0
37849,iw9_ar_akilo74_prestige_unlock,0,0,20,,,,,,,,0
38916,iw9_ar_akilo74_camo_prestige_4,0,0,300000,68293,,,,,iw9_ar_akilo74_camo_prestige_3,,0
39043,iw9_ar_akilo74_camo_prestige_3,0,0,250000,68148,,,,,iw9_ar_akilo74_camo_prestige_2,,0
39170,iw9_ar_akilo74_camo_prestige_2,0,0,200000,63882,,,,,iw9_ar_akilo74_camo_prestige_1,,0
39297,iw9_ar_akilo74_camo_prestige_1,0,0,150000,63803,,,,,iw9_ar_akilo74_prestige_unlock,,0
18752,iw9_sm_aviktor_camo_ob_1,0,0,250,44085,1000,,,,iw9_sm_aviktor_base_camos_ob_unlock,,0
18819,iw9_sm_aviktor_camo_ob_2,0,0,250,43831,1500,,,,iw9_sm_aviktor_base_camos_ob_unlock,,0
18886,iw9_sm_aviktor_camo_ob_3,0,0,200,43936,2000,,,,iw9_sm_aviktor_base_camos_ob_unlock,,0
18953,iw9_sm_aviktor_camo_ob_4,0,0,50,43879,2500,,,,iw9_sm_aviktor_base_camos_ob_unlock,,0
19020,iw9_sm_aviktor_camo_ob_gold,0,0,1,45483,4000,,,,iw9_sm_aviktor_camo_ob_gold_unlock,,0
19087,iw9_sm_aviktor_camo_ob_gold_unlock,0,0,4,,,,,,,18752|18819|18886|18953,0
19154,iw9_sm_aviktor_camo_ob_plat,0,0,300,45564,5000,,,,iw9_sm_aviktor_camo_plat_unlock_ob,,0
19221,iw9_sm_aviktor_camo_plat_unlock_ob,0,0,2,,,,,,,26118|18715,0
19288,iw9_sm_aviktor_camo_ob_dama,0,0,10,45645,7500,,,,iw9_sm_aviktor_camo_dama_unlock_ob,,0
19355,iw9_sm_aviktor_camo_dama_unlock_ob,0,0,2,,,,,,,26195|18713,0
19422,iw9_sm_aviktor_camo_mastery_gold_ob,0,0,300,42313+41633,4000,,,,iw9_sm_aviktor_camo_mastery_gold_unlock_ob,,0
19489,iw9_sm_aviktor_camo_mastery_gold_unlock_ob,0,0,1,,,,,,,19020,0
19556,iw9_sm_aviktor_camo_mastery_plat_ob,0,0,600,42070+41727,5000,,,,iw9_sm_aviktor_camo_mastery_plat_unlock_ob,,0
19623,iw9_sm_aviktor_camo_mastery_plat_unlock_ob,0,0,2,,,,,,,19154|19422,0
19690,iw9_sm_aviktor_camo_mastery_dama_ob,0,0,900,42433+41539,7500,,,,iw9_sm_aviktor_camo_mastery_dama_unlock_ob,,0
19757,iw9_sm_aviktor_camo_mastery_dama_unlock_ob,0,0,2,,,,,,,19288|19556,0
19824,iw9_sm_aviktor_camo_mastery_orion_ob,0,0,1200,43346+41441,10000,,,,iw9_sm_aviktor_camo_mastery_orion_unlock_ob,,0
19891,iw9_sm_aviktor_camo_mastery_orion_unlock_ob,0,0,2,,,,,,,18721|19690,0
19958,iw9_sm_aviktor_mastery_completionist_ob,0,0,4,43183,,,,,,19422|19556|19690|19824,0
21898,iw9_sm_aviktor_base_camos_ob_unlock,0,0,1|5|8|12,,,,,,,,0
26118,iw9_sm_aviktor_camo_ob_gold_wrapper,0,0,1,,,,,,,19020,0
26195,iw9_sm_aviktor_camo_ob_plat_wrapper,0,0,1,,,,,,,19154,0
37915,iw9_sm_aviktor_prestige_unlock,0,0,14,,,,,,,,0
38977,iw9_sm_aviktor_camo_prestige_4,0,0,300000,68298,,,,,iw9_sm_aviktor_camo_prestige_3,,0
39104,iw9_sm_aviktor_camo_prestige_3,0,0,250000,68153,,,,,iw9_sm_aviktor_camo_prestige_2,,0
39231,iw9_sm_aviktor_camo_prestige_2,0,0,200000,63887,,,,,iw9_sm_aviktor_camo_prestige_1,,0
39358,iw9_sm_aviktor_camo_prestige_1,0,0,150000,63808,,,,,iw9_sm_aviktor_prestige_unlock,,0
18753,iw9_sm_beta_camo_ob_1,0,0,250,43837,1000,,,,iw9_sm_beta_base_camos_ob_unlock,,0
18820,iw9_sm_beta_camo_ob_2,0,0,250,43976,1500,,,,iw9_sm_beta_base_camos_ob_unlock,,0
18887,iw9_sm_beta_camo_ob_3,0,0,10,43910,2000,,,,iw9_sm_beta_base_camos_ob_unlock,,0
18954,iw9_sm_beta_camo_ob_4,0,0,10,43788,2500,,,,iw9_sm_beta_base_camos_ob_unlock,,0
19021,iw9_sm_beta_camo_ob_gold,0,0,1,45484,4000,,,,iw9_sm_beta_camo_ob_gold_unlock,,0
19088,iw9_sm_beta_camo_ob_gold_unlock,0,0,4,,,,,,,18753|18820|18887|18954,0
19155,iw9_sm_beta_camo_ob_plat,0,0,300,45565,5000,,,,iw9_sm_beta_camo_plat_unlock_ob,,0
19222,iw9_sm_beta_camo_plat_unlock_ob,0,0,2,,,,,,,26119|18715,0
19289,iw9_sm_beta_camo_ob_dama,0,0,10,45646,7500,,,,iw9_sm_beta_camo_dama_unlock_ob,,0
19356,iw9_sm_beta_camo_dama_unlock_ob,0,0,2,,,,,,,26196|18713,0
19423,iw9_sm_beta_camo_mastery_gold_ob,0,0,300,42312+41632,4000,,,,iw9_sm_beta_camo_mastery_gold_unlock_ob,,0
19490,iw9_sm_beta_camo_mastery_gold_unlock_ob,0,0,1,,,,,,,19021,0
19557,iw9_sm_beta_camo_mastery_plat_ob,0,0,600,42069+41726,5000,,,,iw9_sm_beta_camo_mastery_plat_unlock_ob,,0
19624,iw9_sm_beta_camo_mastery_plat_unlock_ob,0,0,2,,,,,,,19155|19423,0
19691,iw9_sm_beta_camo_mastery_dama_ob,0,0,900,42432+41538,7500,,,,iw9_sm_beta_camo_mastery_dama_unlock_ob,,0
19758,iw9_sm_beta_camo_mastery_dama_unlock_ob,0,0,2,,,,,,,19289|19557,0
19825,iw9_sm_beta_camo_mastery_orion_ob,0,0,1200,43345+41440,10000,,,,iw9_sm_beta_camo_mastery_orion_unlock_ob,,0
19892,iw9_sm_beta_camo_mastery_orion_unlock_ob,0,0,2,,,,,,,18721|19691,0
19959,iw9_sm_beta_mastery_completionist_ob,0,0,4,43184,,,,,,19423|19557|19691|19825,0
21899,iw9_sm_beta_base_camos_ob_unlock,0,0,1|5|9|13,,,,,,,,0
26119,iw9_sm_beta_camo_ob_gold_wrapper,0,0,1,,,,,,,19021,0
26196,iw9_sm_beta_camo_ob_plat_wrapper,0,0,1,,,,,,,19155,0
37916,iw9_sm_beta_prestige_unlock,0,0,14,,,,,,,,0
38978,iw9_sm_beta_camo_prestige_4,0,0,300000,68299,,,,,iw9_sm_beta_camo_prestige_3,,0
39105,iw9_sm_beta_camo_prestige_3,0,0,250000,68154,,,,,iw9_sm_beta_camo_prestige_2,,0
39232,iw9_sm_beta_camo_prestige_2,0,0,200000,63888,,,,,iw9_sm_beta_camo_prestige_1,,0
39359,iw9_sm_beta_camo_prestige_1,0,0,150000,63809,,,,,iw9_sm_beta_prestige_unlock,,0
18754,iw9_lm_rkilo_camo_ob_1,0,0,250,44021,1000,,,,iw9_lm_rkilo_base_camos_ob_unlock,,0
18821,iw9_lm_rkilo_camo_ob_2,0,0,200,43876,1500,,,,iw9_lm_rkilo_base_camos_ob_unlock,,0
18888,iw9_lm_rkilo_camo_ob_3,0,0,250,44040,2000,,,,iw9_lm_rkilo_base_camos_ob_unlock,,0
18955,iw9_lm_rkilo_camo_ob_4,0,0,50,44028,2500,,,,iw9_lm_rkilo_base_camos_ob_unlock,,0
19022,iw9_lm_rkilo_camo_ob_gold,0,0,1,45532,4000,,,,iw9_lm_rkilo_camo_ob_gold_unlock,,0
19089,iw9_lm_rkilo_camo_ob_gold_unlock,0,0,4,,,,,,,18754|18821|18888|18955,0
19156,iw9_lm_rkilo_camo_ob_plat,0,0,300,45613,5000,,,,iw9_lm_rkilo_camo_plat_unlock_ob,,0
19223,iw9_lm_rkilo_camo_plat_unlock_ob,0,0,2,,,,,,,26120|18725,0
19290,iw9_lm_rkilo_camo_ob_dama,0,0,10,45694,7500,,,,iw9_lm_rkilo_camo_dama_unlock_ob,,0
19357,iw9_lm_rkilo_camo_dama_unlock_ob,0,0,2,,,,,,,26197|18713,0
19424,iw9_lm_rkilo_camo_mastery_gold_ob,0,0,300,42311+41631,4000,,,,iw9_lm_rkilo_camo_mastery_gold_unlock_ob,,0
19491,iw9_lm_rkilo_camo_mastery_gold_unlock_ob,0,0,1,,,,,,,19022,0
19558,iw9_lm_rkilo_camo_mastery_plat_ob,0,0,600,42139+41725,5000,,,,iw9_lm_rkilo_camo_mastery_plat_unlock_ob,,0
19625,iw9_lm_rkilo_camo_mastery_plat_unlock_ob,0,0,2,,,,,,,19156|19424,0
19692,iw9_lm_rkilo_camo_mastery_dama_ob,0,0,900,42431+41537,7500,,,,iw9_lm_rkilo_camo_mastery_dama_unlock_ob,,0
19759,iw9_lm_rkilo_camo_mastery_dama_unlock_ob,0,0,2,,,,,,,19290|19558,0
19826,iw9_lm_rkilo_camo_mastery_orion_ob,0,0,1200,43344+41439,10000,,,,iw9_lm_rkilo_camo_mastery_orion_unlock_ob,,0
19893,iw9_lm_rkilo_camo_mastery_orion_unlock_ob,0,0,2,,,,,,,18721|19692,0
19960,iw9_lm_rkilo_mastery_completionist_ob,0,0,4,43279,,,,,,19424|19558|19692|19826,0
21876,iw9_lm_rkilo_base_camos_ob_unlock,0,0,1|6|12|17,,,,,,,,0
26120,iw9_lm_rkilo_camo_ob_gold_wrapper,0,0,1,,,,,,,19022,0
26197,iw9_lm_rkilo_camo_ob_plat_wrapper,0,0,1,,,,,,,19156,0
37889,iw9_lm_rkilo_prestige_unlock,0,0,18,,,,,,,,0
38951,iw9_lm_rkilo_camo_prestige_4,0,0,300000,68346,,,,,iw9_lm_rkilo_camo_prestige_3,,0
39078,iw9_lm_rkilo_camo_prestige_3,0,0,250000,68201,,,,,iw9_lm_rkilo_camo_prestige_2,,0
39205,iw9_lm_rkilo_camo_prestige_2,0,0,200000,63935,,,,,iw9_lm_rkilo_camo_prestige_1,,0
39332,iw9_lm_rkilo_camo_prestige_1,0,0,150000,63856,,,,,iw9_lm_rkilo_prestige_unlock,,0
18755,iw9_ar_scharlie_camo_ob_1,0,0,250,43946,1000,,,,iw9_ar_scharlie_base_camos_ob_unlock,,0
18822,iw9_ar_scharlie_camo_ob_2,0,0,250,44041,1500,,,,iw9_ar_scharlie_base_camos_ob_unlock,,0
18889,iw9_ar_scharlie_camo_ob_3,0,0,250,43809,2000,,,,iw9_ar_scharlie_base_camos_ob_unlock,,0
18956,iw9_ar_scharlie_camo_ob_4,0,0,100,43979,2500,,,,iw9_ar_scharlie_base_camos_ob_unlock,,0
19023,iw9_ar_scharlie_camo_ob_gold,0,0,1,45536,4000,,,,iw9_ar_scharlie_camo_ob_gold_unlock,,0
19090,iw9_ar_scharlie_camo_ob_gold_unlock,0,0,4,,,,,,,18755|18822|18889|18956,0
19157,iw9_ar_scharlie_camo_ob_plat,0,0,300,45617,5000,,,,iw9_ar_scharlie_camo_plat_unlock_ob,,0
19224,iw9_ar_scharlie_camo_plat_unlock_ob,0,0,2,,,,,,,26121|18711,0
19291,iw9_ar_scharlie_camo_ob_dama,0,0,10,45698,7500,,,,iw9_ar_scharlie_camo_dama_unlock_ob,,0
19358,iw9_ar_scharlie_camo_dama_unlock_ob,0,0,2,,,,,,,26198|18713,0
19425,iw9_ar_scharlie_camo_mastery_gold_ob,0,0,300,42310+41630,4000,,,,iw9_ar_scharlie_camo_mastery_gold_unlock_ob,,0
19492,iw9_ar_scharlie_camo_mastery_gold_unlock_ob,0,0,1,,,,,,,19023,0
19559,iw9_ar_scharlie_camo_mastery_plat_ob,0,0,600,42138+41724,5000,,,,iw9_ar_scharlie_camo_mastery_plat_unlock_ob,,0
19626,iw9_ar_scharlie_camo_mastery_plat_unlock_ob,0,0,2,,,,,,,19157|19425,0
19693,iw9_ar_scharlie_camo_mastery_dama_ob,0,0,900,42430+41536,7500,,,,iw9_ar_scharlie_camo_mastery_dama_unlock_ob,,0
19760,iw9_ar_scharlie_camo_mastery_dama_unlock_ob,0,0,2,,,,,,,19291|19559,0
19827,iw9_ar_scharlie_camo_mastery_orion_ob,0,0,1200,43343+41438,10000,,,,iw9_ar_scharlie_camo_mastery_orion_unlock_ob,,0
19894,iw9_ar_scharlie_camo_mastery_orion_unlock_ob,0,0,2,,,,,,,18721|19693,0
19961,iw9_ar_scharlie_mastery_completionist_ob,0,0,4,43284,,,,,,19425|19559|19693|19827,0
21849,iw9_ar_scharlie_base_camos_ob_unlock,0,0,1|7|12|18,,,,,,,,0
26121,iw9_ar_scharlie_camo_ob_gold_wrapper,0,0,1,,,,,,,19023,0
26198,iw9_ar_scharlie_camo_ob_plat_wrapper,0,0,1,,,,,,,19157,0
37862,iw9_ar_scharlie_prestige_unlock,0,0,19,,,,,,,,0
38928,iw9_ar_scharlie_camo_prestige_4,0,0,300000,68350,,,,,iw9_ar_scharlie_camo_prestige_3,,0
39055,iw9_ar_scharlie_camo_prestige_3,0,0,250000,68205,,,,,iw9_ar_scharlie_camo_prestige_2,,0
39182,iw9_ar_scharlie_camo_prestige_2,0,0,200000,63939,,,,,iw9_ar_scharlie_camo_prestige_1,,0
39309,iw9_ar_scharlie_camo_prestige_1,0,0,150000,63860,,,,,iw9_ar_scharlie_prestige_unlock,,0
18756,iw9_ar_schotel_camo_ob_1,0,0,250,43972,1000,,,,iw9_ar_schotel_base_camos_ob_unlock,,0
18823,iw9_ar_schotel_camo_ob_2,0,0,10,44020,1500,,,,iw9_ar_schotel_base_camos_ob_unlock,,0
18890,iw9_ar_schotel_camo_ob_3,0,0,250,43930,2000,,,,iw9_ar_schotel_base_camos_ob_unlock,,0
18957,iw9_ar_schotel_camo_ob_4,0,0,250,44097,2500,,,,iw9_ar_schotel_base_camos_ob_unlock,,0
25607,iw9_br_schotel_camo_ob_gold,0,0,1,45537,4000,,,,iw9_ar_schotel_camo_ob_gold_unlock,,0
19091,iw9_ar_schotel_camo_ob_gold_unlock,0,0,4,,,,,,,18756|18823|18890|18957,0
19158,iw9_ar_schotel_camo_ob_plat,0,0,300,45618,5000,,,,iw9_br_schotel_camo_plat_unlock_ob,,0
26593,iw9_br_schotel_camo_plat_unlock_ob,0,0,2,,,,,,,26122|18719,0
19292,iw9_ar_schotel_camo_ob_dama,0,0,10,45699,7500,,,,iw9_ar_schotel_camo_dama_unlock_ob,,0
19359,iw9_ar_schotel_camo_dama_unlock_ob,0,0,2,,,,,,,26199|18713,0
19426,iw9_ar_schotel_camo_mastery_gold_ob,0,0,300,42309+41629,4000,,,,iw9_ar_schotel_camo_mastery_gold_unlock_ob,,0
19493,iw9_ar_schotel_camo_mastery_gold_unlock_ob,0,0,1,,,,,,,25607,0
19560,iw9_ar_schotel_camo_mastery_plat_ob,0,0,600,42137+41723,5000,,,,iw9_ar_schotel_camo_mastery_plat_unlock_ob,,0
19627,iw9_ar_schotel_camo_mastery_plat_unlock_ob,0,0,2,,,,,,,19158|19426,0
19694,iw9_ar_schotel_camo_mastery_dama_ob,0,0,900,42429+41535,7500,,,,iw9_ar_schotel_camo_mastery_dama_unlock_ob,,0
19761,iw9_ar_schotel_camo_mastery_dama_unlock_ob,0,0,2,,,,,,,19292|19560,0
19828,iw9_ar_schotel_camo_mastery_orion_ob,0,0,1200,43342+41437,10000,,,,iw9_ar_schotel_camo_mastery_orion_unlock_ob,,0
19895,iw9_ar_schotel_camo_mastery_orion_unlock_ob,0,0,2,,,,,,,18721|19694,0
19962,iw9_ar_schotel_mastery_completionist_ob,0,0,4,43285,,,,,,19426|19560|19694|19828,0
21850,iw9_ar_schotel_base_camos_ob_unlock,0,0,1|7|13|19,,,,,,,,0
26122,iw9_ar_schotel_camo_ob_gold_wrapper,0,0,1,,,,,,,25607,0
26199,iw9_ar_schotel_camo_ob_plat_wrapper,0,0,1,,,,,,,19158,0
37863,iw9_ar_schotel_prestige_unlock,0,0,20,,,,,,,,0
38929,iw9_ar_schotel_camo_prestige_4,0,0,300000,68351,,,,,iw9_ar_schotel_camo_prestige_3,,0
39056,iw9_ar_schotel_camo_prestige_3,0,0,250000,68206,,,,,iw9_ar_schotel_camo_prestige_2,,0
39183,iw9_ar_schotel_camo_prestige_2,0,0,200000,63940,,,,,iw9_ar_schotel_camo_prestige_1,,0
39310,iw9_ar_schotel_camo_prestige_1,0,0,150000,63861,,,,,iw9_ar_schotel_prestige_unlock,,0
18757,iw9_dm_scromeo_camo_ob_1,0,0,250,44037,1000,,,,iw9_dm_scromeo_base_camos_ob_unlock,,0
18824,iw9_dm_scromeo_camo_ob_2,0,0,250,43842,1500,,,,iw9_dm_scromeo_base_camos_ob_unlock,,0
18891,iw9_dm_scromeo_camo_ob_3,0,0,100,43792,2000,,,,iw9_dm_scromeo_base_camos_ob_unlock,,0
18958,iw9_dm_scromeo_camo_ob_4,0,0,50,43832,2500,,,,iw9_dm_scromeo_base_camos_ob_unlock,,0
19025,iw9_dm_scromeo_camo_ob_gold,0,0,1,45538,4000,,,,iw9_dm_scromeo_camo_ob_gold_unlock,,0
19092,iw9_dm_scromeo_camo_ob_gold_unlock,0,0,4,,,,,,,18757|18824|18891|18958,0
19159,iw9_dm_scromeo_camo_ob_plat,0,0,300,45619,5000,,,,iw9_dm_scromeo_camo_plat_unlock_ob,,0
19226,iw9_dm_scromeo_camo_plat_unlock_ob,0,0,2,,,,,,,26123|18729,0
19293,iw9_dm_scromeo_camo_ob_dama,0,0,10,45700,7500,,,,iw9_dm_scromeo_camo_dama_unlock_ob,,0
19360,iw9_dm_scromeo_camo_dama_unlock_ob,0,0,2,,,,,,,26200|18713,0
19427,iw9_dm_scromeo_camo_mastery_gold_ob,0,0,300,42308+41628,4000,,,,iw9_dm_scromeo_camo_mastery_gold_unlock_ob,,0
19494,iw9_dm_scromeo_camo_mastery_gold_unlock_ob,0,0,1,,,,,,,19025,0
19561,iw9_dm_scromeo_camo_mastery_plat_ob,0,0,600,42136+41722,5000,,,,iw9_dm_scromeo_camo_mastery_plat_unlock_ob,,0
19628,iw9_dm_scromeo_camo_mastery_plat_unlock_ob,0,0,2,,,,,,,19159|19427,0
19695,iw9_dm_scromeo_camo_mastery_dama_ob,0,0,900,42428+41534,7500,,,,iw9_dm_scromeo_camo_mastery_dama_unlock_ob,,0
19762,iw9_dm_scromeo_camo_mastery_dama_unlock_ob,0,0,2,,,,,,,19293|19561,0
19829,iw9_dm_scromeo_camo_mastery_orion_ob,0,0,1200,43341+41436,10000,,,,iw9_dm_scromeo_camo_mastery_orion_unlock_ob,,0
19896,iw9_dm_scromeo_camo_mastery_orion_unlock_ob,0,0,2,,,,,,,18721|19695,0
19963,iw9_dm_scromeo_mastery_completionist_ob,0,0,4,43219,,,,,,19427|19561|19695|19829,0
21862,iw9_dm_scromeo_base_camos_ob_unlock,0,0,1|9|16|24,,,,,,,,0
26123,iw9_dm_scromeo_camo_ob_gold_wrapper,0,0,1,,,,,,,19025,0
26200,iw9_dm_scromeo_camo_ob_plat_wrapper,0,0,1,,,,,,,19159,0
37875,iw9_dm_scromeo_prestige_unlock,0,0,25,,,,,,,,0
38940,iw9_dm_scromeo_camo_prestige_4,0,0,300000,68352,,,,,iw9_dm_scromeo_camo_prestige_3,,0
39067,iw9_dm_scromeo_camo_prestige_3,0,0,250000,68207,,,,,iw9_dm_scromeo_camo_prestige_2,,0
39194,iw9_dm_scromeo_camo_prestige_2,0,0,200000,63941,,,,,iw9_dm_scromeo_camo_prestige_1,,0
39321,iw9_dm_scromeo_camo_prestige_1,0,0,150000,63862,,,,,iw9_dm_scromeo_prestige_unlock,,0
18758,iw9_sm_papa90_camo_ob_1,0,0,250,44044,1000,,,,iw9_sm_papa90_base_camos_ob_unlock,,0
18825,iw9_sm_papa90_camo_ob_2,0,0,20,44022,1500,,,,iw9_sm_papa90_base_camos_ob_unlock,,0
18892,iw9_sm_papa90_camo_ob_3,0,0,200,44064,2000,,,,iw9_sm_papa90_base_camos_ob_unlock,,0
18959,iw9_sm_papa90_camo_ob_4,0,0,50,43886,2500,,,,iw9_sm_papa90_base_camos_ob_unlock,,0
19026,iw9_sm_papa90_camo_ob_gold,0,0,1,45527,4000,,,,iw9_sm_papa90_camo_ob_gold_unlock,,0
19093,iw9_sm_papa90_camo_ob_gold_unlock,0,0,4,,,,,,,18758|18825|18892|18959,0
19160,iw9_sm_papa90_camo_ob_plat,0,0,300,45608,5000,,,,iw9_sm_papa90_camo_plat_unlock_ob,,0
19227,iw9_sm_papa90_camo_plat_unlock_ob,0,0,2,,,,,,,26124|18715,0
19294,iw9_sm_papa90_camo_ob_dama,0,0,10,45689,7500,,,,iw9_sm_papa90_camo_dama_unlock_ob,,0
19361,iw9_sm_papa90_camo_dama_unlock_ob,0,0,2,,,,,,,26201|18713,0
19428,iw9_sm_papa90_camo_mastery_gold_ob,0,0,300,42307+41627,4000,,,,iw9_sm_papa90_camo_mastery_gold_unlock_ob,,0
19495,iw9_sm_papa90_camo_mastery_gold_unlock_ob,0,0,1,,,,,,,19026,0
19562,iw9_sm_papa90_camo_mastery_plat_ob,0,0,600,42135+41721,5000,,,,iw9_sm_papa90_camo_mastery_plat_unlock_ob,,0
19629,iw9_sm_papa90_camo_mastery_plat_unlock_ob,0,0,2,,,,,,,19160|19428,0
19696,iw9_sm_papa90_camo_mastery_dama_ob,0,0,900,42427+41533,7500,,,,iw9_sm_papa90_camo_mastery_dama_unlock_ob,,0
19763,iw9_sm_papa90_camo_mastery_dama_unlock_ob,0,0,2,,,,,,,19294|19562,0
19830,iw9_sm_papa90_camo_mastery_orion_ob,0,0,1200,43340+41435,10000,,,,iw9_sm_papa90_camo_mastery_orion_unlock_ob,,0
19897,iw9_sm_papa90_camo_mastery_orion_unlock_ob,0,0,2,,,,,,,18721|19696,0
19964,iw9_sm_papa90_mastery_completionist_ob,0,0,4,43231,,,,,,19428|19562|19696|19830,0
21903,iw9_sm_papa90_base_camos_ob_unlock,0,0,1|10|19|28,,,,,,,,0
26124,iw9_sm_papa90_camo_ob_gold_wrapper,0,0,1,,,,,,,19026,0
26201,iw9_sm_papa90_camo_ob_plat_wrapper,0,0,1,,,,,,,19160,0
37920,iw9_sm_papa90_prestige_unlock,0,0,29,,,,,,,,0
38982,iw9_sm_papa90_camo_prestige_4,0,0,300000,68341,,,,,iw9_sm_papa90_camo_prestige_3,,0
39109,iw9_sm_papa90_camo_prestige_3,0,0,250000,68196,,,,,iw9_sm_papa90_camo_prestige_2,,0
39236,iw9_sm_papa90_camo_prestige_2,0,0,200000,63930,,,,,iw9_sm_papa90_camo_prestige_1,,0
39363,iw9_sm_papa90_camo_prestige_1,0,0,150000,63851,,,,,iw9_sm_papa90_prestige_unlock,,0
18759,iw9_sm_mpapax_camo_ob_1,0,0,250,43884,1000,,,,iw9_sm_mpapax_base_camos_ob_unlock,,0
18826,iw9_sm_mpapax_camo_ob_2,0,0,10,43818,1500,,,,iw9_sm_mpapax_base_camos_ob_unlock,,0
18893,iw9_sm_mpapax_camo_ob_3,0,0,250,44050,2000,,,,iw9_sm_mpapax_base_camos_ob_unlock,,0
18960,iw9_sm_mpapax_camo_ob_4,0,0,250,43796,2500,,,,iw9_sm_mpapax_base_camos_ob_unlock,,0
19027,iw9_sm_mpapax_camo_ob_gold,0,0,1,45520,4000,,,,iw9_sm_mpapax_camo_ob_gold_unlock,,0
19094,iw9_sm_mpapax_camo_ob_gold_unlock,0,0,4,,,,,,,18759|18826|18893|18960,0
19161,iw9_sm_mpapax_camo_ob_plat,0,0,300,45601,5000,,,,iw9_sm_mpapax_camo_plat_unlock_ob,,0
19228,iw9_sm_mpapax_camo_plat_unlock_ob,0,0,2,,,,,,,26125|18715,0
19295,iw9_sm_mpapax_camo_ob_dama,0,0,10,45682,7500,,,,iw9_sm_mpapax_camo_dama_unlock_ob,,0
19362,iw9_sm_mpapax_camo_dama_unlock_ob,0,0,2,,,,,,,26202|18713,0
19429,iw9_sm_mpapax_camo_mastery_gold_ob,0,0,300,42279+41598,4000,,,,iw9_sm_mpapax_camo_mastery_gold_unlock_ob,,0
19496,iw9_sm_mpapax_camo_mastery_gold_unlock_ob,0,0,1,,,,,,,19027,0
19563,iw9_sm_mpapax_camo_mastery_plat_ob,0,0,600,42106+41692,5000,,,,iw9_sm_mpapax_camo_mastery_plat_unlock_ob,,0
19630,iw9_sm_mpapax_camo_mastery_plat_unlock_ob,0,0,2,,,,,,,19161|19429,0
19697,iw9_sm_mpapax_camo_mastery_dama_ob,0,0,900,42399+41504,7500,,,,iw9_sm_mpapax_camo_mastery_dama_unlock_ob,,0
19764,iw9_sm_mpapax_camo_mastery_dama_unlock_ob,0,0,2,,,,,,,19295|19563,0
19831,iw9_sm_mpapax_camo_mastery_orion_ob,0,0,1200,41861+41406,10000,,,,iw9_sm_mpapax_camo_mastery_orion_unlock_ob,,0
19898,iw9_sm_mpapax_camo_mastery_orion_unlock_ob,0,0,2,,,,,,,18721|19697,0
19965,iw9_sm_mpapax_mastery_completionist_ob,0,0,4,43230,,,,,,19429|19563|19697|19831,0
21902,iw9_sm_mpapax_base_camos_ob_unlock,0,0,1|6|10|15,,,,,,,,0
26125,iw9_sm_mpapax_camo_ob_gold_wrapper,0,0,1,,,,,,,19027,0
26202,iw9_sm_mpapax_camo_ob_plat_wrapper,0,0,1,,,,,,,19161,0
37919,iw9_sm_mpapax_prestige_unlock,0,0,23,,,,,,,,0
38981,iw9_sm_mpapax_camo_prestige_4,0,0,300000,68334,,,,,iw9_sm_mpapax_camo_prestige_3,,0
39108,iw9_sm_mpapax_camo_prestige_3,0,0,250000,68189,,,,,iw9_sm_mpapax_camo_prestige_2,,0
39235,iw9_sm_mpapax_camo_prestige_2,0,0,200000,63923,,,,,iw9_sm_mpapax_camo_prestige_1,,0
39362,iw9_sm_mpapax_camo_prestige_1,0,0,150000,63844,,,,,iw9_sm_mpapax_prestige_unlock,,0
18760,iw9_ar_mcharlie_camo_ob_1,0,0,250,43888,1000,,,,iw9_ar_mcharlie_base_camos_ob_unlock,,0
18827,iw9_ar_mcharlie_camo_ob_2,0,0,10,43907,1500,,,,iw9_ar_mcharlie_base_camos_ob_unlock,,0
18894,iw9_ar_mcharlie_camo_ob_3,0,0,250,43911,2000,,,,iw9_ar_mcharlie_base_camos_ob_unlock,,0
18961,iw9_ar_mcharlie_camo_ob_4,0,0,50,43908,2500,,,,iw9_ar_mcharlie_base_camos_ob_unlock,,0
19028,iw9_ar_mcharlie_camo_ob_gold,0,0,1,45509,4000,,,,iw9_ar_mcharlie_camo_ob_gold_unlock,,0
19095,iw9_ar_mcharlie_camo_ob_gold_unlock,0,0,4,,,,,,,18760|18827|18894|18961,0
19162,iw9_ar_mcharlie_camo_ob_plat,0,0,300,45590,5000,,,,iw9_ar_mcharlie_camo_plat_unlock_ob,,0
19229,iw9_ar_mcharlie_camo_plat_unlock_ob,0,0,2,,,,,,,26126|18711,0
19296,iw9_ar_mcharlie_camo_ob_dama,0,0,10,45671,7500,,,,iw9_ar_mcharlie_camo_dama_unlock_ob,,0
19363,iw9_ar_mcharlie_camo_dama_unlock_ob,0,0,2,,,,,,,26203|18713,0
19430,iw9_ar_mcharlie_camo_mastery_gold_ob,0,0,300,42276+41595,4000,,,,iw9_ar_mcharlie_camo_mastery_gold_unlock_ob,,0
19497,iw9_ar_mcharlie_camo_mastery_gold_unlock_ob,0,0,1,,,,,,,19028,0
19564,iw9_ar_mcharlie_camo_mastery_plat_ob,0,0,600,42103+41689,5000,,,,iw9_ar_mcharlie_camo_mastery_plat_unlock_ob,,0
19631,iw9_ar_mcharlie_camo_mastery_plat_unlock_ob,0,0,2,,,,,,,19162|19430,0
19698,iw9_ar_mcharlie_camo_mastery_dama_ob,0,0,900,42396+41501,7500,,,,iw9_ar_mcharlie_camo_mastery_dama_unlock_ob,,0
19765,iw9_ar_mcharlie_camo_mastery_dama_unlock_ob,0,0,2,,,,,,,19296|19564,0
19832,iw9_ar_mcharlie_camo_mastery_orion_ob,0,0,1200,41858+41403,10000,,,,iw9_ar_mcharlie_camo_mastery_orion_unlock_ob,,0
19899,iw9_ar_mcharlie_camo_mastery_orion_unlock_ob,0,0,2,,,,,,,18721|19698,0
19966,iw9_ar_mcharlie_mastery_completionist_ob,0,0,4,43217,,,,,,19430|19564|19698|19832,0
21846,iw9_ar_mcharlie_base_camos_ob_unlock,0,0,1|8|14|18,,,,,,,,0
26126,iw9_ar_mcharlie_camo_ob_gold_wrapper,0,0,1,,,,,,,19028,0
26203,iw9_ar_mcharlie_camo_ob_plat_wrapper,0,0,1,,,,,,,19162,0
37858,iw9_ar_mcharlie_prestige_unlock,0,0,19,,,,,,,,0
38924,iw9_ar_mcharlie_camo_prestige_4,0,0,300000,68323,,,,,iw9_ar_mcharlie_camo_prestige_3,,0
39051,iw9_ar_mcharlie_camo_prestige_3,0,0,250000,68178,,,,,iw9_ar_mcharlie_camo_prestige_2,,0
39178,iw9_ar_mcharlie_camo_prestige_2,0,0,200000,63912,,,,,iw9_ar_mcharlie_camo_prestige_1,,0
39305,iw9_ar_mcharlie_camo_prestige_1,0,0,150000,63833,,,,,iw9_ar_mcharlie_prestige_unlock,,0
18761,iw9_ar_mcbravo_camo_ob_1,0,0,250,44001,1000,,,,iw9_ar_mcbravo_base_camos_ob_unlock,,0
18828,iw9_ar_mcbravo_camo_ob_2,0,0,30,43862,1500,,,,iw9_ar_mcbravo_base_camos_ob_unlock,,0
18895,iw9_ar_mcbravo_camo_ob_3,0,0,200,44088,2000,,,,iw9_ar_mcbravo_base_camos_ob_unlock,,0
18962,iw9_ar_mcbravo_camo_ob_4,0,0,250,43885,2500,,,,iw9_ar_mcbravo_base_camos_ob_unlock,,0
19029,iw9_ar_mcbravo_camo_ob_gold,0,0,1,45508,4000,,,,iw9_ar_mcbravo_camo_ob_gold_unlock,,0
19096,iw9_ar_mcbravo_camo_ob_gold_unlock,0,0,4,,,,,,,18761|18828|18895|18962,0
19163,iw9_ar_mcbravo_camo_ob_plat,0,0,300,45589,5000,,,,iw9_ar_mcbravo_camo_plat_unlock_ob,,0
19230,iw9_ar_mcbravo_camo_plat_unlock_ob,0,0,2,,,,,,,26127|18711,0
19297,iw9_ar_mcbravo_camo_ob_dama,0,0,10,45670,7500,,,,iw9_ar_mcbravo_camo_dama_unlock_ob,,0
19364,iw9_ar_mcbravo_camo_dama_unlock_ob,0,0,2,,,,,,,26204|18713,0
19431,iw9_ar_mcbravo_camo_mastery_gold_ob,0,0,300,42277+41596,4000,,,,iw9_ar_mcbravo_camo_mastery_gold_unlock_ob,,0
19498,iw9_ar_mcbravo_camo_mastery_gold_unlock_ob,0,0,1,,,,,,,19029,0
19565,iw9_ar_mcbravo_camo_mastery_plat_ob,0,0,600,42104+41690,5000,,,,iw9_ar_mcbravo_camo_mastery_plat_unlock_ob,,0
19632,iw9_ar_mcbravo_camo_mastery_plat_unlock_ob,0,0,2,,,,,,,19163|19431,0
19699,iw9_ar_mcbravo_camo_mastery_dama_ob,0,0,900,42397+41502,7500,,,,iw9_ar_mcbravo_camo_mastery_dama_unlock_ob,,0
19766,iw9_ar_mcbravo_camo_mastery_dama_unlock_ob,0,0,2,,,,,,,19297|19565,0
19833,iw9_ar_mcbravo_camo_mastery_orion_ob,0,0,1200,41859+41404,10000,,,,iw9_ar_mcbravo_camo_mastery_orion_unlock_ob,,0
19900,iw9_ar_mcbravo_camo_mastery_orion_unlock_ob,0,0,2,,,,,,,18721|19699,0
19967,iw9_ar_mcbravo_mastery_completionist_ob,0,0,4,43216,,,,,,19431|19565|19699|19833,0
21845,iw9_ar_mcbravo_base_camos_ob_unlock,0,0,1|8|14|16,,,,,,,,0
26127,iw9_ar_mcbravo_camo_ob_gold_wrapper,0,0,1,,,,,,,19029,0
26204,iw9_ar_mcbravo_camo_ob_plat_wrapper,0,0,1,,,,,,,19163,0
37857,iw9_ar_mcbravo_prestige_unlock,0,0,17,,,,,,,,0
38923,iw9_ar_mcbravo_camo_prestige_4,0,0,300000,68322,,,,,iw9_ar_mcbravo_camo_prestige_3,,0
39050,iw9_ar_mcbravo_camo_prestige_3,0,0,250000,68177,,,,,iw9_ar_mcbravo_camo_prestige_2,,0
39177,iw9_ar_mcbravo_camo_prestige_2,0,0,200000,63911,,,,,iw9_ar_mcbravo_camo_prestige_1,,0
39304,iw9_ar_mcbravo_camo_prestige_1,0,0,150000,63832,,,,,iw9_ar_mcbravo_prestige_unlock,,0
18762,iw9_sm_mpapa7_camo_ob_1,0,0,250,43947,1000,,,,iw9_sm_mpapa7_base_camos_ob_unlock,,0
18829,iw9_sm_mpapa7_camo_ob_2,0,0,10,43812,1500,,,,iw9_sm_mpapa7_base_camos_ob_unlock,,0
18896,iw9_sm_mpapa7_camo_ob_3,0,0,10,43994,2000,,,,iw9_sm_mpapa7_base_camos_ob_unlock,,0
18963,iw9_sm_mpapa7_camo_ob_4,0,0,250,43909,2500,,,,iw9_sm_mpapa7_base_camos_ob_unlock,,0
19030,iw9_sm_mpapa7_camo_ob_gold,0,0,1,45519,4000,,,,iw9_sm_mpapa7_camo_ob_gold_unlock,,0
19097,iw9_sm_mpapa7_camo_ob_gold_unlock,0,0,4,,,,,,,18762|18829|18896|18963,0
19164,iw9_sm_mpapa7_camo_ob_plat,0,0,300,45600,5000,,,,iw9_sm_mpapa7_camo_plat_unlock_ob,,0
19231,iw9_sm_mpapa7_camo_plat_unlock_ob,0,0,2,,,,,,,26128|18715,0
19298,iw9_sm_mpapa7_camo_ob_dama,0,0,10,45681,7500,,,,iw9_sm_mpapa7_camo_dama_unlock_ob,,0
19365,iw9_sm_mpapa7_camo_dama_unlock_ob,0,0,2,,,,,,,26205|18713,0
19432,iw9_sm_mpapa7_camo_mastery_gold_ob,0,0,300,42306+41626,4000,,,,iw9_sm_mpapa7_camo_mastery_gold_unlock_ob,,0
19499,iw9_sm_mpapa7_camo_mastery_gold_unlock_ob,0,0,1,,,,,,,19030,0
19566,iw9_sm_mpapa7_camo_mastery_plat_ob,0,0,600,42134+41720,5000,,,,iw9_sm_mpapa7_camo_mastery_plat_unlock_ob,,0
19633,iw9_sm_mpapa7_camo_mastery_plat_unlock_ob,0,0,2,,,,,,,19164|19432,0
19700,iw9_sm_mpapa7_camo_mastery_dama_ob,0,0,900,42426+41532,7500,,,,iw9_sm_mpapa7_camo_mastery_dama_unlock_ob,,0
19767,iw9_sm_mpapa7_camo_mastery_dama_unlock_ob,0,0,2,,,,,,,19298|19566,0
19834,iw9_sm_mpapa7_camo_mastery_orion_ob,0,0,1200,43339+41434,10000,,,,iw9_sm_mpapa7_camo_mastery_orion_unlock_ob,,0
19901,iw9_sm_mpapa7_camo_mastery_orion_unlock_ob,0,0,2,,,,,,,18721|19700,0
19968,iw9_sm_mpapa7_mastery_completionist_ob,0,0,4,43229,,,,,,19432|19566|19700|19834,0
21901,iw9_sm_mpapa7_base_camos_ob_unlock,0,0,1|10|18|27,,,,,,,,0
26128,iw9_sm_mpapa7_camo_ob_gold_wrapper,0,0,1,,,,,,,19030,0
26205,iw9_sm_mpapa7_camo_ob_plat_wrapper,0,0,1,,,,,,,19164,0
37918,iw9_sm_mpapa7_prestige_unlock,0,0,28,,,,,,,,0
38980,iw9_sm_mpapa7_camo_prestige_4,0,0,300000,68333,,,,,iw9_sm_mpapa7_camo_prestige_3,,0
39107,iw9_sm_mpapa7_camo_prestige_3,0,0,250000,68188,,,,,iw9_sm_mpapa7_camo_prestige_2,,0
39234,iw9_sm_mpapa7_camo_prestige_2,0,0,200000,63922,,,,,iw9_sm_mpapa7_camo_prestige_1,,0
39361,iw9_sm_mpapa7_camo_prestige_1,0,0,150000,63843,,,,,iw9_sm_mpapa7_prestige_unlock,,0
18763,iw9_sm_victor_camo_ob_1,0,0,250,43949,1000,,,,iw9_sm_victor_base_camos_ob_unlock,,0
18830,iw9_sm_victor_camo_ob_2,0,0,5,43905,1500,,,,iw9_sm_victor_base_camos_ob_unlock,,0
18897,iw9_sm_victor_camo_ob_3,0,0,50,44043,2000,,,,iw9_sm_victor_base_camos_ob_unlock,,0
18964,iw9_sm_victor_camo_ob_4,0,0,10,44048,2500,,,,iw9_sm_victor_base_camos_ob_unlock,,0
19031,iw9_sm_victor_camo_ob_gold,0,0,1,45549,4000,,,,iw9_sm_victor_camo_ob_gold_unlock,,0
19098,iw9_sm_victor_camo_ob_gold_unlock,0,0,4,,,,,,,18763|18830|18897|18964,0
19165,iw9_sm_victor_camo_ob_plat,0,0,300,45630,5000,,,,iw9_sm_victor_camo_plat_unlock_ob,,0
19232,iw9_sm_victor_camo_plat_unlock_ob,0,0,2,,,,,,,26129|18715,0
19299,iw9_sm_victor_camo_ob_dama,0,0,10,45711,7500,,,,iw9_sm_victor_camo_dama_unlock_ob,,0
19366,iw9_sm_victor_camo_dama_unlock_ob,0,0,2,,,,,,,26206|18713,0
19433,iw9_sm_victor_camo_mastery_gold_ob,0,0,300,42305+41625,4000,,,,iw9_sm_victor_camo_mastery_gold_unlock_ob,,0
19500,iw9_sm_victor_camo_mastery_gold_unlock_ob,0,0,1,,,,,,,19031,0
19567,iw9_sm_victor_camo_mastery_plat_ob,0,0,600,42133+41719,5000,,,,iw9_sm_victor_camo_mastery_plat_unlock_ob,,0
19634,iw9_sm_victor_camo_mastery_plat_unlock_ob,0,0,2,,,,,,,19165|19433,0
19701,iw9_sm_victor_camo_mastery_dama_ob,0,0,900,42425+41531,7500,,,,iw9_sm_victor_camo_mastery_dama_unlock_ob,,0
19768,iw9_sm_victor_camo_mastery_dama_unlock_ob,0,0,2,,,,,,,19299|19567,0
19835,iw9_sm_victor_camo_mastery_orion_ob,0,0,1200,43338+41433,10000,,,,iw9_sm_victor_camo_mastery_orion_unlock_ob,,0
19902,iw9_sm_victor_camo_mastery_orion_unlock_ob,0,0,2,,,,,,,18721|19701,0
19969,iw9_sm_victor_mastery_completionist_ob,0,0,4,43232,,,,,,19433|19567|19701|19835,0
21904,iw9_sm_victor_base_camos_ob_unlock,0,0,1|9|17|25,,,,,,,,0
26129,iw9_sm_victor_camo_ob_gold_wrapper,0,0,1,,,,,,,19031,0
26206,iw9_sm_victor_camo_ob_plat_wrapper,0,0,1,,,,,,,19165,0
37922,iw9_sm_victor_prestige_unlock,0,0,26,,,,,,,,0
38984,iw9_sm_victor_camo_prestige_4,0,0,300000,68363,,,,,iw9_sm_victor_camo_prestige_3,,0
39111,iw9_sm_victor_camo_prestige_3,0,0,250000,68218,,,,,iw9_sm_victor_camo_prestige_2,,0
39238,iw9_sm_victor_camo_prestige_2,0,0,200000,63952,,,,,iw9_sm_victor_camo_prestige_1,,0
39365,iw9_sm_victor_camo_prestige_1,0,0,150000,63873,,,,,iw9_sm_victor_prestige_unlock,,0
18764,iw9_sh_mike1014_camo_ob_1,0,0,250,43968,1000,,,,iw9_sh_mike1014_base_camos_ob_unlock,,0
18831,iw9_sh_mike1014_camo_ob_2,0,0,250,44066,1500,,,,iw9_sh_mike1014_base_camos_ob_unlock,,0
18898,iw9_sh_mike1014_camo_ob_3,0,0,250,43883,2000,,,,iw9_sh_mike1014_base_camos_ob_unlock,,0
18965,iw9_sh_mike1014_camo_ob_4,0,0,250,44120,2500,,,,iw9_sh_mike1014_base_camos_ob_unlock,,0
19032,iw9_sh_mike1014_camo_ob_gold,0,0,1,45510,4000,,,,iw9_sh_mike1014_camo_ob_gold_unlock,,0
19099,iw9_sh_mike1014_camo_ob_gold_unlock,0,0,4,,,,,,,18764|18831|18898|18965,0
19166,iw9_sh_mike1014_camo_ob_plat,0,0,300,45591,5000,,,,iw9_sh_mike1014_camo_plat_unlock_ob,,0
19233,iw9_sh_mike1014_camo_plat_unlock_ob,0,0,2,,,,,,,26130|18727,0
19300,iw9_sh_mike1014_camo_ob_dama,0,0,10,45672,7500,,,,iw9_sh_mike1014_camo_dama_unlock_ob,,0
19367,iw9_sh_mike1014_camo_dama_unlock_ob,0,0,2,,,,,,,26207|18713,0
19434,iw9_sh_mike1014_camo_mastery_gold_ob,0,0,300,42304+41624,4000,,,,iw9_sh_mike1014_camo_mastery_gold_unlock_ob,,0
19501,iw9_sh_mike1014_camo_mastery_gold_unlock_ob,0,0,1,,,,,,,19032,0
19568,iw9_sh_mike1014_camo_mastery_plat_ob,0,0,600,42132+41718,5000,,,,iw9_sh_mike1014_camo_mastery_plat_unlock_ob,,0
19635,iw9_sh_mike1014_camo_mastery_plat_unlock_ob,0,0,2,,,,,,,19166|19434,0
19702,iw9_sh_mike1014_camo_mastery_dama_ob,0,0,900,42424+41530,7500,,,,iw9_sh_mike1014_camo_mastery_dama_unlock_ob,,0
19769,iw9_sh_mike1014_camo_mastery_dama_unlock_ob,0,0,2,,,,,,,19300|19568,0
19836,iw9_sh_mike1014_camo_mastery_orion_ob,0,0,1200,43337+41432,10000,,,,iw9_sh_mike1014_camo_mastery_orion_unlock_ob,,0
19903,iw9_sh_mike1014_camo_mastery_orion_unlock_ob,0,0,2,,,,,,,18721|19702,0
19970,iw9_sh_mike1014_mastery_completionist_ob,0,0,4,43226,,,,,,19434|19568|19702|19836,0
21891,iw9_sh_mike1014_base_camos_ob_unlock,0,0,1|10|19|28,,,,,,,,0
26130,iw9_sh_mike1014_camo_ob_gold_wrapper,0,0,1,,,,,,,19032,0
26207,iw9_sh_mike1014_camo_ob_plat_wrapper,0,0,1,,,,,,,19166,0
37907,iw9_sh_mike1014_prestige_unlock,0,0,29,,,,,,,,0
38969,iw9_sh_mike1014_camo_prestige_4,0,0,300000,68324,,,,,iw9_sh_mike1014_camo_prestige_3,,0
39096,iw9_sh_mike1014_camo_prestige_3,0,0,250000,68179,,,,,iw9_sh_mike1014_camo_prestige_2,,0
39223,iw9_sh_mike1014_camo_prestige_2,0,0,200000,63913,,,,,iw9_sh_mike1014_camo_prestige_1,,0
39350,iw9_sh_mike1014_camo_prestige_1,0,0,150000,63834,,,,,iw9_sh_mike1014_prestige_unlock,,0
18765,iw9_sh_mbravo_camo_ob_1,0,0,250,43998,1000,,,,iw9_sh_mbravo_base_camos_ob_unlock,,0
18832,iw9_sh_mbravo_camo_ob_2,0,0,10,43981,1500,,,,iw9_sh_mbravo_base_camos_ob_unlock,,0
18899,iw9_sh_mbravo_camo_ob_3,0,0,100,44067,2000,,,,iw9_sh_mbravo_base_camos_ob_unlock,,0
18966,iw9_sh_mbravo_camo_ob_4,0,0,50,43817,2500,,,,iw9_sh_mbravo_base_camos_ob_unlock,,0
19033,iw9_sh_mbravo_camo_ob_gold,0,0,1,45507,4000,,,,iw9_sh_mbravo_camo_ob_gold_unlock,,0
19100,iw9_sh_mbravo_camo_ob_gold_unlock,0,0,4,,,,,,,18765|18832|18899|18966,0
19167,iw9_sh_mbravo_camo_ob_plat,0,0,300,45588,5000,,,,iw9_sh_mbravo_camo_plat_unlock_ob,,0
19234,iw9_sh_mbravo_camo_plat_unlock_ob,0,0,2,,,,,,,26131|18727,0
19301,iw9_sh_mbravo_camo_ob_dama,0,0,10,45669,7500,,,,iw9_sh_mbravo_camo_dama_unlock_ob,,0
19368,iw9_sh_mbravo_camo_dama_unlock_ob,0,0,2,,,,,,,26208|18713,0
19435,iw9_sh_mbravo_camo_mastery_gold_ob,0,0,300,42303+41623,4000,,,,iw9_sh_mbravo_camo_mastery_gold_unlock_ob,,0
19502,iw9_sh_mbravo_camo_mastery_gold_unlock_ob,0,0,1,,,,,,,19033,0
19569,iw9_sh_mbravo_camo_mastery_plat_ob,0,0,600,42131+41717,5000,,,,iw9_sh_mbravo_camo_mastery_plat_unlock_ob,,0
19636,iw9_sh_mbravo_camo_mastery_plat_unlock_ob,0,0,2,,,,,,,19167|19435,0
19703,iw9_sh_mbravo_camo_mastery_dama_ob,0,0,900,42423+41529,7500,,,,iw9_sh_mbravo_camo_mastery_dama_unlock_ob,,0
19770,iw9_sh_mbravo_camo_mastery_dama_unlock_ob,0,0,2,,,,,,,19301|19569,0
19837,iw9_sh_mbravo_camo_mastery_orion_ob,0,0,1200,43336+41431,10000,,,,iw9_sh_mbravo_camo_mastery_orion_unlock_ob,,0
19904,iw9_sh_mbravo_camo_mastery_orion_unlock_ob,0,0,2,,,,,,,18721|19703,0
19971,iw9_sh_mbravo_mastery_completionist_ob,0,0,4,43225,,,,,,19435|19569|19703|19837,0
21890,iw9_sh_mbravo_base_camos_ob_unlock,0,0,1|7|13|19,,,,,,,,0
26131,iw9_sh_mbravo_camo_ob_gold_wrapper,0,0,1,,,,,,,19033,0
26208,iw9_sh_mbravo_camo_ob_plat_wrapper,0,0,1,,,,,,,19167,0
37906,iw9_sh_mbravo_prestige_unlock,0,0,21,,,,,,,,0
38968,iw9_sh_mbravo_camo_prestige_4,0,0,300000,68321,,,,,iw9_sh_mbravo_camo_prestige_3,,0
39095,iw9_sh_mbravo_camo_prestige_3,0,0,250000,68176,,,,,iw9_sh_mbravo_camo_prestige_2,,0
39222,iw9_sh_mbravo_camo_prestige_2,0,0,200000,63910,,,,,iw9_sh_mbravo_camo_prestige_1,,0
39349,iw9_sh_mbravo_camo_prestige_1,0,0,150000,63831,,,,,iw9_sh_mbravo_prestige_unlock,,0
18766,iw9_sh_mviktor_camo_ob_1,0,0,250,44062,1000,,,,iw9_sh_mviktor_base_camos_ob_unlock,,0
18833,iw9_sh_mviktor_camo_ob_2,0,0,250,44018,1500,,,,iw9_sh_mviktor_base_camos_ob_unlock,,0
18900,iw9_sh_mviktor_camo_ob_3,0,0,5,44114,2000,,,,iw9_sh_mviktor_base_camos_ob_unlock,,0
18967,iw9_sh_mviktor_camo_ob_4,0,0,250,44095,2500,,,,iw9_sh_mviktor_base_camos_ob_unlock,,0
19034,iw9_sh_mviktor_camo_ob_gold,0,0,1,45523,4000,,,,iw9_sh_mviktor_camo_ob_gold_unlock,,0
19101,iw9_sh_mviktor_camo_ob_gold_unlock,0,0,4,,,,,,,18766|18833|18900|18967,0
19168,iw9_sh_mviktor_camo_ob_plat,0,0,300,45604,5000,,,,iw9_sh_mviktor_camo_plat_unlock_ob,,0
19235,iw9_sh_mviktor_camo_plat_unlock_ob,0,0,2,,,,,,,26132|18727,0
19302,iw9_sh_mviktor_camo_ob_dama,0,0,10,45685,7500,,,,iw9_sh_mviktor_camo_dama_unlock_ob,,0
19369,iw9_sh_mviktor_camo_dama_unlock_ob,0,0,2,,,,,,,26209|18713,0
19436,iw9_sh_mviktor_camo_mastery_gold_ob,0,0,300,42302+41622,4000,,,,iw9_sh_mviktor_camo_mastery_gold_unlock_ob,,0
19503,iw9_sh_mviktor_camo_mastery_gold_unlock_ob,0,0,1,,,,,,,19034,0
19570,iw9_sh_mviktor_camo_mastery_plat_ob,0,0,600,42130+41716,5000,,,,iw9_sh_mviktor_camo_mastery_plat_unlock_ob,,0
19637,iw9_sh_mviktor_camo_mastery_plat_unlock_ob,0,0,2,,,,,,,19168|19436,0
19704,iw9_sh_mviktor_camo_mastery_dama_ob,0,0,900,42422+41528,7500,,,,iw9_sh_mviktor_camo_mastery_dama_unlock_ob,,0
19771,iw9_sh_mviktor_camo_mastery_dama_unlock_ob,0,0,2,,,,,,,19302|19570,0
19838,iw9_sh_mviktor_camo_mastery_orion_ob,0,0,1200,43335+41430,10000,,,,iw9_sh_mviktor_camo_mastery_orion_unlock_ob,,0
19905,iw9_sh_mviktor_camo_mastery_orion_unlock_ob,0,0,2,,,,,,,18721|19704,0
19972,iw9_sh_mviktor_mastery_completionist_ob,0,0,4,43227,,,,,,19436|19570|19704|19838,0
21892,iw9_sh_mviktor_base_camos_ob_unlock,0,0,1|7|13|20,,,,,,,,0
26132,iw9_sh_mviktor_camo_ob_gold_wrapper,0,0,1,,,,,,,19034,0
26209,iw9_sh_mviktor_camo_ob_plat_wrapper,0,0,1,,,,,,,19168,0
37908,iw9_sh_mviktor_prestige_unlock,0,0,21,,,,,,,,0
38970,iw9_sh_mviktor_camo_prestige_4,0,0,300000,68337,,,,,iw9_sh_mviktor_camo_prestige_3,,0
39097,iw9_sh_mviktor_camo_prestige_3,0,0,250000,68192,,,,,iw9_sh_mviktor_camo_prestige_2,,0
39224,iw9_sh_mviktor_camo_prestige_2,0,0,200000,63926,,,,,iw9_sh_mviktor_camo_prestige_1,,0
39351,iw9_sh_mviktor_camo_prestige_1,0,0,150000,63847,,,,,iw9_sh_mviktor_prestige_unlock,,0
18767,iw9_sh_charlie725_camo_ob_1,0,0,250,44004,1000,,,,iw9_sh_charlie725_base_camos_ob_unlock,,0
18834,iw9_sh_charlie725_camo_ob_2,0,0,10,43785,1500,,,,iw9_sh_charlie725_base_camos_ob_unlock,,0
18901,iw9_sh_charlie725_camo_ob_3,0,0,250,43927,2000,,,,iw9_sh_charlie725_base_camos_ob_unlock,,0
18968,iw9_sh_charlie725_camo_ob_4,0,0,250,44093,2500,,,,iw9_sh_charlie725_base_camos_ob_unlock,,0
19035,iw9_sh_charlie725_camo_ob_gold,0,0,1,45485,4000,,,,iw9_sh_charlie725_camo_ob_gold_unlock,,0
19102,iw9_sh_charlie725_camo_ob_gold_unlock,0,0,4,,,,,,,18767|18834|18901|18968,0
19169,iw9_sh_charlie725_camo_ob_plat,0,0,300,45566,5000,,,,iw9_sh_charlie725_camo_plat_unlock_ob,,0
19236,iw9_sh_charlie725_camo_plat_unlock_ob,0,0,2,,,,,,,26133|18727,0
19303,iw9_sh_charlie725_camo_ob_dama,0,0,10,45647,7500,,,,iw9_sh_charlie725_camo_dama_unlock_ob,,0
19370,iw9_sh_charlie725_camo_dama_unlock_ob,0,0,2,,,,,,,26210|18713,0
19437,iw9_sh_charlie725_camo_mastery_gold_ob,0,0,300,42301+41621,4000,,,,iw9_sh_charlie725_camo_mastery_gold_unlock_ob,,0
19504,iw9_sh_charlie725_camo_mastery_gold_unlock_ob,0,0,1,,,,,,,19035,0
19571,iw9_sh_charlie725_camo_mastery_plat_ob,0,0,600,42129+41715,5000,,,,iw9_sh_charlie725_camo_mastery_plat_unlock_ob,,0
19638,iw9_sh_charlie725_camo_mastery_plat_unlock_ob,0,0,2,,,,,,,19169|19437,0
19705,iw9_sh_charlie725_camo_mastery_dama_ob,0,0,900,42421+41527,7500,,,,iw9_sh_charlie725_camo_mastery_dama_unlock_ob,,0
19772,iw9_sh_charlie725_camo_mastery_dama_unlock_ob,0,0,2,,,,,,,19303|19571,0
19839,iw9_sh_charlie725_camo_mastery_orion_ob,0,0,1200,43334+41429,10000,,,,iw9_sh_charlie725_camo_mastery_orion_unlock_ob,,0
19906,iw9_sh_charlie725_camo_mastery_orion_unlock_ob,0,0,2,,,,,,,18721|19705,0
19973,iw9_sh_charlie725_mastery_completionist_ob,0,0,4,43224,,,,,,19437|19571|19705|19839,0
21889,iw9_sh_charlie725_base_camos_ob_unlock,0,0,1|9|18|26,,,,,,,,0
26133,iw9_sh_charlie725_camo_ob_gold_wrapper,0,0,1,,,,,,,19035,0
26210,iw9_sh_charlie725_camo_ob_plat_wrapper,0,0,1,,,,,,,19169,0
37905,iw9_sh_charlie725_prestige_unlock,0,0,27,,,,,,,,0
38967,iw9_sh_charlie725_camo_prestige_4,0,0,300000,68300,,,,,iw9_sh_charlie725_camo_prestige_3,,0
39094,iw9_sh_charlie725_camo_prestige_3,0,0,250000,68155,,,,,iw9_sh_charlie725_camo_prestige_2,,0
39221,iw9_sh_charlie725_camo_prestige_2,0,0,200000,63889,,,,,iw9_sh_charlie725_camo_prestige_1,,0
39348,iw9_sh_charlie725_camo_prestige_1,0,0,150000,63810,,,,,iw9_sh_charlie725_prestige_unlock,,0
18768,iw9_lm_slima_camo_ob_1,0,0,250,43854,1000,,,,iw9_lm_slima_base_camos_ob_unlock,,0
18835,iw9_lm_slima_camo_ob_2,0,0,10,44109,1500,,,,iw9_lm_slima_base_camos_ob_unlock,,0
18902,iw9_lm_slima_camo_ob_3,0,0,50,43838,2000,,,,iw9_lm_slima_base_camos_ob_unlock,,0
18969,iw9_lm_slima_camo_ob_4,0,0,250,44087,2500,,,,iw9_lm_slima_base_camos_ob_unlock,,0
19036,iw9_lm_slima_camo_ob_gold,0,0,1,45540,4000,,,,iw9_lm_slima_camo_ob_gold_unlock,,0
19103,iw9_lm_slima_camo_ob_gold_unlock,0,0,4,,,,,,,18768|18835|18902|18969,0
19170,iw9_lm_slima_camo_ob_plat,0,0,300,45621,5000,,,,iw9_lm_slima_camo_plat_unlock_ob,,0
19237,iw9_lm_slima_camo_plat_unlock_ob,0,0,2,,,,,,,26134|18725,0
19304,iw9_lm_slima_camo_ob_dama,0,0,10,45702,7500,,,,iw9_lm_slima_camo_dama_unlock_ob,,0
19371,iw9_lm_slima_camo_dama_unlock_ob,0,0,2,,,,,,,26211|18713,0
19438,iw9_lm_slima_camo_mastery_gold_ob,0,0,300,42300+41620,4000,,,,iw9_lm_slima_camo_mastery_gold_unlock_ob,,0
19505,iw9_lm_slima_camo_mastery_gold_unlock_ob,0,0,1,,,,,,,19036,0
19572,iw9_lm_slima_camo_mastery_plat_ob,0,0,600,42128+41714,5000,,,,iw9_lm_slima_camo_mastery_plat_unlock_ob,,0
19639,iw9_lm_slima_camo_mastery_plat_unlock_ob,0,0,2,,,,,,,19170|19438,0
19706,iw9_lm_slima_camo_mastery_dama_ob,0,0,900,43758+41526,7500,,,,iw9_lm_slima_camo_mastery_dama_unlock_ob,,0
19773,iw9_lm_slima_camo_mastery_dama_unlock_ob,0,0,2,,,,,,,19304|19572,0
19840,iw9_lm_slima_camo_mastery_orion_ob,0,0,1200,43333+41428,10000,,,,iw9_lm_slima_camo_mastery_orion_unlock_ob,,0
19907,iw9_lm_slima_camo_mastery_orion_unlock_ob,0,0,2,,,,,,,18721|19706,0
19974,iw9_lm_slima_mastery_completionist_ob,0,0,4,43222,,,,,,19438|19572|19706|19840,0
21877,iw9_lm_slima_base_camos_ob_unlock,0,0,1|9|18|26,,,,,,,,0
26134,iw9_lm_slima_camo_ob_gold_wrapper,0,0,1,,,,,,,19036,0
26211,iw9_lm_slima_camo_ob_plat_wrapper,0,0,1,,,,,,,19170,0
37890,iw9_lm_slima_prestige_unlock,0,0,28,,,,,,,,0
38952,iw9_lm_slima_camo_prestige_4,0,0,300000,68354,,,,,iw9_lm_slima_camo_prestige_3,,0
39079,iw9_lm_slima_camo_prestige_3,0,0,250000,68209,,,,,iw9_lm_slima_camo_prestige_2,,0
39206,iw9_lm_slima_camo_prestige_2,0,0,200000,63943,,,,,iw9_lm_slima_camo_prestige_1,,0
39333,iw9_lm_slima_camo_prestige_1,0,0,150000,63864,,,,,iw9_lm_slima_prestige_unlock,,0
18769,iw9_lm_ngolf7_camo_ob_1,0,0,250,43929,1000,,,,iw9_lm_ngolf7_base_camos_ob_unlock,,0
18836,iw9_lm_ngolf7_camo_ob_2,0,0,100,43931,1500,,,,iw9_lm_ngolf7_base_camos_ob_unlock,,0
18903,iw9_lm_ngolf7_camo_ob_3,0,0,10,44074,2000,,,,iw9_lm_ngolf7_base_camos_ob_unlock,,0
18970,iw9_lm_ngolf7_camo_ob_4,0,0,1,43878,2500,,,,iw9_lm_ngolf7_base_camos_ob_unlock,,0
19037,iw9_lm_ngolf7_camo_ob_gold,0,0,1,45524,4000,,,,iw9_lm_ngolf7_camo_ob_gold_unlock,,0
19104,iw9_lm_ngolf7_camo_ob_gold_unlock,0,0,4,,,,,,,18769|18836|18903|18970,0
19171,iw9_lm_ngolf7_camo_ob_plat,0,0,300,45605,5000,,,,iw9_lm_ngolf7_camo_plat_unlock_ob,,0
19238,iw9_lm_ngolf7_camo_plat_unlock_ob,0,0,2,,,,,,,26135|18725,0
19305,iw9_lm_ngolf7_camo_ob_dama,0,0,10,45686,7500,,,,iw9_lm_ngolf7_camo_dama_unlock_ob,,0
19372,iw9_lm_ngolf7_camo_dama_unlock_ob,0,0,2,,,,,,,26212|18713,0
19439,iw9_lm_ngolf7_camo_mastery_gold_ob,0,0,300,42299+41619,4000,,,,iw9_lm_ngolf7_camo_mastery_gold_unlock_ob,,0
19506,iw9_lm_ngolf7_camo_mastery_gold_unlock_ob,0,0,1,,,,,,,19037,0
19573,iw9_lm_ngolf7_camo_mastery_plat_ob,0,0,600,42127+41713,5000,,,,iw9_lm_ngolf7_camo_mastery_plat_unlock_ob,,0
19640,iw9_lm_ngolf7_camo_mastery_plat_unlock_ob,0,0,2,,,,,,,19171|19439,0
19707,iw9_lm_ngolf7_camo_mastery_dama_ob,0,0,900,42420+41525,7500,,,,iw9_lm_ngolf7_camo_mastery_dama_unlock_ob,,0
19774,iw9_lm_ngolf7_camo_mastery_dama_unlock_ob,0,0,2,,,,,,,19305|19573,0
19841,iw9_lm_ngolf7_camo_mastery_orion_ob,0,0,1200,43332+41427,10000,,,,iw9_lm_ngolf7_camo_mastery_orion_unlock_ob,,0
19908,iw9_lm_ngolf7_camo_mastery_orion_unlock_ob,0,0,2,,,,,,,18721|19707,0
19975,iw9_lm_ngolf7_mastery_completionist_ob,0,0,4,43221,,,,,,19439|19573|19707|19841,0
21875,iw9_lm_ngolf7_base_camos_ob_unlock,0,0,1|7|12|18,,,,,,,,0
26135,iw9_lm_ngolf7_camo_ob_gold_wrapper,0,0,1,,,,,,,19037,0
26212,iw9_lm_ngolf7_camo_ob_plat_wrapper,0,0,1,,,,,,,19171,0
37888,iw9_lm_ngolf7_prestige_unlock,0,0,19,,,,,,,,0
38950,iw9_lm_ngolf7_camo_prestige_4,0,0,300000,68338,,,,,iw9_lm_ngolf7_camo_prestige_3,,0
39077,iw9_lm_ngolf7_camo_prestige_3,0,0,250000,68193,,,,,iw9_lm_ngolf7_camo_prestige_2,,0
39204,iw9_lm_ngolf7_camo_prestige_2,0,0,200000,63927,,,,,iw9_lm_ngolf7_camo_prestige_1,,0
39331,iw9_lm_ngolf7_camo_prestige_1,0,0,150000,63848,,,,,iw9_lm_ngolf7_prestige_unlock,,0
18770,iw9_dm_mike14_camo_ob_1,0,0,250,44016,1000,,,,iw9_dm_mike14_base_camos_ob_unlock,,0
18837,iw9_dm_mike14_camo_ob_2,0,0,10,43971,1500,,,,iw9_dm_mike14_base_camos_ob_unlock,,0
18904,iw9_dm_mike14_camo_ob_3,0,0,10,43956,2000,,,,iw9_dm_mike14_base_camos_ob_unlock,,0
18971,iw9_dm_mike14_camo_ob_4,0,0,50,43980,2500,,,,iw9_dm_mike14_base_camos_ob_unlock,,0
19038,iw9_dm_mike14_camo_ob_gold,0,0,1,45511,4000,,,,iw9_dm_mike14_camo_ob_gold_unlock,,0
19105,iw9_dm_mike14_camo_ob_gold_unlock,0,0,4,,,,,,,18770|18837|18904|18971,0
19172,iw9_dm_mike14_camo_ob_plat,0,0,300,45592,5000,,,,iw9_dm_mike14_camo_plat_unlock_ob,,0
19239,iw9_dm_mike14_camo_plat_unlock_ob,0,0,2,,,,,,,26136|18729,0
19306,iw9_dm_mike14_camo_ob_dama,0,0,10,45673,7500,,,,iw9_dm_mike14_camo_dama_unlock_ob,,0
19373,iw9_dm_mike14_camo_dama_unlock_ob,0,0,2,,,,,,,26213|18713,0
19440,iw9_dm_mike14_camo_mastery_gold_ob,0,0,300,42297+41617,4000,,,,iw9_dm_mike14_camo_mastery_gold_unlock_ob,,0
19507,iw9_dm_mike14_camo_mastery_gold_unlock_ob,0,0,1,,,,,,,19038,0
19574,iw9_dm_mike14_camo_mastery_plat_ob,0,0,600,42125+41711,5000,,,,iw9_dm_mike14_camo_mastery_plat_unlock_ob,,0
19641,iw9_dm_mike14_camo_mastery_plat_unlock_ob,0,0,2,,,,,,,19172|19440,0
19708,iw9_dm_mike14_camo_mastery_dama_ob,0,0,900,42418+41523,7500,,,,iw9_dm_mike14_camo_mastery_dama_unlock_ob,,0
19775,iw9_dm_mike14_camo_mastery_dama_unlock_ob,0,0,2,,,,,,,19306|19574,0
19842,iw9_dm_mike14_camo_mastery_orion_ob,0,0,1200,43414+41425,10000,,,,iw9_dm_mike14_camo_mastery_orion_unlock_ob,,0
19909,iw9_dm_mike14_camo_mastery_orion_unlock_ob,0,0,2,,,,,,,18721|19708,0
19976,iw9_dm_mike14_mastery_completionist_ob,0,0,4,43258,,,,,,19440|19574|19708|19842,0
21857,iw9_dm_mike14_base_camos_ob_unlock,0,0,1|5|9|13,,,,,,,,0
26136,iw9_dm_mike14_camo_ob_gold_wrapper,0,0,1,,,,,,,19038,0
26213,iw9_dm_mike14_camo_ob_plat_wrapper,0,0,1,,,,,,,19172,0
37870,iw9_dm_mike14_prestige_unlock,0,0,15,,,,,,,,0
38935,iw9_dm_mike14_camo_prestige_4,0,0,300000,68325,,,,,iw9_dm_mike14_camo_prestige_3,,0
39062,iw9_dm_mike14_camo_prestige_3,0,0,250000,68180,,,,,iw9_dm_mike14_camo_prestige_2,,0
39189,iw9_dm_mike14_camo_prestige_2,0,0,200000,63914,,,,,iw9_dm_mike14_camo_prestige_1,,0
39316,iw9_dm_mike14_camo_prestige_1,0,0,150000,63835,,,,,iw9_dm_mike14_prestige_unlock,,0
18771,iw9_br_soscar14_camo_ob_1,0,0,250,44015,1000,,,,iw9_br_soscar14_base_camos_ob_unlock,,0
18838,iw9_br_soscar14_camo_ob_2,0,0,10,43810,1500,,,,iw9_br_soscar14_base_camos_ob_unlock,,0
18905,iw9_br_soscar14_camo_ob_3,0,0,1,43815,2000,,,,iw9_br_soscar14_base_camos_ob_unlock,,0
18972,iw9_br_soscar14_camo_ob_4,0,0,10,43791,2500,,,,iw9_br_soscar14_base_camos_ob_unlock,,0
19039,iw9_br_soscar14_camo_ob_gold,0,0,1,45541,4000,,,,iw9_br_soscar14_camo_ob_gold_unlock,,0
19106,iw9_br_soscar14_camo_ob_gold_unlock,0,0,4,,,,,,,18771|18838|18905|18972,0
19173,iw9_br_soscar14_camo_ob_plat,0,0,300,45622,5000,,,,iw9_br_soscar14_camo_plat_unlock_ob,,0
19240,iw9_br_soscar14_camo_plat_unlock_ob,0,0,2,,,,,,,26137|18719,0
19307,iw9_br_soscar14_camo_ob_dama,0,0,10,45703,7500,,,,iw9_br_soscar14_camo_dama_unlock_ob,,0
19374,iw9_br_soscar14_camo_dama_unlock_ob,0,0,2,,,,,,,26214|18713,0
19441,iw9_br_soscar14_camo_mastery_gold_ob,0,0,300,42298+41618,4000,,,,iw9_br_soscar14_camo_mastery_gold_unlock_ob,,0
19508,iw9_br_soscar14_camo_mastery_gold_unlock_ob,0,0,1,,,,,,,19039,0
19575,iw9_br_soscar14_camo_mastery_plat_ob,0,0,600,42126+41712,5000,,,,iw9_br_soscar14_camo_mastery_plat_unlock_ob,,0
19642,iw9_br_soscar14_camo_mastery_plat_unlock_ob,0,0,2,,,,,,,19173|19441,0
19709,iw9_br_soscar14_camo_mastery_dama_ob,0,0,900,42419+41524,7500,,,,iw9_br_soscar14_camo_mastery_dama_unlock_ob,,0
19776,iw9_br_soscar14_camo_mastery_dama_unlock_ob,0,0,2,,,,,,,19307|19575,0
19843,iw9_br_soscar14_camo_mastery_orion_ob,0,0,1200,43415+41426,10000,,,,iw9_br_soscar14_camo_mastery_orion_unlock_ob,,0
19910,iw9_br_soscar14_camo_mastery_orion_unlock_ob,0,0,2,,,,,,,18721|19709,0
19977,iw9_br_soscar14_mastery_completionist_ob,0,0,4,43306,,,,,,19441|19575|19709|19843,0
21854,iw9_br_soscar14_base_camos_ob_unlock,0,0,1|7|14|20,,,,,,,,0
26137,iw9_br_soscar14_camo_ob_gold_wrapper,0,0,1,,,,,,,19039,0
26214,iw9_br_soscar14_camo_ob_plat_wrapper,0,0,1,,,,,,,19173,0
37867,iw9_br_soscar14_prestige_unlock,0,0,22,,,,,,,,0
38932,iw9_br_soscar14_camo_prestige_4,0,0,300000,68355,,,,,iw9_br_soscar14_camo_prestige_3,,0
39059,iw9_br_soscar14_camo_prestige_3,0,0,250000,68210,,,,,iw9_br_soscar14_camo_prestige_2,,0
39186,iw9_br_soscar14_camo_prestige_2,0,0,200000,63944,,,,,iw9_br_soscar14_camo_prestige_1,,0
39313,iw9_br_soscar14_camo_prestige_1,0,0,150000,63865,,,,,iw9_br_soscar14_prestige_unlock,,0
18772,iw9_dm_sbeta_camo_ob_1,0,0,250,43830,1000,,,,iw9_dm_sbeta_base_camos_ob_unlock,,0
18839,iw9_dm_sbeta_camo_ob_2,0,0,250,43959,1500,,,,iw9_dm_sbeta_base_camos_ob_unlock,,0
18906,iw9_dm_sbeta_camo_ob_3,0,0,250,44113,2000,,,,iw9_dm_sbeta_base_camos_ob_unlock,,0
18973,iw9_dm_sbeta_camo_ob_4,0,0,250,43857,2500,,,,iw9_dm_sbeta_base_camos_ob_unlock,,0
19040,iw9_dm_sbeta_camo_ob_gold,0,0,1,45535,4000,,,,iw9_dm_sbeta_camo_ob_gold_unlock,,0
19107,iw9_dm_sbeta_camo_ob_gold_unlock,0,0,4,,,,,,,18772|18839|18906|18973,0
19174,iw9_dm_sbeta_camo_ob_plat,0,0,300,45616,5000,,,,iw9_dm_sbeta_camo_plat_unlock_ob,,0
19241,iw9_dm_sbeta_camo_plat_unlock_ob,0,0,2,,,,,,,26138|18729,0
19308,iw9_dm_sbeta_camo_ob_dama,0,0,10,45697,7500,,,,iw9_dm_sbeta_camo_dama_unlock_ob,,0
19375,iw9_dm_sbeta_camo_dama_unlock_ob,0,0,2,,,,,,,26215|18713,0
19442,iw9_dm_sbeta_camo_mastery_gold_ob,0,0,300,42296+41616,4000,,,,iw9_dm_sbeta_camo_mastery_gold_unlock_ob,,0
19509,iw9_dm_sbeta_camo_mastery_gold_unlock_ob,0,0,1,,,,,,,19040,0
19576,iw9_dm_sbeta_camo_mastery_plat_ob,0,0,600,42124+41710,5000,,,,iw9_dm_sbeta_camo_mastery_plat_unlock_ob,,0
19643,iw9_dm_sbeta_camo_mastery_plat_unlock_ob,0,0,2,,,,,,,19174|19442,0
19710,iw9_dm_sbeta_camo_mastery_dama_ob,0,0,900,42417+41522,7500,,,,iw9_dm_sbeta_camo_mastery_dama_unlock_ob,,0
19777,iw9_dm_sbeta_camo_mastery_dama_unlock_ob,0,0,2,,,,,,,19308|19576,0
19844,iw9_dm_sbeta_camo_mastery_orion_ob,0,0,1200,43413+41424,10000,,,,iw9_dm_sbeta_camo_mastery_orion_unlock_ob,,0
19911,iw9_dm_sbeta_camo_mastery_orion_unlock_ob,0,0,2,,,,,,,18721|19710,0
19978,iw9_dm_sbeta_mastery_completionist_ob,0,0,4,43283,,,,,,19442|19576|19710|19844,0
21861,iw9_dm_sbeta_base_camos_ob_unlock,0,0,1|10|18|27,,,,,,,,0
26138,iw9_dm_sbeta_camo_ob_gold_wrapper,0,0,1,,,,,,,19040,0
26215,iw9_dm_sbeta_camo_ob_plat_wrapper,0,0,1,,,,,,,19174,0
37874,iw9_dm_sbeta_prestige_unlock,0,0,28,,,,,,,,0
38939,iw9_dm_sbeta_camo_prestige_4,0,0,300000,68349,,,,,iw9_dm_sbeta_camo_prestige_3,,0
39066,iw9_dm_sbeta_camo_prestige_3,0,0,250000,68204,,,,,iw9_dm_sbeta_camo_prestige_2,,0
39193,iw9_dm_sbeta_camo_prestige_2,0,0,200000,63938,,,,,iw9_dm_sbeta_camo_prestige_1,,0
39320,iw9_dm_sbeta_camo_prestige_1,0,0,150000,63859,,,,,iw9_dm_sbeta_prestige_unlock,,0
18773,iw9_dm_mike24_camo_ob_1,0,0,250,43969,1000,,,,iw9_dm_mike24_base_camos_ob_unlock,,0
18840,iw9_dm_mike24_camo_ob_2,0,0,250,43887,1500,,,,iw9_dm_mike24_base_camos_ob_unlock,,0
18907,iw9_dm_mike24_camo_ob_3,0,0,30,44027,2000,,,,iw9_dm_mike24_base_camos_ob_unlock,,0
18974,iw9_dm_mike24_camo_ob_4,0,0,1,44042,2500,,,,iw9_dm_mike24_base_camos_ob_unlock,,0
19041,iw9_dm_mike24_camo_ob_gold,0,0,1,45514,4000,,,,iw9_dm_mike24_camo_ob_gold_unlock,,0
19108,iw9_dm_mike24_camo_ob_gold_unlock,0,0,4,,,,,,,18773|18840|18907|18974,0
19175,iw9_dm_mike24_camo_ob_plat,0,0,300,45595,5000,,,,iw9_dm_mike24_camo_plat_unlock_ob,,0
19242,iw9_dm_mike24_camo_plat_unlock_ob,0,0,2,,,,,,,26139|18729,0
19309,iw9_dm_mike24_camo_ob_dama,0,0,10,45676,7500,,,,iw9_dm_mike24_camo_dama_unlock_ob,,0
19376,iw9_dm_mike24_camo_dama_unlock_ob,0,0,2,,,,,,,26216|18713,0
19443,iw9_dm_mike24_camo_mastery_gold_ob,0,0,300,42293+41613,4000,,,,iw9_dm_mike24_camo_mastery_gold_unlock_ob,,0
19510,iw9_dm_mike24_camo_mastery_gold_unlock_ob,0,0,1,,,,,,,19041,0
19577,iw9_dm_mike24_camo_mastery_plat_ob,0,0,600,42121+41707,5000,,,,iw9_dm_mike24_camo_mastery_plat_unlock_ob,,0
19644,iw9_dm_mike24_camo_mastery_plat_unlock_ob,0,0,2,,,,,,,19175|19443,0
19711,iw9_dm_mike24_camo_mastery_dama_ob,0,0,900,42414+41519,7500,,,,iw9_dm_mike24_camo_mastery_dama_unlock_ob,,0
19778,iw9_dm_mike24_camo_mastery_dama_unlock_ob,0,0,2,,,,,,,19309|19577,0
19845,iw9_dm_mike24_camo_mastery_orion_ob,0,0,1200,43410+41421,10000,,,,iw9_dm_mike24_camo_mastery_orion_unlock_ob,,0
19912,iw9_dm_mike24_camo_mastery_orion_unlock_ob,0,0,2,,,,,,,18721|19711,0
19979,iw9_dm_mike24_mastery_completionist_ob,0,0,4,43261,,,,,,19443|19577|19711|19845,0
21858,iw9_dm_mike24_base_camos_ob_unlock,0,0,1|5|10|13,,,,,,,,0
26139,iw9_dm_mike24_camo_ob_gold_wrapper,0,0,1,,,,,,,19041,0
26216,iw9_dm_mike24_camo_ob_plat_wrapper,0,0,1,,,,,,,19175,0
37871,iw9_dm_mike24_prestige_unlock,0,0,15,,,,,,,,0
38936,iw9_dm_mike24_camo_prestige_4,0,0,300000,68328,,,,,iw9_dm_mike24_camo_prestige_3,,0
39063,iw9_dm_mike24_camo_prestige_3,0,0,250000,68183,,,,,iw9_dm_mike24_camo_prestige_2,,0
39190,iw9_dm_mike24_camo_prestige_2,0,0,200000,63917,,,,,iw9_dm_mike24_camo_prestige_1,,0
39317,iw9_dm_mike24_camo_prestige_1,0,0,150000,63838,,,,,iw9_dm_mike24_prestige_unlock,,0
18774,iw9_dm_sa700_camo_ob_1,0,0,250,43993,1000,,,,iw9_dm_sa700_base_camos_ob_unlock,,0
18841,iw9_dm_sa700_camo_ob_2,0,0,10,43999,1500,,,,iw9_dm_sa700_base_camos_ob_unlock,,0
18908,iw9_dm_sa700_camo_ob_3,0,0,10,44091,2000,,,,iw9_dm_sa700_base_camos_ob_unlock,,0
18975,iw9_dm_sa700_camo_ob_4,0,0,250,43903,2500,,,,iw9_dm_sa700_base_camos_ob_unlock,,0
19042,iw9_dm_sa700_camo_ob_gold,0,0,1,45534,4000,,,,iw9_dm_sa700_camo_ob_gold_unlock,,0
19109,iw9_dm_sa700_camo_ob_gold_unlock,0,0,4,,,,,,,18774|18841|18908|18975,0
19176,iw9_dm_sa700_camo_ob_plat,0,0,300,45615,5000,,,,iw9_dm_sa700_camo_plat_unlock_ob,,0
19243,iw9_dm_sa700_camo_plat_unlock_ob,0,0,2,,,,,,,26140|18729,0
19310,iw9_dm_sa700_camo_ob_dama,0,0,10,45696,7500,,,,iw9_dm_sa700_camo_dama_unlock_ob,,0
19377,iw9_dm_sa700_camo_dama_unlock_ob,0,0,2,,,,,,,26217|18713,0
19444,iw9_dm_sa700_camo_mastery_gold_ob,0,0,300,42292+41612,4000,,,,iw9_dm_sa700_camo_mastery_gold_unlock_ob,,0
19511,iw9_dm_sa700_camo_mastery_gold_unlock_ob,0,0,1,,,,,,,19042,0
19578,iw9_dm_sa700_camo_mastery_plat_ob,0,0,600,42120+41706,5000,,,,iw9_dm_sa700_camo_mastery_plat_unlock_ob,,0
19645,iw9_dm_sa700_camo_mastery_plat_unlock_ob,0,0,2,,,,,,,19176|19444,0
19712,iw9_dm_sa700_camo_mastery_dama_ob,0,0,900,42413+41518,7500,,,,iw9_dm_sa700_camo_mastery_dama_unlock_ob,,0
19779,iw9_dm_sa700_camo_mastery_dama_unlock_ob,0,0,2,,,,,,,19310|19578,0
19846,iw9_dm_sa700_camo_mastery_orion_ob,0,0,1200,43409+41420,10000,,,,iw9_dm_sa700_camo_mastery_orion_unlock_ob,,0
19913,iw9_dm_sa700_camo_mastery_orion_unlock_ob,0,0,2,,,,,,,18721|19712,0
19980,iw9_dm_sa700_mastery_completionist_ob,0,0,4,43282,,,,,,19444|19578|19712|19846,0
21860,iw9_dm_sa700_base_camos_ob_unlock,0,0,1|7|13|19,,,,,,,,0
26140,iw9_dm_sa700_camo_ob_gold_wrapper,0,0,1,,,,,,,19042,0
26217,iw9_dm_sa700_camo_ob_plat_wrapper,0,0,1,,,,,,,19176,0
37873,iw9_dm_sa700_prestige_unlock,0,0,22,,,,,,,,0
38938,iw9_dm_sa700_camo_prestige_4,0,0,300000,68348,,,,,iw9_dm_sa700_camo_prestige_3,,0
39065,iw9_dm_sa700_camo_prestige_3,0,0,250000,68203,,,,,iw9_dm_sa700_camo_prestige_2,,0
39192,iw9_dm_sa700_camo_prestige_2,0,0,200000,63937,,,,,iw9_dm_sa700_camo_prestige_1,,0
39319,iw9_dm_sa700_camo_prestige_1,0,0,150000,63858,,,,,iw9_dm_sa700_prestige_unlock,,0
18775,iw9_dm_xmike2010_camo_ob_1,0,0,250,44060,1000,,,,iw9_dm_xmike2010_base_camos_ob_unlock,,0
18842,iw9_dm_xmike2010_camo_ob_2,0,0,100,44003,1500,,,,iw9_dm_xmike2010_base_camos_ob_unlock,,0
18909,iw9_dm_xmike2010_camo_ob_3,0,0,10,43958,2000,,,,iw9_dm_xmike2010_base_camos_ob_unlock,,0
18976,iw9_dm_xmike2010_camo_ob_4,0,0,10,43977,2500,,,,iw9_dm_xmike2010_base_camos_ob_unlock,,0
25611,iw9_sn_xmike2010_camo_ob_gold,0,0,1,45551,4000,,,,iw9_dm_xmike2010_camo_ob_gold_unlock,,0
19110,iw9_dm_xmike2010_camo_ob_gold_unlock,0,0,4,,,,,,,18775|18842|18909|18976,0
19177,iw9_dm_xmike2010_camo_ob_plat,0,0,300,45632,5000,,,,iw9_sn_xmike2010_camo_plat_unlock_ob,,0
26591,iw9_sn_xmike2010_camo_plat_unlock_ob,0,0,2,,,,,,,26141|18731,0
19311,iw9_dm_xmike2010_camo_ob_dama,0,0,10,45713,7500,,,,iw9_dm_xmike2010_camo_dama_unlock_ob,,0
19378,iw9_dm_xmike2010_camo_dama_unlock_ob,0,0,2,,,,,,,26218|18713,0
19445,iw9_dm_xmike2010_camo_mastery_gold_ob,0,0,300,42294+41614,4000,,,,iw9_dm_xmike2010_camo_mastery_gold_unlock_ob,,0
19512,iw9_dm_xmike2010_camo_mastery_gold_unlock_ob,0,0,1,,,,,,,25611,0
19579,iw9_dm_xmike2010_camo_mastery_plat_ob,0,0,600,42122+41708,5000,,,,iw9_dm_xmike2010_camo_mastery_plat_unlock_ob,,0
19646,iw9_dm_xmike2010_camo_mastery_plat_unlock_ob,0,0,2,,,,,,,19177|19445,0
19713,iw9_dm_xmike2010_camo_mastery_dama_ob,0,0,900,42415+41520,7500,,,,iw9_dm_xmike2010_camo_mastery_dama_unlock_ob,,0
19780,iw9_dm_xmike2010_camo_mastery_dama_unlock_ob,0,0,2,,,,,,,19311|19579,0
19847,iw9_dm_xmike2010_camo_mastery_orion_ob,0,0,1200,43411+41422,10000,,,,iw9_dm_xmike2010_camo_mastery_orion_unlock_ob,,0
19914,iw9_dm_xmike2010_camo_mastery_orion_unlock_ob,0,0,2,,,,,,,18721|19713,0
19981,iw9_dm_xmike2010_mastery_completionist_ob,0,0,4,43317,,,,,,19445|19579|19713|19847,0
21864,iw9_dm_xmike2010_base_camos_ob_unlock,0,0,1|6|12|17,,,,,,,,0
26141,iw9_dm_xmike2010_camo_ob_gold_wrapper,0,0,1,,,,,,,25611,0
26218,iw9_dm_xmike2010_camo_ob_plat_wrapper,0,0,1,,,,,,,19177,0
37877,iw9_dm_xmike2010_prestige_unlock,0,0,19,,,,,,,,0
38942,iw9_dm_xmike2010_camo_prestige_4,0,0,300000,68365,,,,,iw9_dm_xmike2010_camo_prestige_3,,0
39069,iw9_dm_xmike2010_camo_prestige_3,0,0,250000,68220,,,,,iw9_dm_xmike2010_camo_prestige_2,,0
39196,iw9_dm_xmike2010_camo_prestige_2,0,0,200000,63954,,,,,iw9_dm_xmike2010_camo_prestige_1,,0
39323,iw9_dm_xmike2010_camo_prestige_1,0,0,150000,63875,,,,,iw9_dm_xmike2010_prestige_unlock,,0
18776,iw9_dm_la700_camo_ob_1,0,0,250,43784,1000,,,,iw9_dm_la700_base_camos_ob_unlock,,0
18843,iw9_dm_la700_camo_ob_2,0,0,30,43948,1500,,,,iw9_dm_la700_base_camos_ob_unlock,,0
18910,iw9_dm_la700_camo_ob_3,0,0,250,44073,2000,,,,iw9_dm_la700_base_camos_ob_unlock,,0
18977,iw9_dm_la700_camo_ob_4,0,0,250,43859,2500,,,,iw9_dm_la700_base_camos_ob_unlock,,0
25610,iw9_sn_la700_camo_ob_gold,0,0,1,45504,4000,,,,iw9_dm_la700_camo_ob_gold_unlock,,0
19111,iw9_dm_la700_camo_ob_gold_unlock,0,0,4,,,,,,,18776|18843|18910|18977,0
19178,iw9_dm_la700_camo_ob_plat,0,0,300,45585,5000,,,,iw9_sn_la700_camo_plat_unlock_ob,,0
26583,iw9_sn_la700_camo_plat_unlock_ob,0,0,2,,,,,,,26142|18731,0
19312,iw9_dm_la700_camo_ob_dama,0,0,10,45666,7500,,,,iw9_dm_la700_camo_dama_unlock_ob,,0
19379,iw9_dm_la700_camo_dama_unlock_ob,0,0,2,,,,,,,26219|18713,0
19446,iw9_dm_la700_camo_mastery_gold_ob,0,0,300,42295+41615,4000,,,,iw9_dm_la700_camo_mastery_gold_unlock_ob,,0
19513,iw9_dm_la700_camo_mastery_gold_unlock_ob,0,0,1,,,,,,,25610,0
19580,iw9_dm_la700_camo_mastery_plat_ob,0,0,600,42123+41709,5000,,,,iw9_dm_la700_camo_mastery_plat_unlock_ob,,0
19647,iw9_dm_la700_camo_mastery_plat_unlock_ob,0,0,2,,,,,,,19178|19446,0
19714,iw9_dm_la700_camo_mastery_dama_ob,0,0,900,42416+41521,7500,,,,iw9_dm_la700_camo_mastery_dama_unlock_ob,,0
19781,iw9_dm_la700_camo_mastery_dama_unlock_ob,0,0,2,,,,,,,19312|19580,0
19848,iw9_dm_la700_camo_mastery_orion_ob,0,0,1200,43412+41423,10000,,,,iw9_dm_la700_camo_mastery_orion_unlock_ob,,0
19915,iw9_dm_la700_camo_mastery_orion_unlock_ob,0,0,2,,,,,,,18721|19714,0
19982,iw9_dm_la700_mastery_completionist_ob,0,0,4,43239,,,,,,19446|19580|19714|19848,0
21856,iw9_dm_la700_base_camos_ob_unlock,0,0,1|7|14|20,,,,,,,,0
26142,iw9_dm_la700_camo_ob_gold_wrapper,0,0,1,,,,,,,25610,0
26219,iw9_dm_la700_camo_ob_plat_wrapper,0,0,1,,,,,,,19178,0
37869,iw9_dm_la700_prestige_unlock,0,0,21,,,,,,,,0
38934,iw9_dm_la700_camo_prestige_4,0,0,300000,68318,,,,,iw9_dm_la700_camo_prestige_3,,0
39061,iw9_dm_la700_camo_prestige_3,0,0,250000,68173,,,,,iw9_dm_la700_camo_prestige_2,,0
39188,iw9_dm_la700_camo_prestige_2,0,0,200000,63907,,,,,iw9_dm_la700_camo_prestige_1,,0
39315,iw9_dm_la700_camo_prestige_1,0,0,150000,63828,,,,,iw9_dm_la700_prestige_unlock,,0
18777,iw9_sn_mromeo_camo_ob_1,0,0,250,43978,1000,,,,iw9_sn_mromeo_base_camos_ob_unlock,,0
18844,iw9_sn_mromeo_camo_ob_2,0,0,250,43935,1500,,,,iw9_sn_mromeo_base_camos_ob_unlock,,0
18911,iw9_sn_mromeo_camo_ob_3,0,0,30,43836,2000,,,,iw9_sn_mromeo_base_camos_ob_unlock,,0
18978,iw9_sn_mromeo_camo_ob_4,0,0,50,44019,2500,,,,iw9_sn_mromeo_base_camos_ob_unlock,,0
19045,iw9_sn_mromeo_camo_ob_gold,0,0,1,45521,4000,,,,iw9_sn_mromeo_camo_ob_gold_unlock,,0
19112,iw9_sn_mromeo_camo_ob_gold_unlock,0,0,4,,,,,,,18777|18844|18911|18978,0
19179,iw9_sn_mromeo_camo_ob_plat,0,0,300,45602,5000,,,,iw9_sn_mromeo_camo_plat_unlock_ob,,0
19246,iw9_sn_mromeo_camo_plat_unlock_ob,0,0,2,,,,,,,26143|18731,0
19313,iw9_sn_mromeo_camo_ob_dama,0,0,10,45683,7500,,,,iw9_sn_mromeo_camo_dama_unlock_ob,,0
19380,iw9_sn_mromeo_camo_dama_unlock_ob,0,0,2,,,,,,,26220|18713,0
19447,iw9_sn_mromeo_camo_mastery_gold_ob,0,0,300,42291+41611,4000,,,,iw9_sn_mromeo_camo_mastery_gold_unlock_ob,,0
19514,iw9_sn_mromeo_camo_mastery_gold_unlock_ob,0,0,1,,,,,,,19045,0
19581,iw9_sn_mromeo_camo_mastery_plat_ob,0,0,600,42119+41705,5000,,,,iw9_sn_mromeo_camo_mastery_plat_unlock_ob,,0
19648,iw9_sn_mromeo_camo_mastery_plat_unlock_ob,0,0,2,,,,,,,19179|19447,0
19715,iw9_sn_mromeo_camo_mastery_dama_ob,0,0,900,42412+41517,7500,,,,iw9_sn_mromeo_camo_mastery_dama_unlock_ob,,0
19782,iw9_sn_mromeo_camo_mastery_dama_unlock_ob,0,0,2,,,,,,,19313|19581,0
19849,iw9_sn_mromeo_camo_mastery_orion_ob,0,0,1200,43408+41419,10000,,,,iw9_sn_mromeo_camo_mastery_orion_unlock_ob,,0
19916,iw9_sn_mromeo_camo_mastery_orion_unlock_ob,0,0,2,,,,,,,18721|19715,0
19983,iw9_sn_mromeo_mastery_completionist_ob,0,0,4,43265,,,,,,19447|19581|19715|19849,0
21908,iw9_sn_mromeo_base_camos_ob_unlock,0,0,1|9|17|25,,,,,,,,0
26143,iw9_sn_mromeo_camo_ob_gold_wrapper,0,0,1,,,,,,,19045,0
26220,iw9_sn_mromeo_camo_ob_plat_wrapper,0,0,1,,,,,,,19179,0
37926,iw9_sn_mromeo_prestige_unlock,0,0,28,,,,,,,,0
38988,iw9_sn_mromeo_camo_prestige_4,0,0,300000,68335,,,,,iw9_sn_mromeo_camo_prestige_3,,0
39115,iw9_sn_mromeo_camo_prestige_3,0,0,250000,68190,,,,,iw9_sn_mromeo_camo_prestige_2,,0
39242,iw9_sn_mromeo_camo_prestige_2,0,0,200000,63924,,,,,iw9_sn_mromeo_camo_prestige_1,,0
39369,iw9_sn_mromeo_camo_prestige_1,0,0,150000,63845,,,,,iw9_sn_mromeo_prestige_unlock,,0
18778,iw9_sn_limax_camo_ob_1,0,0,250,44014,1000,,,,iw9_sn_limax_base_camos_ob_unlock,,0
18845,iw9_sn_limax_camo_ob_2,0,0,200,43835,1500,,,,iw9_sn_limax_base_camos_ob_unlock,,0
18912,iw9_sn_limax_camo_ob_3,0,0,250,43798,2000,,,,iw9_sn_limax_base_camos_ob_unlock,,0
18979,iw9_sn_limax_camo_ob_4,0,0,1,44025,2500,,,,iw9_sn_limax_base_camos_ob_unlock,,0
19046,iw9_sn_limax_camo_ob_gold,0,0,1,45505,4000,,,,iw9_sn_limax_camo_ob_gold_unlock,,0
19113,iw9_sn_limax_camo_ob_gold_unlock,0,0,4,,,,,,,18778|18845|18912|18979,0
19180,iw9_sn_limax_camo_ob_plat,0,0,300,45586,5000,,,,iw9_sn_limax_camo_plat_unlock_ob,,0
19247,iw9_sn_limax_camo_plat_unlock_ob,0,0,2,,,,,,,26144|18731,0
19314,iw9_sn_limax_camo_ob_dama,0,0,10,45667,7500,,,,iw9_sn_limax_camo_dama_unlock_ob,,0
19381,iw9_sn_limax_camo_dama_unlock_ob,0,0,2,,,,,,,26221|18713,0
19448,iw9_sn_limax_camo_mastery_gold_ob,0,0,300,42290+41610,4000,,,,iw9_sn_limax_camo_mastery_gold_unlock_ob,,0
19515,iw9_sn_limax_camo_mastery_gold_unlock_ob,0,0,1,,,,,,,19046,0
19582,iw9_sn_limax_camo_mastery_plat_ob,0,0,600,42118+41704,5000,,,,iw9_sn_limax_camo_mastery_plat_unlock_ob,,0
19649,iw9_sn_limax_camo_mastery_plat_unlock_ob,0,0,2,,,,,,,19180|19448,0
19716,iw9_sn_limax_camo_mastery_dama_ob,0,0,900,42411+41516,7500,,,,iw9_sn_limax_camo_mastery_dama_unlock_ob,,0
19783,iw9_sn_limax_camo_mastery_dama_unlock_ob,0,0,2,,,,,,,19314|19582,0
19850,iw9_sn_limax_camo_mastery_orion_ob,0,0,1200,43407+41418,10000,,,,iw9_sn_limax_camo_mastery_orion_unlock_ob,,0
19917,iw9_sn_limax_camo_mastery_orion_unlock_ob,0,0,2,,,,,,,18721|19716,0
19984,iw9_sn_limax_mastery_completionist_ob,0,0,4,43243,,,,,,19448|19582|19716|19850,0
21907,iw9_sn_limax_base_camos_ob_unlock,0,0,1|8|15|22,,,,,,,,0
26144,iw9_sn_limax_camo_ob_gold_wrapper,0,0,1,,,,,,,19046,0
26221,iw9_sn_limax_camo_ob_plat_wrapper,0,0,1,,,,,,,19180,0
37925,iw9_sn_limax_prestige_unlock,0,0,23,,,,,,,,0
38987,iw9_sn_limax_camo_prestige_4,0,0,300000,68319,,,,,iw9_sn_limax_camo_prestige_3,,0
39114,iw9_sn_limax_camo_prestige_3,0,0,250000,68174,,,,,iw9_sn_limax_camo_prestige_2,,0
39241,iw9_sn_limax_camo_prestige_2,0,0,200000,63908,,,,,iw9_sn_limax_camo_prestige_1,,0
39368,iw9_sn_limax_camo_prestige_1,0,0,150000,63829,,,,,iw9_sn_limax_prestige_unlock,,0
18779,iw9_sn_alpha50_camo_ob_1,0,0,250,43865,1000,,,,iw9_sn_alpha50_base_camos_ob_unlock,,0
18846,iw9_sn_alpha50_camo_ob_2,0,0,200,43950,1500,,,,iw9_sn_alpha50_base_camos_ob_unlock,,0
18913,iw9_sn_alpha50_camo_ob_3,0,0,250,44111,2000,,,,iw9_sn_alpha50_base_camos_ob_unlock,,0
18980,iw9_sn_alpha50_camo_ob_4,0,0,250,43819,2500,,,,iw9_sn_alpha50_base_camos_ob_unlock,,0
19047,iw9_sn_alpha50_camo_ob_gold,0,0,1,45479,4000,,,,iw9_sn_alpha50_camo_ob_gold_unlock,,0
19114,iw9_sn_alpha50_camo_ob_gold_unlock,0,0,4,,,,,,,18779|18846|18913|18980,0
19181,iw9_sn_alpha50_camo_ob_plat,0,0,300,45560,5000,,,,iw9_sn_alpha50_camo_plat_unlock_ob,,0
19248,iw9_sn_alpha50_camo_plat_unlock_ob,0,0,2,,,,,,,26145|18731,0
19315,iw9_sn_alpha50_camo_ob_dama,0,0,10,45641,7500,,,,iw9_sn_alpha50_camo_dama_unlock_ob,,0
19382,iw9_sn_alpha50_camo_dama_unlock_ob,0,0,2,,,,,,,26222|18713,0
19449,iw9_sn_alpha50_camo_mastery_gold_ob,0,0,300,42278+41597,4000,,,,iw9_sn_alpha50_camo_mastery_gold_unlock_ob,,0
19516,iw9_sn_alpha50_camo_mastery_gold_unlock_ob,0,0,1,,,,,,,19047,0
19583,iw9_sn_alpha50_camo_mastery_plat_ob,0,0,600,42105+41691,5000,,,,iw9_sn_alpha50_camo_mastery_plat_unlock_ob,,0
19650,iw9_sn_alpha50_camo_mastery_plat_unlock_ob,0,0,2,,,,,,,19181|19449,0
19717,iw9_sn_alpha50_camo_mastery_dama_ob,0,0,900,42398+41503,7500,,,,iw9_sn_alpha50_camo_mastery_dama_unlock_ob,,0
19784,iw9_sn_alpha50_camo_mastery_dama_unlock_ob,0,0,2,,,,,,,19315|19583,0
19851,iw9_sn_alpha50_camo_mastery_orion_ob,0,0,1200,41860+41405,10000,,,,iw9_sn_alpha50_camo_mastery_orion_unlock_ob,,0
19918,iw9_sn_alpha50_camo_mastery_orion_unlock_ob,0,0,2,,,,,,,18721|19717,0
19985,iw9_sn_alpha50_mastery_completionist_ob,0,0,4,43233,,,,,,19449|19583|19717|19851,0
21905,iw9_sn_alpha50_base_camos_ob_unlock,0,0,1|9|17|25,,,,,,,,0
26145,iw9_sn_alpha50_camo_ob_gold_wrapper,0,0,1,,,,,,,19047,0
26222,iw9_sn_alpha50_camo_ob_plat_wrapper,0,0,1,,,,,,,19181,0
37923,iw9_sn_alpha50_prestige_unlock,0,0,27,,,,,,,,0
38985,iw9_sn_alpha50_camo_prestige_4,0,0,300000,68294,,,,,iw9_sn_alpha50_camo_prestige_3,,0
39112,iw9_sn_alpha50_camo_prestige_3,0,0,250000,68149,,,,,iw9_sn_alpha50_camo_prestige_2,,0
39239,iw9_sn_alpha50_camo_prestige_2,0,0,200000,63883,,,,,iw9_sn_alpha50_camo_prestige_1,,0
39366,iw9_sn_alpha50_camo_prestige_1,0,0,150000,63804,,,,,iw9_sn_alpha50_prestige_unlock,,0
18780,iw9_pi_golf17_camo_ob_1,0,0,250,43970,1000,,,,iw9_pi_golf17_base_camos_ob_unlock,,0
18847,iw9_pi_golf17_camo_ob_2,0,0,250,43813,1500,,,,iw9_pi_golf17_base_camos_ob_unlock,,0
18914,iw9_pi_golf17_camo_ob_3,0,0,50,44045,2000,,,,iw9_pi_golf17_base_camos_ob_unlock,,0
18981,iw9_pi_golf17_camo_ob_4,0,0,250,44116,2500,,,,iw9_pi_golf17_base_camos_ob_unlock,,0
19048,iw9_pi_golf17_camo_ob_gold,0,0,1,45492,4000,,,,iw9_pi_golf17_camo_ob_gold_unlock,,0
19115,iw9_pi_golf17_camo_ob_gold_unlock,0,0,4,,,,,,,18780|18847|18914|18981,0
19182,iw9_pi_golf17_camo_ob_plat,0,0,300,45573,5000,,,,iw9_pi_golf17_camo_plat_unlock_ob,,0
19249,iw9_pi_golf17_camo_plat_unlock_ob,0,0,2,,,,,,,26146|18717,0
19316,iw9_pi_golf17_camo_ob_dama,0,0,10,45654,7500,,,,iw9_pi_golf17_camo_dama_unlock_ob,,0
19383,iw9_pi_golf17_camo_dama_unlock_ob,0,0,2,,,,,,,26223|18713,0
19450,iw9_pi_golf17_camo_mastery_gold_ob,0,0,300,42289+41609,4000,,,,iw9_pi_golf17_camo_mastery_gold_unlock_ob,,0
19517,iw9_pi_golf17_camo_mastery_gold_unlock_ob,0,0,1,,,,,,,19048,0
19584,iw9_pi_golf17_camo_mastery_plat_ob,0,0,600,42117+41703,5000,,,,iw9_pi_golf17_camo_mastery_plat_unlock_ob,,0
19651,iw9_pi_golf17_camo_mastery_plat_unlock_ob,0,0,2,,,,,,,19182|19450,0
19718,iw9_pi_golf17_camo_mastery_dama_ob,0,0,900,42410+41515,7500,,,,iw9_pi_golf17_camo_mastery_dama_unlock_ob,,0
19785,iw9_pi_golf17_camo_mastery_dama_unlock_ob,0,0,2,,,,,,,19316|19584,0
19852,iw9_pi_golf17_camo_mastery_orion_ob,0,0,1200,43406+41417,10000,,,,iw9_pi_golf17_camo_mastery_orion_unlock_ob,,0
19919,iw9_pi_golf17_camo_mastery_orion_unlock_ob,0,0,2,,,,,,,18721|19718,0
19986,iw9_pi_golf17_mastery_completionist_ob,0,0,4,43206,,,,,,19450|19584|19718|19852,0
21884,iw9_pi_golf17_base_camos_ob_unlock,0,0,1|7|12|18,,,,,,,,0
26146,iw9_pi_golf17_camo_ob_gold_wrapper,0,0,1,,,,,,,19048,0
26223,iw9_pi_golf17_camo_ob_plat_wrapper,0,0,1,,,,,,,19182,0
37899,iw9_pi_golf17_prestige_unlock,0,0,19,,,,,,,,0
38961,iw9_pi_golf17_camo_prestige_4,0,0,300000,68306,,,,,iw9_pi_golf17_camo_prestige_3,,0
39088,iw9_pi_golf17_camo_prestige_3,0,0,250000,68161,,,,,iw9_pi_golf17_camo_prestige_2,,0
39215,iw9_pi_golf17_camo_prestige_2,0,0,200000,63895,,,,,iw9_pi_golf17_camo_prestige_1,,0
39342,iw9_pi_golf17_camo_prestige_1,0,0,150000,63816,,,,,iw9_pi_golf17_prestige_unlock,,0
18781,iw9_pi_golf18_camo_ob_1,0,0,250,43900,1000,,,,iw9_pi_golf18_base_camos_ob_unlock,,0
18848,iw9_pi_golf18_camo_ob_2,0,0,200,43855,1500,,,,iw9_pi_golf18_base_camos_ob_unlock,,0
18915,iw9_pi_golf18_camo_ob_3,0,0,250,44068,2000,,,,iw9_pi_golf18_base_camos_ob_unlock,,0
18982,iw9_pi_golf18_camo_ob_4,0,0,250,44049,2500,,,,iw9_pi_golf18_base_camos_ob_unlock,,0
19049,iw9_pi_golf18_camo_ob_gold,0,0,1,45493,4000,,,,iw9_pi_golf18_camo_ob_gold_unlock,,0
19116,iw9_pi_golf18_camo_ob_gold_unlock,0,0,4,,,,,,,18781|18848|18915|18982,0
19183,iw9_pi_golf18_camo_ob_plat,0,0,300,45574,5000,,,,iw9_pi_golf18_camo_plat_unlock_ob,,0
19250,iw9_pi_golf18_camo_plat_unlock_ob,0,0,2,,,,,,,26147|18717,0
19317,iw9_pi_golf18_camo_ob_dama,0,0,10,45655,7500,,,,iw9_pi_golf18_camo_dama_unlock_ob,,0
19384,iw9_pi_golf18_camo_dama_unlock_ob,0,0,2,,,,,,,26224|18713,0
19451,iw9_pi_golf18_camo_mastery_gold_ob,0,0,300,42288+41608,4000,,,,iw9_pi_golf18_camo_mastery_gold_unlock_ob,,0
19518,iw9_pi_golf18_camo_mastery_gold_unlock_ob,0,0,1,,,,,,,19049,0
19585,iw9_pi_golf18_camo_mastery_plat_ob,0,0,600,42116+41702,5000,,,,iw9_pi_golf18_camo_mastery_plat_unlock_ob,,0
19652,iw9_pi_golf18_camo_mastery_plat_unlock_ob,0,0,2,,,,,,,19183|19451,0
19719,iw9_pi_golf18_camo_mastery_dama_ob,0,0,900,42409+41514,7500,,,,iw9_pi_golf18_camo_mastery_dama_unlock_ob,,0
19786,iw9_pi_golf18_camo_mastery_dama_unlock_ob,0,0,2,,,,,,,19317|19585,0
19853,iw9_pi_golf18_camo_mastery_orion_ob,0,0,1200,43405+41416,10000,,,,iw9_pi_golf18_camo_mastery_orion_unlock_ob,,0
19920,iw9_pi_golf18_camo_mastery_orion_unlock_ob,0,0,2,,,,,,,18721|19719,0
19987,iw9_pi_golf18_mastery_completionist_ob,0,0,4,43207,,,,,,19451|19585|19719|19853,0
21885,iw9_pi_golf18_base_camos_ob_unlock,0,0,1|7|14|20,,,,,,,,0
26147,iw9_pi_golf18_camo_ob_gold_wrapper,0,0,1,,,,,,,19049,0
26224,iw9_pi_golf18_camo_ob_plat_wrapper,0,0,1,,,,,,,19183,0
37900,iw9_pi_golf18_prestige_unlock,0,0,21,,,,,,,,0
38962,iw9_pi_golf18_camo_prestige_4,0,0,300000,68307,,,,,iw9_pi_golf18_camo_prestige_3,,0
39089,iw9_pi_golf18_camo_prestige_3,0,0,250000,68162,,,,,iw9_pi_golf18_camo_prestige_2,,0
39216,iw9_pi_golf18_camo_prestige_2,0,0,200000,63896,,,,,iw9_pi_golf18_camo_prestige_1,,0
39343,iw9_pi_golf18_camo_prestige_1,0,0,150000,63817,,,,,iw9_pi_golf18_prestige_unlock,,0
18782,iw9_pi_decho_camo_ob_1,0,0,250,43926,1000,,,,iw9_pi_decho_base_camos_ob_unlock,,0
18849,iw9_pi_decho_camo_ob_2,0,0,250,43787,1500,,,,iw9_pi_decho_base_camos_ob_unlock,,0
18916,iw9_pi_decho_camo_ob_3,0,0,10,44118,2000,,,,iw9_pi_decho_base_camos_ob_unlock,,0
18983,iw9_pi_decho_camo_ob_4,0,0,250,43789,2500,,,,iw9_pi_decho_base_camos_ob_unlock,,0
19050,iw9_pi_decho_camo_ob_gold,0,0,1,45487,4000,,,,iw9_pi_decho_camo_ob_gold_unlock,,0
19117,iw9_pi_decho_camo_ob_gold_unlock,0,0,4,,,,,,,18782|18849|18916|18983,0
19184,iw9_pi_decho_camo_ob_plat,0,0,300,45568,5000,,,,iw9_pi_decho_camo_plat_unlock_ob,,0
19251,iw9_pi_decho_camo_plat_unlock_ob,0,0,2,,,,,,,26148|18717,0
19318,iw9_pi_decho_camo_ob_dama,0,0,10,45649,7500,,,,iw9_pi_decho_camo_dama_unlock_ob,,0
19385,iw9_pi_decho_camo_dama_unlock_ob,0,0,2,,,,,,,26225|18713,0
19452,iw9_pi_decho_camo_mastery_gold_ob,0,0,300,42287+41607,4000,,,,iw9_pi_decho_camo_mastery_gold_unlock_ob,,0
19519,iw9_pi_decho_camo_mastery_gold_unlock_ob,0,0,1,,,,,,,19050,0
19586,iw9_pi_decho_camo_mastery_plat_ob,0,0,600,42115+41701,5000,,,,iw9_pi_decho_camo_mastery_plat_unlock_ob,,0
19653,iw9_pi_decho_camo_mastery_plat_unlock_ob,0,0,2,,,,,,,19184|19452,0
19720,iw9_pi_decho_camo_mastery_dama_ob,0,0,900,42408+41513,7500,,,,iw9_pi_decho_camo_mastery_dama_unlock_ob,,0
19787,iw9_pi_decho_camo_mastery_dama_unlock_ob,0,0,2,,,,,,,19318|19586,0
19854,iw9_pi_decho_camo_mastery_orion_ob,0,0,1200,43404+41415,10000,,,,iw9_pi_decho_camo_mastery_orion_unlock_ob,,0
19921,iw9_pi_decho_camo_mastery_orion_unlock_ob,0,0,2,,,,,,,18721|19720,0
19988,iw9_pi_decho_mastery_completionist_ob,0,0,4,43193,,,,,,19452|19586|19720|19854,0
21882,iw9_pi_decho_base_camos_ob_unlock,0,0,1|9|17|25,,,,,,,,0
26148,iw9_pi_decho_camo_ob_gold_wrapper,0,0,1,,,,,,,19050,0
26225,iw9_pi_decho_camo_ob_plat_wrapper,0,0,1,,,,,,,19184,0
37897,iw9_pi_decho_prestige_unlock,0,0,26,,,,,,,,0
38959,iw9_pi_decho_camo_prestige_4,0,0,300000,68302,,,,,iw9_pi_decho_camo_prestige_3,,0
39086,iw9_pi_decho_camo_prestige_3,0,0,250000,68157,,,,,iw9_pi_decho_camo_prestige_2,,0
39213,iw9_pi_decho_camo_prestige_2,0,0,200000,63891,,,,,iw9_pi_decho_camo_prestige_1,,0
39340,iw9_pi_decho_camo_prestige_1,0,0,150000,63812,,,,,iw9_pi_decho_prestige_unlock,,0
18783,iw9_pi_dechoauto_camo_ob_1,0,0,250,43868,1000,,,,iw9_pi_dechoauto_base_camos_ob_unlock,,0
18850,iw9_pi_dechoauto_camo_ob_2,0,0,250,43891,1500,,,,iw9_pi_dechoauto_base_camos_ob_unlock,,0
18917,iw9_pi_dechoauto_camo_ob_3,0,0,20,43914,2000,,,,iw9_pi_dechoauto_base_camos_ob_unlock,,0
18984,iw9_pi_dechoauto_camo_ob_4,0,0,250,43938,2500,,,,iw9_pi_dechoauto_base_camos_ob_unlock,,0
19051,iw9_pi_dechoauto_camo_ob_gold,0,0,1,45488,4000,,,,iw9_pi_dechoauto_camo_ob_gold_unlock,,0
19118,iw9_pi_dechoauto_camo_ob_gold_unlock,0,0,4,,,,,,,18783|18850|18917|18984,0
19185,iw9_pi_dechoauto_camo_ob_plat,0,0,300,45569,5000,,,,iw9_pi_dechoauto_camo_plat_unlock_ob,,0
19252,iw9_pi_dechoauto_camo_plat_unlock_ob,0,0,2,,,,,,,26149|18717,0
19319,iw9_pi_dechoauto_camo_ob_dama,0,0,10,45650,7500,,,,iw9_pi_dechoauto_camo_dama_unlock_ob,,0
19386,iw9_pi_dechoauto_camo_dama_unlock_ob,0,0,2,,,,,,,26226|18713,0
19453,iw9_pi_dechoauto_camo_mastery_gold_ob,0,0,300,42267+41587,4000,,,,iw9_pi_dechoauto_camo_mastery_gold_unlock_ob,,0
19520,iw9_pi_dechoauto_camo_mastery_gold_unlock_ob,0,0,1,,,,,,,19051,0
19587,iw9_pi_dechoauto_camo_mastery_plat_ob,0,0,600,42261+41681,5000,,,,iw9_pi_dechoauto_camo_mastery_plat_unlock_ob,,0
19654,iw9_pi_dechoauto_camo_mastery_plat_unlock_ob,0,0,2,,,,,,,19185|19453,0
19721,iw9_pi_dechoauto_camo_mastery_dama_ob,0,0,900,42387+41493,7500,,,,iw9_pi_dechoauto_camo_mastery_dama_unlock_ob,,0
19788,iw9_pi_dechoauto_camo_mastery_dama_unlock_ob,0,0,2,,,,,,,19319|19587,0
19855,iw9_pi_dechoauto_camo_mastery_orion_ob,0,0,1200,41849+41395,10000,,,,iw9_pi_dechoauto_camo_mastery_orion_unlock_ob,,0
19922,iw9_pi_dechoauto_camo_mastery_orion_unlock_ob,0,0,2,,,,,,,18721|19721,0
19989,iw9_pi_dechoauto_mastery_completionist_ob,0,0,4,43194,,,,,,19453|19587|19721|19855,0
21883,iw9_pi_dechoauto_base_camos_ob_unlock,0,0,1|3|5|8,,,,,,,,0
26149,iw9_pi_dechoauto_camo_ob_gold_wrapper,0,0,1,,,,,,,19051,0
26226,iw9_pi_dechoauto_camo_ob_plat_wrapper,0,0,1,,,,,,,19185,0
37898,iw9_pi_dechoauto_prestige_unlock,0,0,9,,,,,,,,0
38960,iw9_pi_dechoauto_camo_prestige_4,0,0,300000,68303,,,,,iw9_pi_dechoauto_camo_prestige_3,,0
39087,iw9_pi_dechoauto_camo_prestige_3,0,0,250000,68158,,,,,iw9_pi_dechoauto_camo_prestige_2,,0
39214,iw9_pi_dechoauto_camo_prestige_2,0,0,200000,63892,,,,,iw9_pi_dechoauto_camo_prestige_1,,0
39341,iw9_pi_dechoauto_camo_prestige_1,0,0,150000,63813,,,,,iw9_pi_dechoauto_prestige_unlock,,0
18784,iw9_pi_swhiskey_camo_ob_1,0,0,250,43957,1000,,,,iw9_pi_swhiskey_base_camos_ob_unlock,,0
18851,iw9_pi_swhiskey_camo_ob_2,0,0,100,44072,1500,,,,iw9_pi_swhiskey_base_camos_ob_unlock,,0
18918,iw9_pi_swhiskey_camo_ob_3,0,0,1,43863,2000,,,,iw9_pi_swhiskey_base_camos_ob_unlock,,0
18985,iw9_pi_swhiskey_camo_ob_4,0,0,50,43880,2500,,,,iw9_pi_swhiskey_base_camos_ob_unlock,,0
19052,iw9_pi_swhiskey_camo_ob_gold,0,0,1,45543,4000,,,,iw9_pi_swhiskey_camo_ob_gold_unlock,,0
19119,iw9_pi_swhiskey_camo_ob_gold_unlock,0,0,4,,,,,,,18784|18851|18918|18985,0
19186,iw9_pi_swhiskey_camo_ob_plat,0,0,300,45624,5000,,,,iw9_pi_swhiskey_camo_plat_unlock_ob,,0
19253,iw9_pi_swhiskey_camo_plat_unlock_ob,0,0,2,,,,,,,26150|18717,0
19320,iw9_pi_swhiskey_camo_ob_dama,0,0,10,45705,7500,,,,iw9_pi_swhiskey_camo_dama_unlock_ob,,0
19387,iw9_pi_swhiskey_camo_dama_unlock_ob,0,0,2,,,,,,,26227|18713,0
19454,iw9_pi_swhiskey_camo_mastery_gold_ob,0,0,300,42286+41606,4000,,,,iw9_pi_swhiskey_camo_mastery_gold_unlock_ob,,0
19521,iw9_pi_swhiskey_camo_mastery_gold_unlock_ob,0,0,1,,,,,,,19052,0
19588,iw9_pi_swhiskey_camo_mastery_plat_ob,0,0,600,42114+41700,5000,,,,iw9_pi_swhiskey_camo_mastery_plat_unlock_ob,,0
19655,iw9_pi_swhiskey_camo_mastery_plat_unlock_ob,0,0,2,,,,,,,19186|19454,0
19722,iw9_pi_swhiskey_camo_mastery_dama_ob,0,0,900,42407+41512,7500,,,,iw9_pi_swhiskey_camo_mastery_dama_unlock_ob,,0
19789,iw9_pi_swhiskey_camo_mastery_dama_unlock_ob,0,0,2,,,,,,,19320|19588,0
19856,iw9_pi_swhiskey_camo_mastery_orion_ob,0,0,1200,43403+41414,10000,,,,iw9_pi_swhiskey_camo_mastery_orion_unlock_ob,,0
19923,iw9_pi_swhiskey_camo_mastery_orion_unlock_ob,0,0,2,,,,,,,18721|19722,0
19990,iw9_pi_swhiskey_mastery_completionist_ob,0,0,4,43309,,,,,,19454|19588|19722|19856,0
21887,iw9_pi_swhiskey_base_camos_ob_unlock,0,0,1|10|18|27,,,,,,,,0
26150,iw9_pi_swhiskey_camo_ob_gold_wrapper,0,0,1,,,,,,,19052,0
26227,iw9_pi_swhiskey_camo_ob_plat_wrapper,0,0,1,,,,,,,19186,0
37903,iw9_pi_swhiskey_prestige_unlock,0,0,29,,,,,,,,0
38965,iw9_pi_swhiskey_camo_prestige_4,0,0,300000,68357,,,,,iw9_pi_swhiskey_camo_prestige_3,,0
39092,iw9_pi_swhiskey_camo_prestige_3,0,0,250000,68212,,,,,iw9_pi_swhiskey_camo_prestige_2,,0
39219,iw9_pi_swhiskey_camo_prestige_2,0,0,200000,63946,,,,,iw9_pi_swhiskey_camo_prestige_1,,0
39346,iw9_pi_swhiskey_camo_prestige_1,0,0,150000,63867,,,,,iw9_pi_swhiskey_prestige_unlock,,0
18785,iw9_pi_papa220_camo_ob_1,0,0,250,43932,1000,,,,iw9_pi_papa220_base_camos_ob_unlock,,0
18852,iw9_pi_papa220_camo_ob_2,0,0,50,43861,1500,,,,iw9_pi_papa220_base_camos_ob_unlock,,0
18919,iw9_pi_papa220_camo_ob_3,0,0,10,43841,2000,,,,iw9_pi_papa220_base_camos_ob_unlock,,0
18986,iw9_pi_papa220_camo_ob_4,0,0,100,43973,2500,,,,iw9_pi_papa220_base_camos_ob_unlock,,0
19053,iw9_pi_papa220_camo_ob_gold,0,0,1,45526,4000,,,,iw9_pi_papa220_camo_ob_gold_unlock,,0
19120,iw9_pi_papa220_camo_ob_gold_unlock,0,0,4,,,,,,,18785|18852|18919|18986,0
19187,iw9_pi_papa220_camo_ob_plat,0,0,300,45607,5000,,,,iw9_pi_papa220_camo_plat_unlock_ob,,0
19254,iw9_pi_papa220_camo_plat_unlock_ob,0,0,2,,,,,,,26151|18717,0
19321,iw9_pi_papa220_camo_ob_dama,0,0,10,45688,7500,,,,iw9_pi_papa220_camo_dama_unlock_ob,,0
19388,iw9_pi_papa220_camo_dama_unlock_ob,0,0,2,,,,,,,26228|18713,0
19455,iw9_pi_papa220_camo_mastery_gold_ob,0,0,300,42285+41605,4000,,,,iw9_pi_papa220_camo_mastery_gold_unlock_ob,,0
19522,iw9_pi_papa220_camo_mastery_gold_unlock_ob,0,0,1,,,,,,,19053,0
19589,iw9_pi_papa220_camo_mastery_plat_ob,0,0,600,42113+41699,5000,,,,iw9_pi_papa220_camo_mastery_plat_unlock_ob,,0
19656,iw9_pi_papa220_camo_mastery_plat_unlock_ob,0,0,2,,,,,,,19187|19455,0
19723,iw9_pi_papa220_camo_mastery_dama_ob,0,0,900,42406+41511,7500,,,,iw9_pi_papa220_camo_mastery_dama_unlock_ob,,0
19790,iw9_pi_papa220_camo_mastery_dama_unlock_ob,0,0,2,,,,,,,19321|19589,0
19857,iw9_pi_papa220_camo_mastery_orion_ob,0,0,1200,41868+41413,10000,,,,iw9_pi_papa220_camo_mastery_orion_unlock_ob,,0
19924,iw9_pi_papa220_camo_mastery_orion_unlock_ob,0,0,2,,,,,,,18721|19723,0
19991,iw9_pi_papa220_mastery_completionist_ob,0,0,4,43269,,,,,,19455|19589|19723|19857,0
21886,iw9_pi_papa220_base_camos_ob_unlock,0,0,1|9|17|25,,,,,,,,0
26151,iw9_pi_papa220_camo_ob_gold_wrapper,0,0,1,,,,,,,19053,0
26228,iw9_pi_papa220_camo_ob_plat_wrapper,0,0,1,,,,,,,19187,0
37902,iw9_pi_papa220_prestige_unlock,0,0,27,,,,,,,,0
38964,iw9_pi_papa220_camo_prestige_4,0,0,300000,68340,,,,,iw9_pi_papa220_camo_prestige_3,,0
39091,iw9_pi_papa220_camo_prestige_3,0,0,250000,68195,,,,,iw9_pi_papa220_camo_prestige_2,,0
39218,iw9_pi_papa220_camo_prestige_2,0,0,200000,63929,,,,,iw9_pi_papa220_camo_prestige_1,,0
39345,iw9_pi_papa220_camo_prestige_1,0,0,150000,63850,,,,,iw9_pi_papa220_prestige_unlock,,0
18786,iw9_la_gromeo_camo_ob_1,0,0,250,44084,1000,,,,iw9_la_gromeo_base_camos_ob_unlock,,0
19054,iw9_la_gromeo_camo_ob_gold,0,0,1,45495,4000,,,,iw9_la_gromeo_camo_ob_gold_unlock,,0
19121,iw9_la_gromeo_camo_ob_gold_unlock,0,0,1,,,,,,,18786,0
19188,iw9_la_gromeo_camo_ob_plat,0,0,300,45576,5000,,,,iw9_la_gromeo_camo_plat_unlock_ob,,0
19255,iw9_la_gromeo_camo_plat_unlock_ob,0,0,2,,,,,,,26152|18723,0
19322,iw9_la_gromeo_camo_ob_dama,0,0,10,45657,7500,,,,iw9_la_gromeo_camo_dama_unlock_ob,,0
19389,iw9_la_gromeo_camo_dama_unlock_ob,0,0,2,,,,,,,26229|18713,0
19456,iw9_la_gromeo_camo_mastery_gold_ob,0,0,300,42284+41604,4000,,,,iw9_la_gromeo_camo_mastery_gold_unlock_ob,,0
19523,iw9_la_gromeo_camo_mastery_gold_unlock_ob,0,0,1,,,,,,,19054,0
19590,iw9_la_gromeo_camo_mastery_plat_ob,0,0,600,42112+41698,5000,,,,iw9_la_gromeo_camo_mastery_plat_unlock_ob,,0
19657,iw9_la_gromeo_camo_mastery_plat_unlock_ob,0,0,2,,,,,,,19188|19456,0
19724,iw9_la_gromeo_camo_mastery_dama_ob,0,0,900,42405+41510,7500,,,,iw9_la_gromeo_camo_mastery_dama_unlock_ob,,0
19791,iw9_la_gromeo_camo_mastery_dama_unlock_ob,0,0,2,,,,,,,19322|19590,0
19858,iw9_la_gromeo_camo_mastery_orion_ob,0,0,1200,41867+41412,10000,,,,iw9_la_gromeo_camo_mastery_orion_unlock_ob,,0
19925,iw9_la_gromeo_camo_mastery_orion_unlock_ob,0,0,2,,,,,,,18721|19724,0
19992,iw9_la_gromeo_mastery_completionist_ob,0,0,4,43210,,,,,,19456|19590|19724|19858,0
21865,iw9_la_gromeo_base_camos_ob_unlock,0,0,10|13,,,,,,,,0
26152,iw9_la_gromeo_camo_ob_gold_wrapper,0,0,1,,,,,,,19054,0
26229,iw9_la_gromeo_camo_ob_plat_wrapper,0,0,1,,,,,,,19188,0
37878,iw9_la_gromeo_prestige_unlock,0,0,14,,,,,,,,0
38943,iw9_la_gromeo_camo_prestige_4,0,0,300000,68309,,,,,iw9_la_gromeo_camo_prestige_3,,0
39070,iw9_la_gromeo_camo_prestige_3,0,0,250000,68164,,,,,iw9_la_gromeo_camo_prestige_2,,0
39197,iw9_la_gromeo_camo_prestige_2,0,0,200000,63898,,,,,iw9_la_gromeo_camo_prestige_1,,0
39324,iw9_la_gromeo_camo_prestige_1,0,0,150000,63819,,,,,iw9_la_gromeo_prestige_unlock,,0
18787,iw9_la_juliet_camo_ob_1,0,0,25,44107,1000,,,,iw9_la_juliet_base_camos_ob_unlock,,0
19055,iw9_la_juliet_camo_ob_gold,0,0,1,45498,4000,,,,iw9_la_juliet_camo_ob_gold_unlock,,0
19122,iw9_la_juliet_camo_ob_gold_unlock,0,0,1,,,,,,,18787,0
19189,iw9_la_juliet_camo_ob_plat,0,0,30,45579,5000,,,,iw9_la_juliet_camo_plat_unlock_ob,,0
19256,iw9_la_juliet_camo_plat_unlock_ob,0,0,2,,,,,,,26153|18723,0
19323,iw9_la_juliet_camo_ob_dama,0,0,1,45660,7500,,,,iw9_la_juliet_camo_dama_unlock_ob,,0
19390,iw9_la_juliet_camo_dama_unlock_ob,0,0,2,,,,,,,26230|18713,0
19457,iw9_la_juliet_camo_mastery_gold_ob,0,0,30,42283+41603,4000,,,,iw9_la_juliet_camo_mastery_gold_unlock_ob,,0
19524,iw9_la_juliet_camo_mastery_gold_unlock_ob,0,0,1,,,,,,,19055,0
19591,iw9_la_juliet_camo_mastery_plat_ob,0,0,60,42111+41697,5000,,,,iw9_la_juliet_camo_mastery_plat_unlock_ob,,0
19658,iw9_la_juliet_camo_mastery_plat_unlock_ob,0,0,2,,,,,,,19189|19457,0
19725,iw9_la_juliet_camo_mastery_dama_ob,0,0,90,42404+41509,7500,,,,iw9_la_juliet_camo_mastery_dama_unlock_ob,,0
19792,iw9_la_juliet_camo_mastery_dama_unlock_ob,0,0,2,,,,,,,19323|19591,0
19859,iw9_la_juliet_camo_mastery_orion_ob,0,0,120,41866+41411,10000,,,,iw9_la_juliet_camo_mastery_orion_unlock_ob,,0
19926,iw9_la_juliet_camo_mastery_orion_unlock_ob,0,0,2,,,,,,,18721|19725,0
19993,iw9_la_juliet_mastery_completionist_ob,0,0,4,43234,,,,,,19457|19591|19725|19859,0
21866,iw9_la_juliet_base_camos_ob_unlock,0,0,10|13,,,,,,,,0
26153,iw9_la_juliet_camo_ob_gold_wrapper,0,0,1,,,,,,,19055,0
26230,iw9_la_juliet_camo_ob_plat_wrapper,0,0,1,,,,,,,19189,0
37879,iw9_la_juliet_prestige_unlock,0,0,14,,,,,,,,0
38944,iw9_la_juliet_camo_prestige_4,0,0,300000,68312,,,,,iw9_la_juliet_camo_prestige_3,,0
39071,iw9_la_juliet_camo_prestige_3,0,0,250000,68167,,,,,iw9_la_juliet_camo_prestige_2,,0
39198,iw9_la_juliet_camo_prestige_2,0,0,200000,63901,,,,,iw9_la_juliet_camo_prestige_1,,0
39325,iw9_la_juliet_camo_prestige_1,0,0,150000,63822,,,,,iw9_la_juliet_prestige_unlock,,0
18788,iw9_la_rpapa7_camo_ob_1,0,0,250,44039,1000,,,,iw9_la_rpapa7_base_camos_ob_unlock,,0
19056,iw9_la_rpapa7_camo_ob_gold,0,0,1,45533,4000,,,,iw9_la_rpapa7_camo_ob_gold_unlock,,0
19123,iw9_la_rpapa7_camo_ob_gold_unlock,0,0,1,,,,,,,18788,0
19190,iw9_la_rpapa7_camo_ob_plat,0,0,300,45614,5000,,,,iw9_la_rpapa7_camo_plat_unlock_ob,,0
19257,iw9_la_rpapa7_camo_plat_unlock_ob,0,0,2,,,,,,,26154|18723,0
19324,iw9_la_rpapa7_camo_ob_dama,0,0,10,45695,7500,,,,iw9_la_rpapa7_camo_dama_unlock_ob,,0
19391,iw9_la_rpapa7_camo_dama_unlock_ob,0,0,2,,,,,,,26231|18713,0
19458,iw9_la_rpapa7_camo_mastery_gold_ob,0,0,300,42282+41602,4000,,,,iw9_la_rpapa7_camo_mastery_gold_unlock_ob,,0
19525,iw9_la_rpapa7_camo_mastery_gold_unlock_ob,0,0,1,,,,,,,19056,0
19592,iw9_la_rpapa7_camo_mastery_plat_ob,0,0,600,42110+41696,5000,,,,iw9_la_rpapa7_camo_mastery_plat_unlock_ob,,0
19659,iw9_la_rpapa7_camo_mastery_plat_unlock_ob,0,0,2,,,,,,,19190|19458,0
19726,iw9_la_rpapa7_camo_mastery_dama_ob,0,0,900,42403+41508,7500,,,,iw9_la_rpapa7_camo_mastery_dama_unlock_ob,,0
19793,iw9_la_rpapa7_camo_mastery_dama_unlock_ob,0,0,2,,,,,,,19324|19592,0
19860,iw9_la_rpapa7_camo_mastery_orion_ob,0,0,1200,41865+41410,10000,,,,iw9_la_rpapa7_camo_mastery_orion_unlock_ob,,0
19927,iw9_la_rpapa7_camo_mastery_orion_unlock_ob,0,0,2,,,,,,,18721|19726,0
19994,iw9_la_rpapa7_mastery_completionist_ob,0,0,4,43280,,,,,,19458|19592|19726|19860,0
21870,iw9_la_rpapa7_base_camos_ob_unlock,0,0,10|13,,,,,,,,0
26154,iw9_la_rpapa7_camo_ob_gold_wrapper,0,0,1,,,,,,,19056,0
26231,iw9_la_rpapa7_camo_ob_plat_wrapper,0,0,1,,,,,,,19190,0
37883,iw9_la_rpapa7_prestige_unlock,0,0,14,,,,,,,,0
38946,iw9_la_rpapa7_camo_prestige_4,0,0,300000,68347,,,,,iw9_la_rpapa7_camo_prestige_3,,0
39073,iw9_la_rpapa7_camo_prestige_3,0,0,250000,68202,,,,,iw9_la_rpapa7_camo_prestige_2,,0
39200,iw9_la_rpapa7_camo_prestige_2,0,0,200000,63936,,,,,iw9_la_rpapa7_camo_prestige_1,,0
39327,iw9_la_rpapa7_camo_prestige_1,0,0,150000,63857,,,,,iw9_la_rpapa7_prestige_unlock,,0
18789,iw9_la_kgolf_camo_ob_1,0,0,250,43858,1000,,,,iw9_la_kgolf_base_camos_ob_unlock,,0
19057,iw9_la_kgolf_camo_ob_gold,0,0,1,45500,4000,,,,iw9_la_kgolf_camo_ob_gold_unlock,,0
19124,iw9_la_kgolf_camo_ob_gold_unlock,0,0,1,,,,,,,18789,0
19191,iw9_la_kgolf_camo_ob_plat,0,0,300,45581,5000,,,,iw9_la_kgolf_camo_plat_unlock_ob,,0
19258,iw9_la_kgolf_camo_plat_unlock_ob,0,0,2,,,,,,,26155|18723,0
19325,iw9_la_kgolf_camo_ob_dama,0,0,10,45662,7500,,,,iw9_la_kgolf_camo_dama_unlock_ob,,0
19392,iw9_la_kgolf_camo_dama_unlock_ob,0,0,2,,,,,,,26232|18713,0
19459,iw9_la_kgolf_camo_mastery_gold_ob,0,0,300,43756+41601,4000,,,,iw9_la_kgolf_camo_mastery_gold_unlock_ob,,0
19526,iw9_la_kgolf_camo_mastery_gold_unlock_ob,0,0,1,,,,,,,19057,0
19593,iw9_la_kgolf_camo_mastery_plat_ob,0,0,600,42109+41695,5000,,,,iw9_la_kgolf_camo_mastery_plat_unlock_ob,,0
19660,iw9_la_kgolf_camo_mastery_plat_unlock_ob,0,0,2,,,,,,,19191|19459,0
19727,iw9_la_kgolf_camo_mastery_dama_ob,0,0,900,42402+41507,7500,,,,iw9_la_kgolf_camo_mastery_dama_unlock_ob,,0
19794,iw9_la_kgolf_camo_mastery_dama_unlock_ob,0,0,2,,,,,,,19325|19593,0
19861,iw9_la_kgolf_camo_mastery_orion_ob,0,0,1200,41864+41409,10000,,,,iw9_la_kgolf_camo_mastery_orion_unlock_ob,,0
19928,iw9_la_kgolf_camo_mastery_orion_unlock_ob,0,0,2,,,,,,,18721|19727,0
19995,iw9_la_kgolf_mastery_completionist_ob,0,0,4,43235,,,,,,19459|19593|19727|19861,0
21867,iw9_la_kgolf_base_camos_ob_unlock,0,0,10|13,,,,,,,,0
26155,iw9_la_kgolf_camo_ob_gold_wrapper,0,0,1,,,,,,,19057,0
26232,iw9_la_kgolf_camo_ob_plat_wrapper,0,0,1,,,,,,,19191,0
37880,iw9_la_kgolf_prestige_unlock,0,0,14,,,,,,,,0
38945,iw9_la_kgolf_camo_prestige_4,0,0,300000,68314,,,,,iw9_la_kgolf_camo_prestige_3,,0
39072,iw9_la_kgolf_camo_prestige_3,0,0,250000,68169,,,,,iw9_la_kgolf_camo_prestige_2,,0
39199,iw9_la_kgolf_camo_prestige_2,0,0,200000,63903,,,,,iw9_la_kgolf_camo_prestige_1,,0
39326,iw9_la_kgolf_camo_prestige_1,0,0,150000,63824,,,,,iw9_la_kgolf_prestige_unlock,,0
18790,iw9_me_knife_camo_ob_1,0,0,250,43840,1000,,,,iw9_me_knife_base_camos_ob_unlock,,0
19058,iw9_me_knife_camo_ob_gold,0,0,1,45503,4000,,,,iw9_me_knife_camo_ob_gold_unlock,,0
19125,iw9_me_knife_camo_ob_gold_unlock,0,0,1,,,,,,,18790,0
19192,iw9_me_knife_camo_ob_plat,0,0,300,45584,5000,,,,iw9_me_knife_camo_plat_unlock_ob,,0
19259,iw9_me_knife_camo_plat_unlock_ob,0,0,2,,,,,,,26156|18733,0
19326,iw9_me_knife_camo_ob_dama,0,0,10,45665,7500,,,,iw9_me_knife_camo_dama_unlock_ob,,0
19393,iw9_me_knife_camo_dama_unlock_ob,0,0,2,,,,,,,26233|18713,0
19460,iw9_me_knife_camo_mastery_gold_ob,0,0,300,42281+41600,4000,,,,iw9_me_knife_camo_mastery_gold_unlock_ob,,0
19527,iw9_me_knife_camo_mastery_gold_unlock_ob,0,0,1,,,,,,,19058,0
19594,iw9_me_knife_camo_mastery_plat_ob,0,0,600,42108+41694,5000,,,,iw9_me_knife_camo_mastery_plat_unlock_ob,,0
19661,iw9_me_knife_camo_mastery_plat_unlock_ob,0,0,2,,,,,,,19192|19460,0
19728,iw9_me_knife_camo_mastery_dama_ob,0,0,900,42401+41506,7500,,,,iw9_me_knife_camo_mastery_dama_unlock_ob,,0
19795,iw9_me_knife_camo_mastery_dama_unlock_ob,0,0,2,,,,,,,19326|19594,0
19862,iw9_me_knife_camo_mastery_orion_ob,0,0,1200,41863+41408,10000,,,,iw9_me_knife_camo_mastery_orion_unlock_ob,,0
19929,iw9_me_knife_camo_mastery_orion_unlock_ob,0,0,2,,,,,,,18721|19728,0
19996,iw9_me_knife_mastery_completionist_ob,0,0,4,43238,,,,,,19460|19594|19728|19862,0
21878,iw9_me_knife_base_camos_ob_unlock,0,0,10|13,,,,,,,,0
26156,iw9_me_knife_camo_ob_gold_wrapper,0,0,1,,,,,,,19058,0
26233,iw9_me_knife_camo_ob_plat_wrapper,0,0,1,,,,,,,19192,0
37892,iw9_me_knife_prestige_unlock,0,0,14,,,,,,,,0
38954,iw9_me_knife_camo_prestige_4,0,0,300000,68317,,,,,iw9_me_knife_camo_prestige_3,,0
39081,iw9_me_knife_camo_prestige_3,0,0,250000,68172,,,,,iw9_me_knife_camo_prestige_2,,0
39208,iw9_me_knife_camo_prestige_2,0,0,200000,63906,,,,,iw9_me_knife_camo_prestige_1,,0
39335,iw9_me_knife_camo_prestige_1,0,0,150000,63827,,,,,iw9_me_knife_prestige_unlock,,0
18791,iw9_me_riotshield_camo_ob_1,0,0,250,44090,1000,,,,iw9_me_riotshield_base_camos_ob_unlock,,0
19059,iw9_me_riotshield_camo_ob_gold,0,0,1,45531,4000,,,,iw9_me_riotshield_camo_ob_gold_unlock,,0
19126,iw9_me_riotshield_camo_ob_gold_unlock,0,0,1,,,,,,,18791,0
19193,iw9_me_riotshield_camo_ob_plat,0,0,300,45612,5000,,,,iw9_me_riotshield_camo_plat_unlock_ob,,0
19260,iw9_me_riotshield_camo_plat_unlock_ob,0,0,2,,,,,,,26157|18733,0
19327,iw9_me_riotshield_camo_ob_dama,0,0,10,45693,7500,,,,iw9_me_riotshield_camo_dama_unlock_ob,,0
19394,iw9_me_riotshield_camo_dama_unlock_ob,0,0,2,,,,,,,26234|18713,0
19461,iw9_me_riotshield_camo_mastery_gold_ob,0,0,300,42280+41599,4000,,,,iw9_me_riotshield_camo_mastery_gold_unlock_ob,,0
19528,iw9_me_riotshield_camo_mastery_gold_unlock_ob,0,0,1,,,,,,,19059,0
19595,iw9_me_riotshield_camo_mastery_plat_ob,0,0,600,42107+41693,5000,,,,iw9_me_riotshield_camo_mastery_plat_unlock_ob,,0
19662,iw9_me_riotshield_camo_mastery_plat_unlock_ob,0,0,2,,,,,,,19193|19461,0
19729,iw9_me_riotshield_camo_mastery_dama_ob,0,0,900,42400+41505,7500,,,,iw9_me_riotshield_camo_mastery_dama_unlock_ob,,0
19796,iw9_me_riotshield_camo_mastery_dama_unlock_ob,0,0,2,,,,,,,19327|19595,0
19863,iw9_me_riotshield_camo_mastery_orion_ob,0,0,1200,41862+41407,10000,,,,iw9_me_riotshield_camo_mastery_orion_unlock_ob,,0
19930,iw9_me_riotshield_camo_mastery_orion_unlock_ob,0,0,2,,,,,,,18721|19729,0
19997,iw9_me_riotshield_mastery_completionist_ob,0,0,4,43100,,,,,,19461|19595|19729|19863,0
21879,iw9_me_riotshield_base_camos_ob_unlock,0,0,10|13,,,,,,,,0
26157,iw9_me_riotshield_camo_ob_gold_wrapper,0,0,1,,,,,,,19059,0
26234,iw9_me_riotshield_camo_ob_plat_wrapper,0,0,1,,,,,,,19193,0
37894,iw9_me_riotshield_prestige_unlock,0,0,14,,,,,,,,0
38956,iw9_me_riotshield_camo_prestige_4,0,0,300000,68345,,,,,iw9_me_riotshield_camo_prestige_3,,0
39083,iw9_me_riotshield_camo_prestige_3,0,0,250000,68200,,,,,iw9_me_riotshield_camo_prestige_2,,0
39210,iw9_me_riotshield_camo_prestige_2,0,0,200000,63934,,,,,iw9_me_riotshield_camo_prestige_1,,0
39337,iw9_me_riotshield_camo_prestige_1,0,0,150000,63855,,,,,iw9_me_riotshield_prestige_unlock,,0
18792,iw9_dm_crossbow_camo_ob_1,0,0,250,43866,1000,,,,iw9_dm_crossbow_base_camos_ob_unlock,,0
18859,iw9_dm_crossbow_camo_ob_2,0,0,250,43925,1500,,,,iw9_dm_crossbow_base_camos_ob_unlock,,0
18926,iw9_dm_crossbow_camo_ob_3,0,0,10,43816,2000,,,,iw9_dm_crossbow_base_camos_ob_unlock,,0
18993,iw9_dm_crossbow_camo_ob_4,0,0,50,44069,2500,,,,iw9_dm_crossbow_base_camos_ob_unlock,,0
19060,iw9_dm_crossbow_camo_ob_gold,0,0,1,45486,4000,,,,iw9_dm_crossbow_camo_ob_gold_unlock,,0
19127,iw9_dm_crossbow_camo_ob_gold_unlock,0,0,4,,,,,,,18792|18859|18926|18993,0
19194,iw9_dm_crossbow_camo_ob_plat,0,0,300,45567,5000,,,,iw9_dm_crossbow_camo_plat_unlock_ob,,0
19261,iw9_dm_crossbow_camo_plat_unlock_ob,0,0,2,,,,,,,26158|18729,0
19328,iw9_dm_crossbow_camo_ob_dama,0,0,10,45648,7500,,,,iw9_dm_crossbow_camo_dama_unlock_ob,,0
19395,iw9_dm_crossbow_camo_dama_unlock_ob,0,0,2,,,,,,,26235|18713,0
19462,iw9_dm_crossbow_camo_mastery_gold_ob,0,0,300,42273+41593,4000,,,,iw9_dm_crossbow_camo_mastery_gold_unlock_ob,,0
19529,iw9_dm_crossbow_camo_mastery_gold_unlock_ob,0,0,1,,,,,,,19060,0
19596,iw9_dm_crossbow_camo_mastery_plat_ob,0,0,600,42100+41687,5000,,,,iw9_dm_crossbow_camo_mastery_plat_unlock_ob,,0
19663,iw9_dm_crossbow_camo_mastery_plat_unlock_ob,0,0,2,,,,,,,19194|19462,0
19730,iw9_dm_crossbow_camo_mastery_dama_ob,0,0,900,42393+41499,7500,,,,iw9_dm_crossbow_camo_mastery_dama_unlock_ob,,0
19797,iw9_dm_crossbow_camo_mastery_dama_unlock_ob,0,0,2,,,,,,,19328|19596,0
19864,iw9_dm_crossbow_camo_mastery_orion_ob,0,0,1200,41855+41401,10000,,,,iw9_dm_crossbow_camo_mastery_orion_unlock_ob,,0
19931,iw9_dm_crossbow_camo_mastery_orion_unlock_ob,0,0,2,,,,,,,18721|19730,0
19998,iw9_dm_crossbow_mastery_completionist_ob,0,0,4,43218,,,,,,19462|19596|19730|19864,0
21855,iw9_dm_crossbow_base_camos_ob_unlock,0,0,1|8|11|16,,,,,,,,0
26158,iw9_dm_crossbow_camo_ob_gold_wrapper,0,0,1,,,,,,,19060,0
26235,iw9_dm_crossbow_camo_ob_plat_wrapper,0,0,1,,,,,,,19194,0
37868,iw9_dm_crossbow_prestige_unlock,0,0,17,,,,,,,,0
38933,iw9_dm_crossbow_camo_prestige_4,0,0,300000,68301,,,,,iw9_dm_crossbow_camo_prestige_3,,0
39060,iw9_dm_crossbow_camo_prestige_3,0,0,250000,68156,,,,,iw9_dm_crossbow_camo_prestige_2,,0
39187,iw9_dm_crossbow_camo_prestige_2,0,0,200000,63890,,,,,iw9_dm_crossbow_camo_prestige_1,,0
39314,iw9_dm_crossbow_camo_prestige_1,0,0,150000,63811,,,,,iw9_dm_crossbow_prestige_unlock,,0
18793,iw9_sh_vecho_camo_ob_1,0,0,250,44023,1000,,,,iw9_sh_vecho_base_camos_ob_unlock,,0
18860,iw9_sh_vecho_camo_ob_2,0,0,250,43843,1500,,,,iw9_sh_vecho_base_camos_ob_unlock,,0
18927,iw9_sh_vecho_camo_ob_3,0,0,10,43797,2000,,,,iw9_sh_vecho_base_camos_ob_unlock,,0
18994,iw9_sh_vecho_camo_ob_4,0,0,250,43820,2500,,,,iw9_sh_vecho_base_camos_ob_unlock,,0
19061,iw9_sh_vecho_camo_ob_gold,0,0,1,45548,4000,,,,iw9_sh_vecho_camo_ob_gold_unlock,,0
19128,iw9_sh_vecho_camo_ob_gold_unlock,0,0,4,,,,,,,18793|18860|18927|18994,0
19195,iw9_sh_vecho_camo_ob_plat,0,0,300,45629,5000,,,,iw9_sh_vecho_camo_plat_unlock_ob,,0
19262,iw9_sh_vecho_camo_plat_unlock_ob,0,0,2,,,,,,,26159|18727,0
19329,iw9_sh_vecho_camo_ob_dama,0,0,10,45710,7500,,,,iw9_sh_vecho_camo_dama_unlock_ob,,0
19396,iw9_sh_vecho_camo_dama_unlock_ob,0,0,2,,,,,,,26236|18713,0
19463,iw9_sh_vecho_camo_mastery_gold_ob,0,0,300,42274+41594,4000,,,,iw9_sh_vecho_camo_mastery_gold_unlock_ob,,0
19530,iw9_sh_vecho_camo_mastery_gold_unlock_ob,0,0,1,,,,,,,19061,0
19597,iw9_sh_vecho_camo_mastery_plat_ob,0,0,600,42101+41688,5000,,,,iw9_sh_vecho_camo_mastery_plat_unlock_ob,,0
19664,iw9_sh_vecho_camo_mastery_plat_unlock_ob,0,0,2,,,,,,,19195|19463,0
19731,iw9_sh_vecho_camo_mastery_dama_ob,0,0,900,42394+41500,7500,,,,iw9_sh_vecho_camo_mastery_dama_unlock_ob,,0
19798,iw9_sh_vecho_camo_mastery_dama_unlock_ob,0,0,2,,,,,,,19329|19597,0
19865,iw9_sh_vecho_camo_mastery_orion_ob,0,0,1200,41856+41402,10000,,,,iw9_sh_vecho_camo_mastery_orion_unlock_ob,,0
19932,iw9_sh_vecho_camo_mastery_orion_unlock_ob,0,0,2,,,,,,,18721|19731,0
19999,iw9_sh_vecho_mastery_completionist_ob,0,0,4,43228,,,,,,19463|19597|19731|19865,0
21894,iw9_sh_vecho_base_camos_ob_unlock,0,0,2|8|14|20,,,,,,,,0
26159,iw9_sh_vecho_camo_ob_gold_wrapper,0,0,1,,,,,,,19061,0
26236,iw9_sh_vecho_camo_ob_plat_wrapper,0,0,1,,,,,,,19195,0
37910,iw9_sh_vecho_prestige_unlock,0,0,21,,,,,,,,0
38972,iw9_sh_vecho_camo_prestige_4,0,0,300000,68362,,,,,iw9_sh_vecho_camo_prestige_3,,0
39099,iw9_sh_vecho_camo_prestige_3,0,0,250000,68217,,,,,iw9_sh_vecho_camo_prestige_2,,0
39226,iw9_sh_vecho_camo_prestige_2,0,0,200000,63951,,,,,iw9_sh_vecho_camo_prestige_1,,0
39353,iw9_sh_vecho_camo_prestige_1,0,0,150000,63872,,,,,iw9_sh_vecho_prestige_unlock,,0
18794,iw9_ar_acharlie300_camo_ob_1,0,0,250,44092,1000,,,,iw9_ar_acharlie300_base_camos_ob_unlock,,0
18861,iw9_ar_acharlie300_camo_ob_2,0,0,250,43793,1500,,,,iw9_ar_acharlie300_base_camos_ob_unlock,,0
18928,iw9_ar_acharlie300_camo_ob_3,0,0,250,44115,2000,,,,iw9_ar_acharlie300_base_camos_ob_unlock,,0
18995,iw9_ar_acharlie300_camo_ob_4,0,0,10,44046,2500,,,,iw9_ar_acharlie300_base_camos_ob_unlock,,0
19062,iw9_ar_acharlie300_camo_ob_gold,0,0,1,45472,4000,,,,iw9_ar_acharlie300_camo_ob_gold_unlock,,0
19129,iw9_ar_acharlie300_camo_ob_gold_unlock,0,0,4,,,,,,,18794|18861|18928|18995,0
19196,iw9_ar_acharlie300_camo_ob_plat,0,0,300,45553,5000,,,,iw9_ar_acharlie300_camo_plat_unlock_ob,,0
19263,iw9_ar_acharlie300_camo_plat_unlock_ob,0,0,2,,,,,,,26160|18711,0
19330,iw9_ar_acharlie300_camo_ob_dama,0,0,10,45634,7500,,,,iw9_ar_acharlie300_camo_dama_unlock_ob,,0
19397,iw9_ar_acharlie300_camo_dama_unlock_ob,0,0,2,,,,,,,26237|18713,0
19464,iw9_ar_acharlie300_camo_mastery_gold_ob,0,0,300,42275+43690,4000,,,,iw9_ar_acharlie300_camo_mastery_gold_unlock_ob,,0
19531,iw9_ar_acharlie300_camo_mastery_gold_unlock_ob,0,0,1,,,,,,,19062,0
19598,iw9_ar_acharlie300_camo_mastery_plat_ob,0,0,600,42102+43689,5000,,,,iw9_ar_acharlie300_camo_mastery_plat_unlock_ob,,0
19665,iw9_ar_acharlie300_camo_mastery_plat_unlock_ob,0,0,2,,,,,,,19196|19464,0
19732,iw9_ar_acharlie300_camo_mastery_dama_ob,0,0,900,42395+43691,7500,,,,iw9_ar_acharlie300_camo_mastery_dama_unlock_ob,,0
19799,iw9_ar_acharlie300_camo_mastery_dama_unlock_ob,0,0,2,,,,,,,19330|19598,0
19866,iw9_ar_acharlie300_camo_mastery_orion_ob,0,0,1200,43761+43692,10000,,,,iw9_ar_acharlie300_camo_mastery_orion_unlock_ob,,0
19933,iw9_ar_acharlie300_camo_mastery_orion_unlock_ob,0,0,2,,,,,,,18721|19732,0
20000,iw9_ar_acharlie300_mastery_completionist_ob,0,0,4,43213,,,,,,19464|19598|19732|19866,0
21835,iw9_ar_acharlie300_base_camos_ob_unlock,0,0,1|9|18|25,,,,,,,,0
26160,iw9_ar_acharlie300_camo_ob_gold_wrapper,0,0,1,,,,,,,19062,0
26237,iw9_ar_acharlie300_camo_ob_plat_wrapper,0,0,1,,,,,,,19196,0
37846,iw9_ar_acharlie300_prestige_unlock,0,0,26,,,,,,,,0
38913,iw9_ar_acharlie300_camo_prestige_4,0,0,300000,68287,,,,,iw9_ar_acharlie300_camo_prestige_3,,0
39040,iw9_ar_acharlie300_camo_prestige_3,0,0,250000,68142,,,,,iw9_ar_acharlie300_camo_prestige_2,,0
39167,iw9_ar_acharlie300_camo_prestige_2,0,0,200000,63876,,,,,iw9_ar_acharlie300_camo_prestige_1,,0
39294,iw9_ar_acharlie300_camo_prestige_1,0,0,150000,63797,,,,,iw9_ar_acharlie300_prestige_unlock,,0
18795,iw9_me_sword01_camo_ob_1,0,0,250,43839,1000,,,,iw9_me_sword01_base_camos_ob_unlock,,0
19063,iw9_me_sword01_camo_ob_gold,0,0,1,45544,4000,,,,iw9_me_sword01_camo_ob_gold_unlock,,0
19130,iw9_me_sword01_camo_ob_gold_unlock,0,0,1,,,,,,,18795,0
19197,iw9_me_sword01_camo_ob_plat,0,0,300,45625,5000,,,,iw9_me_sword01_camo_plat_unlock_ob,,0
19264,iw9_me_sword01_camo_plat_unlock_ob,0,0,2,,,,,,,26161|18733,0
19331,iw9_me_sword01_camo_ob_dama,0,0,10,45706,7500,,,,iw9_me_sword01_camo_dama_unlock_ob,,0
19398,iw9_me_sword01_camo_dama_unlock_ob,0,0,2,,,,,,,26238|18713,0
19465,iw9_me_sword01_camo_mastery_gold_ob,0,0,300,42272+41592,4000,,,,iw9_me_sword01_camo_mastery_gold_unlock_ob,,0
19532,iw9_me_sword01_camo_mastery_gold_unlock_ob,0,0,1,,,,,,,19063,0
19599,iw9_me_sword01_camo_mastery_plat_ob,0,0,600,42099+41686,5000,,,,iw9_me_sword01_camo_mastery_plat_unlock_ob,,0
19666,iw9_me_sword01_camo_mastery_plat_unlock_ob,0,0,2,,,,,,,19197|19465,0
19733,iw9_me_sword01_camo_mastery_dama_ob,0,0,900,42392+41498,7500,,,,iw9_me_sword01_camo_mastery_dama_unlock_ob,,0
19800,iw9_me_sword01_camo_mastery_dama_unlock_ob,0,0,2,,,,,,,19331|19599,0
19867,iw9_me_sword01_camo_mastery_orion_ob,0,0,1200,41854+41400,10000,,,,iw9_me_sword01_camo_mastery_orion_unlock_ob,,0
19934,iw9_me_sword01_camo_mastery_orion_unlock_ob,0,0,2,,,,,,,18721|19733,0
20001,iw9_me_sword01_mastery_completionist_ob,0,0,4,43223,,,,,,19465|19599|19733|19867,0
21880,iw9_me_sword01_base_camos_ob_unlock,0,0,13,,,,,,,,0
26161,iw9_me_sword01_camo_ob_gold_wrapper,0,0,1,,,,,,,19063,0
26238,iw9_me_sword01_camo_ob_plat_wrapper,0,0,1,,,,,,,19197,0
37895,iw9_me_sword01_prestige_unlock,0,0,14,,,,,,,,0
38957,iw9_me_sword01_camo_prestige_4,0,0,300000,68358,,,,,iw9_me_sword01_camo_prestige_3,,0
39084,iw9_me_sword01_camo_prestige_3,0,0,250000,68213,,,,,iw9_me_sword01_camo_prestige_2,,0
39211,iw9_me_sword01_camo_prestige_2,0,0,200000,63947,,,,,iw9_me_sword01_camo_prestige_1,,0
39338,iw9_me_sword01_camo_prestige_1,0,0,150000,63868,,,,,iw9_me_sword01_prestige_unlock,,0
18796,iw9_dm_stango25_camo_ob_1,0,0,250,43890,1000,,,,iw9_dm_stango25_base_camos_ob_unlock,,0
18863,iw9_dm_stango25_camo_ob_2,0,0,250,43867,1500,,,,iw9_dm_stango25_base_camos_ob_unlock,,0
18930,iw9_dm_stango25_camo_ob_3,0,0,10,43821,2000,,,,iw9_dm_stango25_base_camos_ob_unlock,,0
18997,iw9_dm_stango25_camo_ob_4,0,0,250,43844,2500,,,,iw9_dm_stango25_base_camos_ob_unlock,,0
19064,iw9_dm_stango25_camo_ob_gold,0,0,1,45542,4000,,,,iw9_dm_stango25_camo_ob_gold_unlock,,0
19131,iw9_dm_stango25_camo_ob_gold_unlock,0,0,4,,,,,,,18796|18863|18930|18997,0
19198,iw9_dm_stango25_camo_ob_plat,0,0,300,45623,5000,,,,iw9_dm_stango25_camo_plat_unlock_ob,,0
19265,iw9_dm_stango25_camo_plat_unlock_ob,0,0,2,,,,,,,26162|18729,0
19332,iw9_dm_stango25_camo_ob_dama,0,0,10,45704,7500,,,,iw9_dm_stango25_camo_dama_unlock_ob,,0
19399,iw9_dm_stango25_camo_dama_unlock_ob,0,0,2,,,,,,,26239|18713,0
19466,iw9_dm_stango25_camo_mastery_gold_ob,0,0,300,42271+41591,4000,,,,iw9_dm_stango25_camo_mastery_gold_unlock_ob,,0
19533,iw9_dm_stango25_camo_mastery_gold_unlock_ob,0,0,1,,,,,,,19064,0
19600,iw9_dm_stango25_camo_mastery_plat_ob,0,0,600,42098+41685,5000,,,,iw9_dm_stango25_camo_mastery_plat_unlock_ob,,0
19667,iw9_dm_stango25_camo_mastery_plat_unlock_ob,0,0,2,,,,,,,19198|19466,0
19734,iw9_dm_stango25_camo_mastery_dama_ob,0,0,900,42391+41497,7500,,,,iw9_dm_stango25_camo_mastery_dama_unlock_ob,,0
19801,iw9_dm_stango25_camo_mastery_dama_unlock_ob,0,0,2,,,,,,,19332|19600,0
19868,iw9_dm_stango25_camo_mastery_orion_ob,0,0,1200,41853+41399,10000,,,,iw9_dm_stango25_camo_mastery_orion_unlock_ob,,0
19935,iw9_dm_stango25_camo_mastery_orion_unlock_ob,0,0,2,,,,,,,18721|19734,0
20002,iw9_dm_stango25_mastery_completionist_ob,0,0,4,43200,,,,,,19466|19600|19734|19868,0
21863,iw9_dm_stango25_base_camos_ob_unlock,0,0,1|6|12|16,,,,,,,,0
26162,iw9_dm_stango25_camo_ob_gold_wrapper,0,0,1,,,,,,,19064,0
26239,iw9_dm_stango25_camo_ob_plat_wrapper,0,0,1,,,,,,,19198,0
37876,iw9_dm_stango25_prestige_unlock,0,0,17,,,,,,,,0
38941,iw9_dm_stango25_camo_prestige_4,0,0,300000,68356,,,,,iw9_dm_stango25_camo_prestige_3,,0
39068,iw9_dm_stango25_camo_prestige_3,0,0,250000,68211,,,,,iw9_dm_stango25_camo_prestige_2,,0
39195,iw9_dm_stango25_camo_prestige_2,0,0,200000,63945,,,,,iw9_dm_stango25_camo_prestige_1,,0
39322,iw9_dm_stango25_camo_prestige_1,0,0,150000,63866,,,,,iw9_dm_stango25_prestige_unlock,,0
18797,iw9_br_ngsierra_camo_ob_1,0,0,250,44029,1000,,,,iw9_br_ngsierra_base_camos_ob_unlock,,0
18864,iw9_br_ngsierra_camo_ob_2,0,0,100,43794,1500,,,,iw9_br_ngsierra_base_camos_ob_unlock,,0
18931,iw9_br_ngsierra_camo_ob_3,0,0,30,43960,2000,,,,iw9_br_ngsierra_base_camos_ob_unlock,,0
18998,iw9_br_ngsierra_camo_ob_4,0,0,250,44006,2500,,,,iw9_br_ngsierra_base_camos_ob_unlock,,0
19065,iw9_br_ngsierra_camo_ob_gold,0,0,1,45525,4000,,,,iw9_br_ngsierra_camo_ob_gold_unlock,,0
19132,iw9_br_ngsierra_camo_ob_gold_unlock,0,0,4,,,,,,,18797|18864|18931|18998,0
19199,iw9_br_ngsierra_camo_ob_plat,0,0,300,45606,5000,,,,iw9_br_ngsierra_camo_plat_unlock_ob,,0
19266,iw9_br_ngsierra_camo_plat_unlock_ob,0,0,2,,,,,,,26163|18719,0
19333,iw9_br_ngsierra_camo_ob_dama,0,0,10,45687,7500,,,,iw9_br_ngsierra_camo_dama_unlock_ob,,0
19400,iw9_br_ngsierra_camo_dama_unlock_ob,0,0,2,,,,,,,26240|18713,0
19467,iw9_br_ngsierra_camo_mastery_gold_ob,0,0,300,42270+41590,4000,,,,iw9_br_ngsierra_camo_mastery_gold_unlock_ob,,0
19534,iw9_br_ngsierra_camo_mastery_gold_unlock_ob,0,0,1,,,,,,,19065,0
19601,iw9_br_ngsierra_camo_mastery_plat_ob,0,0,600,42097+41684,5000,,,,iw9_br_ngsierra_camo_mastery_plat_unlock_ob,,0
19668,iw9_br_ngsierra_camo_mastery_plat_unlock_ob,0,0,2,,,,,,,19199|19467,0
19735,iw9_br_ngsierra_camo_mastery_dama_ob,0,0,900,42390+41496,7500,,,,iw9_br_ngsierra_camo_mastery_dama_unlock_ob,,0
19802,iw9_br_ngsierra_camo_mastery_dama_unlock_ob,0,0,2,,,,,,,19333|19601,0
19869,iw9_br_ngsierra_camo_mastery_orion_ob,0,0,1200,41852+41398,10000,,,,iw9_br_ngsierra_camo_mastery_orion_unlock_ob,,0
19936,iw9_br_ngsierra_camo_mastery_orion_unlock_ob,0,0,2,,,,,,,18721|19735,0
20003,iw9_br_ngsierra_mastery_completionist_ob,0,0,4,43267,,,,,,19467|19601|19735|19869,0
21853,iw9_br_ngsierra_base_camos_ob_unlock,0,0,1|8|15|24,,,,,,,,0
26163,iw9_br_ngsierra_camo_ob_gold_wrapper,0,0,1,,,,,,,19065,0
26240,iw9_br_ngsierra_camo_ob_plat_wrapper,0,0,1,,,,,,,19199,0
37866,iw9_br_ngsierra_prestige_unlock,0,0,26,,,,,,,,0
38931,iw9_br_ngsierra_camo_prestige_4,0,0,300000,68339,,,,,iw9_br_ngsierra_camo_prestige_3,,0
39058,iw9_br_ngsierra_camo_prestige_3,0,0,250000,68194,,,,,iw9_br_ngsierra_camo_prestige_2,,0
39185,iw9_br_ngsierra_camo_prestige_2,0,0,200000,63928,,,,,iw9_br_ngsierra_camo_prestige_1,,0
39312,iw9_br_ngsierra_camo_prestige_1,0,0,150000,63849,,,,,iw9_br_ngsierra_prestige_unlock,,0
18798,iw9_sn_india_camo_ob_1,0,0,250,43937,1000,,,,iw9_sn_india_base_camos_ob_unlock,,0
18865,iw9_sn_india_camo_ob_2,0,0,10,43983,1500,,,,iw9_sn_india_base_camos_ob_unlock,,0
18932,iw9_sn_india_camo_ob_3,0,0,30,44075,2000,,,,iw9_sn_india_base_camos_ob_unlock,,0
18999,iw9_sn_india_camo_ob_4,0,0,200,44052,2500,,,,iw9_sn_india_base_camos_ob_unlock,,0
19066,iw9_sn_india_camo_ob_gold,0,0,1,45497,4000,,,,iw9_sn_india_camo_ob_gold_unlock,,0
19133,iw9_sn_india_camo_ob_gold_unlock,0,0,4,,,,,,,18798|18865|18932|18999,0
19200,iw9_sn_india_camo_ob_plat,0,0,300,45578,5000,,,,iw9_sn_india_camo_plat_unlock_ob,,0
19267,iw9_sn_india_camo_plat_unlock_ob,0,0,2,,,,,,,26164|18731,0
19334,iw9_sn_india_camo_ob_dama,0,0,10,45659,7500,,,,iw9_sn_india_camo_dama_unlock_ob,,0
19401,iw9_sn_india_camo_dama_unlock_ob,0,0,2,,,,,,,26241|18713,0
19468,iw9_sn_india_camo_mastery_gold_ob,0,0,300,42269+41589,4000,,,,iw9_sn_india_camo_mastery_gold_unlock_ob,,0
19535,iw9_sn_india_camo_mastery_gold_unlock_ob,0,0,1,,,,,,,19066,0
19602,iw9_sn_india_camo_mastery_plat_ob,0,0,600,42096+41683,5000,,,,iw9_sn_india_camo_mastery_plat_unlock_ob,,0
19669,iw9_sn_india_camo_mastery_plat_unlock_ob,0,0,2,,,,,,,19200|19468,0
19736,iw9_sn_india_camo_mastery_dama_ob,0,0,900,42389+41495,7500,,,,iw9_sn_india_camo_mastery_dama_unlock_ob,,0
19803,iw9_sn_india_camo_mastery_dama_unlock_ob,0,0,2,,,,,,,19334|19602,0
19870,iw9_sn_india_camo_mastery_orion_ob,0,0,1200,41851+41397,10000,,,,iw9_sn_india_camo_mastery_orion_unlock_ob,,0
19937,iw9_sn_india_camo_mastery_orion_unlock_ob,0,0,2,,,,,,,18721|19736,0
20004,iw9_sn_india_mastery_completionist_ob,0,0,4,43212,,,,,,19468|19602|19736|19870,0
21906,iw9_sn_india_base_camos_ob_unlock,0,0,1|9|16|25,,,,,,,,0
26164,iw9_sn_india_camo_ob_gold_wrapper,0,0,1,,,,,,,19066,0
26241,iw9_sn_india_camo_ob_plat_wrapper,0,0,1,,,,,,,19200,0
37924,iw9_sn_india_prestige_unlock,0,0,26,,,,,,,,0
38986,iw9_sn_india_camo_prestige_4,0,0,300000,68311,,,,,iw9_sn_india_camo_prestige_3,,0
39113,iw9_sn_india_camo_prestige_3,0,0,250000,68166,,,,,iw9_sn_india_camo_prestige_2,,0
39240,iw9_sn_india_camo_prestige_2,0,0,200000,63900,,,,,iw9_sn_india_camo_prestige_1,,0
39367,iw9_sn_india_camo_prestige_1,0,0,150000,63821,,,,,iw9_sn_india_prestige_unlock,,0
18799,iw9_pi_tango9_camo_ob_1,0,0,250,43799,1000,,,,iw9_pi_tango9_base_camos_ob_unlock,,0
18866,iw9_pi_tango9_camo_ob_2,0,0,250,43822,1500,,,,iw9_pi_tango9_base_camos_ob_unlock,,0
18933,iw9_pi_tango9_camo_ob_3,0,0,1,44121,2000,,,,iw9_pi_tango9_base_camos_ob_unlock,,0
19000,iw9_pi_tango9_camo_ob_4,0,0,50,43845,2500,,,,iw9_pi_tango9_base_camos_ob_unlock,,0
19067,iw9_pi_tango9_camo_ob_gold,0,0,1,45545,4000,,,,iw9_pi_tango9_camo_ob_gold_unlock,,0
19134,iw9_pi_tango9_camo_ob_gold_unlock,0,0,4,,,,,,,18799|18866|18933|19000,0
19201,iw9_pi_tango9_camo_ob_plat,0,0,300,45626,5000,,,,iw9_pi_tango9_camo_plat_unlock_ob,,0
19268,iw9_pi_tango9_camo_plat_unlock_ob,0,0,2,,,,,,,26165|18717,0
19335,iw9_pi_tango9_camo_ob_dama,0,0,10,45707,7500,,,,iw9_pi_tango9_camo_dama_unlock_ob,,0
19402,iw9_pi_tango9_camo_dama_unlock_ob,0,0,2,,,,,,,26242|18713,0
19469,iw9_pi_tango9_camo_mastery_gold_ob,0,0,300,42268+41588,4000,,,,iw9_pi_tango9_camo_mastery_gold_unlock_ob,,0
19536,iw9_pi_tango9_camo_mastery_gold_unlock_ob,0,0,1,,,,,,,19067,0
19603,iw9_pi_tango9_camo_mastery_plat_ob,0,0,600,42095+41682,5000,,,,iw9_pi_tango9_camo_mastery_plat_unlock_ob,,0
19670,iw9_pi_tango9_camo_mastery_plat_unlock_ob,0,0,2,,,,,,,19201|19469,0
19737,iw9_pi_tango9_camo_mastery_dama_ob,0,0,900,42388+41494,7500,,,,iw9_pi_tango9_camo_mastery_dama_unlock_ob,,0
19804,iw9_pi_tango9_camo_mastery_dama_unlock_ob,0,0,2,,,,,,,19335|19603,0
19871,iw9_pi_tango9_camo_mastery_orion_ob,0,0,1200,41850+41396,10000,,,,iw9_pi_tango9_camo_mastery_orion_unlock_ob,,0
19938,iw9_pi_tango9_camo_mastery_orion_unlock_ob,0,0,2,,,,,,,18721|19737,0
20005,iw9_pi_tango9_mastery_completionist_ob,0,0,4,43311,,,,,,19469|19603|19737|19871,0
21888,iw9_pi_tango9_base_camos_ob_unlock,0,0,1|8|16|24,,,,,,,,0
26165,iw9_pi_tango9_camo_ob_gold_wrapper,0,0,1,,,,,,,19067,0
26242,iw9_pi_tango9_camo_ob_plat_wrapper,0,0,1,,,,,,,19201,0
37904,iw9_pi_tango9_prestige_unlock,0,0,25,,,,,,,,0
38966,iw9_pi_tango9_camo_prestige_4,0,0,300000,68359,,,,,iw9_pi_tango9_camo_prestige_3,,0
39093,iw9_pi_tango9_camo_prestige_3,0,0,250000,68214,,,,,iw9_pi_tango9_camo_prestige_2,,0
39220,iw9_pi_tango9_camo_prestige_2,0,0,200000,63948,,,,,iw9_pi_tango9_camo_prestige_1,,0
39347,iw9_pi_tango9_camo_prestige_1,0,0,150000,63869,,,,,iw9_pi_tango9_prestige_unlock,,0
18800,iw9_ar_helima_camo_ob_1,0,0,250,43800,1000,,,,iw9_ar_helima_base_camos_ob_unlock,,0
18867,iw9_ar_helima_camo_ob_2,0,0,30,43823,1500,,,,iw9_ar_helima_base_camos_ob_unlock,,0
18934,iw9_ar_helima_camo_ob_3,0,0,250,43846,2000,,,,iw9_ar_helima_base_camos_ob_unlock,,0
19001,iw9_ar_helima_camo_ob_4,0,0,10,43869,2500,,,,iw9_ar_helima_base_camos_ob_unlock,,0
19068,iw9_ar_helima_camo_ob_gold,0,0,1,45496,4000,,,,iw9_ar_helima_camo_ob_gold_unlock,,0
19135,iw9_ar_helima_camo_ob_gold_unlock,0,0,4,,,,,,,18800|18867|18934|19001,0
19202,iw9_ar_helima_camo_ob_plat,0,0,300,45577,5000,,,,iw9_ar_helima_camo_plat_unlock_ob,,0
19269,iw9_ar_helima_camo_plat_unlock_ob,0,0,2,,,,,,,26166|18711,0
19336,iw9_ar_helima_camo_ob_dama,0,0,10,45658,7500,,,,iw9_ar_helima_camo_dama_unlock_ob,,0
19403,iw9_ar_helima_camo_dama_unlock_ob,0,0,2,,,,,,,26243|18713,0
19470,iw9_ar_helima_camo_mastery_gold_ob,0,0,300,42266+41586,4000,,,,iw9_ar_helima_camo_mastery_gold_unlock_ob,,0
19537,iw9_ar_helima_camo_mastery_gold_unlock_ob,0,0,1,,,,,,,19068,0
19604,iw9_ar_helima_camo_mastery_plat_ob,0,0,600,42260+41680,5000,,,,iw9_ar_helima_camo_mastery_plat_unlock_ob,,0
19671,iw9_ar_helima_camo_mastery_plat_unlock_ob,0,0,2,,,,,,,19202|19470,0
19738,iw9_ar_helima_camo_mastery_dama_ob,0,0,900,42386+41492,7500,,,,iw9_ar_helima_camo_mastery_dama_unlock_ob,,0
19805,iw9_ar_helima_camo_mastery_dama_unlock_ob,0,0,2,,,,,,,19336|19604,0
19872,iw9_ar_helima_camo_mastery_orion_ob,0,0,1200,41848+41394,10000,,,,iw9_ar_helima_camo_mastery_orion_unlock_ob,,0
19939,iw9_ar_helima_camo_mastery_orion_unlock_ob,0,0,2,,,,,,,18721|19738,0
20006,iw9_ar_helima_mastery_completionist_ob,0,0,4,43211,,,,,,19470|19604|19738|19872,0
21843,iw9_ar_helima_base_camos_ob_unlock,0,0,1|8|14|20,,,,,,,,0
26166,iw9_ar_helima_camo_ob_gold_wrapper,0,0,1,,,,,,,19068,0
26243,iw9_ar_helima_camo_ob_plat_wrapper,0,0,1,,,,,,,19202,0
37854,iw9_ar_helima_prestige_unlock,0,0,21,,,,,,,,0
38920,iw9_ar_helima_camo_prestige_4,0,0,300000,68310,,,,,iw9_ar_helima_camo_prestige_3,,0
39047,iw9_ar_helima_camo_prestige_3,0,0,250000,68165,,,,,iw9_ar_helima_camo_prestige_2,,0
39174,iw9_ar_helima_camo_prestige_2,0,0,200000,63899,,,,,iw9_ar_helima_camo_prestige_1,,0
39301,iw9_ar_helima_camo_prestige_1,0,0,150000,63820,,,,,iw9_ar_helima_prestige_unlock,,0
18801,iw9_sm_acharlie45_camo_ob_1,0,0,250,43892,1000,,,,iw9_sm_acharlie45_base_camos_ob_unlock,,0
18868,iw9_sm_acharlie45_camo_ob_2,0,0,250,43915,1500,,,,iw9_sm_acharlie45_base_camos_ob_unlock,,0
18935,iw9_sm_acharlie45_camo_ob_3,0,0,250,43940,2000,,,,iw9_sm_acharlie45_base_camos_ob_unlock,,0
19002,iw9_sm_acharlie45_camo_ob_4,0,0,250,43963,2500,,,,iw9_sm_acharlie45_base_camos_ob_unlock,,0
19069,iw9_sm_acharlie45_camo_ob_gold,0,0,1,45473,4000,,,,iw9_sm_acharlie45_camo_ob_gold_unlock,,0
19136,iw9_sm_acharlie45_camo_ob_gold_unlock,0,0,4,,,,,,,18801|18868|18935|19002,0
19203,iw9_sm_acharlie45_camo_ob_plat,0,0,300,45554,5000,,,,iw9_sm_acharlie45_camo_plat_unlock_ob,,0
19270,iw9_sm_acharlie45_camo_plat_unlock_ob,0,0,2,,,,,,,26167|18715,0
19337,iw9_sm_acharlie45_camo_ob_dama,0,0,10,45635,7500,,,,iw9_sm_acharlie45_camo_dama_unlock_ob,,0
19404,iw9_sm_acharlie45_camo_dama_unlock_ob,0,0,2,,,,,,,26244|18713,0
19471,iw9_sm_acharlie45_camo_mastery_gold_ob,0,0,300,42265+41585,4000,,,,iw9_sm_acharlie45_camo_mastery_gold_unlock_ob,,0
19538,iw9_sm_acharlie45_camo_mastery_gold_unlock_ob,0,0,1,,,,,,,19069,0
19605,iw9_sm_acharlie45_camo_mastery_plat_ob,0,0,600,42259+41679,5000,,,,iw9_sm_acharlie45_camo_mastery_plat_unlock_ob,,0
19672,iw9_sm_acharlie45_camo_mastery_plat_unlock_ob,0,0,2,,,,,,,19203|19471,0
19739,iw9_sm_acharlie45_camo_mastery_dama_ob,0,0,900,42385+41491,7500,,,,iw9_sm_acharlie45_camo_mastery_dama_unlock_ob,,0
19806,iw9_sm_acharlie45_camo_mastery_dama_unlock_ob,0,0,2,,,,,,,19337|19605,0
19873,iw9_sm_acharlie45_camo_mastery_orion_ob,0,0,1200,41846+41389,10000,,,,iw9_sm_acharlie45_camo_mastery_orion_unlock_ob,,0
19940,iw9_sm_acharlie45_camo_mastery_orion_unlock_ob,0,0,2,,,,,,,18721|19739,0
20007,iw9_sm_acharlie45_mastery_completionist_ob,0,0,4,43164,,,,,,19471|19605|19739|19873,0
21895,iw9_sm_acharlie45_base_camos_ob_unlock,0,0,1|8|12|18,,,,,,,,0
26167,iw9_sm_acharlie45_camo_ob_gold_wrapper,0,0,1,,,,,,,19069,0
26244,iw9_sm_acharlie45_camo_ob_plat_wrapper,0,0,1,,,,,,,19203,0
37911,iw9_sm_acharlie45_prestige_unlock,0,0,19,,,,,,,,0
38973,iw9_sm_acharlie45_camo_prestige_4,0,0,300000,68288,,,,,iw9_sm_acharlie45_camo_prestige_3,,0
39100,iw9_sm_acharlie45_camo_prestige_3,0,0,250000,68143,,,,,iw9_sm_acharlie45_camo_prestige_2,,0
39227,iw9_sm_acharlie45_camo_prestige_2,0,0,200000,63877,,,,,iw9_sm_acharlie45_camo_prestige_1,,0
39354,iw9_sm_acharlie45_camo_prestige_1,0,0,150000,63798,,,,,iw9_sm_acharlie45_prestige_unlock,,0
18802,iw9_me_tonfa_camo_ob_1,0,0,250,43986,1000,,,,iw9_me_tonfa_base_camos_ob_unlock,,0
19070,iw9_me_tonfa_camo_ob_gold,0,0,1,45546,4000,,,,iw9_me_tonfa_camo_ob_gold_unlock,,0
19137,iw9_me_tonfa_camo_ob_gold_unlock,0,0,1,,,,,,,18802,0
19204,iw9_me_tonfa_camo_ob_plat,0,0,300,45627,5000,,,,iw9_me_tonfa_camo_plat_unlock_ob,,0
19271,iw9_me_tonfa_camo_plat_unlock_ob,0,0,2,,,,,,,26168|18733,0
19338,iw9_me_tonfa_camo_ob_dama,0,0,10,45708,7500,,,,iw9_me_tonfa_camo_dama_unlock_ob,,0
19405,iw9_me_tonfa_camo_dama_unlock_ob,0,0,2,,,,,,,26245|18713,0
19472,iw9_me_tonfa_camo_mastery_gold_ob,0,0,300,42264+41584,4000,,,,iw9_me_tonfa_camo_mastery_gold_unlock_ob,,0
19539,iw9_me_tonfa_camo_mastery_gold_unlock_ob,0,0,1,,,,,,,19070,0
19606,iw9_me_tonfa_camo_mastery_plat_ob,0,0,600,42258+41678,5000,,,,iw9_me_tonfa_camo_mastery_plat_unlock_ob,,0
19673,iw9_me_tonfa_camo_mastery_plat_unlock_ob,0,0,2,,,,,,,19204|19472,0
19740,iw9_me_tonfa_camo_mastery_dama_ob,0,0,900,42384+41490,7500,,,,iw9_me_tonfa_camo_mastery_dama_unlock_ob,,0
19807,iw9_me_tonfa_camo_mastery_dama_unlock_ob,0,0,2,,,,,,,19338|19606,0
19874,iw9_me_tonfa_camo_mastery_orion_ob,0,0,1200,41845+41388,10000,,,,iw9_me_tonfa_camo_mastery_orion_unlock_ob,,0
19941,iw9_me_tonfa_camo_mastery_orion_unlock_ob,0,0,2,,,,,,,18721|19740,0
20008,iw9_me_tonfa_mastery_completionist_ob,0,0,4,43312,,,,,,19472|19606|19740|19874,0
21881,iw9_me_tonfa_base_camos_ob_unlock,0,0,1|13|14,,,,,,,,0
26168,iw9_me_tonfa_camo_ob_gold_wrapper,0,0,1,,,,,,,19070,0
26245,iw9_me_tonfa_camo_ob_plat_wrapper,0,0,1,,,,,,,19204,0
37896,iw9_me_tonfa_prestige_unlock,0,0,14,,,,,,,,0
38958,iw9_me_tonfa_camo_prestige_4,0,0,300000,68360,,,,,iw9_me_tonfa_camo_prestige_3,,0
39085,iw9_me_tonfa_camo_prestige_3,0,0,250000,68215,,,,,iw9_me_tonfa_camo_prestige_2,,0
39212,iw9_me_tonfa_camo_prestige_2,0,0,200000,63949,,,,,iw9_me_tonfa_camo_prestige_1,,0
39339,iw9_me_tonfa_camo_prestige_1,0,0,150000,63870,,,,,iw9_me_tonfa_prestige_unlock,,0
22427,iw9_sh_tsierra12_camo_ob_1,0,0,250,44009,1000,,,,iw9_sh_tsierra12_base_camos_ob_unlock,,0
22432,iw9_sh_tsierra12_camo_ob_2,0,0,10,44032,1500,,,,iw9_sh_tsierra12_base_camos_ob_unlock,,0
22437,iw9_sh_tsierra12_camo_ob_3,0,0,250,44055,2000,,,,iw9_sh_tsierra12_base_camos_ob_unlock,,0
22442,iw9_sh_tsierra12_camo_ob_4,0,0,250,44078,2500,,,,iw9_sh_tsierra12_base_camos_ob_unlock,,0
22447,iw9_sh_tsierra12_camo_ob_gold,0,0,1,45547,4000,,,,iw9_sh_tsierra12_camo_ob_gold_unlock,,0
22452,iw9_sh_tsierra12_camo_ob_gold_unlock,0,0,4,,,,,,,22427|22432|22437|22442,0
22457,iw9_sh_tsierra12_camo_ob_plat,0,0,300,45628,5000,,,,iw9_sh_tsierra12_camo_plat_unlock_ob,,0
22462,iw9_sh_tsierra12_camo_plat_unlock_ob,0,0,2,,,,,,,26169|18727,0
22467,iw9_sh_tsierra12_camo_ob_dama,0,0,10,45709,7500,,,,iw9_sh_tsierra12_camo_dama_unlock_ob,,0
22472,iw9_sh_tsierra12_camo_dama_unlock_ob,0,0,2,,,,,,,26246|18713,0
22477,iw9_sh_tsierra12_camo_mastery_gold_ob,0,0,300,42263+41583,4000,,,,iw9_sh_tsierra12_camo_mastery_gold_unlock_ob,,0
22482,iw9_sh_tsierra12_camo_mastery_gold_unlock_ob,0,0,1,,,,,,,22447,0
22487,iw9_sh_tsierra12_camo_mastery_plat_ob,0,0,600,42257+43605,5000,,,,iw9_sh_tsierra12_camo_mastery_plat_unlock_ob,,0
22492,iw9_sh_tsierra12_camo_mastery_plat_unlock_ob,0,0,2,,,,,,,22457|22477,0
22497,iw9_sh_tsierra12_camo_mastery_dama_ob,0,0,900,42383+41489,7500,,,,iw9_sh_tsierra12_camo_mastery_dama_unlock_ob,,0
22502,iw9_sh_tsierra12_camo_mastery_dama_unlock_ob,0,0,2,,,,,,,22467|22487,0
22507,iw9_sh_tsierra12_camo_mastery_orion_ob,0,0,1200,41844+41387,10000,,,,iw9_sh_tsierra12_camo_mastery_orion_unlock_ob,,0
22512,iw9_sh_tsierra12_camo_mastery_orion_unlock_ob,0,0,2,,,,,,,18721|22497,0
22517,iw9_sh_tsierra12_mastery_completionist_ob,0,0,4,43313,,,,,,22477|22487|22497|22507,0
21893,iw9_sh_tsierra12_base_camos_ob_unlock,0,0,1|7|13|18,,,,,,,,0
26169,iw9_sh_tsierra12_camo_ob_gold_wrapper,0,0,1,,,,,,,22447,0
26246,iw9_sh_tsierra12_camo_ob_plat_wrapper,0,0,1,,,,,,,22457,0
37909,iw9_sh_tsierra12_prestige_unlock,0,0,19,,,,,,,,0
38971,iw9_sh_tsierra12_camo_prestige_4,0,0,300000,68361,,,,,iw9_sh_tsierra12_camo_prestige_3,,0
39098,iw9_sh_tsierra12_camo_prestige_3,0,0,250000,68216,,,,,iw9_sh_tsierra12_camo_prestige_2,,0
39225,iw9_sh_tsierra12_camo_prestige_2,0,0,200000,63950,,,,,iw9_sh_tsierra12_camo_prestige_1,,0
39352,iw9_sh_tsierra12_camo_prestige_1,0,0,150000,63871,,,,,iw9_sh_tsierra12_prestige_unlock,,0
22428,iw9_ar_ralpha_camo_ob_1,0,0,250,44101,1000,,,,iw9_ar_ralpha_base_camos_ob_unlock,,0
22433,iw9_ar_ralpha_camo_ob_2,0,0,250,44124,1500,,,,iw9_ar_ralpha_base_camos_ob_unlock,,0
22438,iw9_ar_ralpha_camo_ob_3,0,0,10,43802,2000,,,,iw9_ar_ralpha_base_camos_ob_unlock,,0
22443,iw9_ar_ralpha_camo_ob_4,0,0,100,43825,2500,,,,iw9_ar_ralpha_base_camos_ob_unlock,,0
22448,iw9_ar_ralpha_camo_ob_gold,0,0,1,45530,4000,,,,iw9_ar_ralpha_camo_ob_gold_unlock,,0
22453,iw9_ar_ralpha_camo_ob_gold_unlock,0,0,4,,,,,,,22428|22433|22438|22443,0
22458,iw9_ar_ralpha_camo_ob_plat,0,0,300,45611,5000,,,,iw9_ar_ralpha_camo_plat_unlock_ob,,0
22463,iw9_ar_ralpha_camo_plat_unlock_ob,0,0,2,,,,,,,26170|18711,0
22468,iw9_ar_ralpha_camo_ob_dama,0,0,10,45692,7500,,,,iw9_ar_ralpha_camo_dama_unlock_ob,,0
22473,iw9_ar_ralpha_camo_dama_unlock_ob,0,0,2,,,,,,,26247|18713,0
22478,iw9_ar_ralpha_camo_mastery_gold_ob,0,0,300,42375+43764,4000,,,,iw9_ar_ralpha_camo_mastery_gold_unlock_ob,,0
22483,iw9_ar_ralpha_camo_mastery_gold_unlock_ob,0,0,1,,,,,,,22448,0
22488,iw9_ar_ralpha_camo_mastery_plat_ob,0,0,600,42253+41674,5000,,,,iw9_ar_ralpha_camo_mastery_plat_unlock_ob,,0
22493,iw9_ar_ralpha_camo_mastery_plat_unlock_ob,0,0,2,,,,,,,22458|22478,0
22498,iw9_ar_ralpha_camo_mastery_dama_ob,0,0,900,43759+41485,7500,,,,iw9_ar_ralpha_camo_mastery_dama_unlock_ob,,0
22503,iw9_ar_ralpha_camo_mastery_dama_unlock_ob,0,0,2,,,,,,,22468|22488,0
22508,iw9_ar_ralpha_camo_mastery_orion_ob,0,0,1200,41842+43658,10000,,,,iw9_ar_ralpha_camo_mastery_orion_unlock_ob,,0
22513,iw9_ar_ralpha_camo_mastery_orion_unlock_ob,0,0,2,,,,,,,18721|22498,0
22518,iw9_ar_ralpha_mastery_completionist_ob,0,0,4,43277,,,,,,22478|22488|22498|22508,0
21848,iw9_ar_ralpha_base_camos_ob_unlock,0,0,1|4|7|9,,,,,,,,0
26170,iw9_ar_ralpha_camo_ob_gold_wrapper,0,0,1,,,,,,,22448,0
26247,iw9_ar_ralpha_camo_ob_plat_wrapper,0,0,1,,,,,,,22458,0
37861,iw9_ar_ralpha_prestige_unlock,0,0,10,,,,,,,,0
38927,iw9_ar_ralpha_camo_prestige_4,0,0,300000,68344,,,,,iw9_ar_ralpha_camo_prestige_3,,0
39054,iw9_ar_ralpha_camo_prestige_3,0,0,250000,68199,,,,,iw9_ar_ralpha_camo_prestige_2,,0
39181,iw9_ar_ralpha_camo_prestige_2,0,0,200000,63933,,,,,iw9_ar_ralpha_camo_prestige_1,,0
39308,iw9_ar_ralpha_camo_prestige_1,0,0,150000,63854,,,,,iw9_ar_ralpha_prestige_unlock,,0
22429,iw9_sn_walpha_camo_ob_1,0,0,250,43941,1000,,,,iw9_sn_walpha_base_camos_ob_unlock,,0
22434,iw9_sn_walpha_camo_ob_2,0,0,200,43964,1500,,,,iw9_sn_walpha_base_camos_ob_unlock,,0
22439,iw9_sn_walpha_camo_ob_3,0,0,100,43987,2000,,,,iw9_sn_walpha_base_camos_ob_unlock,,0
22444,iw9_sn_walpha_camo_ob_4,0,0,10,44010,2500,,,,iw9_sn_walpha_base_camos_ob_unlock,,0
22449,iw9_sn_walpha_camo_ob_gold,0,0,1,45550,4000,,,,iw9_sn_walpha_camo_ob_gold_unlock,,0
22454,iw9_sn_walpha_camo_ob_gold_unlock,0,0,4,,,,,,,22429|22434|22439|22444,0
22459,iw9_sn_walpha_camo_ob_plat,0,0,300,45631,5000,,,,iw9_sn_walpha_camo_plat_unlock_ob,,0
22464,iw9_sn_walpha_camo_plat_unlock_ob,0,0,2,,,,,,,26171|18731,0
22469,iw9_sn_walpha_camo_ob_dama,0,0,10,45712,7500,,,,iw9_sn_walpha_camo_dama_unlock_ob,,0
22474,iw9_sn_walpha_camo_dama_unlock_ob,0,0,2,,,,,,,26248|18713,0
22479,iw9_sn_walpha_camo_mastery_gold_ob,0,0,300,42377+41582,4000,,,,iw9_sn_walpha_camo_mastery_gold_unlock_ob,,0
22484,iw9_sn_walpha_camo_mastery_gold_unlock_ob,0,0,1,,,,,,,22449,0
22489,iw9_sn_walpha_camo_mastery_plat_ob,0,0,600,42255+41676,5000,,,,iw9_sn_walpha_camo_mastery_plat_unlock_ob,,0
22494,iw9_sn_walpha_camo_mastery_plat_unlock_ob,0,0,2,,,,,,,22459|22479,0
22499,iw9_sn_walpha_camo_mastery_dama_ob,0,0,900,42381+41487,7500,,,,iw9_sn_walpha_camo_mastery_dama_unlock_ob,,0
22504,iw9_sn_walpha_camo_mastery_dama_unlock_ob,0,0,2,,,,,,,22469|22489,0
22509,iw9_sn_walpha_camo_mastery_orion_ob,0,0,1200,43331+41385,10000,,,,iw9_sn_walpha_camo_mastery_orion_unlock_ob,,0
22514,iw9_sn_walpha_camo_mastery_orion_unlock_ob,0,0,2,,,,,,,18721|22499,0
22519,iw9_sn_walpha_mastery_completionist_ob,0,0,4,43316,,,,,,22479|22489|22499|22509,0
25676,iw9_sn_walpha_base_camos_ob_unlock,0,0,1|7|13|17,,,,,,,,0
26171,iw9_sn_walpha_camo_ob_gold_wrapper,0,0,1,,,,,,,22449,0
26248,iw9_sn_walpha_camo_ob_plat_wrapper,0,0,1,,,,,,,22459,0
37927,iw9_sn_walpha_prestige_unlock,0,0,18,,,,,,,,0
38989,iw9_sn_walpha_camo_prestige_4,0,0,300000,68364,,,,,iw9_sn_walpha_camo_prestige_3,,0
39116,iw9_sn_walpha_camo_prestige_3,0,0,250000,68219,,,,,iw9_sn_walpha_camo_prestige_2,,0
39243,iw9_sn_walpha_camo_prestige_2,0,0,200000,63953,,,,,iw9_sn_walpha_camo_prestige_1,,0
39370,iw9_sn_walpha_camo_prestige_1,0,0,150000,63874,,,,,iw9_sn_walpha_prestige_unlock,,0
22430,iw9_ar_fecho_camo_ob_1,0,0,250,44033,1000,,,,iw9_ar_fecho_base_camos_ob_unlock,,0
22435,iw9_ar_fecho_camo_ob_2,0,0,50,44056,1500,,,,iw9_ar_fecho_base_camos_ob_unlock,,0
22440,iw9_ar_fecho_camo_ob_3,0,0,250,44079,2000,,,,iw9_ar_fecho_base_camos_ob_unlock,,0
22445,iw9_ar_fecho_camo_ob_4,0,0,200,44102,2500,,,,iw9_ar_fecho_base_camos_ob_unlock,,0
22450,iw9_ar_fecho_camo_ob_gold,0,0,1,45490,4000,,,,iw9_ar_fecho_camo_ob_gold_unlock,,0
22455,iw9_ar_fecho_camo_ob_gold_unlock,0,0,4,,,,,,,22430|22435|22440|22445,0
22460,iw9_ar_fecho_camo_ob_plat,0,0,300,45571,5000,,,,iw9_ar_fecho_camo_plat_unlock_ob,,0
22465,iw9_ar_fecho_camo_plat_unlock_ob,0,0,2,,,,,,,26172|18711,0
22470,iw9_ar_fecho_camo_ob_dama,0,0,10,45652,7500,,,,iw9_ar_fecho_camo_dama_unlock_ob,,0
22475,iw9_ar_fecho_camo_dama_unlock_ob,0,0,2,,,,,,,26249|18713,0
22480,iw9_ar_fecho_camo_mastery_gold_ob,0,0,300,42376+41581,4000,,,,iw9_ar_fecho_camo_mastery_gold_unlock_ob,,0
22485,iw9_ar_fecho_camo_mastery_gold_unlock_ob,0,0,1,,,,,,,22450,0
22490,iw9_ar_fecho_camo_mastery_plat_ob,0,0,600,42254+41675,5000,,,,iw9_ar_fecho_camo_mastery_plat_unlock_ob,,0
22495,iw9_ar_fecho_camo_mastery_plat_unlock_ob,0,0,2,,,,,,,22460|22480,0
22500,iw9_ar_fecho_camo_mastery_dama_ob,0,0,900,42380+41486,7500,,,,iw9_ar_fecho_camo_mastery_dama_unlock_ob,,0
22505,iw9_ar_fecho_camo_mastery_dama_unlock_ob,0,0,2,,,,,,,22470|22490,0
22510,iw9_ar_fecho_camo_mastery_orion_ob,0,0,1200,41843+41384,10000,,,,iw9_ar_fecho_camo_mastery_orion_unlock_ob,,0
22515,iw9_ar_fecho_camo_mastery_orion_unlock_ob,0,0,2,,,,,,,18721|22500,0
22520,iw9_ar_fecho_mastery_completionist_ob,0,0,4,43204,,,,,,22480|22490|22500|22510,0
21841,iw9_ar_fecho_base_camos_ob_unlock,0,0,1|6|12|18,,,,,,,,0
26172,iw9_ar_fecho_camo_ob_gold_wrapper,0,0,1,,,,,,,22450,0
26249,iw9_ar_fecho_camo_ob_plat_wrapper,0,0,1,,,,,,,22460,0
37852,iw9_ar_fecho_prestige_unlock,0,0,19,,,,,,,,0
38918,iw9_ar_fecho_camo_prestige_4,0,0,300000,68304,,,,,iw9_ar_fecho_camo_prestige_3,,0
39045,iw9_ar_fecho_camo_prestige_3,0,0,250000,68159,,,,,iw9_ar_fecho_camo_prestige_2,,0
39172,iw9_ar_fecho_camo_prestige_2,0,0,200000,63893,,,,,iw9_ar_fecho_camo_prestige_1,,0
39299,iw9_ar_fecho_camo_prestige_1,0,0,150000,63814,,,,,iw9_ar_fecho_prestige_unlock,,0
22431,iw9_pi_mike2011_camo_ob_1,0,0,250,44125,1000,,,,iw9_pi_mike2011_base_camos_ob_unlock,,0
22436,iw9_pi_mike2011_camo_ob_2,0,0,50,43803,1500,,,,iw9_pi_mike2011_base_camos_ob_unlock,,0
22441,iw9_pi_mike2011_camo_ob_3,0,0,10,43826,2000,,,,iw9_pi_mike2011_base_camos_ob_unlock,,0
22446,iw9_pi_mike2011_camo_ob_4,0,0,250,43849,2500,,,,iw9_pi_mike2011_base_camos_ob_unlock,,0
22451,iw9_pi_mike2011_camo_ob_gold,0,0,1,45513,4000,,,,iw9_pi_mike2011_camo_ob_gold_unlock,,0
22456,iw9_pi_mike2011_camo_ob_gold_unlock,0,0,4,,,,,,,22431|22436|22441|22446,0
22461,iw9_pi_mike2011_camo_ob_plat,0,0,300,45594,5000,,,,iw9_pi_mike2011_camo_plat_unlock_ob,,0
22466,iw9_pi_mike2011_camo_plat_unlock_ob,0,0,2,,,,,,,26173|18717,0
22471,iw9_pi_mike2011_camo_ob_dama,0,0,10,45675,7500,,,,iw9_pi_mike2011_camo_dama_unlock_ob,,0
22476,iw9_pi_mike2011_camo_dama_unlock_ob,0,0,2,,,,,,,26250|18713,0
22481,iw9_pi_mike2011_camo_mastery_gold_ob,0,0,300,42262+41580,4000,,,,iw9_pi_mike2011_camo_mastery_gold_unlock_ob,,0
22486,iw9_pi_mike2011_camo_mastery_gold_unlock_ob,0,0,1,,,,,,,22451,0
22491,iw9_pi_mike2011_camo_mastery_plat_ob,0,0,600,42256+41677,5000,,,,iw9_pi_mike2011_camo_mastery_plat_unlock_ob,,0
22496,iw9_pi_mike2011_camo_mastery_plat_unlock_ob,0,0,2,,,,,,,22461|22481,0
22501,iw9_pi_mike2011_camo_mastery_dama_ob,0,0,900,42382+41488,7500,,,,iw9_pi_mike2011_camo_mastery_dama_unlock_ob,,0
22506,iw9_pi_mike2011_camo_mastery_dama_unlock_ob,0,0,2,,,,,,,22471|22491,0
22511,iw9_pi_mike2011_camo_mastery_orion_ob,0,0,1200,43762+41386,10000,,,,iw9_pi_mike2011_camo_mastery_orion_unlock_ob,,0
22516,iw9_pi_mike2011_camo_mastery_orion_unlock_ob,0,0,2,,,,,,,18721|22501,0
22521,iw9_pi_mike2011_mastery_completionist_ob,0,0,4,43260,,,,,,22481|22491|22501|22511,0
25675,iw9_pi_mike2011_base_camos_ob_unlock,0,0,1|7|13|20,,,,,,,,0
26173,iw9_pi_mike2011_camo_ob_gold_wrapper,0,0,1,,,,,,,22451,0
26250,iw9_pi_mike2011_camo_ob_plat_wrapper,0,0,1,,,,,,,22461,0
37901,iw9_pi_mike2011_prestige_unlock,0,0,20,,,,,,,,0
38963,iw9_pi_mike2011_camo_prestige_4,0,0,300000,68327,,,,,iw9_pi_mike2011_camo_prestige_3,,0
39090,iw9_pi_mike2011_camo_prestige_3,0,0,250000,68182,,,,,iw9_pi_mike2011_camo_prestige_2,,0
39217,iw9_pi_mike2011_camo_prestige_2,0,0,200000,63916,,,,,iw9_pi_mike2011_camo_prestige_1,,0
39344,iw9_pi_mike2011_camo_prestige_1,0,0,150000,63837,,,,,iw9_pi_mike2011_prestige_unlock,,0
22524,jup_jp23_me_kalpha_camo_1,0,0,50,32581,1000,,,,jup_jp23_me_kalpha_progression,,0
22537,jup_jp23_me_kalpha_camo_gold,0,0,10,45970,4000,,,,jup_jp23_me_kalpha_camo_gold_unlock,,0
22538,jup_jp23_me_kalpha_camo_gold_unlock,0,0,1,,,,,,,22524,0
22539,jup_jp23_me_kalpha_camo_plat,0,0,20,45971,5000,,,,jup_jp23_me_kalpha_camo_plat_unlock,,0
22540,jup_jp23_me_kalpha_camo_plat_unlock,0,0,2,,,,,,,25987|13829,0
22541,jup_jp23_me_kalpha_camo_dama,0,0,10,45973,7500,,,,jup_jp23_me_kalpha_camo_dama_unlock,,0
22542,jup_jp23_me_kalpha_camo_dama_unlock,0,0,2,,,,,,,26025|11805,0
27228,jup_jp23_me_kalpha_mastery_gold,0,0,100,43567+41829,4000,,,,jup_jp23_me_kalpha_mastery_gold_unlock,,0
27229,jup_jp23_me_kalpha_mastery_gold_unlock,0,0,2,,,,,,,22537|14759,0
27230,jup_jp23_me_kalpha_mastery_plat,0,0,200,41912+41822,5000,,,,jup_jp23_me_kalpha_mastery_plat_unlock,,0
27231,jup_jp23_me_kalpha_mastery_plat_unlock,0,0,3,,,,,,,22539|27228|14759,0
27232,jup_jp23_me_kalpha_mastery_dama,0,0,300,42183+41788,7500,,,,jup_jp23_me_kalpha_mastery_dama_unlock,,0
27233,jup_jp23_me_kalpha_mastery_dama_unlock,0,0,3,,,,,,,22541|27230|14759,0
25563,jup_jp23_me_kalpha_mastery_orion,0,0,400,42146+43320,10000,,,,jup_jp23_me_kalpha_mastery_orion_unlock,,0
27234,jup_jp23_me_kalpha_mastery_orion_unlock,0,0,3,,,,,,,13792|27232|14759,0
22847,jup_jp23_me_kalpha_mastery_completionist,0,0,4,43253,,,,,,27228|27230|27232|25563,0
22848,jup_jp23_me_kalpha_camo_ob_1,0,0,250,39431,1000,,,,jup_jp23_me_kalpha_progression,,0
22852,jup_jp23_me_kalpha_camo_ob_gold,0,0,1,45978,4000,,,,jup_jp23_me_kalpha_camo_ob_gold_unlock,,0
22853,jup_jp23_me_kalpha_camo_ob_gold_unlock,0,0,1,,,,,,,22848,0
22854,jup_jp23_me_kalpha_camo_ob_plat,0,0,300,45984,5000,,,,jup_jp23_me_kalpha_camo_plat_unlock_ob,,0
22855,jup_jp23_me_kalpha_camo_plat_unlock_ob,0,0,2,,,,,,,26063|17899,0
22856,jup_jp23_me_kalpha_camo_ob_dama,0,0,10,45990,7500,,,,jup_jp23_me_kalpha_camo_dama_unlock_ob,,0
22857,jup_jp23_me_kalpha_camo_dama_unlock_ob,0,0,2,,,,,,,26101|17886,0
22858,jup_jp23_me_kalpha_camo_mastery_gold_ob,0,0,300,42214+41650,4000,,,,jup_jp23_me_kalpha_camo_mastery_gold_unlock_ob,,0
22859,jup_jp23_me_kalpha_camo_mastery_gold_unlock_ob,0,0,2,,,,,,,22852|14759,0
22860,jup_jp23_me_kalpha_camo_mastery_plat_ob,0,0,600,43755+41744,5000,,,,jup_jp23_me_kalpha_camo_mastery_plat_unlock_ob,,0
22861,jup_jp23_me_kalpha_camo_mastery_plat_unlock_ob,0,0,3,,,,,,,22854|22858|14759,0
22862,jup_jp23_me_kalpha_camo_mastery_dama_ob,0,0,900,42337+41555,7500,,,,jup_jp23_me_kalpha_camo_mastery_dama_unlock_ob,,0
22863,jup_jp23_me_kalpha_camo_mastery_dama_unlock_ob,0,0,3,,,,,,,22856|22860|14759,0
22864,jup_jp23_me_kalpha_camo_mastery_orion_ob,0,0,1200,43363+41458,10000,,,,jup_jp23_me_kalpha_camo_mastery_orion_unlock_ob,,0
22865,jup_jp23_me_kalpha_camo_mastery_orion_unlock_ob,0,0,3,,,,,,,17891|22862|14759,0
22866,jup_jp23_me_kalpha_mastery_completionist_ob,0,0,4,43254,,,,,,22858|22860|22862|22864,0
25987,jup_jp23_me_kalpha_camo_gold_wrapper,0,0,1,,,,,,,22537,0
26025,jup_jp23_me_kalpha_camo_plat_wrapper,0,0,1,,,,,,,22539,0
26063,jup_jp23_me_kalpha_camo_ob_gold_wrapper,0,0,1,,,,,,,22852,0
26101,jup_jp23_me_kalpha_camo_ob_plat_wrapper,0,0,1,,,,,,,22854,0
37990,jup_jp23_me_kalpha_prestige_unlock,0,0,5,,,,,,,,0
39028,jup_jp23_me_kalpha_camo_prestige_4,0,0,300000,68388,,,,,jup_jp23_me_kalpha_camo_prestige_3,,0
39155,jup_jp23_me_kalpha_camo_prestige_3,0,0,250000,68242,,,,,jup_jp23_me_kalpha_camo_prestige_2,,0
39282,jup_jp23_me_kalpha_camo_prestige_2,0,0,200000,63977,,,,,jup_jp23_me_kalpha_camo_prestige_1,,0
39408,jup_jp23_me_kalpha_camo_prestige_1,0,0,150000,62760,,,,,jup_jp23_me_kalpha_prestige_unlock,,0
25617,iw9_me_pickaxe_camo_ob_1,0,0,250,43847,1000,,,,iw9_me_pickaxe_base_camos_ob_unlock,,0
25625,iw9_me_pickaxe_camo_ob_gold,0,0,1,45529,4000,,,,iw9_me_pickaxe_camo_ob_gold_unlock,,0
25627,iw9_me_pickaxe_camo_ob_gold_unlock,0,0,1,,,,,,,25617,0
25629,iw9_me_pickaxe_camo_ob_plat,0,0,300,45610,5000,,,,iw9_me_pickaxe_camo_plat_unlock_ob,,0
25631,iw9_me_pickaxe_camo_plat_unlock_ob,0,0,2,,,,,,,26174|18733,0
25633,iw9_me_pickaxe_camo_ob_dama,0,0,10,45691,7500,,,,iw9_me_pickaxe_camo_dama_unlock_ob,,0
25635,iw9_me_pickaxe_camo_dama_unlock_ob,0,0,2,,,,,,,26251|18713,0
25637,iw9_me_pickaxe_camo_mastery_gold_ob,0,0,300,42373+43606,4000,,,,iw9_me_pickaxe_camo_mastery_gold_unlock_ob,,0
25639,iw9_me_pickaxe_camo_mastery_gold_unlock_ob,0,0,1,,,,,,,25625,0
25641,iw9_me_pickaxe_camo_mastery_plat_ob,0,0,600,42251+43604,5000,,,,iw9_me_pickaxe_camo_mastery_plat_unlock_ob,,0
25643,iw9_me_pickaxe_camo_mastery_plat_unlock_ob,0,0,2,,,,,,,25629|25637,0
25645,iw9_me_pickaxe_camo_mastery_dama_ob,0,0,900,42378+41483,7500,,,,iw9_me_pickaxe_camo_mastery_dama_unlock_ob,,0
25647,iw9_me_pickaxe_camo_mastery_dama_unlock_ob,0,0,2,,,,,,,25633|25641,0
25649,iw9_me_pickaxe_camo_mastery_orion_ob,0,0,1200,43402+41382,10000,,,,iw9_me_pickaxe_camo_mastery_orion_unlock_ob,,0
25651,iw9_me_pickaxe_camo_mastery_orion_unlock_ob,0,0,2,,,,,,,18721|25645,0
25945,iw9_me_pickaxe_mastery_completionist_ob,0,0,4,43276,,,,,,25637|25641|25645|25649,0
26174,iw9_me_pickaxe_camo_ob_gold_wrapper,0,0,1,,,,,,,25625,0
26251,iw9_me_pickaxe_camo_ob_plat_wrapper,0,0,1,,,,,,,25629,0
26586,iw9_me_pickaxe_base_camos_ob_unlock,0,0,10|13,,,,,,,,0
37893,iw9_me_pickaxe_prestige_unlock,0,0,14,,,,,,,,0
38955,iw9_me_pickaxe_camo_prestige_4,0,0,300000,68343,,,,,iw9_me_pickaxe_camo_prestige_3,,0
39082,iw9_me_pickaxe_camo_prestige_3,0,0,250000,68198,,,,,iw9_me_pickaxe_camo_prestige_2,,0
39209,iw9_me_pickaxe_camo_prestige_2,0,0,200000,63932,,,,,iw9_me_pickaxe_camo_prestige_1,,0
39336,iw9_me_pickaxe_camo_prestige_1,0,0,150000,63853,,,,,iw9_me_pickaxe_prestige_unlock,,0
25618,iw9_sm_sdelta_camo_ob_1,0,0,250,43872,1000,,,,iw9_sm_sdelta_base_camos_ob_unlock,,0
25620,iw9_sm_sdelta_camo_ob_2,0,0,250,43895,1500,,,,iw9_sm_sdelta_base_camos_ob_unlock,,0
25622,iw9_sm_sdelta_camo_ob_3,0,0,250,43918,2000,,,,iw9_sm_sdelta_base_camos_ob_unlock,,0
25624,iw9_sm_sdelta_camo_ob_4,0,0,10,43942,2500,,,,iw9_sm_sdelta_base_camos_ob_unlock,,0
25626,iw9_sm_sdelta_camo_ob_gold,0,0,1,45539,4000,,,,iw9_sm_sdelta_camo_ob_gold_unlock,,0
25628,iw9_sm_sdelta_camo_ob_gold_unlock,0,0,4,,,,,,,25618|25620|25622|25624,0
25630,iw9_sm_sdelta_camo_ob_plat,0,0,300,45620,5000,,,,iw9_sm_sdelta_camo_plat_unlock_ob,,0
25632,iw9_sm_sdelta_camo_plat_unlock_ob,0,0,2,,,,,,,26175|18715,0
25634,iw9_sm_sdelta_camo_ob_dama,0,0,10,45701,7500,,,,iw9_sm_sdelta_camo_dama_unlock_ob,,0
25636,iw9_sm_sdelta_camo_dama_unlock_ob,0,0,2,,,,,,,26252|18713,0
25638,iw9_sm_sdelta_camo_mastery_gold_ob,0,0,300,42374+41579,4000,,,,iw9_sm_sdelta_camo_mastery_gold_unlock_ob,,0
25640,iw9_sm_sdelta_camo_mastery_gold_unlock_ob,0,0,1,,,,,,,25626,0
25642,iw9_sm_sdelta_camo_mastery_plat_ob,0,0,600,42252+41673,5000,,,,iw9_sm_sdelta_camo_mastery_plat_unlock_ob,,0
25644,iw9_sm_sdelta_camo_mastery_plat_unlock_ob,0,0,2,,,,,,,25630|25638,0
25646,iw9_sm_sdelta_camo_mastery_dama_ob,0,0,900,42379+41484,7500,,,,iw9_sm_sdelta_camo_mastery_dama_unlock_ob,,0
25648,iw9_sm_sdelta_camo_mastery_dama_unlock_ob,0,0,2,,,,,,,25634|25642,0
25650,iw9_sm_sdelta_camo_mastery_orion_ob,0,0,1200,43763+41383,10000,,,,iw9_sm_sdelta_camo_mastery_orion_unlock_ob,,0
25652,iw9_sm_sdelta_camo_mastery_orion_unlock_ob,0,0,2,,,,,,,18721|25646,0
25946,iw9_sm_sdelta_mastery_completionist_ob,0,0,4,43286,,,,,,25638|25642|25646|25650,0
26175,iw9_sm_sdelta_camo_ob_gold_wrapper,0,0,1,,,,,,,25626,0
26252,iw9_sm_sdelta_camo_ob_plat_wrapper,0,0,1,,,,,,,25630,0
26588,iw9_sm_sdelta_base_camos_ob_unlock,0,0,1|4|7|10,,,,,,,,0
37921,iw9_sm_sdelta_prestige_unlock,0,0,10,,,,,,,,0
38983,iw9_sm_sdelta_camo_prestige_4,0,0,300000,68353,,,,,iw9_sm_sdelta_camo_prestige_3,,0
39110,iw9_sm_sdelta_camo_prestige_3,0,0,250000,68208,,,,,iw9_sm_sdelta_camo_prestige_2,,0
39237,iw9_sm_sdelta_camo_prestige_2,0,0,200000,63942,,,,,iw9_sm_sdelta_camo_prestige_1,,0
39364,iw9_sm_sdelta_camo_prestige_1,0,0,150000,63863,,,,,iw9_sm_sdelta_prestige_unlock,,0
25891,iw9_ar_malima_camo_ob_1,0,0,250,43943,1000,,,,iw9_ar_malima_base_camos_ob_unlock,,0
25894,iw9_ar_malima_camo_ob_2,0,0,250,43966,1500,,,,iw9_ar_malima_base_camos_ob_unlock,,0
25897,iw9_ar_malima_camo_ob_3,0,0,250,43989,2000,,,,iw9_ar_malima_base_camos_ob_unlock,,0
25900,iw9_ar_malima_camo_ob_4,0,0,250,44012,2500,,,,iw9_ar_malima_base_camos_ob_unlock,,0
25903,iw9_ar_malima_camo_ob_gold,0,0,1,45506,4000,,,,iw9_ar_malima_camo_ob_gold_unlock,,0
25906,iw9_ar_malima_camo_ob_gold_unlock,0,0,4,,,,,,,25891|25894|25897|25900,0
25909,iw9_ar_malima_camo_ob_plat,0,0,300,45587,5000,,,,iw9_ar_malima_camo_plat_unlock_ob,,0
25912,iw9_ar_malima_camo_plat_unlock_ob,0,0,2,,,,,,,26176|18711,0
25915,iw9_ar_malima_camo_ob_dama,0,0,10,45668,7500,,,,iw9_ar_malima_camo_dama_unlock_ob,,0
25918,iw9_ar_malima_camo_dama_unlock_ob,0,0,2,,,,,,,26253|18713,0
25921,iw9_ar_malima_camo_mastery_gold_ob,0,0,300,43561+43653,4000,,,,iw9_ar_malima_camo_mastery_gold_unlock_ob,,0
25924,iw9_ar_malima_camo_mastery_gold_unlock_ob,0,0,1,,,,,,,25903,0
25927,iw9_ar_malima_camo_mastery_plat_ob,0,0,600,43563+43652,5000,,,,iw9_ar_malima_camo_mastery_plat_unlock_ob,,0
25930,iw9_ar_malima_camo_mastery_plat_unlock_ob,0,0,2,,,,,,,25909|25921,0
25933,iw9_ar_malima_camo_mastery_dama_ob,0,0,900,43559+43693,7500,,,,iw9_ar_malima_camo_mastery_dama_unlock_ob,,0
25936,iw9_ar_malima_camo_mastery_dama_unlock_ob,0,0,2,,,,,,,25915|25927,0
25939,iw9_ar_malima_camo_mastery_orion_ob,0,0,1200,43400+43654,10000,,,,iw9_ar_malima_camo_mastery_orion_unlock_ob,,0
25942,iw9_ar_malima_camo_mastery_orion_unlock_ob,0,0,2,,,,,,,18721|25933,0
25947,iw9_ar_malima_mastery_completionist_ob,0,0,4,45415,,,,,,25921|25927|25933|25939,0
26176,iw9_ar_malima_camo_ob_gold_wrapper,0,0,1,,,,,,,25903,0
26253,iw9_ar_malima_camo_ob_plat_wrapper,0,0,1,,,,,,,25909,0
26584,iw9_ar_malima_base_camos_ob_unlock,0,0,1|7|13|21,,,,,,,,0
37856,iw9_ar_malima_prestige_unlock,0,0,22,,,,,,,,0
38922,iw9_ar_malima_camo_prestige_4,0,0,300000,68320,,,,,iw9_ar_malima_camo_prestige_3,,0
39049,iw9_ar_malima_camo_prestige_3,0,0,250000,68175,,,,,iw9_ar_malima_camo_prestige_2,,0
39176,iw9_ar_malima_camo_prestige_2,0,0,200000,63909,,,,,iw9_ar_malima_camo_prestige_1,,0
39303,iw9_ar_malima_camo_prestige_1,0,0,150000,63830,,,,,iw9_ar_malima_prestige_unlock,,0
25892,iw9_sm_acharlie9_camo_ob_1,0,0,250,44035,1000,,,,iw9_sm_acharlie9_base_camos_ob_unlock,,0
25895,iw9_sm_acharlie9_camo_ob_2,0,0,100,44058,1500,,,,iw9_sm_acharlie9_base_camos_ob_unlock,,0
25898,iw9_sm_acharlie9_camo_ob_3,0,0,200,44081,2000,,,,iw9_sm_acharlie9_base_camos_ob_unlock,,0
25901,iw9_sm_acharlie9_camo_ob_4,0,0,1,44104,2500,,,,iw9_sm_acharlie9_base_camos_ob_unlock,,0
25904,iw9_sm_acharlie9_camo_ob_gold,0,0,1,45474,4000,,,,iw9_sm_acharlie9_camo_ob_gold_unlock,,0
25907,iw9_sm_acharlie9_camo_ob_gold_unlock,0,0,4,,,,,,,25892|25895|25898|25901,0
25910,iw9_sm_acharlie9_camo_ob_plat,0,0,300,45555,5000,,,,iw9_sm_acharlie9_camo_plat_unlock_ob,,0
25913,iw9_sm_acharlie9_camo_plat_unlock_ob,0,0,2,,,,,,,26177|18715,0
25916,iw9_sm_acharlie9_camo_ob_dama,0,0,10,45636,7500,,,,iw9_sm_acharlie9_camo_dama_unlock_ob,,0
25919,iw9_sm_acharlie9_camo_dama_unlock_ob,0,0,2,,,,,,,26254|18713,0
25922,iw9_sm_acharlie9_camo_mastery_gold_ob,0,0,300,43557+43671,4000,,,,iw9_sm_acharlie9_camo_mastery_gold_unlock_ob,,0
25925,iw9_sm_acharlie9_camo_mastery_gold_unlock_ob,0,0,1,,,,,,,25904,0
25928,iw9_sm_acharlie9_camo_mastery_plat_ob,0,0,600,43558+43670,5000,,,,iw9_sm_acharlie9_camo_mastery_plat_unlock_ob,,0
25931,iw9_sm_acharlie9_camo_mastery_plat_unlock_ob,0,0,2,,,,,,,25910|25922,0
25934,iw9_sm_acharlie9_camo_mastery_dama_ob,0,0,900,43399+43669,7500,,,,iw9_sm_acharlie9_camo_mastery_dama_unlock_ob,,0
25937,iw9_sm_acharlie9_camo_mastery_dama_unlock_ob,0,0,2,,,,,,,25916|25928,0
25940,iw9_sm_acharlie9_camo_mastery_orion_ob,0,0,1200,43556+43672,10000,,,,iw9_sm_acharlie9_camo_mastery_orion_unlock_ob,,0
25943,iw9_sm_acharlie9_camo_mastery_orion_unlock_ob,0,0,2,,,,,,,18721|25934,0
25948,iw9_sm_acharlie9_mastery_completionist_ob,0,0,4,45417,,,,,,25922|25928|25934|25940,0
26177,iw9_sm_acharlie9_camo_ob_gold_wrapper,0,0,1,,,,,,,25904,0
26254,iw9_sm_acharlie9_camo_ob_plat_wrapper,0,0,1,,,,,,,25910,0
26587,iw9_sm_acharlie9_base_camos_ob_unlock,0,0,1|4|7|11,,,,,,,,0
37912,iw9_sm_acharlie9_prestige_unlock,0,0,12,,,,,,,,0
38974,iw9_sm_acharlie9_camo_prestige_4,0,0,300000,68289,,,,,iw9_sm_acharlie9_camo_prestige_3,,0
39101,iw9_sm_acharlie9_camo_prestige_3,0,0,250000,68144,,,,,iw9_sm_acharlie9_camo_prestige_2,,0
39228,iw9_sm_acharlie9_camo_prestige_2,0,0,200000,63878,,,,,iw9_sm_acharlie9_camo_prestige_1,,0
39355,iw9_sm_acharlie9_camo_prestige_1,0,0,150000,63799,,,,,iw9_sm_acharlie9_prestige_unlock,,0
25893,iw9_me_kamas_camo_ob_1,0,0,250,43919,1000,,,,iw9_me_kamas_base_camos_ob_unlock,,0
25905,iw9_me_kamas_camo_ob_gold,0,0,1,45499,4000,,,,iw9_me_kamas_camo_ob_gold_unlock,,0
25908,iw9_me_kamas_camo_ob_gold_unlock,0,0,1,,,,,,,25893,0
25911,iw9_me_kamas_camo_ob_plat,0,0,300,45580,5000,,,,iw9_me_kamas_camo_plat_unlock_ob,,0
25914,iw9_me_kamas_camo_plat_unlock_ob,0,0,2,,,,,,,26178|18733,0
25917,iw9_me_kamas_camo_ob_dama,0,0,10,45661,7500,,,,iw9_me_kamas_camo_dama_unlock_ob,,0
25920,iw9_me_kamas_camo_dama_unlock_ob,0,0,2,,,,,,,26255|18713,0
25923,iw9_me_kamas_camo_mastery_gold_ob,0,0,300,43562+43649,4000,,,,iw9_me_kamas_camo_mastery_gold_unlock_ob,,0
25926,iw9_me_kamas_camo_mastery_gold_unlock_ob,0,0,1,,,,,,,25905,0
25929,iw9_me_kamas_camo_mastery_plat_ob,0,0,600,43564+43648,5000,,,,iw9_me_kamas_camo_mastery_plat_unlock_ob,,0
25932,iw9_me_kamas_camo_mastery_plat_unlock_ob,0,0,2,,,,,,,25911|25923,0
25935,iw9_me_kamas_camo_mastery_dama_ob,0,0,900,43560+43650,7500,,,,iw9_me_kamas_camo_mastery_dama_unlock_ob,,0
25938,iw9_me_kamas_camo_mastery_dama_unlock_ob,0,0,2,,,,,,,25917|25929,0
25941,iw9_me_kamas_camo_mastery_orion_ob,0,0,1200,43401+43651,10000,,,,iw9_me_kamas_camo_mastery_orion_unlock_ob,,0
25944,iw9_me_kamas_camo_mastery_orion_unlock_ob,0,0,2,,,,,,,18721|25935,0
25949,iw9_me_kamas_mastery_completionist_ob,0,0,4,45416,,,,,,25923|25929|25935|25941,0
26178,iw9_me_kamas_camo_ob_gold_wrapper,0,0,1,,,,,,,25905,0
26255,iw9_me_kamas_camo_ob_plat_wrapper,0,0,1,,,,,,,25911,0
26585,iw9_me_kamas_base_camos_ob_unlock,0,0,13|14,,,,,,,,0
37891,iw9_me_kamas_prestige_unlock,0,0,14,,,,,,,,0
38953,iw9_me_kamas_camo_prestige_4,0,0,300000,68313,,,,,iw9_me_kamas_camo_prestige_3,,0
39080,iw9_me_kamas_camo_prestige_3,0,0,250000,68168,,,,,iw9_me_kamas_camo_prestige_2,,0
39207,iw9_me_kamas_camo_prestige_2,0,0,200000,63902,,,,,iw9_me_kamas_camo_prestige_1,,0
39334,iw9_me_kamas_camo_prestige_1,0,0,150000,63823,,,,,iw9_me_kamas_prestige_unlock,,0
26401,jup_jp25_ar_talpha95_camo_1,0,0,50,32938,1000,,,,jup_jp25_ar_talpha95_progression,,0
26404,jup_jp25_ar_talpha95_camo_2,0,0,50,32540,1500,,,,jup_jp25_ar_talpha95_progression,,0
26407,jup_jp25_ar_talpha95_camo_3,0,0,15,34329,2000,,,,jup_jp25_ar_talpha95_progression,,0
26410,jup_jp25_ar_talpha95_camo_4,0,0,25,32134,2500,,,,jup_jp25_ar_talpha95_progression,,0
26413,jup_jp25_ar_talpha95_camo_gold,0,0,10,48560,4000,,,,jup_jp25_ar_talpha95_camo_gold_unlock,,0
26416,jup_jp25_ar_talpha95_camo_gold_wrapper,0,0,1,,,,,,,26413,0
26419,jup_jp25_ar_talpha95_camo_gold_unlock,0,0,4,,,,,,,26401|26404|26407|26410,0
26422,jup_jp25_ar_talpha95_camo_plat,0,0,10,48561,5000,,,,jup_jp25_ar_talpha95_camo_plat_unlock,,0
26425,jup_jp25_ar_talpha95_camo_plat_wrapper,0,0,1,,,,,,,26422,0
26428,jup_jp25_ar_talpha95_camo_plat_unlock,0,0,2,,,,,,,26416|11803,0
26431,jup_jp25_ar_talpha95_camo_dama,0,0,15,48562,7500,,,,jup_jp25_ar_talpha95_camo_dama_unlock,,0
26434,jup_jp25_ar_talpha95_camo_dama_unlock,0,0,2,,,,,,,26425|11805,0
27310,jup_jp25_ar_talpha95_mastery_gold,0,0,100,37102+44316,4000,,,,jup_jp25_ar_talpha95_mastery_gold_unlock,,0
27292,jup_jp25_ar_talpha95_mastery_gold_unlock,0,0,2,,,,,,,26413|13612,0
27293,jup_jp25_ar_talpha95_mastery_plat,0,0,200,36923+44318,5000,,,,jup_jp25_ar_talpha95_mastery_plat_unlock,,0
27294,jup_jp25_ar_talpha95_mastery_plat_unlock,0,0,3,,,,,,,26422|27310|13612,0
27295,jup_jp25_ar_talpha95_mastery_dama,0,0,300,44492+44315,7500,,,,jup_jp25_ar_talpha95_mastery_dama_unlock,,0
27296,jup_jp25_ar_talpha95_mastery_dama_unlock,0,0,3,,,,,,,26431|27293|13612,0
27298,jup_jp25_ar_talpha95_mastery_orion,0,0,400,44493+44317,10000,,,,jup_jp25_ar_talpha95_mastery_orion_unlock,,0
27299,jup_jp25_ar_talpha95_mastery_orion_unlock,0,0,3,,,,,,,13792|27295|13612,0
26461,jup_jp25_ar_talpha95_mastery_completionist,0,0,4,43180,,,,,,27310|27293|27295|27298,0
26464,jup_jp25_ar_talpha95_camo_ob_1,0,0,250,39318,1000,,,,jup_jp25_ar_talpha95_progression,,0
26467,jup_jp25_ar_talpha95_camo_ob_2,0,0,250,39354,1500,,,,jup_jp25_ar_talpha95_progression,,0
26470,jup_jp25_ar_talpha95_camo_ob_3,0,0,100,39723,2000,,,,jup_jp25_ar_talpha95_progression,,0
26473,jup_jp25_ar_talpha95_camo_ob_4,0,0,200,39395,2500,,,,jup_jp25_ar_talpha95_progression,,0
26476,jup_jp25_ar_talpha95_camo_ob_gold,0,0,1,48563,4000,,,,jup_jp25_ar_talpha95_camo_ob_gold_unlock,,0
26479,jup_jp25_ar_talpha95_camo_ob_gold_wrapper,0,0,1,,,,,,,26476,0
26482,jup_jp25_ar_talpha95_camo_ob_gold_unlock,0,0,4,,,,,,,26464|26467|26470|26473,0
26485,jup_jp25_ar_talpha95_camo_ob_plat,0,0,300,48564,5000,,,,jup_jp25_ar_talpha95_camo_plat_unlock_ob,,0
26488,jup_jp25_ar_talpha95_camo_ob_plat_wrapper,0,0,1,,,,,,,26485,0
26491,jup_jp25_ar_talpha95_camo_plat_unlock_ob,0,0,2,,,,,,,26479|17885,0
26494,jup_jp25_ar_talpha95_camo_ob_dama,0,0,10,48565,7500,,,,jup_jp25_ar_talpha95_camo_dama_unlock_ob,,0
26497,jup_jp25_ar_talpha95_camo_dama_unlock_ob,0,0,2,,,,,,,26488|17886,0
26500,jup_jp25_ar_talpha95_camo_mastery_gold_ob,0,0,300,44473+44305,4000,,,,jup_jp25_ar_talpha95_camo_mastery_gold_unlock_ob,,0
26503,jup_jp25_ar_talpha95_camo_mastery_gold_unlock_ob,0,0,2,,,,,,,26476|13612,0
26506,jup_jp25_ar_talpha95_camo_mastery_plat_ob,0,0,600,44472+44304,5000,,,,jup_jp25_ar_talpha95_camo_mastery_plat_unlock_ob,,0
26509,jup_jp25_ar_talpha95_camo_mastery_plat_unlock_ob,0,0,3,,,,,,,26485|26500|13612,0
26512,jup_jp25_ar_talpha95_camo_mastery_dama_ob,0,0,900,44474+44306,7500,,,,jup_jp25_ar_talpha95_camo_mastery_dama_unlock_ob,,0
26515,jup_jp25_ar_talpha95_camo_mastery_dama_unlock_ob,0,0,3,,,,,,,26494|26506|13612,0
26518,jup_jp25_ar_talpha95_camo_mastery_orion_ob,0,0,1200,44475+44307,10000,,,,jup_jp25_ar_talpha95_camo_mastery_orion_unlock_ob,,0
26521,jup_jp25_ar_talpha95_camo_mastery_orion_unlock_ob,0,0,3,,,,,,,17891|26512|13612,0
26524,jup_jp25_ar_talpha95_mastery_completionist_ob,0,0,4,43310,,,,,,26500|26506|26512|26518,0
37994,jup_jp25_ar_talpha95_prestige_unlock,0,0,28,,,,,,,,0
39032,jup_jp25_ar_talpha95_camo_prestige_4,0,0,300000,68417,,,,,jup_jp25_ar_talpha95_camo_prestige_3,,0
39159,jup_jp25_ar_talpha95_camo_prestige_3,0,0,250000,68268,,,,,jup_jp25_ar_talpha95_camo_prestige_2,,0
39286,jup_jp25_ar_talpha95_camo_prestige_2,0,0,200000,64003,,,,,jup_jp25_ar_talpha95_camo_prestige_1,,0
39412,jup_jp25_ar_talpha95_camo_prestige_1,0,0,150000,62782,,,,,jup_jp25_ar_talpha95_prestige_unlock,,0
26402,jup_jp03_sm_pmike_camo_1,0,0,50,32939,1000,,,,jup_jp03_sm_pmike_progression,,0
26405,jup_jp03_sm_pmike_camo_2,0,0,25,32546,1500,,,,jup_jp03_sm_pmike_progression,,0
26408,jup_jp03_sm_pmike_camo_3,0,0,10,34330,2000,,,,jup_jp03_sm_pmike_progression,,0
26411,jup_jp03_sm_pmike_camo_4,0,0,10,45910,2500,,,,jup_jp03_sm_pmike_progression,,0
26414,jup_jp03_sm_pmike_camo_gold,0,0,10,49703,4000,,,,jup_jp03_sm_pmike_camo_gold_unlock,,0
26417,jup_jp03_sm_pmike_camo_gold_wrapper,0,0,1,,,,,,,26414,0
26420,jup_jp03_sm_pmike_camo_gold_unlock,0,0,4,,,,,,,26402|26405|26408|26411,0
26423,jup_jp03_sm_pmike_camo_plat,0,0,25,49704,5000,,,,jup_jp03_sm_pmike_camo_plat_unlock,,0
26426,jup_jp03_sm_pmike_camo_plat_wrapper,0,0,1,,,,,,,26423,0
26429,jup_jp03_sm_pmike_camo_plat_unlock,0,0,2,,,,,,,26417|13786,0
26432,jup_jp03_sm_pmike_camo_dama,0,0,15,49705,7500,,,,jup_jp03_sm_pmike_camo_dama_unlock,,0
26435,jup_jp03_sm_pmike_camo_dama_unlock,0,0,2,,,,,,,26426|11805,0
27301,jup_jp03_sm_pmike_mastery_gold,0,0,100,36926+44243,4000,,,,jup_jp03_sm_pmike_mastery_gold_unlock,,0
27300,jup_jp03_sm_pmike_mastery_gold_unlock,0,0,2,,,,,,,26414|12567,0
27311,jup_jp03_sm_pmike_mastery_plat,0,0,200,36927+44245,5000,,,,jup_jp03_sm_pmike_mastery_plat_unlock,,0
27312,jup_jp03_sm_pmike_mastery_plat_unlock,0,0,3,,,,,,,26423|27301|12567,0
27313,jup_jp03_sm_pmike_mastery_dama,0,0,300,44478+44242,7500,,,,jup_jp03_sm_pmike_mastery_dama_unlock,,0
27314,jup_jp03_sm_pmike_mastery_dama_unlock,0,0,3,,,,,,,26432|27311|12567,0
27315,jup_jp03_sm_pmike_mastery_orion,0,0,400,44479+44244,10000,,,,jup_jp03_sm_pmike_mastery_orion_unlock,,0
27316,jup_jp03_sm_pmike_mastery_orion_unlock,0,0,3,,,,,,,13792|27313|12567,0
26462,jup_jp03_sm_pmike_mastery_completionist,0,0,4,46490,,,,,,27301|27311|27313|27315,0
26465,jup_jp03_sm_pmike_camo_ob_1,0,0,250,39319,1000,,,,jup_jp03_sm_pmike_progression,,0
26468,jup_jp03_sm_pmike_camo_ob_2,0,0,50,39360,1500,,,,jup_jp03_sm_pmike_progression,,0
26471,jup_jp03_sm_pmike_camo_ob_3,0,0,250,39724,2000,,,,jup_jp03_sm_pmike_progression,,0
26474,jup_jp03_sm_pmike_camo_ob_4,0,0,10,45911,2500,,,,jup_jp03_sm_pmike_progression,,0
26477,jup_jp03_sm_pmike_camo_ob_gold,0,0,1,49706,4000,,,,jup_jp03_sm_pmike_camo_ob_gold_unlock,,0
26480,jup_jp03_sm_pmike_camo_ob_gold_wrapper,0,0,1,,,,,,,26477,0
26483,jup_jp03_sm_pmike_camo_ob_gold_unlock,0,0,4,,,,,,,26465|26468|26471|26474,0
26486,jup_jp03_sm_pmike_camo_ob_plat,0,0,300,49707,5000,,,,jup_jp03_sm_pmike_camo_plat_unlock_ob,,0
26489,jup_jp03_sm_pmike_camo_ob_plat_wrapper,0,0,1,,,,,,,26486,0
26492,jup_jp03_sm_pmike_camo_plat_unlock_ob,0,0,2,,,,,,,26480|17887,0
26495,jup_jp03_sm_pmike_camo_ob_dama,0,0,10,49708,7500,,,,jup_jp03_sm_pmike_camo_dama_unlock_ob,,0
26498,jup_jp03_sm_pmike_camo_dama_unlock_ob,0,0,2,,,,,,,26489|17886,0
26501,jup_jp03_sm_pmike_camo_mastery_gold_ob,0,0,300,44470+44301,4000,,,,jup_jp03_sm_pmike_camo_mastery_gold_unlock_ob,,0
26504,jup_jp03_sm_pmike_camo_mastery_gold_unlock_ob,0,0,2,,,,,,,26477|12567,0
26507,jup_jp03_sm_pmike_camo_mastery_plat_ob,0,0,600,44469+44300,5000,,,,jup_jp03_sm_pmike_camo_mastery_plat_unlock_ob,,0
26510,jup_jp03_sm_pmike_camo_mastery_plat_unlock_ob,0,0,3,,,,,,,26486|26501|12567,0
26513,jup_jp03_sm_pmike_camo_mastery_dama_ob,0,0,900,44471+44302,7500,,,,jup_jp03_sm_pmike_camo_mastery_dama_unlock_ob,,0
26516,jup_jp03_sm_pmike_camo_mastery_dama_unlock_ob,0,0,3,,,,,,,26495|26507|12567,0
26519,jup_jp03_sm_pmike_camo_mastery_orion_ob,0,0,1200,44513+44303,10000,,,,jup_jp03_sm_pmike_camo_mastery_orion_unlock_ob,,0
26522,jup_jp03_sm_pmike_camo_mastery_orion_unlock_ob,0,0,3,,,,,,,17891|26513|12567,0
26525,jup_jp03_sm_pmike_mastery_completionist_ob,0,0,4,46504,,,,,,26501|26507|26513|26519,0
37967,jup_jp03_sm_pmike_prestige_unlock,0,0,17,,,,,,,,0
39005,jup_jp03_sm_pmike_camo_prestige_4,0,0,300000,68403,,,,,jup_jp03_sm_pmike_camo_prestige_3,,0
39132,jup_jp03_sm_pmike_camo_prestige_3,0,0,250000,68256,,,,,jup_jp03_sm_pmike_camo_prestige_2,,0
39259,jup_jp03_sm_pmike_camo_prestige_2,0,0,200000,63991,,,,,jup_jp03_sm_pmike_camo_prestige_1,,0
39386,jup_jp03_sm_pmike_camo_prestige_1,0,0,150000,62772,,,,,jup_jp03_sm_pmike_prestige_unlock,,0
26403,jup_jp10_sn_cdelta50_camo_1,0,0,50,32578,1000,,,,jup_jp10_sn_cdelta50_progression,,0
26406,jup_jp10_sn_cdelta50_camo_2,0,0,50,32965,1500,,,,jup_jp10_sn_cdelta50_progression,,0
26409,jup_jp10_sn_cdelta50_camo_3,0,0,10,32985,2000,,,,jup_jp10_sn_cdelta50_progression,,0
26412,jup_jp10_sn_cdelta50_camo_4,0,0,15,32159,2500,,,,jup_jp10_sn_cdelta50_progression,,0
26415,jup_jp10_sn_cdelta50_camo_gold,0,0,10,48567,4000,,,,jup_jp10_sn_cdelta50_camo_gold_unlock,,0
26418,jup_jp10_sn_cdelta50_camo_gold_wrapper,0,0,1,,,,,,,26415,0
26421,jup_jp10_sn_cdelta50_camo_gold_unlock,0,0,4,,,,,,,26403|26406|26409|26412,0
26424,jup_jp10_sn_cdelta50_camo_plat,0,0,10,48566,5000,,,,jup_jp10_sn_cdelta50_camo_plat_unlock,,0
26427,jup_jp10_sn_cdelta50_camo_plat_wrapper,0,0,1,,,,,,,26424,0
26430,jup_jp10_sn_cdelta50_camo_plat_unlock,0,0,2,,,,,,,26418|13827,0
26433,jup_jp10_sn_cdelta50_camo_dama,0,0,15,48568,7500,,,,jup_jp10_sn_cdelta50_camo_dama_unlock,,0
26436,jup_jp10_sn_cdelta50_camo_dama_unlock,0,0,2,,,,,,,26427|11805,0
27309,jup_jp10_sn_cdelta50_mastery_gold,0,0,100,37104+44275,4000,,,,jup_jp10_sn_cdelta50_mastery_gold_unlock,,0
27308,jup_jp10_sn_cdelta50_mastery_gold_unlock,0,0,2,,,,,,,26415|12580,0
27307,jup_jp10_sn_cdelta50_mastery_plat,0,0,200,37103+44277,5000,,,,jup_jp10_sn_cdelta50_mastery_plat_unlock,,0
27306,jup_jp10_sn_cdelta50_mastery_plat_unlock,0,0,3,,,,,,,26424|27309|12580,0
27305,jup_jp10_sn_cdelta50_mastery_dama,0,0,300,44454+44274,7500,,,,jup_jp10_sn_cdelta50_mastery_dama_unlock,,0
27304,jup_jp10_sn_cdelta50_mastery_dama_unlock,0,0,3,,,,,,,26433|27307|12580,0
27302,jup_jp10_sn_cdelta50_mastery_orion,0,0,400,44455+44276,10000,,,,jup_jp10_sn_cdelta50_mastery_orion_unlock,,0
27303,jup_jp10_sn_cdelta50_mastery_orion_unlock,0,0,3,,,,,,,13792|27305|12580,0
26463,jup_jp10_sn_cdelta50_mastery_completionist,0,0,4,46503,,,,,,27309|27307|27305|27302,0
26466,jup_jp10_sn_cdelta50_camo_ob_1,0,0,250,39428,1000,,,,jup_jp10_sn_cdelta50_progression,,0
26469,jup_jp10_sn_cdelta50_camo_ob_2,0,0,250,39390,1500,,,,jup_jp10_sn_cdelta50_progression,,0
26472,jup_jp10_sn_cdelta50_camo_ob_3,0,0,250,39442,2000,,,,jup_jp10_sn_cdelta50_progression,,0
26475,jup_jp10_sn_cdelta50_camo_ob_4,0,0,200,39488,2500,,,,jup_jp10_sn_cdelta50_progression,,0
26478,jup_jp10_sn_cdelta50_camo_ob_gold,0,0,1,48569,4000,,,,jup_jp10_sn_cdelta50_camo_ob_gold_unlock,,0
26481,jup_jp10_sn_cdelta50_camo_ob_gold_wrapper,0,0,1,,,,,,,26478,0
26484,jup_jp10_sn_cdelta50_camo_ob_gold_unlock,0,0,4,,,,,,,26466|26469|26472|26475,0
26487,jup_jp10_sn_cdelta50_camo_ob_plat,0,0,300,48570,5000,,,,jup_jp10_sn_cdelta50_camo_plat_unlock_ob,,0
26490,jup_jp10_sn_cdelta50_camo_ob_plat_wrapper,0,0,1,,,,,,,26487,0
26493,jup_jp10_sn_cdelta50_camo_plat_unlock_ob,0,0,2,,,,,,,26481|17897,0
26496,jup_jp10_sn_cdelta50_camo_ob_dama,0,0,10,48571,7500,,,,jup_jp10_sn_cdelta50_camo_dama_unlock_ob,,0
26499,jup_jp10_sn_cdelta50_camo_dama_unlock_ob,0,0,2,,,,,,,26490|17886,0
26502,jup_jp10_sn_cdelta50_camo_mastery_gold_ob,0,0,300,44461+44290,4000,,,,jup_jp10_sn_cdelta50_camo_mastery_gold_unlock_ob,,0
26505,jup_jp10_sn_cdelta50_camo_mastery_gold_unlock_ob,0,0,2,,,,,,,26478|12580,0
26508,jup_jp10_sn_cdelta50_camo_mastery_plat_ob,0,0,600,44460+44289,5000,,,,jup_jp10_sn_cdelta50_camo_mastery_plat_unlock_ob,,0
26511,jup_jp10_sn_cdelta50_camo_mastery_plat_unlock_ob,0,0,3,,,,,,,26487|26502|12580,0
26514,jup_jp10_sn_cdelta50_camo_mastery_dama_ob,0,0,900,44462+44291,7500,,,,jup_jp10_sn_cdelta50_camo_mastery_dama_unlock_ob,,0
26517,jup_jp10_sn_cdelta50_camo_mastery_dama_unlock_ob,0,0,3,,,,,,,26496|26508|12580,0
26520,jup_jp10_sn_cdelta50_camo_mastery_orion_ob,0,0,1200,44518+44292,10000,,,,jup_jp10_sn_cdelta50_camo_mastery_orion_unlock_ob,,0
26523,jup_jp10_sn_cdelta50_camo_mastery_orion_unlock_ob,0,0,3,,,,,,,17891|26514|12580,0
26526,jup_jp10_sn_cdelta50_mastery_completionist_ob,0,0,4,46505,,,,,,26502|26508|26514|26520,0
37978,jup_jp10_sn_cdelta50_prestige_unlock,0,0,21,,,,,,,,0
39016,jup_jp10_sn_cdelta50_camo_prestige_4,0,0,300000,68377,,,,,jup_jp10_sn_cdelta50_camo_prestige_3,,0
39143,jup_jp10_sn_cdelta50_camo_prestige_3,0,0,250000,68232,,,,,jup_jp10_sn_cdelta50_camo_prestige_2,,0
39270,jup_jp10_sn_cdelta50_camo_prestige_2,0,0,200000,63967,,,,,jup_jp10_sn_cdelta50_camo_prestige_1,,0
39397,jup_jp10_sn_cdelta50_camo_prestige_1,0,0,150000,62750,,,,,jup_jp10_sn_cdelta50_prestige_unlock,,0
26359,jup_cp06_ar_falpha_camo_1,0,0,50,45906,1000,,,,jup_cp06_ar_falpha_progression,,0
26360,jup_cp06_ar_falpha_camo_2,0,0,50,45907,1500,,,,jup_cp06_ar_falpha_progression,,0
26361,jup_cp06_ar_falpha_camo_3,0,0,15,45908,2000,,,,jup_cp06_ar_falpha_progression,,0
26362,jup_cp06_ar_falpha_camo_4,0,0,25,45909,2500,,,,jup_cp06_ar_falpha_progression,,0
26363,jup_cp06_ar_falpha_camo_gold,0,0,10,46086,4000,,,,jup_cp06_ar_falpha_camo_gold_unlock,,0
26364,jup_cp06_ar_falpha_camo_gold_wrapper,0,0,1,,,,,,,26363,0
26365,jup_cp06_ar_falpha_camo_gold_unlock,0,0,4,,,,,,,26359|26360|26361|26362,0
26366,jup_cp06_ar_falpha_camo_plat,0,0,20,46088,5000,,,,jup_cp06_ar_falpha_camo_plat_unlock,,0
26367,jup_cp06_ar_falpha_camo_plat_wrapper,0,0,1,,,,,,,26366,0
26368,jup_cp06_ar_falpha_camo_plat_unlock,0,0,2,,,,,,,26364|11803,0
26369,jup_cp06_ar_falpha_camo_dama,0,0,15,46090,7500,,,,jup_cp06_ar_falpha_camo_dama_unlock,,0
26370,jup_cp06_ar_falpha_camo_dama_unlock,0,0,2,,,,,,,26367|11805,0
27263,jup_cp06_ar_falpha_mastery_gold,0,0,100,43569+43327,4000,,,,jup_cp06_ar_falpha_mastery_gold_unlock,,0
27264,jup_cp06_ar_falpha_mastery_gold_unlock,0,0,2,,,,,,,26363|26631,0
27265,jup_cp06_ar_falpha_mastery_plat,0,0,200,47033+43579,5000,,,,jup_cp06_ar_falpha_mastery_plat_unlock,,0
27266,jup_cp06_ar_falpha_mastery_plat_unlock,0,0,3,,,,,,,26366|27263|26631,0
27267,jup_cp06_ar_falpha_mastery_dama,0,0,300,42186+43325,7500,,,,jup_cp06_ar_falpha_mastery_dama_unlock,,0
27268,jup_cp06_ar_falpha_mastery_dama_unlock,0,0,3,,,,,,,26369|27265|26631,0
27269,jup_cp06_ar_falpha_mastery_orion,0,0,400,42150+43323,10000,,,,jup_cp06_ar_falpha_mastery_orion_unlock,,0
27270,jup_cp06_ar_falpha_mastery_orion_unlock,0,0,3,,,,,,,13792|27267|26631,0
26379,jup_cp06_ar_falpha_mastery_completionist,0,0,4,43214,,,,,,27263|27265|27267|27269,0
26380,jup_cp06_ar_falpha_camo_ob_1,0,0,250,43874,1000,,,,jup_cp06_ar_falpha_progression,,0
26381,jup_cp06_ar_falpha_camo_ob_2,0,0,200,43897,1500,,,,jup_cp06_ar_falpha_progression,,0
26382,jup_cp06_ar_falpha_camo_ob_3,0,0,30,43920,2000,,,,jup_cp06_ar_falpha_progression,,0
26383,jup_cp06_ar_falpha_camo_ob_4,0,0,250,43944,2500,,,,jup_cp06_ar_falpha_progression,,0
26384,jup_cp06_ar_falpha_camo_ob_gold,0,0,1,47405,4000,,,,jup_cp06_ar_falpha_camo_ob_gold_unlock,,0
26385,jup_cp06_ar_falpha_camo_ob_gold_wrapper,0,0,1,,,,,,,26384,0
26386,jup_cp06_ar_falpha_camo_ob_gold_unlock,0,0,4,,,,,,,26380|26381|26382|26383,0
26387,jup_cp06_ar_falpha_camo_ob_plat,0,0,300,47407,5000,,,,jup_cp06_ar_falpha_camo_plat_unlock_ob,,0
26388,jup_cp06_ar_falpha_camo_ob_plat_wrapper,0,0,1,,,,,,,26387,0
26389,jup_cp06_ar_falpha_camo_plat_unlock_ob,0,0,2,,,,,,,26385|17885,0
26390,jup_cp06_ar_falpha_camo_ob_dama,0,0,10,47409,7500,,,,jup_cp06_ar_falpha_camo_dama_unlock_ob,,0
26391,jup_cp06_ar_falpha_camo_dama_unlock_ob,0,0,2,,,,,,,26388|17886,0
26392,jup_cp06_ar_falpha_camo_mastery_gold_ob,0,0,300,42218+43622,4000,,,,jup_cp06_ar_falpha_camo_mastery_gold_unlock_ob,,0
26393,jup_cp06_ar_falpha_camo_mastery_gold_unlock_ob,0,0,2,,,,,,,26384|26631,0
26394,jup_cp06_ar_falpha_camo_mastery_plat_ob,0,0,600,42090+43614,5000,,,,jup_cp06_ar_falpha_camo_mastery_plat_unlock_ob,,0
26395,jup_cp06_ar_falpha_camo_mastery_plat_unlock_ob,0,0,3,,,,,,,26387|26392|26631,0
26396,jup_cp06_ar_falpha_camo_mastery_dama_ob,0,0,900,42340+43607,7500,,,,jup_cp06_ar_falpha_camo_mastery_dama_unlock_ob,,0
26397,jup_cp06_ar_falpha_camo_mastery_dama_unlock_ob,0,0,3,,,,,,,26390|26394|26631,0
26398,jup_cp06_ar_falpha_camo_mastery_orion_ob,0,0,1200,43367+43687,10000,,,,jup_cp06_ar_falpha_camo_mastery_orion_unlock_ob,,0
26399,jup_cp06_ar_falpha_camo_mastery_orion_unlock_ob,0,0,3,,,,,,,17891|26396|26631,0
26400,jup_cp06_ar_falpha_mastery_completionist_ob,0,0,4,43215,,,,,,26392|26394|26396|26398,0
37955,jup_cp06_ar_falpha_prestige_unlock,0,0,18,,,,,,,,0
38993,jup_cp06_ar_falpha_camo_prestige_4,0,0,300000,68382,,,,,jup_cp06_ar_falpha_camo_prestige_3,,0
39120,jup_cp06_ar_falpha_camo_prestige_3,0,0,250000,68236,,,,,jup_cp06_ar_falpha_camo_prestige_2,,0
39247,jup_cp06_ar_falpha_camo_prestige_2,0,0,200000,63971,,,,,jup_cp06_ar_falpha_camo_prestige_1,,0
39374,jup_cp06_ar_falpha_camo_prestige_1,0,0,150000,62754,,,,,jup_cp06_ar_falpha_prestige_unlock,,0
26527,jup_cp15_lm_mkilo3_camo_1,0,0,50,45902,1000,,,,jup_cp15_lm_mkilo3_progression,,0
26528,jup_cp15_lm_mkilo3_camo_2,0,0,10,45903,1500,,,,jup_cp15_lm_mkilo3_progression,,0
26529,jup_cp15_lm_mkilo3_camo_3,0,0,15,45904,2000,,,,jup_cp15_lm_mkilo3_progression,,0
26530,jup_cp15_lm_mkilo3_camo_4,0,0,10,45905,2500,,,,jup_cp15_lm_mkilo3_progression,,0
26531,jup_cp15_lm_mkilo3_camo_gold,0,0,10,46087,4000,,,,jup_cp15_lm_mkilo3_camo_gold_unlock,,0
26532,jup_cp15_lm_mkilo3_camo_gold_wrapper,0,0,1,,,,,,,26531,0
26533,jup_cp15_lm_mkilo3_camo_gold_unlock,0,0,4,,,,,,,26527|26528|26529|26530,0
26534,jup_cp15_lm_mkilo3_camo_plat,0,0,20,46089,5000,,,,jup_cp15_lm_mkilo3_camo_plat_unlock,,0
26535,jup_cp15_lm_mkilo3_camo_plat_wrapper,0,0,1,,,,,,,26534,0
26536,jup_cp15_lm_mkilo3_camo_plat_unlock,0,0,2,,,,,,,26532|13822,0
26537,jup_cp15_lm_mkilo3_camo_dama,0,0,10,46091,7500,,,,jup_cp15_lm_mkilo3_camo_dama_unlock,,0
26538,jup_cp15_lm_mkilo3_camo_dama_unlock,0,0,2,,,,,,,26535|11805,0
27235,jup_cp15_lm_mkilo3_mastery_gold,0,0,100,43568+43326,4000,,,,jup_cp15_lm_mkilo3_mastery_gold_unlock,,0
27236,jup_cp15_lm_mkilo3_mastery_gold_unlock,0,0,2,,,,,,,26531|26632,0
27237,jup_cp15_lm_mkilo3_mastery_plat,0,0,200,42204+43644,5000,,,,jup_cp15_lm_mkilo3_mastery_plat_unlock,,0
27238,jup_cp15_lm_mkilo3_mastery_plat_unlock,0,0,3,,,,,,,26534|27235|26632,0
27239,jup_cp15_lm_mkilo3_mastery_dama,0,0,300,42185+43324,7500,,,,jup_cp15_lm_mkilo3_mastery_dama_unlock,,0
27240,jup_cp15_lm_mkilo3_mastery_dama_unlock,0,0,3,,,,,,,26537|27237|26632,0
27241,jup_cp15_lm_mkilo3_mastery_orion,0,0,400,42149+43322,10000,,,,jup_cp15_lm_mkilo3_mastery_orion_unlock,,0
27242,jup_cp15_lm_mkilo3_mastery_orion_unlock,0,0,3,,,,,,,13792|27239|26632,0
26547,jup_cp15_lm_mkilo3_mastery_completionist,0,0,4,43220,,,,,,27235|27237|27239|27241,0
26548,jup_cp15_lm_mkilo3_camo_ob_1,0,0,250,44127,1000,,,,jup_cp15_lm_mkilo3_progression,,0
26549,jup_cp15_lm_mkilo3_camo_ob_2,0,0,250,43805,1500,,,,jup_cp15_lm_mkilo3_progression,,0
26550,jup_cp15_lm_mkilo3_camo_ob_3,0,0,250,43828,2000,,,,jup_cp15_lm_mkilo3_progression,,0
26551,jup_cp15_lm_mkilo3_camo_ob_4,0,0,250,43851,2500,,,,jup_cp15_lm_mkilo3_progression,,0
26552,jup_cp15_lm_mkilo3_camo_ob_gold,0,0,1,47406,4000,,,,jup_cp15_lm_mkilo3_camo_ob_gold_unlock,,0
26553,jup_cp15_lm_mkilo3_camo_ob_gold_wrapper,0,0,1,,,,,,,26552,0
26554,jup_cp15_lm_mkilo3_camo_ob_gold_unlock,0,0,4,,,,,,,26548|26549|26550|26551,0
26555,jup_cp15_lm_mkilo3_camo_ob_plat,0,0,300,47408,5000,,,,jup_cp15_lm_mkilo3_camo_plat_unlock_ob,,0
26556,jup_cp15_lm_mkilo3_camo_ob_plat_wrapper,0,0,1,,,,,,,26555,0
26557,jup_cp15_lm_mkilo3_camo_plat_unlock_ob,0,0,2,,,,,,,26553|17893,0
26558,jup_cp15_lm_mkilo3_camo_ob_dama,0,0,10,47410,7500,,,,jup_cp15_lm_mkilo3_camo_dama_unlock_ob,,0
26559,jup_cp15_lm_mkilo3_camo_dama_unlock_ob,0,0,2,,,,,,,26556|17886,0
26560,jup_cp15_lm_mkilo3_camo_mastery_gold_ob,0,0,300,42217+43626,4000,,,,jup_cp15_lm_mkilo3_camo_mastery_gold_unlock_ob,,0
26561,jup_cp15_lm_mkilo3_camo_mastery_gold_unlock_ob,0,0,2,,,,,,,26552|26632,0
26562,jup_cp15_lm_mkilo3_camo_mastery_plat_ob,0,0,600,42089+43657,5000,,,,jup_cp15_lm_mkilo3_camo_mastery_plat_unlock_ob,,0
26563,jup_cp15_lm_mkilo3_camo_mastery_plat_unlock_ob,0,0,3,,,,,,,26555|26560|26632,0
26564,jup_cp15_lm_mkilo3_camo_mastery_dama_ob,0,0,900,42339+43609,7500,,,,jup_cp15_lm_mkilo3_camo_mastery_dama_unlock_ob,,0
26565,jup_cp15_lm_mkilo3_camo_mastery_dama_unlock_ob,0,0,3,,,,,,,26558|26562|26632,0
26566,jup_cp15_lm_mkilo3_camo_mastery_orion_ob,0,0,1200,43366+41461,10000,,,,jup_cp15_lm_mkilo3_camo_mastery_orion_unlock_ob,,0
26567,jup_cp15_lm_mkilo3_camo_mastery_orion_unlock_ob,0,0,3,,,,,,,17891|26564|26632,0
26568,jup_cp15_lm_mkilo3_mastery_completionist_ob,0,0,4,43248,,,,,,26560|26562|26564|26566,0
37957,jup_cp15_lm_mkilo3_prestige_unlock,0,0,19,,,,,,,,0
38995,jup_cp15_lm_mkilo3_camo_prestige_4,0,0,300000,68396,,,,,jup_cp15_lm_mkilo3_camo_prestige_3,,0
39122,jup_cp15_lm_mkilo3_camo_prestige_3,0,0,250000,68249,,,,,jup_cp15_lm_mkilo3_camo_prestige_2,,0
39249,jup_cp15_lm_mkilo3_camo_prestige_2,0,0,200000,63984,,,,,jup_cp15_lm_mkilo3_camo_prestige_1,,0
39376,jup_cp15_lm_mkilo3_camo_prestige_1,0,0,150000,62766,,,,,jup_cp15_lm_mkilo3_prestige_unlock,,0
28425,jup_jp03_br_aromeo200_camo_1,0,0,50,51913,1000,,,,jup_jp03_br_aromeo200_progression,,0
28426,jup_jp03_br_aromeo200_camo_2,0,0,50,33366,1500,,,,jup_jp03_br_aromeo200_progression,,0
28427,jup_jp03_br_aromeo200_camo_3,0,0,10,53826,2000,,,,jup_jp03_br_aromeo200_progression,,0
28428,jup_jp03_br_aromeo200_camo_4,0,0,15,51923,2500,,,,jup_jp03_br_aromeo200_progression,,0
28429,jup_jp03_br_aromeo200_camo_gold,0,0,10,53543,4000,,,,jup_jp03_br_aromeo200_camo_gold_unlock,,0
28430,jup_jp03_br_aromeo200_camo_gold_wrapper,0,0,1,,,,,,,28429,0
28431,jup_jp03_br_aromeo200_camo_gold_unlock,0,0,4,,,,,,,28425|28426|28427|28428,0
28432,jup_jp03_br_aromeo200_camo_plat,0,0,25,53544,5000,,,,jup_jp03_br_aromeo200_camo_plat_unlock,,0
28433,jup_jp03_br_aromeo200_camo_plat_wrapper,0,0,1,,,,,,,28432,0
28434,jup_jp03_br_aromeo200_camo_plat_unlock,0,0,2,,,,,,,28430|13790,0
28435,jup_jp03_br_aromeo200_camo_dama,0,0,15,53545,7500,,,,jup_jp03_br_aromeo200_camo_dama_unlock,,0
28436,jup_jp03_br_aromeo200_camo_dama_unlock,0,0,2,,,,,,,28433|11805,0
28437,jup_jp03_br_aromeo200_mastery_gold,0,0,100,52205+52214,4000,,,,jup_jp03_br_aromeo200_mastery_gold_unlock,,0
28438,jup_jp03_br_aromeo200_mastery_gold_unlock,0,0,2,,,,,,,28429|12566,0
28439,jup_jp03_br_aromeo200_mastery_plat,0,0,200,52206+52215,5000,,,,jup_jp03_br_aromeo200_mastery_plat_unlock,,0
28440,jup_jp03_br_aromeo200_mastery_plat_unlock,0,0,3,,,,,,,28432|28437|12566,0
28441,jup_jp03_br_aromeo200_mastery_dama,0,0,300,52207+52216,7500,,,,jup_jp03_br_aromeo200_mastery_dama_unlock,,0
28442,jup_jp03_br_aromeo200_mastery_dama_unlock,0,0,3,,,,,,,28435|28439|12566,0
28443,jup_jp03_br_aromeo200_mastery_orion,0,0,400,52208+52217,10000,,,,jup_jp03_br_aromeo200_mastery_orion_unlock,,0
28444,jup_jp03_br_aromeo200_mastery_orion_unlock,0,0,3,,,,,,,13792|28441|12566,0
28445,jup_jp03_br_aromeo200_mastery_completionist,0,0,4,53579,,,,,,28437|28439|28441|28443,0
28446,jup_jp03_br_aromeo200_camo_ob_1,0,0,250,52301,1000,,,,jup_jp03_br_aromeo200_progression,,0
28447,jup_jp03_br_aromeo200_camo_ob_2,0,0,30,39479,1500,,,,jup_jp03_br_aromeo200_progression,,0
28448,jup_jp03_br_aromeo200_camo_ob_3,0,0,1,53830,2000,,,,jup_jp03_br_aromeo200_progression,,0
28449,jup_jp03_br_aromeo200_camo_ob_4,0,0,5,45882,2500,,,,jup_jp03_br_aromeo200_progression,,0
28450,jup_jp03_br_aromeo200_camo_ob_gold,0,0,1,54164,4000,,,,jup_jp03_br_aromeo200_camo_ob_gold_unlock,,0
28451,jup_jp03_br_aromeo200_camo_ob_gold_wrapper,0,0,1,,,,,,,28450,0
28452,jup_jp03_br_aromeo200_camo_ob_gold_unlock,0,0,4,,,,,,,28446|28447|28448|28449,0
28453,jup_jp03_br_aromeo200_camo_ob_plat,0,0,300,54167,5000,,,,jup_jp03_br_aromeo200_camo_plat_unlock_ob,,0
28454,jup_jp03_br_aromeo200_camo_ob_plat_wrapper,0,0,1,,,,,,,28453,0
28455,jup_jp03_br_aromeo200_camo_plat_unlock_ob,0,0,2,,,,,,,28451|17889,0
28456,jup_jp03_br_aromeo200_camo_ob_dama,0,0,10,54170,7500,,,,jup_jp03_br_aromeo200_camo_dama_unlock_ob,,0
28457,jup_jp03_br_aromeo200_camo_dama_unlock_ob,0,0,2,,,,,,,28454|17886,0
28458,jup_jp03_br_aromeo200_camo_mastery_gold_ob,0,0,300,53518+52119,4000,,,,jup_jp03_br_aromeo200_camo_mastery_gold_unlock_ob,,0
28459,jup_jp03_br_aromeo200_camo_mastery_gold_unlock_ob,0,0,2,,,,,,,28450|12566,0
28460,jup_jp03_br_aromeo200_camo_mastery_plat_ob,0,0,600,53519+52120,5000,,,,jup_jp03_br_aromeo200_camo_mastery_plat_unlock_ob,,0
28461,jup_jp03_br_aromeo200_camo_mastery_plat_unlock_ob,0,0,3,,,,,,,28453|28458|12566,0
28462,jup_jp03_br_aromeo200_camo_mastery_dama_ob,0,0,900,53520+52121,7500,,,,jup_jp03_br_aromeo200_camo_mastery_dama_unlock_ob,,0
28463,jup_jp03_br_aromeo200_camo_mastery_dama_unlock_ob,0,0,3,,,,,,,28456|28460|12566,0
28464,jup_jp03_br_aromeo200_camo_mastery_orion_ob,0,0,1200,53521+52122,10000,,,,jup_jp03_br_aromeo200_camo_mastery_orion_unlock_ob,,0
28465,jup_jp03_br_aromeo200_camo_mastery_orion_unlock_ob,0,0,3,,,,,,,17891|28462|12566,0
28466,jup_jp03_br_aromeo200_mastery_completionist_ob,0,0,4,52891,,,,,,28458|28460|28462|28464,0
37966,jup_jp03_br_aromeo200_prestige_unlock,0,0,16,,,,,,,,0
39004,jup_jp03_br_aromeo200_camo_prestige_4,0,0,300000,68370,,,,,jup_jp03_br_aromeo200_camo_prestige_3,,0
39131,jup_jp03_br_aromeo200_camo_prestige_3,0,0,250000,68225,,,,,jup_jp03_br_aromeo200_camo_prestige_2,,0
39258,jup_jp03_br_aromeo200_camo_prestige_2,0,0,200000,63960,,,,,jup_jp03_br_aromeo200_camo_prestige_1,,0
39385,jup_jp03_br_aromeo200_camo_prestige_1,0,0,150000,62743,,,,,jup_jp03_br_aromeo200_prestige_unlock,,0
28467,jup_jp25_sm_talpham_camo_1,0,0,50,32532,1000,,,,jup_jp25_sm_talpham_progression,,0
28468,jup_jp25_sm_talpham_camo_2,0,0,25,51915,1500,,,,jup_jp25_sm_talpham_progression,,0
28469,jup_jp25_sm_talpham_camo_3,0,0,10,51914,2000,,,,jup_jp25_sm_talpham_progression,,0
28470,jup_jp25_sm_talpham_camo_4,0,0,10,32996,2500,,,,jup_jp25_sm_talpham_progression,,0
28471,jup_jp25_sm_talpham_camo_gold,0,0,15,53546,4000,,,,jup_jp25_sm_talpham_camo_gold_unlock,,0
28472,jup_jp25_sm_talpham_camo_gold_wrapper,0,0,1,,,,,,,28471,0
28473,jup_jp25_sm_talpham_camo_gold_unlock,0,0,4,,,,,,,28467|28468|28469|28470,0
28474,jup_jp25_sm_talpham_camo_plat,0,0,15,53547,5000,,,,jup_jp25_sm_talpham_camo_plat_unlock,,0
28475,jup_jp25_sm_talpham_camo_plat_wrapper,0,0,1,,,,,,,28474,0
28476,jup_jp25_sm_talpham_camo_plat_unlock,0,0,2,,,,,,,28472|13786,0
28477,jup_jp25_sm_talpham_camo_dama,0,0,10,53548,7500,,,,jup_jp25_sm_talpham_camo_dama_unlock,,0
28478,jup_jp25_sm_talpham_camo_dama_unlock,0,0,2,,,,,,,28475|11805,0
28479,jup_jp25_sm_talpham_mastery_gold,0,0,100,52197+52209,4000,,,,jup_jp25_sm_talpham_mastery_gold_unlock,,0
28480,jup_jp25_sm_talpham_mastery_gold_unlock,0,0,2,,,,,,,28471|28353,0
28481,jup_jp25_sm_talpham_mastery_plat,0,0,200,52198+52210,5000,,,,jup_jp25_sm_talpham_mastery_plat_unlock,,0
28482,jup_jp25_sm_talpham_mastery_plat_unlock,0,0,3,,,,,,,28474|28479|28353,0
28483,jup_jp25_sm_talpham_mastery_dama,0,0,300,52199+52211,7500,,,,jup_jp25_sm_talpham_mastery_dama_unlock,,0
28484,jup_jp25_sm_talpham_mastery_dama_unlock,0,0,3,,,,,,,28477|28481|28353,0
28485,jup_jp25_sm_talpham_mastery_orion,0,0,400,52200+52212,10000,,,,jup_jp25_sm_talpham_mastery_orion_unlock,,0
28486,jup_jp25_sm_talpham_mastery_orion_unlock,0,0,3,,,,,,,13792|28483|28353,0
28487,jup_jp25_sm_talpham_mastery_completionist,0,0,4,53887,,,,,,28479|28481|28483|28485,0
28488,jup_jp25_sm_talpham_camo_ob_1,0,0,250,39346,1000,,,,jup_jp25_sm_talpham_progression,,0
28489,jup_jp25_sm_talpham_camo_ob_2,0,0,250,53828,1500,,,,jup_jp25_sm_talpham_progression,,0
28490,jup_jp25_sm_talpham_camo_ob_3,0,0,100,52302,2000,,,,jup_jp25_sm_talpham_progression,,0
28491,jup_jp25_sm_talpham_camo_ob_4,0,0,10,39463,2500,,,,jup_jp25_sm_talpham_progression,,0
28492,jup_jp25_sm_talpham_camo_ob_gold,0,0,1,54166,4000,,,,jup_jp25_sm_talpham_camo_ob_gold_unlock,,0
28493,jup_jp25_sm_talpham_camo_ob_gold_wrapper,0,0,1,,,,,,,28492,0
28494,jup_jp25_sm_talpham_camo_ob_gold_unlock,0,0,4,,,,,,,28488|28489|28490|28491,0
28495,jup_jp25_sm_talpham_camo_ob_plat,0,0,300,54169,5000,,,,jup_jp25_sm_talpham_camo_plat_unlock_ob,,0
28496,jup_jp25_sm_talpham_camo_ob_plat_wrapper,0,0,1,,,,,,,28495,0
28497,jup_jp25_sm_talpham_camo_plat_unlock_ob,0,0,2,,,,,,,28493|17887,0
28498,jup_jp25_sm_talpham_camo_ob_dama,0,0,10,54172,7500,,,,jup_jp25_sm_talpham_camo_dama_unlock_ob,,0
28499,jup_jp25_sm_talpham_camo_dama_unlock_ob,0,0,2,,,,,,,28496|17886,0
28500,jup_jp25_sm_talpham_camo_mastery_gold_ob,0,0,300,53514+52115,4000,,,,jup_jp25_sm_talpham_camo_mastery_gold_unlock_ob,,0
28501,jup_jp25_sm_talpham_camo_mastery_gold_unlock_ob,0,0,2,,,,,,,28492|28353,0
28502,jup_jp25_sm_talpham_camo_mastery_plat_ob,0,0,600,53515+52116,5000,,,,jup_jp25_sm_talpham_camo_mastery_plat_unlock_ob,,0
28503,jup_jp25_sm_talpham_camo_mastery_plat_unlock_ob,0,0,3,,,,,,,28495|28500|28353,0
28504,jup_jp25_sm_talpham_camo_mastery_dama_ob,0,0,900,53516+52117,7500,,,,jup_jp25_sm_talpham_camo_mastery_dama_unlock_ob,,0
28505,jup_jp25_sm_talpham_camo_mastery_dama_unlock_ob,0,0,3,,,,,,,28498|28502|28353,0
28506,jup_jp25_sm_talpham_camo_mastery_orion_ob,0,0,1200,53517+52118,10000,,,,jup_jp25_sm_talpham_camo_mastery_orion_unlock_ob,,0
28507,jup_jp25_sm_talpham_camo_mastery_orion_unlock_ob,0,0,3,,,,,,,17891|28504|28353,0
28508,jup_jp25_sm_talpham_mastery_completionist_ob,0,0,4,52602,,,,,,28500|28502|28504|28506,0
37995,jup_jp25_sm_talpham_prestige_unlock,0,0,23,,,,,,,,0
39033,jup_jp25_sm_talpham_camo_prestige_4,0,0,300000,68418,,,,,jup_jp25_sm_talpham_camo_prestige_3,,0
39160,jup_jp25_sm_talpham_camo_prestige_3,0,0,250000,68269,,,,,jup_jp25_sm_talpham_camo_prestige_2,,0
39287,jup_jp25_sm_talpham_camo_prestige_2,0,0,200000,64004,,,,,jup_jp25_sm_talpham_camo_prestige_1,,0
39413,jup_jp25_sm_talpham_camo_prestige_1,0,0,150000,62783,,,,,jup_jp25_sm_talpham_prestige_unlock,,0
29726,jup_jp23_me_swhiskey_camo_1,0,0,50,53827,1000,,,,jup_jp23_me_swhiskey_progression,,0
29727,jup_jp23_me_swhiskey_camo_gold,0,0,10,54015,4000,,,,jup_jp23_me_swhiskey_camo_gold_unlock,,0
29728,jup_jp23_me_swhiskey_camo_gold_wrapper,0,0,1,,,,,,,29727,0
29729,jup_jp23_me_swhiskey_camo_gold_unlock,0,0,1,,,,,,,29726,0
29730,jup_jp23_me_swhiskey_camo_plat,0,0,10,54016,5000,,,,jup_jp23_me_swhiskey_camo_plat_unlock,,0
29731,jup_jp23_me_swhiskey_camo_plat_wrapper,0,0,1,,,,,,,29730,0
29732,jup_jp23_me_swhiskey_camo_plat_unlock,0,0,2,,,,,,,29728|13829,0
29733,jup_jp23_me_swhiskey_camo_dama,0,0,15,54017,7500,,,,jup_jp23_me_swhiskey_camo_dama_unlock,,0
29734,jup_jp23_me_swhiskey_camo_dama_unlock,0,0,2,,,,,,,29731|11805,0
29735,jup_jp23_me_swhiskey_mastery_gold,0,0,100,51733+51737,4000,,,,jup_jp23_me_swhiskey_mastery_gold_unlock,,0
29736,jup_jp23_me_swhiskey_mastery_gold_unlock,0,0,2,,,,,,,29727|27479,0
29737,jup_jp23_me_swhiskey_mastery_plat,0,0,200,51734+51738,5000,,,,jup_jp23_me_swhiskey_mastery_plat_unlock,,0
29738,jup_jp23_me_swhiskey_mastery_plat_unlock,0,0,3,,,,,,,29730|29735|27479,0
29739,jup_jp23_me_swhiskey_mastery_dama,0,0,300,51735+51739,7500,,,,jup_jp23_me_swhiskey_mastery_dama_unlock,,0
29740,jup_jp23_me_swhiskey_mastery_dama_unlock,0,0,3,,,,,,,29733|29737|27479,0
29741,jup_jp23_me_swhiskey_mastery_orion,0,0,400,51736+51740,10000,,,,jup_jp23_me_swhiskey_mastery_orion_unlock,,0
29742,jup_jp23_me_swhiskey_mastery_orion_unlock,0,0,3,,,,,,,13792|29739|27479,0
29743,jup_jp23_me_swhiskey_mastery_completionist,0,0,4,53888,,,,,,29735|29737|29739|29741,0
29744,jup_jp23_me_swhiskey_camo_ob_1,0,0,250,53831,1000,,,,jup_jp23_me_swhiskey_progression,,0
29745,jup_jp23_me_swhiskey_camo_ob_gold,0,0,1,54165,4000,,,,jup_jp23_me_swhiskey_camo_ob_gold_unlock,,0
29746,jup_jp23_me_swhiskey_camo_ob_gold_wrapper,0,0,1,,,,,,,29745,0
29747,jup_jp23_me_swhiskey_camo_ob_gold_unlock,0,0,1,,,,,,,29744,0
29748,jup_jp23_me_swhiskey_camo_ob_plat,0,0,300,54168,5000,,,,jup_jp23_me_swhiskey_camo_plat_unlock_ob,,0
29749,jup_jp23_me_swhiskey_camo_ob_plat_wrapper,0,0,1,,,,,,,29748,0
29750,jup_jp23_me_swhiskey_camo_plat_unlock_ob,0,0,2,,,,,,,29746|17899,0
29751,jup_jp23_me_swhiskey_camo_ob_dama,0,0,10,54171,7500,,,,jup_jp23_me_swhiskey_camo_dama_unlock_ob,,0
29752,jup_jp23_me_swhiskey_camo_dama_unlock_ob,0,0,2,,,,,,,29749|17886,0
29753,jup_jp23_me_swhiskey_camo_mastery_gold_ob,0,0,300,52023+51685,4000,,,,jup_jp23_me_swhiskey_camo_mastery_gold_unlock_ob,,0
29754,jup_jp23_me_swhiskey_camo_mastery_gold_unlock_ob,0,0,2,,,,,,,29745|27479,0
29755,jup_jp23_me_swhiskey_camo_mastery_plat_ob,0,0,600,52024+51686,5000,,,,jup_jp23_me_swhiskey_camo_mastery_plat_unlock_ob,,0
29756,jup_jp23_me_swhiskey_camo_mastery_plat_unlock_ob,0,0,3,,,,,,,29748|29753|27479,0
29757,jup_jp23_me_swhiskey_camo_mastery_dama_ob,0,0,900,52025+51687,7500,,,,jup_jp23_me_swhiskey_camo_mastery_dama_unlock_ob,,0
29758,jup_jp23_me_swhiskey_camo_mastery_dama_unlock_ob,0,0,3,,,,,,,29751|29755|27479,0
29759,jup_jp23_me_swhiskey_camo_mastery_orion_ob,0,0,1200,52026+51688,10000,,,,jup_jp23_me_swhiskey_camo_mastery_orion_unlock_ob,,0
29760,jup_jp23_me_swhiskey_camo_mastery_orion_unlock_ob,0,0,3,,,,,,,17891|29757|27479,0
29761,jup_jp23_me_swhiskey_mastery_completionist_ob,0,0,4,54633,,,,,,29753|29755|29757|29759,0
37993,jup_jp23_me_swhiskey_prestige_unlock,0,0,5,,,,,,,,0
39031,jup_jp23_me_swhiskey_camo_prestige_4,0,0,300000,68416,,,,,jup_jp23_me_swhiskey_camo_prestige_3,,0
39158,jup_jp23_me_swhiskey_camo_prestige_3,0,0,250000,68267,,,,,jup_jp23_me_swhiskey_camo_prestige_2,,0
39285,jup_jp23_me_swhiskey_camo_prestige_2,0,0,200000,64002,,,,,jup_jp23_me_swhiskey_camo_prestige_1,,0
39411,jup_jp23_me_swhiskey_camo_prestige_1,0,0,150000,62781,,,,,jup_jp23_me_swhiskey_prestige_unlock,,0
34509,jup_jp32_pi_mpapa9_camo_1,0,0,50,56473,1000,,,,jup_jp32_pi_mpapa9_progression,,0
34510,jup_jp32_pi_mpapa9_camo_2,0,0,50,56472,1500,,,,jup_jp32_pi_mpapa9_progression,,0
34511,jup_jp32_pi_mpapa9_camo_3,0,0,25,56471,2000,,,,jup_jp32_pi_mpapa9_progression,,0
34512,jup_jp32_pi_mpapa9_camo_4,0,0,25,56470,2500,,,,jup_jp32_pi_mpapa9_progression,,0
37691,jup_jp32_sm_mpapa9_camo_gold,0,0,50,57618,4000,,,,jup_jp32_pi_mpapa9_camo_gold_unlock,,0
34514,jup_jp32_pi_mpapa9_camo_gold_wrapper,0,0,1,,,,,,,37691,0
34515,jup_jp32_pi_mpapa9_camo_gold_unlock,0,0,4,,,,,,,34509|34510|34511|34512,0
34516,jup_jp32_pi_mpapa9_camo_plat,0,0,25,57621,5000,,,,jup_jp32_sm_mpapa9_camo_plat_unlock,,0
34517,jup_jp32_pi_mpapa9_camo_plat_wrapper,0,0,1,,,,,,,34516,0
37695,jup_jp32_sm_mpapa9_camo_plat_unlock,0,0,2,,,,,,,34514|13786,0
34519,jup_jp32_pi_mpapa9_camo_dama,0,0,15,57624,7500,,,,jup_jp32_pi_mpapa9_camo_dama_unlock,,0
34520,jup_jp32_pi_mpapa9_camo_dama_unlock,0,0,2,,,,,,,34517|11805,0
34521,jup_jp32_pi_mpapa9_mastery_gold,0,0,100,58383+58434,4000,,,,jup_jp32_pi_mpapa9_mastery_gold_unlock,,0
34522,jup_jp32_pi_mpapa9_mastery_gold_unlock,0,0,2,,,,,,,37691|36216,0
34523,jup_jp32_pi_mpapa9_mastery_plat,0,0,200,58384+58435,5000,,,,jup_jp32_pi_mpapa9_mastery_plat_unlock,,0
34524,jup_jp32_pi_mpapa9_mastery_plat_unlock,0,0,3,,,,,,,34516|34521|36216,0
34525,jup_jp32_pi_mpapa9_mastery_dama,0,0,300,58385+58436,7500,,,,jup_jp32_pi_mpapa9_mastery_dama_unlock,,0
34526,jup_jp32_pi_mpapa9_mastery_dama_unlock,0,0,3,,,,,,,34519|34523|36216,0
34527,jup_jp32_pi_mpapa9_mastery_orion,0,0,400,58386+58437,10000,,,,jup_jp32_pi_mpapa9_mastery_orion_unlock,,0
34528,jup_jp32_pi_mpapa9_mastery_orion_unlock,0,0,3,,,,,,,13792|34525|36216,0
34529,jup_jp32_pi_mpapa9_mastery_completionist,0,0,4,58685,,,,,,34521|34523|34525|34527,0
34530,jup_jp32_pi_mpapa9_camo_ob_1,0,0,250,56734,1000,,,,jup_jp32_pi_mpapa9_progression,,0
34531,jup_jp32_pi_mpapa9_camo_ob_2,0,0,10,56733,1500,,,,jup_jp32_pi_mpapa9_progression,,0
34532,jup_jp32_pi_mpapa9_camo_ob_3,0,0,200,56732,2000,,,,jup_jp32_pi_mpapa9_progression,,0
34533,jup_jp32_pi_mpapa9_camo_ob_4,0,0,250,56731,2500,,,,jup_jp32_pi_mpapa9_progression,,0
37693,jup_jp32_sm_mpapa9_camo_ob_gold,0,0,1,58813,4000,,,,jup_jp32_pi_mpapa9_camo_ob_gold_unlock,,0
34535,jup_jp32_pi_mpapa9_camo_ob_gold_wrapper,0,0,1,,,,,,,37693,0
34536,jup_jp32_pi_mpapa9_camo_ob_gold_unlock,0,0,4,,,,,,,34530|34531|34532|34533,0
34537,jup_jp32_pi_mpapa9_camo_ob_plat,0,0,300,58816,5000,,,,jup_jp32_sm_mpapa9_camo_plat_unlock_ob,,0
34538,jup_jp32_pi_mpapa9_camo_ob_plat_wrapper,0,0,1,,,,,,,34537,0
37752,jup_jp32_sm_mpapa9_camo_plat_unlock_ob,0,0,2,,,,,,,34535|17887,0
34540,jup_jp32_pi_mpapa9_camo_ob_dama,0,0,10,58819,7500,,,,jup_jp32_pi_mpapa9_camo_dama_unlock_ob,,0
34541,jup_jp32_pi_mpapa9_camo_dama_unlock_ob,0,0,2,,,,,,,34538|17886,0
34542,jup_jp32_pi_mpapa9_camo_mastery_gold_ob,0,0,300,58395+58426,4000,,,,jup_jp32_pi_mpapa9_camo_mastery_gold_unlock_ob,,0
34543,jup_jp32_pi_mpapa9_camo_mastery_gold_unlock_ob,0,0,2,,,,,,,37693|36216,0
34544,jup_jp32_pi_mpapa9_camo_mastery_plat_ob,0,0,600,58396+58427,5000,,,,jup_jp32_pi_mpapa9_camo_mastery_plat_unlock_ob,,0
34545,jup_jp32_pi_mpapa9_camo_mastery_plat_unlock_ob,0,0,3,,,,,,,34537|34542|36216,0
34546,jup_jp32_pi_mpapa9_camo_mastery_dama_ob,0,0,900,58397+58428,7500,,,,jup_jp32_pi_mpapa9_camo_mastery_dama_unlock_ob,,0
34547,jup_jp32_pi_mpapa9_camo_mastery_dama_unlock_ob,0,0,3,,,,,,,34540|34544|36216,0
34548,jup_jp32_pi_mpapa9_camo_mastery_orion_ob,0,0,1200,58398+58429,10000,,,,jup_jp32_pi_mpapa9_camo_mastery_orion_unlock_ob,,0
34549,jup_jp32_pi_mpapa9_camo_mastery_orion_unlock_ob,0,0,3,,,,,,,17891|34546|36216,0
34550,jup_jp32_pi_mpapa9_mastery_completionist_ob,0,0,4,58687,,,,,,34542|34544|34546|34548,0
37997,jup_jp32_pi_mpapa9_prestige_unlock,0,0,17,,,,,,,,0
39035,jup_jp32_pi_mpapa9_camo_prestige_4,0,0,300000,68398,,,,,jup_jp32_pi_mpapa9_camo_prestige_3,,0
39162,jup_jp32_pi_mpapa9_camo_prestige_3,0,0,250000,68251,,,,,jup_jp32_pi_mpapa9_camo_prestige_2,,0
39289,jup_jp32_pi_mpapa9_camo_prestige_2,0,0,200000,63986,,,,,jup_jp32_pi_mpapa9_camo_prestige_1,,0
39415,jup_jp32_pi_mpapa9_camo_prestige_1,0,0,150000,62768,,,,,jup_jp32_pi_mpapa9_prestige_unlock,,0
34551,jup_jp35_sn_moscar_camo_1,0,0,50,56469,1000,,,,jup_jp35_sn_moscar_progression,,0
34552,jup_jp35_sn_moscar_camo_2,0,0,50,56468,1500,,,,jup_jp35_sn_moscar_progression,,0
34553,jup_jp35_sn_moscar_camo_3,0,0,10,56466,2000,,,,jup_jp35_sn_moscar_progression,,0
34554,jup_jp35_sn_moscar_camo_4,0,0,15,56467,2500,,,,jup_jp35_sn_moscar_progression,,0
34555,jup_jp35_sn_moscar_camo_gold,0,0,50,57617,4000,,,,jup_jp35_sn_moscar_camo_gold_unlock,,0
34556,jup_jp35_sn_moscar_camo_gold_wrapper,0,0,1,,,,,,,34555,0
34557,jup_jp35_sn_moscar_camo_gold_unlock,0,0,4,,,,,,,34551|34552|34553|34554,0
34558,jup_jp35_sn_moscar_camo_plat,0,0,15,57620,5000,,,,jup_jp35_sn_moscar_camo_plat_unlock,,0
34559,jup_jp35_sn_moscar_camo_plat_wrapper,0,0,1,,,,,,,34558,0
34560,jup_jp35_sn_moscar_camo_plat_unlock,0,0,2,,,,,,,34556|13827,0
34561,jup_jp35_sn_moscar_camo_dama,0,0,10,57623,7500,,,,jup_jp35_sn_moscar_camo_dama_unlock,,0
34562,jup_jp35_sn_moscar_camo_dama_unlock,0,0,2,,,,,,,34559|11805,0
34563,jup_jp35_sn_moscar_mastery_gold,0,0,100,58464+58502,4000,,,,jup_jp35_sn_moscar_mastery_gold_unlock,,0
34564,jup_jp35_sn_moscar_mastery_gold_unlock,0,0,2,,,,,,,34555|36218,0
34565,jup_jp35_sn_moscar_mastery_plat,0,0,200,58465+58503,5000,,,,jup_jp35_sn_moscar_mastery_plat_unlock,,0
34566,jup_jp35_sn_moscar_mastery_plat_unlock,0,0,3,,,,,,,34558|34563|36218,0
34567,jup_jp35_sn_moscar_mastery_dama,0,0,300,58466+58504,7500,,,,jup_jp35_sn_moscar_mastery_dama_unlock,,0
34568,jup_jp35_sn_moscar_mastery_dama_unlock,0,0,3,,,,,,,34561|34565|36218,0
34569,jup_jp35_sn_moscar_mastery_orion,0,0,400,58467+58505,10000,,,,jup_jp35_sn_moscar_mastery_orion_unlock,,0
34570,jup_jp35_sn_moscar_mastery_orion_unlock,0,0,3,,,,,,,13792|34567|36218,0
34571,jup_jp35_sn_moscar_mastery_completionist,0,0,4,58686,,,,,,34563|34565|34567|34569,0
34572,jup_jp35_sn_moscar_camo_ob_1,0,0,250,56730,1000,,,,jup_jp35_sn_moscar_progression,,0
34573,jup_jp35_sn_moscar_camo_ob_2,0,0,250,57616,1500,,,,jup_jp35_sn_moscar_progression,,0
34574,jup_jp35_sn_moscar_camo_ob_3,0,0,50,57615,2000,,,,jup_jp35_sn_moscar_progression,,0
34575,jup_jp35_sn_moscar_camo_ob_4,0,0,100,57614,2500,,,,jup_jp35_sn_moscar_progression,,0
34576,jup_jp35_sn_moscar_camo_ob_gold,0,0,1,58812,4000,,,,jup_jp35_sn_moscar_camo_ob_gold_unlock,,0
34577,jup_jp35_sn_moscar_camo_ob_gold_wrapper,0,0,1,,,,,,,34576,0
34578,jup_jp35_sn_moscar_camo_ob_gold_unlock,0,0,4,,,,,,,34572|34573|34574|34575,0
34579,jup_jp35_sn_moscar_camo_ob_plat,0,0,300,58815,5000,,,,jup_jp35_sn_moscar_camo_plat_unlock_ob,,0
34580,jup_jp35_sn_moscar_camo_ob_plat_wrapper,0,0,1,,,,,,,34579,0
34581,jup_jp35_sn_moscar_camo_plat_unlock_ob,0,0,2,,,,,,,34577|17897,0
34582,jup_jp35_sn_moscar_camo_ob_dama,0,0,10,58818,7500,,,,jup_jp35_sn_moscar_camo_dama_unlock_ob,,0
34583,jup_jp35_sn_moscar_camo_dama_unlock_ob,0,0,2,,,,,,,34580|17886,0
34584,jup_jp35_sn_moscar_camo_mastery_gold_ob,0,0,300,58399+58506,4000,,,,jup_jp35_sn_moscar_camo_mastery_gold_unlock_ob,,0
34585,jup_jp35_sn_moscar_camo_mastery_gold_unlock_ob,0,0,2,,,,,,,34576|36218,0
34586,jup_jp35_sn_moscar_camo_mastery_plat_ob,0,0,600,58400+58507,5000,,,,jup_jp35_sn_moscar_camo_mastery_plat_unlock_ob,,0
34587,jup_jp35_sn_moscar_camo_mastery_plat_unlock_ob,0,0,3,,,,,,,34579|34584|36218,0
34588,jup_jp35_sn_moscar_camo_mastery_dama_ob,0,0,900,58401+58508,7500,,,,jup_jp35_sn_moscar_camo_mastery_dama_unlock_ob,,0
34589,jup_jp35_sn_moscar_camo_mastery_dama_unlock_ob,0,0,3,,,,,,,34582|34586|36218,0
34590,jup_jp35_sn_moscar_camo_mastery_orion_ob,0,0,1200,58402+58509,10000,,,,jup_jp35_sn_moscar_camo_mastery_orion_unlock_ob,,0
34591,jup_jp35_sn_moscar_camo_mastery_orion_unlock_ob,0,0,3,,,,,,,17891|34588|36218,0
34592,jup_jp35_sn_moscar_mastery_completionist_ob,0,0,4,58501,,,,,,34584|34586|34588|34590,0
37999,jup_jp35_sn_moscar_prestige_unlock,0,0,18,,,,,,,,0
39037,jup_jp35_sn_moscar_camo_prestige_4,0,0,300000,68397,,,,,jup_jp35_sn_moscar_camo_prestige_3,,0
39164,jup_jp35_sn_moscar_camo_prestige_3,0,0,250000,68250,,,,,jup_jp35_sn_moscar_camo_prestige_2,,0
39291,jup_jp35_sn_moscar_camo_prestige_2,0,0,200000,63985,,,,,jup_jp35_sn_moscar_camo_prestige_1,,0
39417,jup_jp35_sn_moscar_camo_prestige_1,0,0,150000,62767,,,,,jup_jp35_sn_moscar_prestige_unlock,,0
34593,jup_jp23_me_pdango_camo_1,0,0,50,57053,1000,,,,jup_jp23_me_pdango_progression,,0
34594,jup_jp23_me_pdango_camo_gold,0,0,10,57619,4000,,,,jup_jp23_me_pdango_camo_gold_unlock,,0
34595,jup_jp23_me_pdango_camo_gold_wrapper,0,0,1,,,,,,,34594,0
34596,jup_jp23_me_pdango_camo_gold_unlock,0,0,1,,,,,,,34593,0
34597,jup_jp23_me_pdango_camo_plat,0,0,10,57622,5000,,,,jup_jp23_me_pdango_camo_plat_unlock,,0
34598,jup_jp23_me_pdango_camo_plat_wrapper,0,0,1,,,,,,,34597,0
34599,jup_jp23_me_pdango_camo_plat_unlock,0,0,2,,,,,,,34595|13829,0
34600,jup_jp23_me_pdango_camo_dama,0,0,15,57625,7500,,,,jup_jp23_me_pdango_camo_dama_unlock,,0
34601,jup_jp23_me_pdango_camo_dama_unlock,0,0,2,,,,,,,34598|11805,0
34602,jup_jp23_me_pdango_mastery_gold,0,0,100,58387+58440,4000,,,,jup_jp23_me_pdango_mastery_gold_unlock,,0
34603,jup_jp23_me_pdango_mastery_gold_unlock,0,0,2,,,,,,,34594|29833,0
34604,jup_jp23_me_pdango_mastery_plat,0,0,200,58388+60474,5000,,,,jup_jp23_me_pdango_mastery_plat_unlock,,0
34605,jup_jp23_me_pdango_mastery_plat_unlock,0,0,3,,,,,,,34597|34602|29833,0
34606,jup_jp23_me_pdango_mastery_dama,0,0,300,58389+58438,7500,,,,jup_jp23_me_pdango_mastery_dama_unlock,,0
34607,jup_jp23_me_pdango_mastery_dama_unlock,0,0,3,,,,,,,34600|34604|29833,0
34608,jup_jp23_me_pdango_mastery_orion,0,0,400,58390+58439,10000,,,,jup_jp23_me_pdango_mastery_orion_unlock,,0
34609,jup_jp23_me_pdango_mastery_orion_unlock,0,0,3,,,,,,,13792|34606|29833,0
34610,jup_jp23_me_pdango_mastery_completionist,0,0,4,58347,,,,,,34602|34604|34606|34608,0
34611,jup_jp23_me_pdango_camo_ob_1,0,0,250,57054,1000,,,,jup_jp23_me_pdango_progression,,0
34612,jup_jp23_me_pdango_camo_ob_gold,0,0,1,58814,4000,,,,jup_jp23_me_pdango_camo_ob_gold_unlock,,0
34613,jup_jp23_me_pdango_camo_ob_gold_wrapper,0,0,1,,,,,,,34612,0
34614,jup_jp23_me_pdango_camo_ob_gold_unlock,0,0,1,,,,,,,34611,0
34615,jup_jp23_me_pdango_camo_ob_plat,0,0,300,58817,5000,,,,jup_jp23_me_pdango_camo_plat_unlock_ob,,0
34616,jup_jp23_me_pdango_camo_ob_plat_wrapper,0,0,1,,,,,,,34615,0
34617,jup_jp23_me_pdango_camo_plat_unlock_ob,0,0,2,,,,,,,34613|17899,0
34618,jup_jp23_me_pdango_camo_ob_dama,0,0,10,58820,7500,,,,jup_jp23_me_pdango_camo_dama_unlock_ob,,0
34619,jup_jp23_me_pdango_camo_dama_unlock_ob,0,0,2,,,,,,,34616|17886,0
34620,jup_jp23_me_pdango_camo_mastery_gold_ob,0,0,300,58403+58430,4000,,,,jup_jp23_me_pdango_camo_mastery_gold_unlock_ob,,0
34621,jup_jp23_me_pdango_camo_mastery_gold_unlock_ob,0,0,2,,,,,,,34612|29833,0
34622,jup_jp23_me_pdango_camo_mastery_plat_ob,0,0,600,58404+58431,5000,,,,jup_jp23_me_pdango_camo_mastery_plat_unlock_ob,,0
34623,jup_jp23_me_pdango_camo_mastery_plat_unlock_ob,0,0,3,,,,,,,34615|34620|29833,0
34624,jup_jp23_me_pdango_camo_mastery_dama_ob,0,0,900,58405+58432,7500,,,,jup_jp23_me_pdango_camo_mastery_dama_unlock_ob,,0
34625,jup_jp23_me_pdango_camo_mastery_dama_unlock_ob,0,0,3,,,,,,,34618|34622|29833,0
34626,jup_jp23_me_pdango_camo_mastery_orion_ob,0,0,1200,58406+58433,10000,,,,jup_jp23_me_pdango_camo_mastery_orion_unlock_ob,,0
34627,jup_jp23_me_pdango_camo_mastery_orion_unlock_ob,0,0,3,,,,,,,17891|34624|29833,0
34628,jup_jp23_me_pdango_mastery_completionist_ob,0,0,4,58346,,,,,,34620|34622|34624|34626,0
37992,jup_jp23_me_pdango_prestige_unlock,0,0,5,,,,,,,,0
39030,jup_jp23_me_pdango_camo_prestige_4,0,0,300000,68401,,,,,jup_jp23_me_pdango_camo_prestige_3,,0
39157,jup_jp23_me_pdango_camo_prestige_3,0,0,250000,68254,,,,,jup_jp23_me_pdango_camo_prestige_2,,0
39284,jup_jp23_me_pdango_camo_prestige_2,0,0,200000,63989,,,,,jup_jp23_me_pdango_camo_prestige_1,,0
39410,jup_jp23_me_pdango_camo_prestige_1,0,0,150000,62770,,,,,jup_jp23_me_pdango_prestige_unlock,,0
34629,jup_jp34_ar_balpha27_camo_1,0,0,50,56465,1000,,,,jup_jp34_ar_balpha27_progression,,0
34630,jup_jp34_ar_balpha27_camo_2,0,0,50,56464,1500,,,,jup_jp34_ar_balpha27_progression,,0
34631,jup_jp34_ar_balpha27_camo_3,0,0,15,56462,2000,,,,jup_jp34_ar_balpha27_progression,,0
34632,jup_jp34_ar_balpha27_camo_4,0,0,25,56463,2500,,,,jup_jp34_ar_balpha27_progression,,0
34633,jup_jp34_ar_balpha27_camo_gold,0,0,50,57627,4000,,,,jup_jp34_ar_balpha27_camo_gold_unlock,,0
34634,jup_jp34_ar_balpha27_camo_gold_wrapper,0,0,1,,,,,,,34633,0
34635,jup_jp34_ar_balpha27_camo_gold_unlock,0,0,4,,,,,,,34629|34630|34631|34632,0
34636,jup_jp34_ar_balpha27_camo_plat,0,0,25,57628,5000,,,,jup_jp34_ar_balpha27_camo_plat_unlock,,0
34637,jup_jp34_ar_balpha27_camo_plat_wrapper,0,0,1,,,,,,,34636,0
34638,jup_jp34_ar_balpha27_camo_plat_unlock,0,0,2,,,,,,,34634|11803,0
34639,jup_jp34_ar_balpha27_camo_dama,0,0,15,57629,7500,,,,jup_jp34_ar_balpha27_camo_dama_unlock,,0
34640,jup_jp34_ar_balpha27_camo_dama_unlock,0,0,2,,,,,,,34637|11805,0
34641,jup_jp34_ar_balpha27_mastery_gold,0,0,100,58391+58453,4000,,,,jup_jp34_ar_balpha27_mastery_gold_unlock,,0
34642,jup_jp34_ar_balpha27_mastery_gold_unlock,0,0,2,,,,,,,34633|36217,0
34643,jup_jp34_ar_balpha27_mastery_plat,0,0,200,58392+58454,5000,,,,jup_jp34_ar_balpha27_mastery_plat_unlock,,0
34644,jup_jp34_ar_balpha27_mastery_plat_unlock,0,0,3,,,,,,,34636|34641|36217,0
34645,jup_jp34_ar_balpha27_mastery_dama,0,0,300,58393+58455,7500,,,,jup_jp34_ar_balpha27_mastery_dama_unlock,,0
34646,jup_jp34_ar_balpha27_mastery_dama_unlock,0,0,3,,,,,,,34639|34643|36217,0
34647,jup_jp34_ar_balpha27_mastery_orion,0,0,400,58394+58456,10000,,,,jup_jp34_ar_balpha27_mastery_orion_unlock,,0
34648,jup_jp34_ar_balpha27_mastery_orion_unlock,0,0,3,,,,,,,13792|34645|36217,0
34649,jup_jp34_ar_balpha27_mastery_completionist,0,0,4,60219,,,,,,34641|34643|34645|34647,0
34650,jup_jp34_ar_balpha27_camo_ob_1,0,0,250,56729,1000,,,,jup_jp34_ar_balpha27_progression,,0
34651,jup_jp34_ar_balpha27_camo_ob_2,0,0,10,56728,1500,,,,jup_jp34_ar_balpha27_progression,,0
34652,jup_jp34_ar_balpha27_camo_ob_3,0,0,250,56727,2000,,,,jup_jp34_ar_balpha27_progression,,0
34653,jup_jp34_ar_balpha27_camo_ob_4,0,0,100,58726,2500,,,,jup_jp34_ar_balpha27_progression,,0
34654,jup_jp34_ar_balpha27_camo_ob_gold,0,0,1,60347,4000,,,,jup_jp34_ar_balpha27_camo_ob_gold_unlock,,0
34655,jup_jp34_ar_balpha27_camo_ob_gold_wrapper,0,0,1,,,,,,,34654,0
34656,jup_jp34_ar_balpha27_camo_ob_gold_unlock,0,0,4,,,,,,,34650|34651|34652|34653,0
34657,jup_jp34_ar_balpha27_camo_ob_plat,0,0,300,60348,5000,,,,jup_jp34_ar_balpha27_camo_plat_unlock_ob,,0
34658,jup_jp34_ar_balpha27_camo_ob_plat_wrapper,0,0,1,,,,,,,34657,0
34659,jup_jp34_ar_balpha27_camo_plat_unlock_ob,0,0,2,,,,,,,34655|17885,0
34660,jup_jp34_ar_balpha27_camo_ob_dama,0,0,10,60349,7500,,,,jup_jp34_ar_balpha27_camo_dama_unlock_ob,,0
34661,jup_jp34_ar_balpha27_camo_dama_unlock_ob,0,0,2,,,,,,,34658|17886,0
34662,jup_jp34_ar_balpha27_camo_mastery_gold_ob,0,0,300,58407+58449,4000,,,,jup_jp34_ar_balpha27_camo_mastery_gold_unlock_ob,,0
34663,jup_jp34_ar_balpha27_camo_mastery_gold_unlock_ob,0,0,2,,,,,,,34654|36217,0
34664,jup_jp34_ar_balpha27_camo_mastery_plat_ob,0,0,600,58408+58450,5000,,,,jup_jp34_ar_balpha27_camo_mastery_plat_unlock_ob,,0
34665,jup_jp34_ar_balpha27_camo_mastery_plat_unlock_ob,0,0,3,,,,,,,34657|34662|36217,0
34666,jup_jp34_ar_balpha27_camo_mastery_dama_ob,0,0,900,58409+58451,7500,,,,jup_jp34_ar_balpha27_camo_mastery_dama_unlock_ob,,0
34667,jup_jp34_ar_balpha27_camo_mastery_dama_unlock_ob,0,0,3,,,,,,,34660|34664|36217,0
34668,jup_jp34_ar_balpha27_camo_mastery_orion_ob,0,0,1200,58410+58452,10000,,,,jup_jp34_ar_balpha27_camo_mastery_orion_unlock_ob,,0
34669,jup_jp34_ar_balpha27_camo_mastery_orion_unlock_ob,0,0,3,,,,,,,17891|34666|36217,0
34670,jup_jp34_ar_balpha27_mastery_completionist_ob,0,0,4,60218,,,,,,34662|34664|34666|34668,0
37998,jup_jp34_ar_balpha27_prestige_unlock,0,0,18,,,,,,,,0
39036,jup_jp34_ar_balpha27_camo_prestige_4,0,0,300000,68372,,,,,jup_jp34_ar_balpha27_camo_prestige_3,,0
39163,jup_jp34_ar_balpha27_camo_prestige_3,0,0,250000,68227,,,,,jup_jp34_ar_balpha27_camo_prestige_2,,0
39290,jup_jp34_ar_balpha27_camo_prestige_2,0,0,200000,63962,,,,,jup_jp34_ar_balpha27_camo_prestige_1,,0
39416,jup_jp34_ar_balpha27_camo_prestige_1,0,0,150000,62745,,,,,jup_jp34_ar_balpha27_prestige_unlock,,0
36276,jup_jp37_dm_kappa98_camo_1,0,0,50,62626,1000,,,,jup_jp37_dm_kappa98_progression,,0
36277,jup_jp37_dm_kappa98_camo_2,0,0,50,62625,1500,,,,jup_jp37_dm_kappa98_progression,,0
36278,jup_jp37_dm_kappa98_camo_3,0,0,10,62624,2000,,,,jup_jp37_dm_kappa98_progression,,0
36279,jup_jp37_dm_kappa98_camo_4,0,0,15,62623,2500,,,,jup_jp37_dm_kappa98_progression,,0
36280,jup_jp37_dm_kappa98_camo_gold,0,0,50,63286,4000,,,,jup_jp37_dm_kappa98_camo_gold_unlock,,0
36281,jup_jp37_dm_kappa98_camo_gold_wrapper,0,0,1,,,,,,,36280,0
36282,jup_jp37_dm_kappa98_camo_gold_unlock,0,0,4,,,,,,,36276|36277|36278|36279,0
36283,jup_jp37_dm_kappa98_camo_plat,0,0,15,63287,5000,,,,jup_jp37_dm_kappa98_camo_plat_unlock,,0
36284,jup_jp37_dm_kappa98_camo_plat_wrapper,0,0,1,,,,,,,36283,0
36285,jup_jp37_dm_kappa98_camo_plat_unlock,0,0,2,,,,,,,36281|13824,0
36286,jup_jp37_dm_kappa98_camo_dama,0,0,20,63288,7500,,,,jup_jp37_dm_kappa98_camo_dama_unlock,,0
36287,jup_jp37_dm_kappa98_camo_dama_unlock,0,0,2,,,,,,,36284|11805,0
36288,jup_jp37_dm_kappa98_mastery_gold,0,0,100,44600+65406,4000,,,,jup_jp37_dm_kappa98_mastery_gold_unlock,,0
36289,jup_jp37_dm_kappa98_mastery_gold_unlock,0,0,2,,,,,,,36280|40643,0
36290,jup_jp37_dm_kappa98_mastery_plat,0,0,200,44601+65407,5000,,,,jup_jp37_dm_kappa98_mastery_plat_unlock,,0
36291,jup_jp37_dm_kappa98_mastery_plat_unlock,0,0,3,,,,,,,36283|36288|40643,0
36292,jup_jp37_dm_kappa98_mastery_dama,0,0,300,44602+65408,7500,,,,jup_jp37_dm_kappa98_mastery_dama_unlock,,0
36293,jup_jp37_dm_kappa98_mastery_dama_unlock,0,0,3,,,,,,,36286|36290|40643,0
36294,jup_jp37_dm_kappa98_mastery_orion,0,0,400,44603+65409,10000,,,,jup_jp37_dm_kappa98_mastery_orion_unlock,,0
36295,jup_jp37_dm_kappa98_mastery_orion_unlock,0,0,3,,,,,,,13792|36292|40643,0
36296,jup_jp37_dm_kappa98_mastery_completionist,0,0,4,44723,,,,,,36288|36290|36292|36294,0
36297,jup_jp37_dm_kappa98_camo_ob_1,0,0,250,62618,1000,,,,jup_jp37_dm_kappa98_progression,,0
36298,jup_jp37_dm_kappa98_camo_ob_2,0,0,30,62617,1500,,,,jup_jp37_dm_kappa98_progression,,0
36299,jup_jp37_dm_kappa98_camo_ob_3,0,0,250,62616,2000,,,,jup_jp37_dm_kappa98_progression,,0
36300,jup_jp37_dm_kappa98_camo_ob_4,0,0,250,62615,2500,,,,jup_jp37_dm_kappa98_progression,,0
36301,jup_jp37_dm_kappa98_camo_ob_gold,0,0,1,63289,4000,,,,jup_jp37_dm_kappa98_camo_ob_gold_unlock,,0
36302,jup_jp37_dm_kappa98_camo_ob_gold_wrapper,0,0,1,,,,,,,36301,0
36303,jup_jp37_dm_kappa98_camo_ob_gold_unlock,0,0,4,,,,,,,36297|36298|36299|36300,0
36304,jup_jp37_dm_kappa98_camo_ob_plat,0,0,300,63290,5000,,,,jup_jp37_dm_kappa98_camo_plat_unlock_ob,,0
36305,jup_jp37_dm_kappa98_camo_ob_plat_wrapper,0,0,1,,,,,,,36304,0
36306,jup_jp37_dm_kappa98_camo_plat_unlock_ob,0,0,2,,,,,,,36302|17896,0
36307,jup_jp37_dm_kappa98_camo_ob_dama,0,0,10,63291,7500,,,,jup_jp37_dm_kappa98_camo_dama_unlock_ob,,0
36308,jup_jp37_dm_kappa98_camo_dama_unlock_ob,0,0,2,,,,,,,36305|17886,0
36309,jup_jp37_dm_kappa98_camo_mastery_gold_ob,0,0,300,65387+65414,4000,,,,jup_jp37_dm_kappa98_camo_mastery_gold_unlock_ob,,0
36310,jup_jp37_dm_kappa98_camo_mastery_gold_unlock_ob,0,0,2,,,,,,,36301|40643,0
36311,jup_jp37_dm_kappa98_camo_mastery_plat_ob,0,0,600,65388+65415,5000,,,,jup_jp37_dm_kappa98_camo_mastery_plat_unlock_ob,,0
36312,jup_jp37_dm_kappa98_camo_mastery_plat_unlock_ob,0,0,3,,,,,,,36304|36309|40643,0
36313,jup_jp37_dm_kappa98_camo_mastery_dama_ob,0,0,900,65389+65416,7500,,,,jup_jp37_dm_kappa98_camo_mastery_dama_unlock_ob,,0
36314,jup_jp37_dm_kappa98_camo_mastery_dama_unlock_ob,0,0,3,,,,,,,36307|36311|40643,0
36315,jup_jp37_dm_kappa98_camo_mastery_orion_ob,0,0,1200,65390+65417,10000,,,,jup_jp37_dm_kappa98_camo_mastery_orion_unlock_ob,,0
36316,jup_jp37_dm_kappa98_camo_mastery_orion_unlock_ob,0,0,3,,,,,,,17891|36313|40643,0
36317,jup_jp37_dm_kappa98_mastery_completionist_ob,0,0,4,44724,,,,,,36309|36311|36313|36315,0
40645,jup_jp37_dm_kappa98_camo_prestige_4,0,0,300000,68389,,,,,jup_jp37_dm_kappa98_camo_prestige_3,,0
40647,jup_jp37_dm_kappa98_camo_prestige_3,0,0,250000,68243,,,,,jup_jp37_dm_kappa98_camo_prestige_2,,0
40649,jup_jp37_dm_kappa98_camo_prestige_2,0,0,200000,63978,,,,,jup_jp37_dm_kappa98_camo_prestige_1,,0
40651,jup_jp37_dm_kappa98_camo_prestige_1,0,0,150000,63292,,,,,jup_jp37_dm_kappa98_prestige_unlock,,0
40653,jup_jp37_dm_kappa98_prestige_unlock,0,0,15,,,,,,,,0
36318,jup_cp01_sm_pcharlie9_camo_1,0,0,50,62622,1000,,,,jup_cp01_sm_pcharlie9_progression,,0
36319,jup_cp01_sm_pcharlie9_camo_2,0,0,25,62621,1500,,,,jup_cp01_sm_pcharlie9_progression,,0
36320,jup_cp01_sm_pcharlie9_camo_3,0,0,10,62620,2000,,,,jup_cp01_sm_pcharlie9_progression,,0
36321,jup_cp01_sm_pcharlie9_camo_4,0,0,10,62619,2500,,,,jup_cp01_sm_pcharlie9_progression,,0
36322,jup_cp01_sm_pcharlie9_camo_gold,0,0,15,63279,4000,,,,jup_cp01_sm_pcharlie9_camo_gold_unlock,,0
36323,jup_cp01_sm_pcharlie9_camo_gold_wrapper,0,0,1,,,,,,,36322,0
36324,jup_cp01_sm_pcharlie9_camo_gold_unlock,0,0,4,,,,,,,36318|36319|36320|36321,0
36325,jup_cp01_sm_pcharlie9_camo_plat,0,0,25,63280,5000,,,,jup_cp01_sm_pcharlie9_camo_plat_unlock,,0
36326,jup_cp01_sm_pcharlie9_camo_plat_wrapper,0,0,1,,,,,,,36325,0
36327,jup_cp01_sm_pcharlie9_camo_plat_unlock,0,0,2,,,,,,,36323|13786,0
36328,jup_cp01_sm_pcharlie9_camo_dama,0,0,15,63281,7500,,,,jup_cp01_sm_pcharlie9_camo_dama_unlock,,0
36329,jup_cp01_sm_pcharlie9_camo_dama_unlock,0,0,2,,,,,,,36326|11805,0
36330,jup_cp01_sm_pcharlie9_mastery_gold,0,0,100,44596+65402,4000,,,,jup_cp01_sm_pcharlie9_mastery_gold_unlock,,0
36331,jup_cp01_sm_pcharlie9_mastery_gold_unlock,0,0,2,,,,,,,36322|40642,0
36332,jup_cp01_sm_pcharlie9_mastery_plat,0,0,200,44597+65403,5000,,,,jup_cp01_sm_pcharlie9_mastery_plat_unlock,,0
36333,jup_cp01_sm_pcharlie9_mastery_plat_unlock,0,0,3,,,,,,,36325|36330|40642,0
36334,jup_cp01_sm_pcharlie9_mastery_dama,0,0,300,44598+65404,7500,,,,jup_cp01_sm_pcharlie9_mastery_dama_unlock,,0
36335,jup_cp01_sm_pcharlie9_mastery_dama_unlock,0,0,3,,,,,,,36328|36332|40642,0
36336,jup_cp01_sm_pcharlie9_mastery_orion,0,0,400,44599+65405,10000,,,,jup_cp01_sm_pcharlie9_mastery_orion_unlock,,0
36337,jup_cp01_sm_pcharlie9_mastery_orion_unlock,0,0,3,,,,,,,13792|36334|40642,0
36338,jup_cp01_sm_pcharlie9_mastery_completionist,0,0,4,44728,,,,,,36330|36332|36334|36336,0
36339,jup_cp01_sm_pcharlie9_camo_ob_1,0,0,250,62614,1000,,,,jup_cp01_sm_pcharlie9_progression,,0
36340,jup_cp01_sm_pcharlie9_camo_ob_2,0,0,50,62613,1500,,,,jup_cp01_sm_pcharlie9_progression,,0
36341,jup_cp01_sm_pcharlie9_camo_ob_3,0,0,250,62612,2000,,,,jup_cp01_sm_pcharlie9_progression,,0
36342,jup_cp01_sm_pcharlie9_camo_ob_4,0,0,250,62611,2500,,,,jup_cp01_sm_pcharlie9_progression,,0
36343,jup_cp01_sm_pcharlie9_camo_ob_gold,0,0,1,63282,4000,,,,jup_cp01_sm_pcharlie9_camo_ob_gold_unlock,,0
36344,jup_cp01_sm_pcharlie9_camo_ob_gold_wrapper,0,0,1,,,,,,,36343,0
36345,jup_cp01_sm_pcharlie9_camo_ob_gold_unlock,0,0,4,,,,,,,36339|36340|36341|36342,0
36346,jup_cp01_sm_pcharlie9_camo_ob_plat,0,0,300,63283,5000,,,,jup_cp01_sm_pcharlie9_camo_plat_unlock_ob,,0
36347,jup_cp01_sm_pcharlie9_camo_ob_plat_wrapper,0,0,1,,,,,,,36346,0
36348,jup_cp01_sm_pcharlie9_camo_plat_unlock_ob,0,0,2,,,,,,,36344|17887,0
36349,jup_cp01_sm_pcharlie9_camo_ob_dama,0,0,10,63284,7500,,,,jup_cp01_sm_pcharlie9_camo_dama_unlock_ob,,0
36350,jup_cp01_sm_pcharlie9_camo_dama_unlock_ob,0,0,2,,,,,,,36347|17886,0
36351,jup_cp01_sm_pcharlie9_camo_mastery_gold_ob,0,0,300,65383+65410,4000,,,,jup_cp01_sm_pcharlie9_camo_mastery_gold_unlock_ob,,0
36352,jup_cp01_sm_pcharlie9_camo_mastery_gold_unlock_ob,0,0,2,,,,,,,36343|40642,0
36353,jup_cp01_sm_pcharlie9_camo_mastery_plat_ob,0,0,600,65384+65411,5000,,,,jup_cp01_sm_pcharlie9_camo_mastery_plat_unlock_ob,,0
36354,jup_cp01_sm_pcharlie9_camo_mastery_plat_unlock_ob,0,0,3,,,,,,,36346|36351|40642,0
36355,jup_cp01_sm_pcharlie9_camo_mastery_dama_ob,0,0,900,65385+65412,7500,,,,jup_cp01_sm_pcharlie9_camo_mastery_dama_unlock_ob,,0
36356,jup_cp01_sm_pcharlie9_camo_mastery_dama_unlock_ob,0,0,3,,,,,,,36349|36353|40642,0
36357,jup_cp01_sm_pcharlie9_camo_mastery_orion_ob,0,0,1200,65386+65413,10000,,,,jup_cp01_sm_pcharlie9_camo_mastery_orion_unlock_ob,,0
36358,jup_cp01_sm_pcharlie9_camo_mastery_orion_unlock_ob,0,0,3,,,,,,,17891|36355|40642,0
36359,jup_cp01_sm_pcharlie9_mastery_completionist_ob,0,0,4,65214,,,,,,36351|36353|36355|36357,0
40644,jup_cp01_sm_pcharlie9_camo_prestige_4,0,0,300000,68400,,,,,jup_cp01_sm_pcharlie9_camo_prestige_3,,0
40646,jup_cp01_sm_pcharlie9_camo_prestige_3,0,0,250000,68253,,,,,jup_cp01_sm_pcharlie9_camo_prestige_2,,0
40648,jup_cp01_sm_pcharlie9_camo_prestige_2,0,0,200000,63988,,,,,jup_cp01_sm_pcharlie9_camo_prestige_1,,0
40650,jup_cp01_sm_pcharlie9_camo_prestige_1,0,0,150000,63285,,,,,jup_cp01_sm_pcharlie9_prestige_unlock,,0
40652,jup_cp01_sm_pcharlie9_prestige_unlock,0,0,21,,,,,,,,0
36360,jup_jp23_me_shotel_camo_1,0,0,50,62636,1000,,,,jup_jp23_me_shotel_progression,,0
36361,jup_jp23_me_shotel_camo_gold,0,0,10,63293,,,,,jup_jp23_me_shotel_camo_gold_unlock,,0
36362,jup_jp23_me_shotel_camo_gold_wrapper,0,0,1,,,,,,,36361,0
36363,jup_jp23_me_shotel_camo_gold_unlock,0,0,1,,,,,,,36360,0
36364,jup_jp23_me_shotel_camo_plat,0,0,10,63294,,,,,jup_jp23_me_shotel_camo_plat_unlock,,0
36365,jup_jp23_me_shotel_camo_plat_wrapper,0,0,1,,,,,,,36364,0
36366,jup_jp23_me_shotel_camo_plat_unlock,0,0,2,,,,,,,36362|13829,0
36367,jup_jp23_me_shotel_camo_dama,0,0,15,63295,,,,,jup_jp23_me_shotel_camo_dama_unlock,,0
36368,jup_jp23_me_shotel_camo_dama_unlock,0,0,2,,,,,,,36365|11805,0
36369,jup_jp23_me_shotel_mastery_gold,0,0,100,68752+68772,4000,,,,jup_jp23_me_shotel_mastery_gold_unlock,,0
36370,jup_jp23_me_shotel_mastery_gold_unlock,0,0,2,,,,,,,36361|40891,0
36371,jup_jp23_me_shotel_mastery_plat,0,0,200,68753+68773,5000,,,,jup_jp23_me_shotel_mastery_plat_unlock,,0
36372,jup_jp23_me_shotel_mastery_plat_unlock,0,0,3,,,,,,,36364|36369|40891,0
36373,jup_jp23_me_shotel_mastery_dama,0,0,300,68754+68774,7500,,,,jup_jp23_me_shotel_mastery_dama_unlock,,0
36374,jup_jp23_me_shotel_mastery_dama_unlock,0,0,3,,,,,,,36367|36371|40891,0
36375,jup_jp23_me_shotel_mastery_orion,0,0,400,68755+68775,10000,,,,jup_jp23_me_shotel_mastery_orion_unlock,,0
36376,jup_jp23_me_shotel_mastery_orion_unlock,0,0,3,,,,,,,13792|36373|40891,0
36377,jup_jp23_me_shotel_mastery_completionist,0,0,4,69228,,,,,,36369|36371|36373|36375,0
36378,jup_jp23_me_shotel_camo_ob_1,0,0,250,62631,1000,,,,jup_jp23_me_shotel_progression,,0
36379,jup_jp23_me_shotel_camo_ob_gold,0,0,1,63296,4000,,,,jup_jp23_me_shotel_camo_ob_gold_unlock,,0
36380,jup_jp23_me_shotel_camo_ob_gold_wrapper,0,0,1,,,,,,,36379,0
36381,jup_jp23_me_shotel_camo_ob_gold_unlock,0,0,1,,,,,,,36378,0
36382,jup_jp23_me_shotel_camo_ob_plat,0,0,300,63297,5000,,,,jup_jp23_me_shotel_camo_plat_unlock_ob,,0
36383,jup_jp23_me_shotel_camo_ob_plat_wrapper,0,0,1,,,,,,,36382,0
36384,jup_jp23_me_shotel_camo_plat_unlock_ob,0,0,2,,,,,,,36380|17899,0
36385,jup_jp23_me_shotel_camo_ob_dama,0,0,10,63298,7500,,,,jup_jp23_me_shotel_camo_dama_unlock_ob,,0
36386,jup_jp23_me_shotel_camo_dama_unlock_ob,0,0,2,,,,,,,36383|17886,0
36387,jup_jp23_me_shotel_camo_mastery_gold_ob,0,0,300,68756+68776,4000,,,,jup_jp23_me_shotel_camo_mastery_gold_unlock_ob,,0
36388,jup_jp23_me_shotel_camo_mastery_gold_unlock_ob,0,0,2,,,,,,,36379|40891,0
36389,jup_jp23_me_shotel_camo_mastery_plat_ob,0,0,600,68757+68777,5000,,,,jup_jp23_me_shotel_camo_mastery_plat_unlock_ob,,0
36390,jup_jp23_me_shotel_camo_mastery_plat_unlock_ob,0,0,3,,,,,,,36382|36387|40891,0
36391,jup_jp23_me_shotel_camo_mastery_dama_ob,0,0,900,68758+68778,7500,,,,jup_jp23_me_shotel_camo_mastery_dama_unlock_ob,,0
36392,jup_jp23_me_shotel_camo_mastery_dama_unlock_ob,0,0,3,,,,,,,36385|36389|40891,0
36393,jup_jp23_me_shotel_camo_mastery_orion_ob,0,0,1200,68759+68779,10000,,,,jup_jp23_me_shotel_camo_mastery_orion_unlock_ob,,0
36394,jup_jp23_me_shotel_camo_mastery_orion_unlock_ob,0,0,3,,,,,,,17891|36391|40891,0
36395,jup_jp23_me_shotel_mastery_completionist_ob,0,0,4,69229,,,,,,36387|36389|36391|36393,0
40893,jup_jp23_me_shotel_camo_prestige_4,0,0,300000,68409,,,,,jup_jp23_me_shotel_camo_prestige_3,,0
40895,jup_jp23_me_shotel_camo_prestige_3,0,0,250000,68262,,,,,jup_jp23_me_shotel_camo_prestige_2,,0
40897,jup_jp23_me_shotel_camo_prestige_2,0,0,200000,63997,,,,,jup_jp23_me_shotel_camo_prestige_1,,0
40899,jup_jp23_me_shotel_camo_prestige_1,0,0,150000,63299,,,,,jup_jp23_me_shotel_prestige_unlock,,0
40901,jup_jp23_me_shotel_prestige_unlock,0,0,5,,,,,,,,0
36396,jup_jp38_sh_spapa12_camo_1,0,0,50,62640,1000,,,,jup_jp38_sh_spapa12_progression,,0
36397,jup_jp38_sh_spapa12_camo_2,0,0,50,62639,1500,,,,jup_jp38_sh_spapa12_progression,,0
36398,jup_jp38_sh_spapa12_camo_3,0,0,10,62638,2000,,,,jup_jp38_sh_spapa12_progression,,0
36399,jup_jp38_sh_spapa12_camo_4,0,0,10,62637,2500,,,,jup_jp38_sh_spapa12_progression,,0
36400,jup_jp38_sh_spapa12_camo_gold,0,0,10,63300,,,,,jup_jp38_sh_spapa12_camo_gold_unlock,,0
36401,jup_jp38_sh_spapa12_camo_gold_wrapper,0,0,1,,,,,,,36400,0
36402,jup_jp38_sh_spapa12_camo_gold_unlock,0,0,4,,,,,,,36396|36397|36398|36399,0
36403,jup_jp38_sh_spapa12_camo_plat,0,0,15,63301,,,,,jup_jp38_sh_spapa12_camo_plat_unlock,,0
36404,jup_jp38_sh_spapa12_camo_plat_wrapper,0,0,1,,,,,,,36403,0
36405,jup_jp38_sh_spapa12_camo_plat_unlock,0,0,2,,,,,,,36401|13826,0
36406,jup_jp38_sh_spapa12_camo_dama,0,0,10,63302,,,,,jup_jp38_sh_spapa12_camo_dama_unlock,,0
36407,jup_jp38_sh_spapa12_camo_dama_unlock,0,0,2,,,,,,,36404|11805,0
36408,jup_jp38_sh_spapa12_mastery_gold,0,0,100,69314+69330,4000,,,,jup_jp38_sh_spapa12_mastery_gold_unlock,,0
36409,jup_jp38_sh_spapa12_mastery_gold_unlock,0,0,2,,,,,,,36400|40892,0
36410,jup_jp38_sh_spapa12_mastery_plat,0,0,200,69315+69332,5000,,,,jup_jp38_sh_spapa12_mastery_plat_unlock,,0
36411,jup_jp38_sh_spapa12_mastery_plat_unlock,0,0,3,,,,,,,36403|36408|40892,0
36412,jup_jp38_sh_spapa12_mastery_dama,0,0,300,69316+69329,7500,,,,jup_jp38_sh_spapa12_mastery_dama_unlock,,0
36413,jup_jp38_sh_spapa12_mastery_dama_unlock,0,0,3,,,,,,,36406|36410|40892,0
36414,jup_jp38_sh_spapa12_mastery_orion,0,0,400,69317+69331,10000,,,,jup_jp38_sh_spapa12_mastery_orion_unlock,,0
36415,jup_jp38_sh_spapa12_mastery_orion_unlock,0,0,3,,,,,,,13792|36412|40892,0
36416,jup_jp38_sh_spapa12_mastery_completionist,0,0,4,69230,,,,,,36408|36410|36412|36414,0
36417,jup_jp38_sh_spapa12_camo_ob_1,0,0,250,62635,1000,,,,jup_jp38_sh_spapa12_progression,,0
36418,jup_jp38_sh_spapa12_camo_ob_2,0,0,250,62634,1500,,,,jup_jp38_sh_spapa12_progression,,0
36419,jup_jp38_sh_spapa12_camo_ob_3,0,0,250,62633,2000,,,,jup_jp38_sh_spapa12_progression,,0
36420,jup_jp38_sh_spapa12_camo_ob_4,0,0,10,62632,2500,,,,jup_jp38_sh_spapa12_progression,,0
36421,jup_jp38_sh_spapa12_camo_ob_gold,0,0,1,63303,4000,,,,jup_jp38_sh_spapa12_camo_ob_gold_unlock,,0
36422,jup_jp38_sh_spapa12_camo_ob_gold_wrapper,0,0,1,,,,,,,36421,0
36423,jup_jp38_sh_spapa12_camo_ob_gold_unlock,0,0,4,,,,,,,36417|36418|36419|36420,0
36424,jup_jp38_sh_spapa12_camo_ob_plat,0,0,300,63304,5000,,,,jup_jp38_sh_spapa12_camo_plat_unlock_ob,,0
36425,jup_jp38_sh_spapa12_camo_ob_plat_wrapper,0,0,1,,,,,,,36424,0
36426,jup_jp38_sh_spapa12_camo_plat_unlock_ob,0,0,2,,,,,,,36422|17895,0
36427,jup_jp38_sh_spapa12_camo_ob_dama,0,0,10,63305,7500,,,,jup_jp38_sh_spapa12_camo_dama_unlock_ob,,0
36428,jup_jp38_sh_spapa12_camo_dama_unlock_ob,0,0,2,,,,,,,36425|17886,0
36429,jup_jp38_sh_spapa12_camo_mastery_gold_ob,0,0,300,69320+69335,4000,,,,jup_jp38_sh_spapa12_camo_mastery_gold_unlock_ob,,0
36430,jup_jp38_sh_spapa12_camo_mastery_gold_unlock_ob,0,0,2,,,,,,,36421|40892,0
36431,jup_jp38_sh_spapa12_camo_mastery_plat_ob,0,0,600,69318+69333,5000,,,,jup_jp38_sh_spapa12_camo_mastery_plat_unlock_ob,,0
36432,jup_jp38_sh_spapa12_camo_mastery_plat_unlock_ob,0,0,3,,,,,,,36424|36429|40892,0
36433,jup_jp38_sh_spapa12_camo_mastery_dama_ob,0,0,900,69321+69336,7500,,,,jup_jp38_sh_spapa12_camo_mastery_dama_unlock_ob,,0
36434,jup_jp38_sh_spapa12_camo_mastery_dama_unlock_ob,0,0,3,,,,,,,36427|36431|40892,0
36435,jup_jp38_sh_spapa12_camo_mastery_orion_ob,0,0,1200,69319+69334,10000,,,,jup_jp38_sh_spapa12_camo_mastery_orion_unlock_ob,,0
36436,jup_jp38_sh_spapa12_camo_mastery_orion_unlock_ob,0,0,3,,,,,,,17891|36433|40892,0
36437,jup_jp38_sh_spapa12_mastery_completionist_ob,0,0,4,69231,,,,,,36429|36431|36433|36435,0
40894,jup_jp38_sh_spapa12_camo_prestige_4,0,0,300000,68411,,,,,jup_jp38_sh_spapa12_camo_prestige_3,,0
40896,jup_jp38_sh_spapa12_camo_prestige_3,0,0,250000,68264,,,,,jup_jp38_sh_spapa12_camo_prestige_2,,0
40898,jup_jp38_sh_spapa12_camo_prestige_2,0,0,200000,63999,,,,,jup_jp38_sh_spapa12_camo_prestige_1,,0
40900,jup_jp38_sh_spapa12_camo_prestige_1,0,0,150000,63306,,,,,jup_jp38_sh_spapa12_prestige_unlock,,0
40902,jup_jp38_sh_spapa12_prestige_unlock,0,0,14,,,,,,,,0
41704,jup_jp44_ar_stango44_camo_1,0,0,50,68810,1000,,,,jup_jp44_ar_stango44_progression,,0
41705,jup_jp44_ar_stango44_camo_2,0,0,50,68809,1500,,,,jup_jp44_ar_stango44_progression,,0
41706,jup_jp44_ar_stango44_camo_3,0,0,15,68808,2000,,,,jup_jp44_ar_stango44_progression,,0
41707,jup_jp44_ar_stango44_camo_4,0,0,25,68807,2500,,,,jup_jp44_ar_stango44_progression,,0
41708,jup_jp44_ar_stango44_camo_gold,0,0,50,70819,4000,,,,jup_jp44_ar_stango44_camo_gold_unlock,,0
41709,jup_jp44_ar_stango44_camo_gold_wrapper,0,0,1,,,,,,,41708,0
41710,jup_jp44_ar_stango44_camo_gold_unlock,0,0,4,,,,,,,41704|41705|41706|41707,0
41711,jup_jp44_ar_stango44_camo_plat,0,0,25,70823,5000,,,,jup_jp44_ar_stango44_camo_plat_unlock,,0
41712,jup_jp44_ar_stango44_camo_plat_wrapper,0,0,1,,,,,,,41711,0
41713,jup_jp44_ar_stango44_camo_plat_unlock,0,0,2,,,,,,,41709|11803,0
41714,jup_jp44_ar_stango44_camo_dama,0,0,15,70827,7500,,,,jup_jp44_ar_stango44_camo_dama_unlock,,0
41715,jup_jp44_ar_stango44_camo_dama_unlock,0,0,2,,,,,,,41712|11805,0
41716,jup_jp44_ar_stango44_mastery_gold,0,0,100,71965+72108,4000,,,,jup_jp44_ar_stango44_mastery_gold_unlock,,0
41717,jup_jp44_ar_stango44_mastery_gold_unlock,0,0,2,,,,,,,41708|43852,0
41718,jup_jp44_ar_stango44_mastery_plat,0,0,200,71967+72110,5000,,,,jup_jp44_ar_stango44_mastery_plat_unlock,,0
41719,jup_jp44_ar_stango44_mastery_plat_unlock,0,0,3,,,,,,,41711|41716|43852,0
41720,jup_jp44_ar_stango44_mastery_dama,0,0,300,71964+72107,7500,,,,jup_jp44_ar_stango44_mastery_dama_unlock,,0
41721,jup_jp44_ar_stango44_mastery_dama_unlock,0,0,3,,,,,,,41714|41718|43852,0
41722,jup_jp44_ar_stango44_mastery_orion,0,0,400,71966+72109,10000,,,,jup_jp44_ar_stango44_mastery_orion_unlock,,0
41723,jup_jp44_ar_stango44_mastery_orion_unlock,0,0,3,,,,,,,13792|41720|43852,0
41724,jup_jp44_ar_stango44_mastery_completionist,0,0,4,73685,,,,,,41716|41718|41720|41722,0
41725,jup_jp44_ar_stango44_camo_ob_1,0,0,250,68818,1000,,,,jup_jp44_ar_stango44_progression,,0
41726,jup_jp44_ar_stango44_camo_ob_2,0,0,250,68817,1500,,,,jup_jp44_ar_stango44_progression,,0
41727,jup_jp44_ar_stango44_camo_ob_3,0,0,250,68816,2000,,,,jup_jp44_ar_stango44_progression,,0
41728,jup_jp44_ar_stango44_camo_ob_4,0,0,250,68815,2500,,,,jup_jp44_ar_stango44_progression,,0
41729,jup_jp44_ar_stango44_camo_ob_gold,0,0,1,70831,4000,,,,jup_jp44_ar_stango44_camo_ob_gold_unlock,,0
41730,jup_jp44_ar_stango44_camo_ob_gold_wrapper,0,0,1,,,,,,,41729,0
41731,jup_jp44_ar_stango44_camo_ob_gold_unlock,0,0,4,,,,,,,41725|41726|41727|41728,0
41732,jup_jp44_ar_stango44_camo_ob_plat,0,0,300,70835,5000,,,,jup_jp44_ar_stango44_camo_plat_unlock_ob,,0
41733,jup_jp44_ar_stango44_camo_ob_plat_wrapper,0,0,1,,,,,,,41732,0
41734,jup_jp44_ar_stango44_camo_plat_unlock_ob,0,0,2,,,,,,,41730|17885,0
41735,jup_jp44_ar_stango44_camo_ob_dama,0,0,10,70839,7500,,,,jup_jp44_ar_stango44_camo_dama_unlock_ob,,0
41736,jup_jp44_ar_stango44_camo_dama_unlock_ob,0,0,2,,,,,,,41733|17886,0
41737,jup_jp44_ar_stango44_camo_mastery_gold_ob,0,0,300,71970+72113,4000,,,,jup_jp44_ar_stango44_camo_mastery_gold_unlock_ob,,0
41738,jup_jp44_ar_stango44_camo_mastery_gold_unlock_ob,0,0,2,,,,,,,41729|43852,0
41739,jup_jp44_ar_stango44_camo_mastery_plat_ob,0,0,600,71968+72111,5000,,,,jup_jp44_ar_stango44_camo_mastery_plat_unlock_ob,,0
41740,jup_jp44_ar_stango44_camo_mastery_plat_unlock_ob,0,0,3,,,,,,,41732|41737|43852,0
41741,jup_jp44_ar_stango44_camo_mastery_dama_ob,0,0,900,71971+72114,7500,,,,jup_jp44_ar_stango44_camo_mastery_dama_unlock_ob,,0
41742,jup_jp44_ar_stango44_camo_mastery_dama_unlock_ob,0,0,3,,,,,,,41735|41739|43852,0
41743,jup_jp44_ar_stango44_camo_mastery_orion_ob,0,0,1200,71969+72112,10000,,,,jup_jp44_ar_stango44_camo_mastery_orion_unlock_ob,,0
41744,jup_jp44_ar_stango44_camo_mastery_orion_unlock_ob,0,0,3,,,,,,,17891|41741|43852,0
41745,jup_jp44_ar_stango44_mastery_completionist_ob,0,0,4,73684,,,,,,41737|41739|41741|41743,0
43856,jup_jp44_ar_stango44_camo_prestige_4,0,0,300000,68413,,,,,jup_jp44_ar_stango44_camo_prestige_3,,0
43860,jup_jp44_ar_stango44_camo_prestige_3,0,0,250000,68280,,,,,jup_jp44_ar_stango44_camo_prestige_2,,0
43864,jup_jp44_ar_stango44_camo_prestige_2,0,0,200000,68278,,,,,jup_jp44_ar_stango44_camo_prestige_1,,0
43868,jup_jp44_ar_stango44_camo_prestige_1,0,0,150000,68276,,,,,jup_jp44_ar_stango44_prestige_unlock,,0
43872,jup_jp44_ar_stango44_prestige_unlock,0,0,20,,,,,,,,0
41788,jup_jp41_sm_kpappa50_camo_1,0,0,50,68806,1000,,,,jup_jp41_sm_kpappa50_progression,,0
41789,jup_jp41_sm_kpappa50_camo_2,0,0,25,68805,1500,,,,jup_jp41_sm_kpappa50_progression,,0
41790,jup_jp41_sm_kpappa50_camo_3,0,0,10,68804,2000,,,,jup_jp41_sm_kpappa50_progression,,0
41791,jup_jp41_sm_kpappa50_camo_4,0,0,10,68803,2500,,,,jup_jp41_sm_kpappa50_progression,,0
41792,jup_jp41_sm_kpappa50_camo_gold,0,0,10,70817,4000,,,,jup_jp41_sm_kpappa50_camo_gold_unlock,,0
41793,jup_jp41_sm_kpappa50_camo_gold_wrapper,0,0,1,,,,,,,41792,0
41794,jup_jp41_sm_kpappa50_camo_gold_unlock,0,0,4,,,,,,,41788|41789|41790|41791,0
41795,jup_jp41_sm_kpappa50_camo_plat,0,0,15,70821,5000,,,,jup_jp41_sm_kpappa50_camo_plat_unlock,,0
41796,jup_jp41_sm_kpappa50_camo_plat_wrapper,0,0,1,,,,,,,41795,0
41797,jup_jp41_sm_kpappa50_camo_plat_unlock,0,0,2,,,,,,,41793|13786,0
41798,jup_jp41_sm_kpappa50_camo_dama,0,0,10,70825,7500,,,,jup_jp41_sm_kpappa50_camo_dama_unlock,,0
41799,jup_jp41_sm_kpappa50_camo_dama_unlock,0,0,2,,,,,,,41796|11805,0
41800,jup_jp41_sm_kpappa50_mastery_gold,0,0,100,70605+70613,4000,,,,jup_jp41_sm_kpappa50_mastery_gold_unlock,,0
41801,jup_jp41_sm_kpappa50_mastery_gold_unlock,0,0,2,,,,,,,41792|43851,0
41802,jup_jp41_sm_kpappa50_mastery_plat,0,0,200,70606+70614,5000,,,,jup_jp41_sm_kpappa50_mastery_plat_unlock,,0
41803,jup_jp41_sm_kpappa50_mastery_plat_unlock,0,0,3,,,,,,,41795|41800|43851,0
41804,jup_jp41_sm_kpappa50_mastery_dama,0,0,300,70607+70615,7500,,,,jup_jp41_sm_kpappa50_mastery_dama_unlock,,0
41805,jup_jp41_sm_kpappa50_mastery_dama_unlock,0,0,3,,,,,,,41798|41802|43851,0
41806,jup_jp41_sm_kpappa50_mastery_orion,0,0,400,70608+70616,10000,,,,jup_jp41_sm_kpappa50_mastery_orion_unlock,,0
41807,jup_jp41_sm_kpappa50_mastery_orion_unlock,0,0,3,,,,,,,13792|41804|43851,0
41808,jup_jp41_sm_kpappa50_mastery_completionist,0,0,4,71493,,,,,,41800|41802|41804|41806,0
41809,jup_jp41_sm_kpappa50_camo_ob_1,0,0,250,68814,1000,,,,jup_jp41_sm_kpappa50_progression,,0
41810,jup_jp41_sm_kpappa50_camo_ob_2,0,0,1,68813,1500,,,,jup_jp41_sm_kpappa50_progression,,0
41811,jup_jp41_sm_kpappa50_camo_ob_3,0,0,250,68812,2000,,,,jup_jp41_sm_kpappa50_progression,,0
41812,jup_jp41_sm_kpappa50_camo_ob_4,0,0,250,68811,2500,,,,jup_jp41_sm_kpappa50_progression,,0
41813,jup_jp41_sm_kpappa50_camo_ob_gold,0,0,1,70829,4000,,,,jup_jp41_sm_kpappa50_camo_ob_gold_unlock,,0
41814,jup_jp41_sm_kpappa50_camo_ob_gold_wrapper,0,0,1,,,,,,,41813,0
41815,jup_jp41_sm_kpappa50_camo_ob_gold_unlock,0,0,4,,,,,,,41809|41810|41811|41812,0
41816,jup_jp41_sm_kpappa50_camo_ob_plat,0,0,300,70833,5000,,,,jup_jp41_sm_kpappa50_camo_plat_unlock_ob,,0
41817,jup_jp41_sm_kpappa50_camo_ob_plat_wrapper,0,0,1,,,,,,,41816,0
41818,jup_jp41_sm_kpappa50_camo_plat_unlock_ob,0,0,2,,,,,,,41814|17887,0
41819,jup_jp41_sm_kpappa50_camo_ob_dama,0,0,10,70837,7500,,,,jup_jp41_sm_kpappa50_camo_dama_unlock_ob,,0
41820,jup_jp41_sm_kpappa50_camo_dama_unlock_ob,0,0,2,,,,,,,41817|17886,0
41821,jup_jp41_sm_kpappa50_camo_mastery_gold_ob,0,0,300,70609+70617,4000,,,,jup_jp41_sm_kpappa50_camo_mastery_gold_unlock_ob,,0
41822,jup_jp41_sm_kpappa50_camo_mastery_gold_unlock_ob,0,0,2,,,,,,,41813|43851,0
41823,jup_jp41_sm_kpappa50_camo_mastery_plat_ob,0,0,600,70610+70618,5000,,,,jup_jp41_sm_kpappa50_camo_mastery_plat_unlock_ob,,0
41824,jup_jp41_sm_kpappa50_camo_mastery_plat_unlock_ob,0,0,3,,,,,,,41816|41821|43851,0
41825,jup_jp41_sm_kpappa50_camo_mastery_dama_ob,0,0,900,70611+70619,7500,,,,jup_jp41_sm_kpappa50_camo_mastery_dama_unlock_ob,,0
41826,jup_jp41_sm_kpappa50_camo_mastery_dama_unlock_ob,0,0,3,,,,,,,41819|41823|43851,0
41827,jup_jp41_sm_kpappa50_camo_mastery_orion_ob,0,0,1200,70612+70620,10000,,,,jup_jp41_sm_kpappa50_camo_mastery_orion_unlock_ob,,0
41828,jup_jp41_sm_kpappa50_camo_mastery_orion_unlock_ob,0,0,3,,,,,,,17891|41825|43851,0
41829,jup_jp41_sm_kpappa50_mastery_completionist_ob,0,0,4,71494,,,,,,41821|41823|41825|41827,0
43855,jup_jp41_sm_kpappa50_camo_prestige_4,0,0,300000,68391,,,,,jup_jp41_sm_kpappa50_camo_prestige_3,,0
43859,jup_jp41_sm_kpappa50_camo_prestige_3,0,0,250000,68279,,,,,jup_jp41_sm_kpappa50_camo_prestige_2,,0
43863,jup_jp41_sm_kpappa50_camo_prestige_2,0,0,200000,68277,,,,,jup_jp41_sm_kpappa50_camo_prestige_1,,0
43867,jup_jp41_sm_kpappa50_camo_prestige_1,0,0,150000,68275,,,,,jup_jp41_sm_kpappa50_prestige_unlock,,0
43871,jup_jp41_sm_kpappa50_prestige_unlock,0,0,17,,,,,,,,0
41746,jup_jp31_dm_compound_camo_1,0,0,50,70844,1000,,,,jup_jp31_dm_compound_progression,,0
41750,jup_jp31_dm_compound_camo_gold,0,0,50,70816,4000,,,,jup_jp31_dm_compound_camo_gold_unlock,,0
41751,jup_jp31_dm_compound_camo_gold_wrapper,0,0,1,,,,,,,41750,0
41752,jup_jp31_dm_compound_camo_gold_unlock,0,0,1,,,,,,,41746,0
41753,jup_jp31_dm_compound_camo_plat,0,0,25,70820,5000,,,,jup_jp31_dm_compound_camo_plat_unlock,,0
41754,jup_jp31_dm_compound_camo_plat_wrapper,0,0,1,,,,,,,41753,0
41755,jup_jp31_dm_compound_camo_plat_unlock,0,0,2,,,,,,,41751|13820,0
41756,jup_jp31_dm_compound_camo_dama,0,0,10,70824,7500,,,,jup_jp31_dm_compound_camo_dama_unlock,,0
41757,jup_jp31_dm_compound_camo_dama_unlock,0,0,2,,,,,,,41754|11805,0
41758,jup_jp31_dm_compound_mastery_gold,0,0,100,81417+81230,4000,,,,jup_jp31_dm_compound_mastery_gold_unlock,,0
41759,jup_jp31_dm_compound_mastery_gold_unlock,0,0,2,,,,,,,41750|43850,0
41760,jup_jp31_dm_compound_mastery_plat,0,0,200,81418+81231,5000,,,,jup_jp31_dm_compound_mastery_plat_unlock,,0
41761,jup_jp31_dm_compound_mastery_plat_unlock,0,0,3,,,,,,,41753|41758|43850,0
41762,jup_jp31_dm_compound_mastery_dama,0,0,300,81419+81232,7500,,,,jup_jp31_dm_compound_mastery_dama_unlock,,0
41763,jup_jp31_dm_compound_mastery_dama_unlock,0,0,3,,,,,,,41756|41760|43850,0
41764,jup_jp31_dm_compound_mastery_orion,0,0,500,81420+81233,10000,,,,jup_jp31_dm_compound_mastery_orion_unlock,,0
41765,jup_jp31_dm_compound_mastery_orion_unlock,0,0,3,,,,,,,13792|41762|43850,0
41766,jup_jp31_dm_compound_mastery_completionist,0,0,4,80962,,,,,,41758|41760|41762|41764,0
41767,jup_jp31_dm_compound_camo_ob_1,0,0,250,70846,1000,,,,jup_jp31_dm_compound_progression,,0
41771,jup_jp31_dm_compound_camo_ob_gold,0,0,1,70828,4000,,,,jup_jp31_dm_compound_camo_ob_gold_unlock,,0
41772,jup_jp31_dm_compound_camo_ob_gold_wrapper,0,0,1,,,,,,,41771,0
41773,jup_jp31_dm_compound_camo_ob_gold_unlock,0,0,1,,,,,,,41767,0
41774,jup_jp31_dm_compound_camo_ob_plat,0,0,300,70832,5000,,,,jup_jp31_dm_compound_camo_plat_unlock_ob,,0
41775,jup_jp31_dm_compound_camo_ob_plat_wrapper,0,0,1,,,,,,,41774,0
41776,jup_jp31_dm_compound_camo_plat_unlock_ob,0,0,2,,,,,,,41772|17892,0
41777,jup_jp31_dm_compound_camo_ob_dama,0,0,10,70836,7500,,,,jup_jp31_dm_compound_camo_dama_unlock_ob,,0
41778,jup_jp31_dm_compound_camo_dama_unlock_ob,0,0,2,,,,,,,41775|17886,0
41779,jup_jp31_dm_compound_camo_mastery_gold_ob,0,0,300,81421+81234,4000,,,,jup_jp31_dm_compound_camo_mastery_gold_unlock_ob,,0
41780,jup_jp31_dm_compound_camo_mastery_gold_unlock_ob,0,0,2,,,,,,,41771|43850,0
41781,jup_jp31_dm_compound_camo_mastery_plat_ob,0,0,600,81422+81235,5000,,,,jup_jp31_dm_compound_camo_mastery_plat_unlock_ob,,0
41782,jup_jp31_dm_compound_camo_mastery_plat_unlock_ob,0,0,3,,,,,,,41774|41779|43850,0
41783,jup_jp31_dm_compound_camo_mastery_dama_ob,0,0,900,81423+81236,7500,,,,jup_jp31_dm_compound_camo_mastery_dama_unlock_ob,,0
41784,jup_jp31_dm_compound_camo_mastery_dama_unlock_ob,0,0,3,,,,,,,41777|41781|43850,0
41785,jup_jp31_dm_compound_camo_mastery_orion_ob,0,0,1200,81424+81237,10000,,,,jup_jp31_dm_compound_camo_mastery_orion_unlock_ob,,0
41786,jup_jp31_dm_compound_camo_mastery_orion_unlock_ob,0,0,3,,,,,,,17891|41783|43850,0
41787,jup_jp31_dm_compound_mastery_completionist_ob,0,0,4,80963,,,,,,41779|41781|41783|41785,0
43854,jup_jp31_dm_compound_camo_prestige_4,0,0,300000,68378,,,,,jup_jp31_dm_compound_camo_prestige_3,,0
43858,jup_jp31_dm_compound_camo_prestige_3,0,0,250000,68285,,,,,jup_jp31_dm_compound_camo_prestige_2,,0
43862,jup_jp31_dm_compound_camo_prestige_2,0,0,200000,68283,,,,,jup_jp31_dm_compound_camo_prestige_1,,0
43866,jup_jp31_dm_compound_camo_prestige_1,0,0,150000,68281,,,,,jup_jp31_dm_compound_prestige_unlock,,0
43870,jup_jp31_dm_compound_prestige_unlock,0,0,5,,,,,,,,0
41830,jup_jp23_me_spear_camo_1,0,0,50,70843,1000,,,,jup_jp23_me_spear_progression,,0
41831,jup_jp23_me_spear_camo_gold,0,0,15,70818,4000,,,,jup_jp23_me_spear_camo_gold_unlock,,0
41832,jup_jp23_me_spear_camo_gold_wrapper,0,0,1,,,,,,,41831,0
41833,jup_jp23_me_spear_camo_gold_unlock,0,0,1,,,,,,,41830,0
41834,jup_jp23_me_spear_camo_plat,0,0,10,70822,5000,,,,jup_jp23_me_spear_camo_plat_unlock,,0
41835,jup_jp23_me_spear_camo_plat_wrapper,0,0,1,,,,,,,41834,0
41836,jup_jp23_me_spear_camo_plat_unlock,0,0,2,,,,,,,41832|13829,0
41837,jup_jp23_me_spear_camo_dama,0,0,10,70826,7500,,,,jup_jp23_me_spear_camo_dama_unlock,,0
41838,jup_jp23_me_spear_camo_dama_unlock,0,0,2,,,,,,,41835|11805,0
41839,jup_jp23_me_spear_mastery_gold,0,0,100,73729+73737,4000,,,,jup_jp23_me_spear_mastery_gold_unlock,,0
41840,jup_jp23_me_spear_mastery_gold_unlock,0,0,2,,,,,,,41831|43849,0
41841,jup_jp23_me_spear_mastery_plat,0,0,200,73730+73738,5000,,,,jup_jp23_me_spear_mastery_plat_unlock,,0
41842,jup_jp23_me_spear_mastery_plat_unlock,0,0,3,,,,,,,41834|41839|43849,0
41843,jup_jp23_me_spear_mastery_dama,0,0,300,73731+73739,7500,,,,jup_jp23_me_spear_mastery_dama_unlock,,0
41844,jup_jp23_me_spear_mastery_dama_unlock,0,0,3,,,,,,,41837|41841|43849,0
41845,jup_jp23_me_spear_mastery_orion,0,0,500,73732+73740,10000,,,,jup_jp23_me_spear_mastery_orion_unlock,,0
41846,jup_jp23_me_spear_mastery_orion_unlock,0,0,3,,,,,,,13792|41843|43849,0
41847,jup_jp23_me_spear_mastery_completionist,0,0,4,80960,,,,,,41839|41841|41843|41845,0
41848,jup_jp23_me_spear_camo_ob_1,0,0,250,70845,1000,,,,jup_jp23_me_spear_progression,,0
41849,jup_jp23_me_spear_camo_ob_gold,0,0,1,70830,4000,,,,jup_jp23_me_spear_camo_ob_gold_unlock,,0
41850,jup_jp23_me_spear_camo_ob_gold_wrapper,0,0,1,,,,,,,41849,0
41851,jup_jp23_me_spear_camo_ob_gold_unlock,0,0,1,,,,,,,41848,0
41852,jup_jp23_me_spear_camo_ob_plat,0,0,300,70834,5000,,,,jup_jp23_me_spear_camo_plat_unlock_ob,,0
41853,jup_jp23_me_spear_camo_ob_plat_wrapper,0,0,1,,,,,,,41852,0
41854,jup_jp23_me_spear_camo_plat_unlock_ob,0,0,2,,,,,,,41850|17899,0
41855,jup_jp23_me_spear_camo_ob_dama,0,0,10,70838,7500,,,,jup_jp23_me_spear_camo_dama_unlock_ob,,0
41856,jup_jp23_me_spear_camo_dama_unlock_ob,0,0,2,,,,,,,41853|17886,0
41857,jup_jp23_me_spear_camo_mastery_gold_ob,0,0,300,73733+73741,4000,,,,jup_jp23_me_spear_camo_mastery_gold_unlock_ob,,0
41858,jup_jp23_me_spear_camo_mastery_gold_unlock_ob,0,0,2,,,,,,,41849|43849,0
41859,jup_jp23_me_spear_camo_mastery_plat_ob,0,0,600,73734+73742,5000,,,,jup_jp23_me_spear_camo_mastery_plat_unlock_ob,,0
41860,jup_jp23_me_spear_camo_mastery_plat_unlock_ob,0,0,3,,,,,,,41852|41857|43849,0
41861,jup_jp23_me_spear_camo_mastery_dama_ob,0,0,900,73735+73743,7500,,,,jup_jp23_me_spear_camo_mastery_dama_unlock_ob,,0
41862,jup_jp23_me_spear_camo_mastery_dama_unlock_ob,0,0,3,,,,,,,41855|41859|43849,0
41863,jup_jp23_me_spear_camo_mastery_orion_ob,0,0,1200,73736+73744,10000,,,,jup_jp23_me_spear_camo_mastery_orion_unlock_ob,,0
41864,jup_jp23_me_spear_camo_mastery_orion_unlock_ob,0,0,3,,,,,,,17891|41861|43849,0
41865,jup_jp23_me_spear_mastery_completionist_ob,0,0,4,80961,,,,,,41857|41859|41861|41863,0
43853,jup_jp23_me_spear_camo_prestige_4,0,0,300000,68412,,,,,jup_jp23_me_spear_camo_prestige_3,,0
43857,jup_jp23_me_spear_camo_prestige_3,0,0,250000,68286,,,,,jup_jp23_me_spear_camo_prestige_2,,0
43861,jup_jp23_me_spear_camo_prestige_2,0,0,200000,68284,,,,,jup_jp23_me_spear_camo_prestige_1,,0
43865,jup_jp23_me_spear_camo_prestige_1,0,0,150000,68282,,,,,jup_jp23_me_spear_prestige_unlock,,0
43869,jup_jp23_me_spear_prestige_unlock,0,0,5,,,,,,,,0
43622,jup_jp28_lm_rpapa20_camo_1,0,0,50,82102,1000,,,,jup_jp28_lm_rpapa20_progression,,0
43623,jup_jp28_lm_rpapa20_camo_2,0,0,10,82101,1500,,,,jup_jp28_lm_rpapa20_progression,,0
43624,jup_jp28_lm_rpapa20_camo_3,0,0,10,82100,2000,,,,jup_jp28_lm_rpapa20_progression,,0
43625,jup_jp28_lm_rpapa20_camo_4,0,0,10,82099,2500,,,,jup_jp28_lm_rpapa20_progression,,0
43626,jup_jp28_lm_rpapa20_camo_gold,0,0,10,81709,4000,,,,jup_jp28_lm_rpapa20_camo_gold_unlock,,0
43627,jup_jp28_lm_rpapa20_camo_gold_wrapper,0,0,1,,,,,,,43626,0
43628,jup_jp28_lm_rpapa20_camo_gold_unlock,0,0,4,,,,,,,43622|43623|43624|43625,0
43629,jup_jp28_lm_rpapa20_camo_plat,0,0,25,81710,5000,,,,jup_jp28_lm_rpapa20_camo_plat_unlock,,0
43630,jup_jp28_lm_rpapa20_camo_plat_wrapper,0,0,1,,,,,,,43629,0
43631,jup_jp28_lm_rpapa20_camo_plat_unlock,0,0,2,,,,,,,43627|13822,0
43632,jup_jp28_lm_rpapa20_camo_dama,0,0,25,81711,7500,,,,jup_jp28_lm_rpapa20_camo_dama_unlock,,0
43633,jup_jp28_lm_rpapa20_camo_dama_unlock,0,0,2,,,,,,,43630|11805,0
43634,jup_jp28_lm_rpapa20_mastery_gold,0,0,100,82311+82339,4000,,,,jup_jp28_lm_rpapa20_mastery_gold_unlock,,0
43635,jup_jp28_lm_rpapa20_mastery_gold_unlock,0,0,2,,,,,,,43626|47840,0
43636,jup_jp28_lm_rpapa20_mastery_plat,0,0,200,82312+82340,5000,,,,jup_jp28_lm_rpapa20_mastery_plat_unlock,,0
43637,jup_jp28_lm_rpapa20_mastery_plat_unlock,0,0,3,,,,,,,43629|43634|47840,0
43638,jup_jp28_lm_rpapa20_mastery_dama,0,0,300,82313+82341,7500,,,,jup_jp28_lm_rpapa20_mastery_dama_unlock,,0
43639,jup_jp28_lm_rpapa20_mastery_dama_unlock,0,0,3,,,,,,,43632|43636|47840,0
43640,jup_jp28_lm_rpapa20_mastery_orion,0,0,400,82314+82342,10000,,,,jup_jp28_lm_rpapa20_mastery_orion_unlock,,0
43641,jup_jp28_lm_rpapa20_mastery_orion_unlock,0,0,3,,,,,,,13792|43638|47840,0
43642,jup_jp28_lm_rpapa20_mastery_completionist,0,0,4,82729,,,,,,43634|43636|43638|43640,0
43643,jup_jp28_lm_rpapa20_camo_ob_1,0,0,250,82106,1000,,,,jup_jp28_lm_rpapa20_progression,,0
43644,jup_jp28_lm_rpapa20_camo_ob_2,0,0,1,82105,1500,,,,jup_jp28_lm_rpapa20_progression,,0
43645,jup_jp28_lm_rpapa20_camo_ob_3,0,0,10,81722,2000,,,,jup_jp28_lm_rpapa20_progression,,0
43646,jup_jp28_lm_rpapa20_camo_ob_4,0,0,250,82103,2500,,,,jup_jp28_lm_rpapa20_progression,,0
43647,jup_jp28_lm_rpapa20_camo_ob_gold,0,0,1,81712,4000,,,,jup_jp28_lm_rpapa20_camo_ob_gold_unlock,,0
43648,jup_jp28_lm_rpapa20_camo_ob_gold_wrapper,0,0,1,,,,,,,43647,0
43649,jup_jp28_lm_rpapa20_camo_ob_gold_unlock,0,0,4,,,,,,,43643|43644|43645|43646,0
43650,jup_jp28_lm_rpapa20_camo_ob_plat,0,0,300,81713,5000,,,,jup_jp28_lm_rpapa20_camo_plat_unlock_ob,,0
43651,jup_jp28_lm_rpapa20_camo_ob_plat_wrapper,0,0,1,,,,,,,43650,0
43652,jup_jp28_lm_rpapa20_camo_plat_unlock_ob,0,0,2,,,,,,,43648|17893,0
43653,jup_jp28_lm_rpapa20_camo_ob_dama,0,0,10,81714,7500,,,,jup_jp28_lm_rpapa20_camo_dama_unlock_ob,,0
43654,jup_jp28_lm_rpapa20_camo_dama_unlock_ob,0,0,2,,,,,,,43651|17886,0
43655,jup_jp28_lm_rpapa20_camo_mastery_gold_ob,0,0,300,82319+82347,4000,,,,jup_jp28_lm_rpapa20_camo_mastery_gold_unlock_ob,,0
43656,jup_jp28_lm_rpapa20_camo_mastery_gold_unlock_ob,0,0,2,,,,,,,43647|47840,0
43657,jup_jp28_lm_rpapa20_camo_mastery_plat_ob,0,0,600,82320+82348,5000,,,,jup_jp28_lm_rpapa20_camo_mastery_plat_unlock_ob,,0
43658,jup_jp28_lm_rpapa20_camo_mastery_plat_unlock_ob,0,0,3,,,,,,,43650|43655|47840,0
43659,jup_jp28_lm_rpapa20_camo_mastery_dama_ob,0,0,900,82321+82349,7500,,,,jup_jp28_lm_rpapa20_camo_mastery_dama_unlock_ob,,0
43660,jup_jp28_lm_rpapa20_camo_mastery_dama_unlock_ob,0,0,3,,,,,,,43653|43657|47840,0
43661,jup_jp28_lm_rpapa20_camo_mastery_orion_ob,0,0,1200,82322+82350,10000,,,,jup_jp28_lm_rpapa20_camo_mastery_orion_unlock_ob,,0
43662,jup_jp28_lm_rpapa20_camo_mastery_orion_unlock_ob,0,0,3,,,,,,,17891|43659|47840,0
43663,jup_jp28_lm_rpapa20_mastery_completionist_ob,0,0,4,82730,,,,,,43655|43657|43659|43661,0
47842,jup_jp28_lm_rpapa20_camo_prestige_4,0,0,300000,81704,,,,,jup_jp28_lm_rpapa20_camo_prestige_3,,0
47844,jup_jp28_lm_rpapa20_camo_prestige_3,0,0,250000,81703,,,,,jup_jp28_lm_rpapa20_camo_prestige_2,,0
47846,jup_jp28_lm_rpapa20_camo_prestige_2,0,0,200000,81702,,,,,jup_jp28_lm_rpapa20_camo_prestige_1,,0
47848,jup_jp28_lm_rpapa20_camo_prestige_1,0,0,150000,81701,,,,,jup_jp28_lm_rpapa20_prestige_unlock,,0
47850,jup_jp28_lm_rpapa20_prestige_unlock,0,0,17,,,,,,,,0
43664,jup_jp40_br_hcharlie36_camo_1,0,0,50,82098,1000,,,,jup_jp40_br_hcharlie36_progression,,0
43665,jup_jp40_br_hcharlie36_camo_2,0,0,50,82097,1500,,,,jup_jp40_br_hcharlie36_progression,,0
43666,jup_jp40_br_hcharlie36_camo_3,0,0,10,82096,2000,,,,jup_jp40_br_hcharlie36_progression,,0
43667,jup_jp40_br_hcharlie36_camo_4,0,0,15,82095,2500,,,,jup_jp40_br_hcharlie36_progression,,0
43668,jup_jp40_br_hcharlie36_camo_gold,0,0,10,81715,4000,,,,jup_jp40_br_hcharlie36_camo_gold_unlock,,0
43669,jup_jp40_br_hcharlie36_camo_gold_wrapper,0,0,1,,,,,,,43668,0
43670,jup_jp40_br_hcharlie36_camo_gold_unlock,0,0,4,,,,,,,43664|43665|43666|43667,0
43671,jup_jp40_br_hcharlie36_camo_plat,0,0,25,81716,5000,,,,jup_jp40_br_hcharlie36_camo_plat_unlock,,0
43672,jup_jp40_br_hcharlie36_camo_plat_wrapper,0,0,1,,,,,,,43671,0
43673,jup_jp40_br_hcharlie36_camo_plat_unlock,0,0,2,,,,,,,43669|13790,0
43674,jup_jp40_br_hcharlie36_camo_dama,0,0,15,81717,7500,,,,jup_jp40_br_hcharlie36_camo_dama_unlock,,0
43675,jup_jp40_br_hcharlie36_camo_dama_unlock,0,0,2,,,,,,,43672|11805,0
43676,jup_jp40_br_hcharlie36_mastery_gold,0,0,100,82307+82335,4000,,,,jup_jp40_br_hcharlie36_mastery_gold_unlock,,0
43677,jup_jp40_br_hcharlie36_mastery_gold_unlock,0,0,2,,,,,,,43668|47841,0
43678,jup_jp40_br_hcharlie36_mastery_plat,0,0,200,82308+82336,5000,,,,jup_jp40_br_hcharlie36_mastery_plat_unlock,,0
43679,jup_jp40_br_hcharlie36_mastery_plat_unlock,0,0,3,,,,,,,43671|43676|47841,0
43680,jup_jp40_br_hcharlie36_mastery_dama,0,0,300,82309+82337,7500,,,,jup_jp40_br_hcharlie36_mastery_dama_unlock,,0
43681,jup_jp40_br_hcharlie36_mastery_dama_unlock,0,0,3,,,,,,,43674|43678|47841,0
43682,jup_jp40_br_hcharlie36_mastery_orion,0,0,400,82310+82338,10000,,,,jup_jp40_br_hcharlie36_mastery_orion_unlock,,0
43683,jup_jp40_br_hcharlie36_mastery_orion_unlock,0,0,3,,,,,,,13792|43680|47841,0
43684,jup_jp40_br_hcharlie36_mastery_completionist,0,0,4,81728,,,,,,43676|43678|43680|43682,0
43685,jup_jp40_br_hcharlie36_camo_ob_1,0,0,250,82108,1000,,,,jup_jp40_br_hcharlie36_progression,,0
43686,jup_jp40_br_hcharlie36_camo_ob_2,0,0,250,82107,1500,,,,jup_jp40_br_hcharlie36_progression,,0
43687,jup_jp40_br_hcharlie36_camo_ob_3,0,0,50,82104,2000,,,,jup_jp40_br_hcharlie36_progression,,0
43688,jup_jp40_br_hcharlie36_camo_ob_4,0,0,10,81721,2500,,,,jup_jp40_br_hcharlie36_progression,,0
43689,jup_jp40_br_hcharlie36_camo_ob_gold,0,0,1,81718,4000,,,,jup_jp40_br_hcharlie36_camo_ob_gold_unlock,,0
43690,jup_jp40_br_hcharlie36_camo_ob_gold_wrapper,0,0,1,,,,,,,43689,0
43691,jup_jp40_br_hcharlie36_camo_ob_gold_unlock,0,0,4,,,,,,,43685|43686|43687|43688,0
43692,jup_jp40_br_hcharlie36_camo_ob_plat,0,0,300,81719,5000,,,,jup_jp40_br_hcharlie36_camo_plat_unlock_ob,,0
43693,jup_jp40_br_hcharlie36_camo_ob_plat_wrapper,0,0,1,,,,,,,43692,0
43694,jup_jp40_br_hcharlie36_camo_plat_unlock_ob,0,0,2,,,,,,,43690|17889,0
43695,jup_jp40_br_hcharlie36_camo_ob_dama,0,0,10,81720,7500,,,,jup_jp40_br_hcharlie36_camo_dama_unlock_ob,,0
43696,jup_jp40_br_hcharlie36_camo_dama_unlock_ob,0,0,2,,,,,,,43693|17886,0
43697,jup_jp40_br_hcharlie36_camo_mastery_gold_ob,0,0,300,82315+82343,4000,,,,jup_jp40_br_hcharlie36_camo_mastery_gold_unlock_ob,,0
43698,jup_jp40_br_hcharlie36_camo_mastery_gold_unlock_ob,0,0,2,,,,,,,43689|47841,0
43699,jup_jp40_br_hcharlie36_camo_mastery_plat_ob,0,0,600,82316+82344,5000,,,,jup_jp40_br_hcharlie36_camo_mastery_plat_unlock_ob,,0
43700,jup_jp40_br_hcharlie36_camo_mastery_plat_unlock_ob,0,0,3,,,,,,,43692|43697|47841,0
43701,jup_jp40_br_hcharlie36_camo_mastery_dama_ob,0,0,900,82317+82345,7500,,,,jup_jp40_br_hcharlie36_camo_mastery_dama_unlock_ob,,0
43702,jup_jp40_br_hcharlie36_camo_mastery_dama_unlock_ob,0,0,3,,,,,,,43695|43699|47841,0
43703,jup_jp40_br_hcharlie36_camo_mastery_orion_ob,0,0,1200,82318+82346,10000,,,,jup_jp40_br_hcharlie36_camo_mastery_orion_unlock_ob,,0
43704,jup_jp40_br_hcharlie36_camo_mastery_orion_unlock_ob,0,0,3,,,,,,,17891|43701|47841,0
43705,jup_jp40_br_hcharlie36_mastery_completionist_ob,0,0,4,81729,,,,,,43697|43699|43701|43703,0
47843,jup_jp40_br_hcharlie36_camo_prestige_4,0,0,300000,81708,,,,,jup_jp40_br_hcharlie36_camo_prestige_3,,0
47845,jup_jp40_br_hcharlie36_camo_prestige_3,0,0,250000,81707,,,,,jup_jp40_br_hcharlie36_camo_prestige_2,,0
47847,jup_jp40_br_hcharlie36_camo_prestige_2,0,0,200000,81706,,,,,jup_jp40_br_hcharlie36_camo_prestige_1,,0
47849,jup_jp40_br_hcharlie36_camo_prestige_1,0,0,150000,81705,,,,,jup_jp40_br_hcharlie36_prestige_unlock,,0
47851,jup_jp40_br_hcharlie36_prestige_unlock,0,0,19,,,,,,,,0
11803,jup_camo_platinum_unlock_ar,0,0,6,,,,,,,11510|12451|12728|16997|12738|12743|26413|26363|34633|41708,0
11805,jup_camo_dama_unlock,0,0,36,,,,,,,11512|12453|12729|16999|12739|12744|12756|12774|12797|12815|12831|12849|12865|12882|12899|12916|12933|13154|13171|13187|13225|13262|17045|13279|13299|13339|13356|13391|13408|13425|17115|13442|13459|17134|13473|17163|13487|22539|26422|26423|26424|26366|2653,0
13786,jup_camo_platinum_unlock_sm,0,0,6,,,,,,,12754|12772|12795|12813|12829|12847|26414|28471|37691|36322|41792,0
13788,jup_camo_platinum_unlock_pi,0,0,4,,,,,,,12863|12880|12897|12914,0
13790,jup_camo_platinum_unlock_br,0,0,3,,,,,,,12931|13152|13169|28429|43668,0
13792,jup_camo_orion_unlock,0,0,36,32513,,,,,,11513|12454|12633|17000|12673|12696|12757|12775|12798|12816|12832|12850|12866|12883|12900|12917|12934|13155|13172|13188|13226|13263|17046|13280|13300|13340|13357|13392|13409|13426|17116|13443|13460|17135|13474|17164|13488|22541|26431|26432|26433|26369|2653,0
13820,jup_camo_platinum_unlock_la,0,0,1,,,,,,,13471|17161|41750,0
13822,jup_camo_platinum_unlock_lm,0,0,4,,,,,,,13185|13223|13260|17043|13277|26531|43626,0
13826,jup_camo_platinum_unlock_sh,0,0,3,,,,,,,13406|13423|17111|36400,0
13824,jup_camo_platinum_unlock_dm,0,0,4,,,,,,,13297|13337|13354|13389|36280,0
13827,jup_camo_platinum_unlock_sn,0,0,3,,,,,,,13440|13457|17132|26415|34555,0
13829,jup_camo_platinum_unlock_me,0,0,2,,,,,,,13485|22537|29727|34594|36361|41831,0
16588,jup_mastery_completionist_tracker,0,0,36,45463+66324+66305,,,,,,16255|16318|16319|17011|20284|16321|16322|16323|16324|16325|16326|16327|16328|16329|16330|16331|16332|16333|16334|16335|16336|16337|17057|16338|16339|16340|16341|16342|16343|16344|17127|16345|16346|17146|16347|17175|16348|22847|26461|26462|26463|26379|2654,0
17885,jup_camo_platinum_unlock_ob_ar,0,0,6,,,,,,,17907|18079|18080|18081|20289|18083|26476|26384|34654|41729,0
17886,jup_camo_dama_unlock_ob,0,0,36,,,,,,,17911|18151|18152|18153|20291|18155|18156|18157|18158|18159|18160|18161|18162|18163|18164|18165|18166|18167|18168|18169|18170|18171|18172|18173|18174|18175|18176|18177|18178|18179|18180|18181|18182|18183|18184|18185|18186|22854|26485|26486|26487|26387|2655,0
17887,jup_camo_platinum_unlock_ob_sm,0,0,6,,,,,,,18084|18085|18086|18087|18088|18089|26477|28492|37693|36343|41813,0
17888,jup_camo_platinum_unlock_ob_pi,0,0,4,,,,,,,18090|18091|18092|18093,0
17889,jup_camo_platinum_unlock_ob_br,0,0,3,,,,,,,18094|18095|18096|28450|43689,0
17891,jup_camo_orion_unlock_ob,0,0,36,39591,,,,,,17913|18223|18224|18225|20293|18227|18228|18229|18230|18231|18232|18233|18234|18235|18236|18237|18238|18239|18240|18241|18242|18243|18244|18245|18246|18247|18248|18249|18250|18251|18252|18253|18254|18255|18256|18257|18258|22856|26494|26495|26496|26390|2655,0
17892,jup_camo_platinum_unlock_ob_la,0,0,1,,,,,,,18112|18113|41771,0
17893,jup_camo_platinum_unlock_ob_lm,0,0,4,,,,,,,18097|18098|18099|18100|18101|26552|43647,0
17895,jup_camo_platinum_unlock_ob_sh,0,0,3,,,,,,,18106|18107|18108|36421,0
17896,jup_camo_platinum_unlock_ob_dm,0,0,4,,,,,,,18102|18103|18104|18105|36301,0
17897,jup_camo_platinum_unlock_ob_sn,0,0,3,,,,,,,18109|18110|18111|26478|34576,0
17899,jup_camo_platinum_unlock_ob_me,0,0,2,,,,,,,18114|22852|29745|34612|36379|41849,0
17901,jup_mastery_completionist_tracker_ob,0,0,36,46000+66325+66306,,,,,,17932|18591|18592|18593|20303|18595|18596|18597|18598|18599|18600|18601|18602|18603|18604|18605|18606|18607|18608|18609|18610|18611|18612|18613|18614|18615|18616|18617|18618|18619|18620|18621|18622|18623|18624|18625|18626|22866|26524|26525|26526|26400|2656,0
18711,jup_camo_platinum_unlock_ob_iw9_ar,0,0,8,,,,,,,19004|19005|19012|19014|19017|19018|19019|19023|19028|19029|19062|19068|22448|22450|25903,0
18713,jup_camo_dama_unlock_ob_iw9,0,0,51,,,,,,,19138|19139|19140|19141|19142|19143|19144|19145|19146|19147|19148|19149|19150|19151|19152|19153|19154|19155|19156|19157|19158|19159|19160|19161|19162|19163|19164|19165|19166|19167|19168|19169|19170|19171|19172|19173|19174|19175|19176|19177|19178|19179|1918,0
18715,jup_camo_platinum_unlock_ob_iw9_sm,0,0,8,,,,,,,19008|19010|19015|19020|19021|19026|19027|19030|19031|19069|25626|25904,0
18717,jup_camo_platinum_unlock_ob_iw9_pi,0,0,5,,,,,,,19048|19049|19050|19051|19052|19053|19067|22451,0
18719,jup_camo_platinum_unlock_ob_iw9_br,0,0,4,,,,,,,19007|25605|25607|19039|19065,0
18721,jup_camo_orion_unlock_ob_iw9,0,0,51,45714,,,,,,19272|19273|19274|19275|19276|19277|19278|19279|19280|19281|19282|19283|19284|19285|19286|19287|19288|19289|19290|19291|19292|19293|19294|19295|19296|19297|19298|19299|19300|19301|19302|19303|19304|19305|19306|19307|19308|19309|19310|19311|19312|19313|1931,0
18723,jup_camo_platinum_unlock_ob_iw9_la,0,0,4,,,,,,,19054|19055|19056|19057,0
18725,jup_camo_platinum_unlock_ob_iw9_lm,0,0,6,,,,,,,19006|19011|19016|19022|19036|19037,0
18727,jup_camo_platinum_unlock_ob_iw9_sh,0,0,4,,,,,,,19032|19033|19034|19035|19061|22447,0
18729,jup_camo_platinum_unlock_ob_iw9_dm,0,0,6,,,,,,,19013|19025|19038|19040|19041|19042|19060|19064,0
18731,jup_camo_platinum_unlock_ob_iw9_sn,0,0,4,,,,,,,25611|25610|19045|19046|19047|19066|22449,0
18733,jup_camo_platinum_unlock_ob_iw9_me,0,0,2,,,,,,,19058|19059|19063|19070|25625|25905,0
18735,jup_mastery_completionist_tracker_ob_iw9,0,0,51,46001+66326+66307,,,,,,19942|19943|19944|19945|19946|19947|19948|19949|19950|19951|19952|19953|19954|19955|19956|19957|19958|19959|19960|19961|19962|19963|19964|19965|19966|19967|19968|19969|19970|19971|19972|19973|19974|19975|19976|19977|19978|19979|19980|19981|19982|19983|1998,0
8105,iw9_ch_reward_kit_prog_unlocks_medic_rank_2,0,0,1,6485,0,,,,,,0
8106,iw9_ch_reward_kit_prog_unlocks_medic_rank_4,0,0,1,11563,0,,,,,,0
8110,iw9_ch_reward_kit_prog_unlocks_medic_rank_8,0,0,1,8966,0,,,,,,0
8111,iw9_ch_reward_kit_prog_unlocks_medic_rank_10,0,0,1,12383,0,,,,,,0
8115,iw9_ch_reward_kit_prog_unlocks_assault_rank_2,0,0,1,6215,0,,,,,,0
8116,iw9_ch_reward_kit_prog_unlocks_assault_rank_4,0,0,1,11557,0,,,,,,0
8121,iw9_ch_reward_kit_prog_unlocks_assault_rank_8,0,0,1,8718,0,,,,,,0
8123,iw9_ch_reward_kit_prog_unlocks_assault_rank_10,0,0,1,12382,0,,,,,,0
8125,iw9_ch_reward_kit_prog_unlocks_recon_rank_2,0,0,1,6780,0,,,,,,0
8127,iw9_ch_reward_kit_prog_unlocks_recon_rank_4,0,0,1,11560,0,,,,,,0
8131,iw9_ch_reward_kit_prog_unlocks_recon_rank_8,0,0,1,9029,0,,,,,,0
8130,iw9_ch_reward_kit_prog_unlocks_recon_rank_10,0,0,1,13373,0,,,,,,0
8143,iw9_ch_reward_career_star_unlocks_20,0,0,20,9038,0,,,,,,0
13645,iw9_ch_reward_career_star_unlocks_backup_total_20,0,0,1,9038,0,,,,,,0
8146,iw9_ch_reward_career_star_unlocks_30,0,0,30,6734,0,,,,,,0
13644,iw9_ch_reward_career_star_unlocks_backup_total_30,0,0,1,6734,0,,,,,,0
8148,iw9_ch_reward_career_star_unlocks_50,0,0,50,6801,0,,,,,,0
13643,iw9_ch_reward_career_star_unlocks_backup_total_50,0,0,1,6801,0,,,,,,0
8150,iw9_ch_reward_career_star_unlocks_75,0,0,75,6258,0,,,,,,0
13642,iw9_ch_reward_career_star_unlocks_backup_total_75,0,0,1,6258,0,,,,,,0
8152,iw9_ch_reward_career_star_unlocks_100,0,0,100,11816,0,,,,,,0
13641,iw9_ch_reward_career_star_unlocks_backup_total_100,0,0,1,11816,0,,,,,,0
8156,iw9_ch_reward_intel_collect_unlocks_20_cp,0,0,20,9446,0,,,,,,0
8158,iw9_ch_reward_intel_collect_unlocks_40_cp,0,0,40,6819,0,,,,,,0
8160,iw9_ch_reward_intel_collect_unlocks_50_cp,0,0,50,11862,0,,,,,,0
8162,iw9_ch_reward_mission_complete_high_ground,0,0,1,13504,0,,,,,,0
14132,iw9_ch_reward_mission_complete_defender_hafid_port,0,0,1,14798,0,,,,,,0
8164,iw9_ch_reward_mission_complete_high_ground_three_stars,0,0,1,10380,0,,,,,,0
8168,iw9_ch_reward_mission_complete_defender_mt_zaya_three_stars,0,0,1,10140,0,,,,,,0
8171,iw9_ch_reward_mission_complete_low_profile_three_stars,0,0,1,6556,0,,,,,,0
8175,iw9_ch_reward_mission_complete_denied_area_three_stars,0,0,1,9609,0,,,,,,0
8181,iw9_ch_reward_mission_complete_raid_s1_hard,0,0,1,11826,0,,,,,,0
12240,iw9_ch_reward_mission_complete_raid_s1_hard_token,0,0,1,3948,0,,,,,,0
12242,iw9_ch_reward_mission_complete_raid_s2_hard_token,0,0,1,3948,0,,,,,,0
12241,iw9_ch_reward_mission_complete_raid_s2_token,0,0,1,3962,0,,,,,,0
12243,iw9_ch_reward_mission_complete_raid_s1_token,0,0,1,3962,0,,,,,,0
12110,iw9_ch_reward_mission_complete_raid_s2_hard,0,0,1,23649,0,,,,,,0
14786,iw9_ch_reward_mission_complete_raid_s3_hard,0,0,1,29357,0,,,,,,0
14787,iw9_ch_reward_mission_complete_raid_s3_hard_token,0,0,1,3948,0,,,,,,0
14788,iw9_ch_reward_mission_complete_raid_s3_token,0,0,1,3962,0,,,,,,0
14790,iw9_ch_reward_mission_complete_raid_s4_hard,0,0,1,,0,,,,,,0
14791,iw9_ch_reward_mission_complete_raid_s4_hard_token,0,0,1,3948,0,,,,,,0
14792,iw9_ch_reward_mission_complete_raid_s4_token,0,0,1,3962,0,,,,,,0
8179,iw9_ch_reward_mission_complete_raid_s1_three_stars,0,0,1,,0,,,,,,0
8735,iw9_ch_intel_collect_single,0,0,1,,500,,,,,,0
8737,iw9_ch_intel_collect_five,0,0,1,,0,,,,,,0
8930,camo_orion_unlock,0,0,51,12237,0,,,,,,0
8253,camo_damascus_unlock,0,0,51,,0,,,,,,0
8254,camo_platinum_pi_unlock,0,0,5,,0,,,,,,0
8255,camo_platinum_me_unlock,0,0,2,,0,,,,,,0
8256,camo_platinum_sn_unlock,0,0,4,,0,,,,,,0
8743,camo_platinum_sh_unlock,0,0,4,,0,,,,,,0
8257,camo_platinum_la_unlock,0,0,4,,0,,,,,,0
8258,camo_platinum_dm_unlock,0,0,6,,0,,,,,,0
8259,camo_platinum_br_unlock,0,0,4,,0,,,,,,0
8260,camo_platinum_lm_unlock,0,0,6,,0,,,,,,0
8261,camo_platinum_sm_unlock,0,0,8,,0,,,,,,0
8262,camo_platinum_ar_unlock,0,0,8,,0,,,,,,0
8225,iw9_ar_mike4_camo_1,0,0,50,12190,1000,,,,,,0
8226,iw9_ar_mike4_camo_2,0,0,50,12214,1500,,,,,,0
8227,iw9_ar_mike4_camo_3,0,0,10,12116,2000,,,,,,0
8228,iw9_ar_mike4_camo_4,0,0,15,12105,2500,,,,,,0
8229,iw9_ar_mike4_camo_gold,0,0,10,12735,4000,,,,,,0
8230,iw9_ar_mike4_camo_gold_unlock,0,0,4,,0,,,,,,0
8983,iw9_ar_mike4_camo_plat,0,0,25,12674,5000,,,,,,0
9138,iw9_ar_mike4_camo_dama,0,0,25,12679,7500,,,,,,0
9285,iw9_ar_mike16_camo_1,0,0,50,12055,1000,,,,,,0
9117,iw9_ar_mike16_camo_2,0,0,10,12072,1500,,,,,,0
9230,iw9_ar_mike16_camo_3,0,0,30,12108,2000,,,,,,0
9153,iw9_ar_mike16_camo_4,0,0,20,12209,2500,,,,,,0
9147,iw9_ar_mike16_camo_gold,0,0,10,12760,4000,,,,,,0
9060,iw9_ar_mike16_camo_gold_unlock,0,0,4,,0,,,,,,0
9069,iw9_ar_mike16_camo_plat,0,0,25,12698,5000,,,,,,0
9209,iw9_ar_mike16_camo_dama,0,0,25,12771,7500,,,,,,0
9259,iw9_lm_foxtrot_camo_1,0,0,50,12171,1000,,,,,,0
9251,iw9_lm_foxtrot_camo_2,0,0,10,12079,1500,,,,,,0
9316,iw9_lm_foxtrot_camo_3,0,0,20,12258,2000,,,,,,0
9074,iw9_lm_foxtrot_camo_4,0,0,30,12022,2500,,,,,,0
9172,iw9_lm_foxtrot_camo_gold,0,0,10,12628,4000,,,,,,0
8992,iw9_lm_foxtrot_camo_gold_unlock,0,0,4,,0,,,,,,0
9119,iw9_lm_foxtrot_camo_plat,0,0,25,12715,5000,,,,,,0
9267,iw9_lm_foxtrot_camo_dama,0,0,25,12673,7500,,,,,,0
9278,iw9_br_msecho_camo_1,0,0,50,12019,1000,,,,,,0
9212,iw9_br_msecho_camo_2,0,0,10,12176,1500,,,,,,0
9223,iw9_br_msecho_camo_3,0,0,50,12182,2000,,,,,,0
8961,iw9_br_msecho_camo_4,0,0,30,12141,2500,,,,,,0
9077,iw9_br_msecho_camo_gold,0,0,10,12636,4000,,,,,,0
9342,iw9_br_msecho_camo_gold_unlock,0,0,4,,0,,,,,,0
9083,iw9_br_msecho_camo_plat,0,0,25,12619,5000,,,,,,0
9281,iw9_br_msecho_camo_dama,0,0,25,12727,7500,,,,,,0
9252,iw9_sm_alpha57_camo_1,0,0,50,12184,1000,,,,,,0
9089,iw9_sm_alpha57_camo_2,0,0,50,12193,1500,,,,,,0
9333,iw9_sm_alpha57_camo_3,0,0,50,12185,2000,,,,,,0
9192,iw9_sm_alpha57_camo_4,0,0,30,12134,2500,,,,,,0
9244,iw9_sm_alpha57_camo_gold,0,0,10,12753,4000,,,,,,0
9144,iw9_sm_alpha57_camo_gold_unlock,0,0,4,,0,,,,,,0
9129,iw9_sm_alpha57_camo_plat,0,0,25,12742,5000,,,,,,0
9078,iw9_sm_alpha57_camo_dama,0,0,25,12611,7500,,,,,,0
9076,iw9_ar_golf3_camo_1,0,0,50,12200,1000,,,,,,0
9102,iw9_ar_golf3_camo_2,0,0,50,12110,1500,,,,,,0
9048,iw9_ar_golf3_camo_3,0,0,20,12180,2000,,,,,,0
9177,iw9_ar_golf3_camo_4,0,0,10,12132,2500,,,,,,0
9355,iw9_ar_golf3_camo_gold,0,0,10,12607,4000,,,,,,0
9094,iw9_ar_golf3_camo_gold_unlock,0,0,4,,0,,,,,,0
9081,iw9_ar_golf3_camo_plat,0,0,25,12649,5000,,,,,,0
9282,iw9_ar_golf3_camo_dama,0,0,25,12647,7500,,,,,,0
9008,iw9_sm_mpapa5_camo_1,0,0,50,12082,1000,,,,,,0
8984,iw9_sm_mpapa5_camo_2,0,0,10,12187,1500,,,,,,0
9131,iw9_sm_mpapa5_camo_3,0,0,50,12179,2000,,,,,,0
9219,iw9_sm_mpapa5_camo_4,0,0,10,12208,2500,,,,,,0
9160,iw9_sm_mpapa5_camo_gold,0,0,10,12707,4000,,,,,,0
9141,iw9_sm_mpapa5_camo_gold_unlock,0,0,4,,0,,,,,,0
9360,iw9_sm_mpapa5_camo_plat,0,0,25,12728,5000,,,,,,0
9345,iw9_sm_mpapa5_camo_dama,0,0,25,12659,7500,,,,,,0
9006,iw9_lm_kilo21_camo_1,0,0,50,12212,1000,,,,,,0
9056,iw9_lm_kilo21_camo_2,0,0,10,12070,1500,,,,,,0
9202,iw9_lm_kilo21_camo_3,0,0,20,12238,2000,,,,,,0
9157,iw9_lm_kilo21_camo_4,0,0,50,12156,2500,,,,,,0
8978,iw9_lm_kilo21_camo_gold,0,0,10,12761,4000,,,,,,0
9016,iw9_lm_kilo21_camo_gold_unlock,0,0,4,,0,,,,,,0
8981,iw9_lm_kilo21_camo_plat,0,0,25,12774,5000,,,,,,0
8968,iw9_lm_kilo21_camo_dama,0,0,25,12745,7500,,,,,,0
9247,iw9_ar_kilo53_camo_1,0,0,50,12225,1000,,,,,,0
9180,iw9_ar_kilo53_camo_2,0,0,10,12122,1500,,,,,,0
9264,iw9_ar_kilo53_camo_3,0,0,50,12173,2000,,,,,,0
9266,iw9_ar_kilo53_camo_4,0,0,10,12061,2500,,,,,,0
8977,iw9_ar_kilo53_camo_gold,0,0,10,12627,4000,,,,,,0
9311,iw9_ar_kilo53_camo_gold_unlock,0,0,4,,0,,,,,,0
8964,iw9_ar_kilo53_camo_plat,0,0,25,12612,5000,,,,,,0
9330,iw9_ar_kilo53_camo_dama,0,0,25,12751,7500,,,,,,0
8931,iw9_dm_pgolf1_camo_1,0,0,40,12150,1000,,,,,,0
8932,iw9_dm_pgolf1_camo_2,0,0,20,12084,1500,,,,,,0
8933,iw9_dm_pgolf1_camo_3,0,0,20,12034,2000,,,,,,0
8934,iw9_dm_pgolf1_camo_4,0,0,30,12201,2500,,,,,,0
8918,iw9_dm_pgolf1_camo_gold,0,0,10,12786,4000,,,,,,0
8935,iw9_dm_pgolf1_camo_gold_unlock,0,0,4,,0,,,,,,0
8936,iw9_dm_pgolf1_camo_plat,0,0,25,12785,5000,,,,,,0
8937,iw9_dm_pgolf1_camo_dama,0,0,25,12784,7500,,,,,,0
8997,iw9_ar_augolf_camo_1,0,0,50,12120,1000,,,,,,0
9106,iw9_ar_augolf_camo_2,0,0,20,12170,1500,,,,,,0
9043,iw9_ar_augolf_camo_3,0,0,10,12045,2000,,,,,,0
8994,iw9_ar_augolf_camo_4,0,0,30,12085,2500,,,,,,0
9340,iw9_ar_augolf_camo_gold,0,0,10,12776,4000,,,,,,0
9194,iw9_ar_augolf_camo_gold_unlock,0,0,4,,0,,,,,,0
9051,iw9_ar_augolf_camo_plat,0,0,25,12758,5000,,,,,,0
9243,iw9_ar_augolf_camo_dama,0,0,25,12654,7500,,,,,,0
9054,iw9_sm_apapa_camo_1,0,0,50,12035,1000,,,,,,0
9288,iw9_sm_apapa_camo_2,0,0,10,12186,1500,,,,,,0
9062,iw9_sm_apapa_camo_3,0,0,20,12107,2000,,,,,,0
9014,iw9_sm_apapa_camo_4,0,0,30,12081,2500,,,,,,0
9159,iw9_sm_apapa_camo_gold,0,0,10,12746,4000,,,,,,0
9237,iw9_sm_apapa_camo_gold_unlock,0,0,4,,0,,,,,,0
9308,iw9_sm_apapa_camo_plat,0,0,25,12625,5000,,,,,,0
9305,iw9_sm_apapa_camo_dama,0,0,25,12685,7500,,,,,,0
9030,iw9_lm_ahotel_camo_1,0,0,50,12087,1000,,,,,,0
8999,iw9_lm_ahotel_camo_2,0,0,50,12218,1500,,,,,,0
9086,iw9_lm_ahotel_camo_3,0,0,10,12094,2000,,,,,,0
9371,iw9_lm_ahotel_camo_4,0,0,20,12075,2500,,,,,,0
9165,iw9_lm_ahotel_camo_gold,0,0,10,12615,4000,,,,,,0
9085,iw9_lm_ahotel_camo_gold_unlock,0,0,4,,0,,,,,,0
9275,iw9_lm_ahotel_camo_plat,0,0,25,12681,5000,,,,,,0
9189,iw9_lm_ahotel_camo_dama,0,0,25,12749,7500,,,,,,0
9292,iw9_ar_akilo_camo_1,0,0,50,12191,1000,,,,,,0
8996,iw9_ar_akilo_camo_2,0,0,20,12133,1500,,,,,,0
9329,iw9_ar_akilo_camo_3,0,0,50,12220,2000,,,,,,0
9225,iw9_ar_akilo_camo_4,0,0,15,12123,2500,,,,,,0
9319,iw9_ar_akilo_camo_gold,0,0,10,12763,4000,,,,,,0
9150,iw9_ar_akilo_camo_gold_unlock,0,0,4,,0,,,,,,0
9163,iw9_ar_akilo_camo_plat,0,0,25,12702,5000,,,,,,0
9161,iw9_ar_akilo_camo_dama,0,0,25,12696,7500,,,,,,0
9361,iw9_ar_akilo105_camo_1,0,0,50,12060,1000,,,,,,0
9071,iw9_ar_akilo105_camo_2,0,0,10,12067,1500,,,,,,0
9091,iw9_ar_akilo105_camo_3,0,0,50,12221,2000,,,,,,0
9068,iw9_ar_akilo105_camo_4,0,0,50,12077,2500,,,,,,0
9231,iw9_ar_akilo105_camo_gold,0,0,10,12617,4000,,,,,,0
9087,iw9_ar_akilo105_camo_gold_unlock,0,0,4,,0,,,,,,0
9134,iw9_ar_akilo105_camo_plat,0,0,25,12755,5000,,,,,,0
9009,iw9_ar_akilo105_camo_dama,0,0,25,12639,7500,,,,,,0
9265,iw9_ar_akilo74_camo_1,0,0,50,12213,1000,,,,,,0
9273,iw9_ar_akilo74_camo_2,0,0,15,12063,1500,,,,,,0
9033,iw9_ar_akilo74_camo_3,0,0,10,12192,2000,,,,,,0
9135,iw9_ar_akilo74_camo_4,0,0,30,12254,2500,,,,,,0
9003,iw9_ar_akilo74_camo_gold,0,0,10,12680,4000,,,,,,0
9245,iw9_ar_akilo74_camo_gold_unlock,0,0,4,,0,,,,,,0
9112,iw9_ar_akilo74_camo_plat,0,0,25,12756,5000,,,,,,0
8985,iw9_ar_akilo74_camo_dama,0,0,25,12662,7500,,,,,,0
9299,iw9_sm_aviktor_camo_1,0,0,50,12112,1000,,,,,,0
9191,iw9_sm_aviktor_camo_2,0,0,50,12203,1500,,,,,,0
8998,iw9_sm_aviktor_camo_3,0,0,10,12239,2000,,,,,,0
9031,iw9_sm_aviktor_camo_4,0,0,15,12118,2500,,,,,,0
9053,iw9_sm_aviktor_camo_gold,0,0,10,12773,4000,,,,,,0
9187,iw9_sm_aviktor_camo_gold_unlock,0,0,4,,0,,,,,,0
9199,iw9_sm_aviktor_camo_plat,0,0,25,12623,5000,,,,,,0
9346,iw9_sm_aviktor_camo_dama,0,0,25,12738,7500,,,,,,0
8969,iw9_sm_beta_camo_1,0,0,50,12226,1000,,,,,,0
8995,iw9_sm_beta_camo_2,0,0,10,12177,1500,,,,,,0
9344,iw9_sm_beta_camo_3,0,0,50,12083,2000,,,,,,0
9066,iw9_sm_beta_camo_4,0,0,15,12172,2500,,,,,,0
9224,iw9_sm_beta_camo_gold,0,0,10,12700,4000,,,,,,0
9240,iw9_sm_beta_camo_gold_unlock,0,0,4,,0,,,,,,0
9257,iw9_sm_beta_camo_plat,0,0,25,12705,5000,,,,,,0
8957,iw9_sm_beta_camo_dama,0,0,25,12650,7500,,,,,,0
8960,iw9_lm_rkilo_camo_1,0,0,50,12167,1000,,,,,,0
9075,iw9_lm_rkilo_camo_2,0,0,10,12092,1500,,,,,,0
9188,iw9_lm_rkilo_camo_3,0,0,50,12166,2000,,,,,,0
9286,iw9_lm_rkilo_camo_4,0,0,20,12236,2500,,,,,,0
9357,iw9_lm_rkilo_camo_gold,0,0,10,12660,4000,,,,,,0
9277,iw9_lm_rkilo_camo_gold_unlock,0,0,4,,0,,,,,,0
9026,iw9_lm_rkilo_camo_plat,0,0,25,12643,5000,,,,,,0
9155,iw9_lm_rkilo_camo_dama,0,0,25,12717,7500,,,,,,0
9338,iw9_ar_scharlie_camo_1,0,0,50,12111,1000,,,,,,0
9023,iw9_ar_scharlie_camo_2,0,0,10,12090,1500,,,,,,0
9028,iw9_ar_scharlie_camo_3,0,0,50,12114,2000,,,,,,0
9162,iw9_ar_scharlie_camo_4,0,0,15,12064,2500,,,,,,0
9312,iw9_ar_scharlie_camo_gold,0,0,10,12668,4000,,,,,,0
9203,iw9_ar_scharlie_camo_gold_unlock,0,0,4,,0,,,,,,0
9306,iw9_ar_scharlie_camo_plat,0,0,25,12769,5000,,,,,,0
9140,iw9_ar_scharlie_camo_dama,0,0,25,12703,7500,,,,,,0
9253,iw9_ar_schotel_camo_1,0,0,50,12157,1000,,,,,,0
9210,iw9_ar_schotel_camo_2,0,0,15,12115,1500,,,,,,0
9136,iw9_ar_schotel_camo_3,0,0,15,12146,2000,,,,,,0
9211,iw9_ar_schotel_camo_4,0,0,20,12228,2500,,,,,,0
9035,iw9_ar_schotel_camo_gold,0,0,10,12757,4000,,,,,,0
9072,iw9_ar_schotel_camo_gold_unlock,0,0,4,,0,,,,,,0
9218,iw9_ar_schotel_camo_plat,0,0,25,12711,5000,,,,,,0
9303,iw9_ar_schotel_camo_dama,0,0,25,12767,7500,,,,,,0
9025,iw9_dm_scromeo_camo_1,0,0,50,12205,1000,,,,,,0
9204,iw9_dm_scromeo_camo_2,0,0,20,12145,1500,,,,,,0
9341,iw9_dm_scromeo_camo_3,0,0,5,12137,2000,,,,,,0
9073,iw9_dm_scromeo_camo_4,0,0,10,12028,2500,,,,,,0
9249,iw9_dm_scromeo_camo_gold,0,0,10,12631,4000,,,,,,0
9356,iw9_dm_scromeo_camo_gold_unlock,0,0,4,,0,,,,,,0
9307,iw9_dm_scromeo_camo_plat,0,0,25,12638,5000,,,,,,0
9367,iw9_dm_scromeo_camo_dama,0,0,25,12652,7500,,,,,,0
9276,iw9_sm_papa90_camo_1,0,0,50,12048,1000,,,,,,0
9002,iw9_sm_papa90_camo_2,0,0,50,12102,1500,,,,,,0
9055,iw9_sm_papa90_camo_3,0,0,15,12042,2000,,,,,,0
9095,iw9_sm_papa90_camo_4,0,0,10,12050,2500,,,,,,0
9236,iw9_sm_papa90_camo_gold,0,0,10,12712,4000,,,,,,0
9207,iw9_sm_papa90_camo_gold_unlock,0,0,4,,0,,,,,,0
9221,iw9_sm_papa90_camo_plat,0,0,25,12726,5000,,,,,,0
9289,iw9_sm_papa90_camo_dama,0,0,25,12737,7500,,,,,,0
9263,iw9_sm_mpapax_camo_1,0,0,50,12155,1000,,,,,,0
9351,iw9_sm_mpapax_camo_2,0,0,15,12103,1500,,,,,,0
9024,iw9_sm_mpapax_camo_3,0,0,15,12059,2000,,,,,,0
9348,iw9_sm_mpapax_camo_4,0,0,50,12149,2500,,,,,,0
9121,iw9_sm_mpapax_camo_gold,0,0,10,12697,4000,,,,,,0
9063,iw9_sm_mpapax_camo_gold_unlock,0,0,4,,0,,,,,,0
10016,iw9_sm_mpapax_camo_plat_unlock,0,0,2,,0,,,,,,0
10017,iw9_sm_mpapax_camo_dama_unlock,0,0,2,,0,,,,,,0
8955,iw9_sm_mpapax_camo_plat,0,0,25,12752,5000,,,,,,0
10018,iw9_sm_mpapax_camo_plat_activator,0,0,1,,0,,,,,,0
10019,iw9_sm_mpapax_camo_dama_activator,0,0,1,,0,,,,,,0
9349,iw9_sm_mpapax_camo_dama,0,0,25,12706,7500,,,,,,0
9064,iw9_ar_mcharlie_camo_1,0,0,50,12031,1000,,,,,,0
9195,iw9_ar_mcharlie_camo_2,0,0,10,12165,1500,,,,,,0
9272,iw9_ar_mcharlie_camo_3,0,0,15,12175,2000,,,,,,0
9254,iw9_ar_mcharlie_camo_4,0,0,15,12189,2500,,,,,,0
9227,iw9_ar_mcharlie_camo_gold,0,0,10,12655,4000,,,,,,0
9137,iw9_ar_mcharlie_camo_gold_unlock,0,0,4,,0,,,,,,0
10004,iw9_ar_mcharlie_camo_plat_unlock,0,0,2,,0,,,,,,0
10006,iw9_ar_mcharlie_camo_dama_unlock,0,0,2,,0,,,,,,0
9314,iw9_ar_mcharlie_camo_plat,0,0,25,12676,5000,,,,,,0
10005,iw9_ar_mcharlie_camo_plat_activator,0,0,1,,0,,,,,,0
9010,iw9_ar_mcharlie_camo_dama,0,0,25,12716,7500,,,,,,0
10007,iw9_ar_mcharlie_camo_dama_activator,0,0,1,,0,,,,,,0
9132,iw9_ar_mcbravo_camo_1,0,0,50,12159,1000,,,,,,0
9047,iw9_ar_mcbravo_camo_2,0,0,20,12215,1500,,,,,,0
9019,iw9_ar_mcbravo_camo_3,0,0,10,12091,2000,,,,,,0
9022,iw9_ar_mcbravo_camo_4,0,0,15,12057,2500,,,,,,0
9183,iw9_ar_mcbravo_camo_gold,0,0,10,12613,4000,,,,,,0
8959,iw9_ar_mcbravo_camo_gold_unlock,0,0,4,,0,,,,,,0
10008,iw9_ar_mcbravo_camo_plat_unlock,0,0,2,,0,,,,,,0
10009,iw9_ar_mcbravo_camo_dama_unlock,0,0,2,,0,,,,,,0
9258,iw9_ar_mcbravo_camo_plat,0,0,25,12770,5000,,,,,,0
11233,iw9_ar_mcbravo_camo_plat_activator_2,0,0,0,,0,,,,,,0
8991,iw9_ar_mcbravo_camo_dama,0,0,25,12624,7500,,,,,,0
11234,iw9_ar_mcbravo_camo_dama_activator_2,0,0,0,,0,,,,,,0
9041,iw9_sm_mpapa7_camo_1,0,0,50,12163,1000,,,,,,0
9118,iw9_sm_mpapa7_camo_2,0,0,50,12047,1500,,,,,,0
9364,iw9_sm_mpapa7_camo_3,0,0,15,12049,2000,,,,,,0
9352,iw9_sm_mpapa7_camo_4,0,0,10,12160,2500,,,,,,0
9090,iw9_sm_mpapa7_camo_gold,0,0,10,12775,4000,,,,,,0
9000,iw9_sm_mpapa7_camo_gold_unlock,0,0,4,,0,,,,,,0
9246,iw9_sm_mpapa7_camo_plat,0,0,25,12747,5000,,,,,,0
9059,iw9_sm_mpapa7_camo_dama,0,0,25,12657,7500,,,,,,0
9027,iw9_sm_victor_camo_1,0,0,50,12139,1000,,,,,,0
9164,iw9_sm_victor_camo_2,0,0,30,12098,1500,,,,,,0
9127,iw9_sm_victor_camo_3,0,0,15,12181,2000,,,,,,0
9336,iw9_sm_victor_camo_4,0,0,10,12027,2500,,,,,,0
9193,iw9_sm_victor_camo_gold,0,0,10,12772,4000,,,,,,0
9315,iw9_sm_victor_camo_gold_unlock,0,0,4,,0,,,,,,0
9217,iw9_sm_victor_camo_plat,0,0,25,12694,5000,,,,,,0
8956,iw9_sm_victor_camo_dama,0,0,25,12741,7500,,,,,,0
9120,iw9_sh_mike1014_camo_1,0,0,40,12199,1000,,,,,,0
9139,iw9_sh_mike1014_camo_2,0,0,15,12195,1500,,,,,,0
9100,iw9_sh_mike1014_camo_3,0,0,25,12127,2000,,,,,,0
9255,iw9_sh_mike1014_camo_4,0,0,30,12248,2500,,,,,,0
9373,iw9_sh_mike1014_camo_gold,0,0,10,12766,4000,,,,,,0
9104,iw9_sh_mike1014_camo_gold_unlock,0,0,4,,0,,,,,,0
9298,iw9_sh_mike1014_camo_plat,0,0,20,12781,5000,,,,,,0
9190,iw9_sh_mike1014_camo_dama,0,0,20,12609,7500,,,,,,0
9176,iw9_sh_mbravo_camo_1,0,0,40,12040,1000,,,,,,0
9174,iw9_sh_mbravo_camo_2,0,0,15,12071,1500,,,,,,0
9124,iw9_sh_mbravo_camo_3,0,0,10,12178,2000,,,,,,0
9317,iw9_sh_mbravo_camo_4,0,0,20,12088,2500,,,,,,0
9213,iw9_sh_mbravo_camo_gold,0,0,10,12677,4000,,,,,,0
9036,iw9_sh_mbravo_camo_gold_unlock,0,0,4,,0,,,,,,0
9080,iw9_sh_mbravo_camo_plat,0,0,20,12720,5000,,,,,,0
9107,iw9_sh_mbravo_camo_dama,0,0,20,12658,7500,,,,,,0
9001,iw9_sh_mviktor_camo_1,0,0,40,12058,1000,,,,,,0
9321,iw9_sh_mviktor_camo_2,0,0,15,12036,1500,,,,,,0
9148,iw9_sh_mviktor_camo_3,0,0,10,12169,2000,,,,,,0
9353,iw9_sh_mviktor_camo_4,0,0,25,12194,2500,,,,,,0
9295,iw9_sh_mviktor_camo_gold,0,0,10,12620,4000,,,,,,0
9175,iw9_sh_mviktor_camo_gold_unlock,0,0,4,,0,,,,,,0
9233,iw9_sh_mviktor_camo_plat,0,0,20,12779,5000,,,,,,0
9228,iw9_sh_mviktor_camo_dama,0,0,20,12732,7500,,,,,,0
9287,iw9_sh_charlie725_camo_1,0,0,40,12164,1000,,,,,,0
8962,iw9_sh_charlie725_camo_2,0,0,40,12158,1500,,,,,,0
8979,iw9_sh_charlie725_camo_3,0,0,25,12029,2000,,,,,,0
9050,iw9_sh_charlie725_camo_4,0,0,20,12113,2500,,,,,,0
9208,iw9_sh_charlie725_camo_gold,0,0,10,12719,4000,,,,,,0
9350,iw9_sh_charlie725_camo_gold_unlock,0,0,4,,0,,,,,,0
9079,iw9_sh_charlie725_camo_plat,0,0,20,12782,5000,,,,,,0
9038,iw9_sh_charlie725_camo_dama,0,0,20,12648,7500,,,,,,0
9179,iw9_lm_slima_camo_1,0,0,50,12135,1000,,,,,,0
9325,iw9_lm_slima_camo_2,0,0,15,12101,1500,,,,,,0
8958,iw9_lm_slima_camo_3,0,0,20,12204,2000,,,,,,0
9021,iw9_lm_slima_camo_4,0,0,10,12066,2500,,,,,,0
9280,iw9_lm_slima_camo_gold,0,0,10,12667,4000,,,,,,0
9220,iw9_lm_slima_camo_gold_unlock,0,0,4,,0,,,,,,0
9168,iw9_lm_slima_camo_plat,0,0,25,12729,5000,,,,,,0
8976,iw9_lm_slima_camo_dama,0,0,25,12754,7500,,,,,,0
9327,iw9_lm_ngolf7_camo_1,0,0,50,12024,1000,,,,,,0
9181,iw9_lm_ngolf7_camo_2,0,0,30,12183,1500,,,,,,0
8975,iw9_lm_ngolf7_camo_3,0,0,10,12227,2000,,,,,,0
8980,iw9_lm_ngolf7_camo_4,0,0,50,12021,2500,,,,,,0
9274,iw9_lm_ngolf7_camo_gold,0,0,10,12736,4000,,,,,,0
8986,iw9_lm_ngolf7_camo_gold_unlock,0,0,4,,0,,,,,,0
9115,iw9_lm_ngolf7_camo_plat,0,0,25,12723,5000,,,,,,0
9045,iw9_lm_ngolf7_camo_dama,0,0,25,12618,7500,,,,,,0
9088,iw9_dm_mike14_camo_1,0,0,50,12143,1000,,,,,,0
9201,iw9_dm_mike14_camo_2,0,0,30,12196,1500,,,,,,0
9058,iw9_dm_mike14_camo_3,0,0,20,12136,2000,,,,,,0
9331,iw9_dm_mike14_camo_4,0,0,10,12124,2500,,,,,,0
9007,iw9_dm_mike14_camo_gold,0,0,10,12764,4000,,,,,,0
8972,iw9_dm_mike14_camo_gold_unlock,0,0,4,,0,,,,,,0
9196,iw9_dm_mike14_camo_plat,0,0,25,12699,5000,,,,,,0
9182,iw9_dm_mike14_camo_dama,0,0,25,12748,7500,,,,,,0
9215,iw9_br_soscar14_camo_1,0,0,50,12065,1000,,,,,,0
9109,iw9_br_soscar14_camo_2,0,0,50,12174,1500,,,,,,0
9184,iw9_br_soscar14_camo_3,0,0,10,12023,2000,,,,,,0
9197,iw9_br_soscar14_camo_4,0,0,30,12129,2500,,,,,,0
9260,iw9_br_soscar14_camo_gold,0,0,10,12622,4000,,,,,,0
9011,iw9_br_soscar14_camo_gold_unlock,0,0,4,,0,,,,,,0
9369,iw9_br_soscar14_camo_plat,0,0,25,12721,5000,,,,,,0
9216,iw9_br_soscar14_camo_dama,0,0,25,12777,7500,,,,,,0
9044,iw9_dm_sbeta_camo_1,0,0,50,12033,1000,,,,,,0
9262,iw9_dm_sbeta_camo_2,0,0,15,12243,1500,,,,,,0
9046,iw9_dm_sbeta_camo_3,0,0,25,12211,2000,,,,,,0
9099,iw9_dm_sbeta_camo_4,0,0,10,12097,2500,,,,,,0
9320,iw9_dm_sbeta_camo_gold,0,0,10,12682,4000,,,,,,0
9370,iw9_dm_sbeta_camo_gold_unlock,0,0,4,,0,,,,,,0
8987,iw9_dm_sbeta_camo_plat,0,0,25,12633,5000,,,,,,0
8963,iw9_dm_sbeta_camo_dama,0,0,25,12656,7500,,,,,,0
9332,iw9_dm_mike24_camo_1,0,0,50,12109,1000,,,,,,0
9309,iw9_dm_mike24_camo_2,0,0,50,12074,1500,,,,,,0
9359,iw9_dm_mike24_camo_3,0,0,30,12080,2000,,,,,,0
9145,iw9_dm_mike24_camo_4,0,0,20,12030,2500,,,,,,0
9365,iw9_dm_mike24_camo_gold,0,0,10,12690,4000,,,,,,0
9123,iw9_dm_mike24_camo_gold_unlock,0,0,4,,0,,,,,,0
8967,iw9_dm_mike24_camo_plat,0,0,25,12683,5000,,,,,,0
9125,iw9_dm_mike24_camo_dama,0,0,25,12644,7500,,,,,,0
9261,iw9_dm_sa700_camo_1,0,0,50,12089,1000,,,,,,0
9178,iw9_dm_sa700_camo_2,0,0,25,12202,1500,,,,,,0
9166,iw9_dm_sa700_camo_3,0,0,10,12037,2000,,,,,,0
9032,iw9_dm_sa700_camo_4,0,0,10,12126,2500,,,,,,0
9020,iw9_dm_sa700_camo_gold,0,0,10,12722,4000,,,,,,0
9291,iw9_dm_sa700_camo_gold_unlock,0,0,4,,0,,,,,,0
9323,iw9_dm_sa700_camo_plat,0,0,25,12678,5000,,,,,,0
9146,iw9_dm_sa700_camo_dama,0,0,25,12651,7500,,,,,,0
9339,iw9_dm_xmike2010_camo_1,0,0,50,12096,1000,,,,,,0
9070,iw9_dm_xmike2010_camo_2,0,0,20,12206,1500,,,,,,0
9111,iw9_dm_xmike2010_camo_3,0,0,25,12117,2000,,,,,,0
8993,iw9_dm_xmike2010_camo_4,0,0,50,12086,2500,,,,,,0
9061,iw9_dm_xmike2010_camo_gold,0,0,10,12675,4000,,,,,,0
9005,iw9_dm_xmike2010_camo_gold_unlock,0,0,4,,0,,,,,,0
9256,iw9_dm_xmike2010_camo_plat,0,0,25,12740,5000,,,,,,0
9096,iw9_dm_xmike2010_camo_dama,0,0,25,12744,7500,,,,,,0
9372,iw9_dm_la700_camo_1,0,0,50,12043,1000,,,,,,0
9301,iw9_dm_la700_camo_2,0,0,10,12148,1500,,,,,,0
9368,iw9_dm_la700_camo_3,0,0,25,12130,2000,,,,,,0
9302,iw9_dm_la700_camo_4,0,0,50,12041,2500,,,,,,0
9098,iw9_dm_la700_camo_gold,0,0,10,12695,4000,,,,,,0
9358,iw9_dm_la700_camo_gold_unlock,0,0,4,,0,,,,,,0
9151,iw9_dm_la700_camo_plat,0,0,25,12634,5000,,,,,,0
9013,iw9_dm_la700_camo_dama,0,0,25,12718,7500,,,,,,0
9324,iw9_sn_mromeo_camo_1,0,0,50,12138,1000,,,,,,0
9335,iw9_sn_mromeo_camo_2,0,0,10,12207,1500,,,,,,0
9122,iw9_sn_mromeo_camo_3,0,0,30,12104,2000,,,,,,0
9343,iw9_sn_mromeo_camo_4,0,0,10,12152,2500,,,,,,0
9126,iw9_sn_mromeo_camo_gold,0,0,10,12614,4000,,,,,,0
9084,iw9_sn_mromeo_camo_gold_unlock,0,0,4,,0,,,,,,0
9057,iw9_sn_mromeo_camo_plat,0,0,20,12725,5000,,,,,,0
9128,iw9_sn_mromeo_camo_dama,0,0,20,12645,7500,,,,,,0
9354,iw9_sn_limax_camo_1,0,0,50,12128,1000,,,,,,0
9318,iw9_sn_limax_camo_2,0,0,10,12069,1500,,,,,,0
9034,iw9_sn_limax_camo_3,0,0,30,12252,2000,,,,,,0
9347,iw9_sn_limax_camo_4,0,0,25,12216,2500,,,,,,0
9017,iw9_sn_limax_camo_gold,0,0,10,12665,4000,,,,,,0
9269,iw9_sn_limax_camo_gold_unlock,0,0,4,,0,,,,,,0
9167,iw9_sn_limax_camo_plat,0,0,20,12641,5000,,,,,,0
9279,iw9_sn_limax_camo_dama,0,0,20,12646,7500,,,,,,0
9042,iw9_sn_alpha50_camo_1,0,0,50,12153,1000,,,,,,0
9110,iw9_sn_alpha50_camo_2,0,0,30,12054,1500,,,,,,0
9049,iw9_sn_alpha50_camo_3,0,0,10,12032,2000,,,,,,0
8974,iw9_sn_alpha50_camo_4,0,0,30,12140,2500,,,,,,0
9198,iw9_sn_alpha50_camo_gold,0,0,10,12731,4000,,,,,,0
9293,iw9_sn_alpha50_camo_gold_unlock,0,0,4,,0,,,,,,0
10012,iw9_sn_alpha50_camo_plat_unlock,0,0,2,,0,,,,,,0
10013,iw9_sn_alpha50_camo_dama_unlock,0,0,2,,0,,,,,,0
9133,iw9_sn_alpha50_camo_plat,0,0,25,12640,5000,,,,,,0
9154,iw9_sn_alpha50_camo_dama,0,0,25,12621,7500,,,,,,0
10014,iw9_sn_alpha50_camo_plat_activator,0,0,1,,0,,,,,,0
10015,iw9_sn_alpha50_camo_dama_activator,0,0,1,,0,,,,,,0
9012,iw9_pi_golf17_camo_1,0,0,30,12219,1000,,,,,,0
9114,iw9_pi_golf17_camo_2,0,0,25,12119,1500,,,,,,0
9065,iw9_pi_golf17_camo_3,0,0,10,12121,2000,,,,,,0
9158,iw9_pi_golf17_camo_4,0,0,40,12062,2500,,,,,,0
9235,iw9_pi_golf17_camo_gold,0,0,5,12610,4000,,,,,,0
9103,iw9_pi_golf17_camo_gold_unlock,0,0,4,,0,,,,,,0
9304,iw9_pi_golf17_camo_plat,0,0,15,12642,5000,,,,,,0
9226,iw9_pi_golf17_camo_dama,0,0,20,12688,7500,,,,,,0
9214,iw9_pi_golf18_camo_1,0,0,40,12046,1000,,,,,,0
9039,iw9_pi_golf18_camo_2,0,0,10,12106,1500,,,,,,0
9093,iw9_pi_golf18_camo_3,0,0,10,12210,2000,,,,,,0
9337,iw9_pi_golf18_camo_4,0,0,40,12038,2500,,,,,,0
9363,iw9_pi_golf18_camo_gold,0,0,5,12708,4000,,,,,,0
9241,iw9_pi_golf18_camo_gold_unlock,0,0,4,,0,,,,,,0
8971,iw9_pi_golf18_camo_plat,0,0,15,12724,5000,,,,,,0
9029,iw9_pi_golf18_camo_dama,0,0,20,12616,7500,,,,,,0
9238,iw9_pi_decho_camo_1,0,0,40,12053,1000,,,,,,0
9205,iw9_pi_decho_camo_2,0,0,5,12017,1500,,,,,,0
9052,iw9_pi_decho_camo_3,0,0,15,12020,2000,,,,,,0
9206,iw9_pi_decho_camo_4,0,0,40,12144,2500,,,,,,0
9283,iw9_pi_decho_camo_gold,0,0,5,12691,4000,,,,,,0
9152,iw9_pi_decho_camo_gold_unlock,0,0,4,,0,,,,,,0
9105,iw9_pi_decho_camo_plat,0,0,15,12672,5000,,,,,,0
9284,iw9_pi_decho_camo_dama,0,0,20,12701,7500,,,,,,0
14857,iw9_pi_dechoauto_camo_1,0,0,40,29339,1000,,,,,,0
14858,iw9_pi_dechoauto_camo_2,0,0,10,29340,1500,,,,,,0
14859,iw9_pi_dechoauto_camo_3,0,0,10,29341,2000,,,,,,0
14860,iw9_pi_dechoauto_camo_4,0,0,40,29355,2500,,,,,,0
14861,iw9_pi_dechoauto_camo_gold,0,0,5,27981,4000,,,,,,0
14862,iw9_pi_dechoauto_camo_gold_unlock,0,0,4,,0,,,,,,0
14863,iw9_pi_dechoauto_camo_plat,0,0,15,27982,5000,,,,,,0
14864,iw9_pi_dechoauto_camo_dama,0,0,20,27983,7500,,,,,,0
9232,iw9_pi_swhiskey_camo_1,0,0,40,12056,1000,,,,,,0
9366,iw9_pi_swhiskey_camo_2,0,0,30,12197,1500,,,,,,0
9229,iw9_pi_swhiskey_camo_3,0,0,10,12147,2000,,,,,,0
9092,iw9_pi_swhiskey_camo_4,0,0,30,12131,2500,,,,,,0
9296,iw9_pi_swhiskey_camo_gold,0,0,5,12653,4000,,,,,,0
9015,iw9_pi_swhiskey_camo_gold_unlock,0,0,4,,0,,,,,,0
9271,iw9_pi_swhiskey_camo_plat,0,0,15,12663,5000,,,,,,0
9300,iw9_pi_swhiskey_camo_dama,0,0,20,12670,7500,,,,,,0
9250,iw9_pi_papa220_camo_1,0,0,40,12078,1000,,,,,,0
9268,iw9_pi_papa220_camo_2,0,0,40,12151,1500,,,,,,0
9290,iw9_pi_papa220_camo_3,0,0,5,12099,2000,,,,,,0
8965,iw9_pi_papa220_camo_4,0,0,10,12093,2500,,,,,,0
9322,iw9_pi_papa220_camo_gold,0,0,5,12635,4000,,,,,,0
8973,iw9_pi_papa220_camo_gold_unlock,0,0,4,,0,,,,,,0
9200,iw9_pi_papa220_camo_plat,0,0,15,12669,5000,,,,,,0
8990,iw9_pi_papa220_camo_dama,0,0,20,12687,7500,,,,,,0
9067,iw9_la_gromeo_camo_1,0,0,40,12223,1000,,,,,,0
9297,iw9_la_gromeo_camo_gold,0,0,5,12692,4000,,,,,,0
9310,iw9_la_gromeo_camo_gold_unlock,0,0,1,,0,,,,,,0
9149,iw9_la_gromeo_camo_plat,0,0,15,12630,5000,,,,,,0
8988,iw9_la_gromeo_camo_dama,0,0,15,12739,7500,,,,,,0
9294,iw9_la_juliet_camo_1,0,0,40,12154,1000,,,,,,0
9101,iw9_la_juliet_camo_gold,0,0,10,12664,4000,,,,,,0
9142,iw9_la_juliet_camo_gold_unlock,0,0,1,,0,,,,,,0
9082,iw9_la_juliet_camo_plat,0,0,10,12734,5000,,,,,,0
9169,iw9_la_juliet_camo_dama,0,0,15,12733,7500,,,,,,0
9173,iw9_la_rpapa7_camo_1,0,0,40,12052,1000,,,,,,0
8982,iw9_la_rpapa7_camo_gold,0,0,5,12626,4000,,,,,,0
8970,iw9_la_rpapa7_camo_gold_unlock,0,0,1,,0,,,,,,0
9328,iw9_la_rpapa7_camo_plat,0,0,10,12743,5000,,,,,,0
9248,iw9_la_rpapa7_camo_dama,0,0,15,12686,7500,,,,,,0
9185,iw9_la_kgolf_camo_1,0,0,40,12168,1000,,,,,,0
9242,iw9_la_kgolf_camo_gold,0,0,5,12765,4000,,,,,,0
9239,iw9_la_kgolf_camo_gold_unlock,0,0,1,,0,,,,,,0
9097,iw9_la_kgolf_camo_plat,0,0,25,12780,5000,,,,,,0
9313,iw9_la_kgolf_camo_dama,0,0,15,12608,7500,,,,,,0
9156,iw9_me_knife_camo_1,0,0,50,12073,1000,,,,,,0
8989,iw9_me_knife_camo_gold,0,0,10,12759,4000,,,,,,0
9113,iw9_me_knife_camo_gold_unlock,0,0,1,,0,,,,,,0
9234,iw9_me_knife_camo_plat,0,0,10,12783,5000,,,,,,0
9018,iw9_me_knife_camo_dama,0,0,20,12709,7500,,,,,,0
9130,iw9_me_riotshield_camo_1,0,0,40,12068,1000,,,,,,0
9186,iw9_me_riotshield_camo_gold,0,0,10,12629,4000,,,,,,0
8966,iw9_me_riotshield_camo_gold_unlock,0,0,1,,0,,,,,,0
9143,iw9_me_riotshield_camo_plat,0,0,10,12710,5000,,,,,,0
9108,iw9_me_riotshield_camo_dama,0,0,10,12713,7500,,,,,,0
9374,iw9_ar_mike4_mastery_gold,0,0,100,14261|14113,4000,,,,,,0
9375,iw9_ar_mike4_mastery_plat,0,0,200,14259|14118,5000,,,,,,0
9376,iw9_ar_mike4_mastery_dama,0,0,300,14197|13971,7500,,,,,,0
9377,iw9_ar_mike4_mastery_orio,0,0,400,14158|14018,10000,,,,,,0
9378,iw9_ar_mike16_mastery_gold,0,0,100,14256|14000,4000,,,,,,0
9379,iw9_ar_mike16_mastery_plat,0,0,200,14178|14147,5000,,,,,,0
9380,iw9_ar_mike16_mastery_dama,0,0,300,14292|13999,7500,,,,,,0
9381,iw9_ar_mike16_mastery_orio,0,0,400,14194|14091,10000,,,,,,0
9382,iw9_lm_foxtrot_mastery_gold,0,0,100,14248|13967,4000,,,,,,0
9383,iw9_lm_foxtrot_mastery_plat,0,0,200,14278|14157,5000,,,,,,0
9384,iw9_lm_foxtrot_mastery_dama,0,0,300,14238|14154,7500,,,,,,0
9385,iw9_lm_foxtrot_mastery_orio,0,0,400,14325|14156,10000,,,,,,0
9386,iw9_br_msecho_mastery_gold,0,0,100,14242|14076,4000,,,,,,0
9387,iw9_br_msecho_mastery_plat,0,0,200,14192|13987,5000,,,,,,0
9388,iw9_br_msecho_mastery_dama,0,0,300,14287|14148,7500,,,,,,0
9389,iw9_br_msecho_mastery_orio,0,0,400,14175|14060,10000,,,,,,0
9390,iw9_sm_alpha57_mastery_gold,0,0,100,14189|14140,4000,,,,,,0
9391,iw9_sm_alpha57_mastery_plat,0,0,200,14299|13964,5000,,,,,,0
9392,iw9_sm_alpha57_mastery_dama,0,0,300,14190|13983,7500,,,,,,0
9393,iw9_sm_alpha57_mastery_orio,0,0,400,14171|13978,10000,,,,,,0
9394,iw9_ar_golf3_mastery_gold,0,0,100,14212|14090,4000,,,,,,0
9395,iw9_ar_golf3_mastery_plat,0,0,200,14268|14128,5000,,,,,,0
9396,iw9_ar_golf3_mastery_dama,0,0,300,14329|13992,7500,,,,,,0
9397,iw9_ar_golf3_mastery_orio,0,0,400,14166|14087,10000,,,,,,0
9398,iw9_sm_mpapa5_mastery_gold,0,0,100,14297|14149,4000,,,,,,0
9399,iw9_sm_mpapa5_mastery_plat,0,0,200,14255|13989,5000,,,,,,0
9400,iw9_sm_mpapa5_mastery_dama,0,0,300,14207|13970,7500,,,,,,0
9401,iw9_sm_mpapa5_mastery_orio,0,0,400,14227|14005,10000,,,,,,0
9402,iw9_lm_kilo21_mastery_gold,0,0,100,14160|13986,4000,,,,,,0
9403,iw9_lm_kilo21_mastery_plat,0,0,200,14251|14130,5000,,,,,,0
9404,iw9_lm_kilo21_mastery_dama,0,0,300,14309|14136,7500,,,,,,0
9405,iw9_lm_kilo21_mastery_orio,0,0,400,14177|13966,10000,,,,,,0
9406,iw9_ar_kilo53_mastery_gold,0,0,100,14263|13958,4000,,,,,,0
9407,iw9_ar_kilo53_mastery_plat,0,0,200,14179|14088,5000,,,,,,0
9408,iw9_ar_kilo53_mastery_dama,0,0,300,14205|14052,7500,,,,,,0
9409,iw9_ar_kilo53_mastery_orio,0,0,400,14260|14127,10000,,,,,,0
9410,iw9_dm_pgolf1_mastery_gold,0,0,100,14281|13974,4000,,,,,,0
9411,iw9_dm_pgolf1_mastery_plat,0,0,200,14214|14053,5000,,,,,,0
9412,iw9_dm_pgolf1_mastery_dama,0,0,300,14271|14017,7500,,,,,,0
9413,iw9_dm_pgolf1_mastery_orio,0,0,400,14199|14085,10000,,,,,,0
9414,iw9_ar_augolf_mastery_gold,0,0,100,14313|14003,4000,,,,,,0
9415,iw9_ar_augolf_mastery_plat,0,0,200,14267|14138,5000,,,,,,0
9416,iw9_ar_augolf_mastery_dama,0,0,300,14337|14001,7500,,,,,,0
9417,iw9_ar_augolf_mastery_orio,0,0,400,14193|14056,10000,,,,,,0
9418,iw9_sm_apapa_mastery_gold,0,0,100,14301|14109,4000,,,,,,0
9419,iw9_sm_apapa_mastery_plat,0,0,200,14335|14074,5000,,,,,,0
9420,iw9_sm_apapa_mastery_dama,0,0,300,14310|13984,7500,,,,,,0
9421,iw9_sm_apapa_mastery_orio,0,0,400,14330|14114,10000,,,,,,0
9422,iw9_lm_ahotel_mastery_gold,0,0,100,14293|14066,4000,,,,,,0
9423,iw9_lm_ahotel_mastery_plat,0,0,200,14341|14146,5000,,,,,,0
9424,iw9_lm_ahotel_mastery_dama,0,0,300,14257|14099,7500,,,,,,0
9425,iw9_lm_ahotel_mastery_orio,0,0,400,14321|14123,10000,,,,,,0
9426,iw9_ar_akilo_mastery_gold,0,0,100,14172|14143,4000,,,,,,0
9427,iw9_ar_akilo_mastery_plat,0,0,200,14360|14137,5000,,,,,,0
9428,iw9_ar_akilo_mastery_dama,0,0,300,14346|14042,7500,,,,,,0
9429,iw9_ar_akilo_mastery_orio,0,0,400,14218|14012,10000,,,,,,0
9430,iw9_ar_akilo105_mastery_gold,0,0,100,14170|14058,4000,,,,,,0
9431,iw9_ar_akilo105_mastery_plat,0,0,200,14294|13997,5000,,,,,,0
9432,iw9_ar_akilo105_mastery_dama,0,0,300,14342|13994,7500,,,,,,0
9433,iw9_ar_akilo105_mastery_orio,0,0,400,14244|14121,10000,,,,,,0
9434,iw9_ar_akilo74_mastery_gold,0,0,100,14348|14103,4000,,,,,,0
9435,iw9_ar_akilo74_mastery_plat,0,0,200,14246|13977,5000,,,,,,0
9436,iw9_ar_akilo74_mastery_dama,0,0,300,14343|14098,7500,,,,,,0
9437,iw9_ar_akilo74_mastery_orio,0,0,400,14303|14010,10000,,,,,,0
9438,iw9_sm_aviktor_mastery_gold,0,0,100,14245|14082,4000,,,,,,0
9439,iw9_sm_aviktor_mastery_plat,0,0,200,14315|14035,5000,,,,,,0
9440,iw9_sm_aviktor_mastery_dama,0,0,300,14295|14024,7500,,,,,,0
9441,iw9_sm_aviktor_mastery_orio,0,0,400,14236|14049,10000,,,,,,0
9442,iw9_sm_beta_mastery_gold,0,0,100,14249|14014,4000,,,,,,0
9443,iw9_sm_beta_mastery_plat,0,0,200,14188|14023,5000,,,,,,0
9444,iw9_sm_beta_mastery_dama,0,0,300,14282|14126,7500,,,,,,0
9445,iw9_sm_beta_mastery_orio,0,0,400,14311|13988,10000,,,,,,0
9446,iw9_lm_rkilo_mastery_gold,0,0,100,14223|14031,4000,,,,,,0
9447,iw9_lm_rkilo_mastery_plat,0,0,200,14213|14046,5000,,,,,,0
9448,iw9_lm_rkilo_mastery_dama,0,0,300,14307|14083,7500,,,,,,0
9449,iw9_lm_rkilo_mastery_orio,0,0,400,14284|14067,10000,,,,,,0
9450,iw9_ar_scharlie_mastery_gold,0,0,100,14273|14008,4000,,,,,,0
9451,iw9_ar_scharlie_mastery_plat,0,0,200,14306|14015,5000,,,,,,0
9452,iw9_ar_scharlie_mastery_dama,0,0,300,14173|14037,7500,,,,,,0
9453,iw9_ar_scharlie_mastery_orio,0,0,400,14252|14068,10000,,,,,,0
9454,iw9_ar_schotel_mastery_gold,0,0,100,14232|14100,4000,,,,,,0
9455,iw9_ar_schotel_mastery_plat,0,0,200,14356|13960,5000,,,,,,0
9456,iw9_ar_schotel_mastery_dama,0,0,300,14225|14009,7500,,,,,,0
9457,iw9_ar_schotel_mastery_orio,0,0,400,14234|14063,10000,,,,,,0
9458,iw9_dm_scromeo_mastery_gold,0,0,100,14328|14045,4000,,,,,,0
9459,iw9_dm_scromeo_mastery_plat,0,0,200,14298|13980,5000,,,,,,0
9460,iw9_dm_scromeo_mastery_dama,0,0,300,14163|14029,7500,,,,,,0
9461,iw9_dm_scromeo_mastery_orio,0,0,400,14210|14020,10000,,,,,,0
9462,iw9_sm_papa90_mastery_gold,0,0,100,14191|14057,4000,,,,,,0
9463,iw9_sm_papa90_mastery_plat,0,0,200,14229|13975,5000,,,,,,0
9464,iw9_sm_papa90_mastery_dama,0,0,300,14247|13956,7500,,,,,,0
9465,iw9_sm_papa90_mastery_orio,0,0,400,14161|14081,10000,,,,,,0
9466,iw9_sm_mpapax_mastery_gold,0,0,100,16849|16872,4000,,,,,,0
9467,iw9_sm_mpapax_mastery_plat,0,0,200,16863|16876,5000,,,,,,0
9468,iw9_sm_mpapax_mastery_dama,0,0,300,16845|16870,7500,,,,,,0
9469,iw9_sm_mpapax_mastery_orio,0,0,400,16859|16875,10000,,,,,,0
9470,iw9_ar_mcharlie_mastery_gold,0,0,100,16855|16869,4000,,,,,,0
9471,iw9_ar_mcharlie_mastery_plat,0,0,200,16857|16883,5000,,,,,,0
9472,iw9_ar_mcharlie_mastery_dama,0,0,300,16848|16882,7500,,,,,,0
9473,iw9_ar_mcharlie_mastery_orio,0,0,400,16856|16868,10000,,,,,,0
9474,iw9_ar_mcbravo_mastery_gold,0,0,100,16862|16871,4000,,,,,,0
9475,iw9_ar_mcbravo_mastery_plat,0,0,200,16850|16874,5000,,,,,,0
9476,iw9_ar_mcbravo_mastery_dama,0,0,300,16853|16879,7500,,,,,,0
9477,iw9_ar_mcbravo_mastery_orio,0,0,400,16852|16878,10000,,,,,,0
9478,iw9_sm_mpapa7_mastery_gold,0,0,100,14290|14102,4000,,,,,,0
9479,iw9_sm_mpapa7_mastery_plat,0,0,200,14327|14144,5000,,,,,,0
9480,iw9_sm_mpapa7_mastery_dama,0,0,300,14302|13957,7500,,,,,,0
9481,iw9_sm_mpapa7_mastery_orio,0,0,400,14347|13963,10000,,,,,,0
9482,iw9_sm_victor_mastery_gold,0,0,100,14300|14107,4000,,,,,,0
9483,iw9_sm_victor_mastery_plat,0,0,200,14308|14004,5000,,,,,,0
9484,iw9_sm_victor_mastery_dama,0,0,300,14237|14033,7500,,,,,,0
9485,iw9_sm_victor_mastery_orio,0,0,400,14239|14016,10000,,,,,,0
9486,iw9_sh_mike1014_mastery_gold,0,0,100,14319|13954,4000,,,,,,0
9487,iw9_sh_mike1014_mastery_plat,0,0,200,14243|14086,5000,,,,,,0
9488,iw9_sh_mike1014_mastery_dama,0,0,300,14250|14117,7500,,,,,,0
9489,iw9_sh_mike1014_mastery_orio,0,0,400,14339|14080,10000,,,,,,0
9490,iw9_sh_mbravo_mastery_gold,0,0,100,14159|14054,4000,,,,,,0
9491,iw9_sh_mbravo_mastery_plat,0,0,200,14326|14133,5000,,,,,,0
9492,iw9_sh_mbravo_mastery_dama,0,0,300,14198|14073,7500,,,,,,0
9493,iw9_sh_mbravo_mastery_orio,0,0,400,14216|14051,10000,,,,,,0
9494,iw9_sh_mviktor_mastery_gold,0,0,100,14345|14027,4000,,,,,,0
9495,iw9_sh_mviktor_mastery_plat,0,0,200,14333|14105,5000,,,,,,0
9496,iw9_sh_mviktor_mastery_dama,0,0,300,14317|13955,7500,,,,,,0
9497,iw9_sh_mviktor_mastery_orio,0,0,400,14357|14129,10000,,,,,,0
9498,iw9_sh_charlie725_mastery_gold,0,0,100,14351|14032,4000,,,,,,0
9499,iw9_sh_charlie725_mastery_plat,0,0,200,14262|14071,5000,,,,,,0
9500,iw9_sh_charlie725_mastery_dama,0,0,300,14182|14155,7500,,,,,,0
9501,iw9_sh_charlie725_mastery_orio,0,0,400,14359|14011,10000,,,,,,0
9502,iw9_lm_slima_mastery_gold,0,0,100,14274|14034,4000,,,,,,0
9503,iw9_lm_slima_mastery_plat,0,0,200,14322|13976,5000,,,,,,0
9504,iw9_lm_slima_mastery_dama,0,0,300,14203|14021,7500,,,,,,0
9505,iw9_lm_slima_mastery_orio,0,0,400,14168|13996,10000,,,,,,0
9506,iw9_lm_ngolf7_mastery_gold,0,0,100,14219|14108,4000,,,,,,0
9507,iw9_lm_ngolf7_mastery_plat,0,0,200,14220|14095,5000,,,,,,0
9508,iw9_lm_ngolf7_mastery_dama,0,0,300,14196|14120,7500,,,,,,0
9509,iw9_lm_ngolf7_mastery_orio,0,0,400,14180|14065,10000,,,,,,0
9510,iw9_dm_mike14_mastery_gold,0,0,100,14162|14043,4000,,,,,,0
9511,iw9_dm_mike14_mastery_plat,0,0,200,14289|14135,5000,,,,,,0
9512,iw9_dm_mike14_mastery_dama,0,0,300,14209|14141,7500,,,,,,0
9513,iw9_dm_mike14_mastery_orio,0,0,400,14224|14022,10000,,,,,,0
9514,iw9_br_soscar14_mastery_gold,0,0,100,14314|14072,4000,,,,,,0
9515,iw9_br_soscar14_mastery_plat,0,0,200,14211|14039,5000,,,,,,0
9516,iw9_br_soscar14_mastery_dama,0,0,300,14340|14047,7500,,,,,,0
9517,iw9_br_soscar14_mastery_orio,0,0,400,14336|14050,10000,,,,,,0
9518,iw9_dm_sbeta_mastery_gold,0,0,100,14358|14002,4000,,,,,,0
9519,iw9_dm_sbeta_mastery_plat,0,0,200,14316|14125,5000,,,,,,0
9520,iw9_dm_sbeta_mastery_dama,0,0,300,14258|14055,7500,,,,,,0
9521,iw9_dm_sbeta_mastery_orio,0,0,400,14233|14019,10000,,,,,,0
9522,iw9_dm_mike24_mastery_gold,0,0,100,14264|13985,4000,,,,,,0
9523,iw9_dm_mike24_mastery_plat,0,0,200,14361|14153,5000,,,,,,0
9524,iw9_dm_mike24_mastery_dama,0,0,300,14269|13968,7500,,,,,,0
9525,iw9_dm_mike24_mastery_orio,0,0,400,14253|14124,10000,,,,,,0
9526,iw9_dm_sa700_mastery_gold,0,0,100,14187|14075,4000,,,,,,0
9527,iw9_dm_sa700_mastery_plat,0,0,200,14202|14036,5000,,,,,,0
9528,iw9_dm_sa700_mastery_dama,0,0,300,14312|14134,7500,,,,,,0
9529,iw9_dm_sa700_mastery_orio,0,0,400,14272|14122,10000,,,,,,0
9530,iw9_dm_xmike2010_mastery_gold,0,0,100,14286|13961,4000,,,,,,0
9531,iw9_dm_xmike2010_mastery_plat,0,0,200,14266|14048,5000,,,,,,0
9532,iw9_dm_xmike2010_mastery_dama,0,0,300,14323|13969,7500,,,,,,0
9533,iw9_dm_xmike2010_mastery_orio,0,0,400,14265|13979,10000,,,,,,0
9534,iw9_dm_la700_mastery_gold,0,0,100,14338|14038,4000,,,,,,0
9535,iw9_dm_la700_mastery_plat,0,0,200,14240|14092,5000,,,,,,0
9536,iw9_dm_la700_mastery_dama,0,0,300,14320|14040,7500,,,,,,0
9537,iw9_dm_la700_mastery_orio,0,0,400,14270|13965,10000,,,,,,0
9538,iw9_sn_mromeo_mastery_gold,0,0,100,14222|14064,4000,,,,,,0
9539,iw9_sn_mromeo_mastery_plat,0,0,200,14334|14119,5000,,,,,,0
9540,iw9_sn_mromeo_mastery_dama,0,0,300,14279|14078,7500,,,,,,0
9541,iw9_sn_mromeo_mastery_orio,0,0,400,14331|14028,10000,,,,,,0
9542,iw9_sn_limax_mastery_gold,0,0,100,14195|14150,4000,,,,,,0
9543,iw9_sn_limax_mastery_plat,0,0,200,14200|14044,5000,,,,,,0
9544,iw9_sn_limax_mastery_dama,0,0,300,14324|14025,7500,,,,,,0
9545,iw9_sn_limax_mastery_orio,0,0,400,14353|13972,10000,,,,,,0
9546,iw9_sn_alpha50_mastery_gold,0,0,100,16847|16877,4000,,,,,,0
9547,iw9_sn_alpha50_mastery_plat,0,0,200,16854|16866,5000,,,,,,0
9548,iw9_sn_alpha50_mastery_dama,0,0,300,16861|16865,7500,,,,,,0
9549,iw9_sn_alpha50_mastery_orio,0,0,400,16844|16864,10000,,,,,,0
9550,iw9_pi_golf17_mastery_gold,0,0,100,14221|14061,4000,,,,,,0
9551,iw9_pi_golf17_mastery_plat,0,0,200,14296|13959,5000,,,,,,0
9552,iw9_pi_golf17_mastery_dama,0,0,300,14165|13981,7500,,,,,,0
9553,iw9_pi_golf17_mastery_orio,0,0,400,14241|14111,10000,,,,,,0
9554,iw9_pi_golf18_mastery_gold,0,0,100,14352|14006,4000,,,,,,0
9555,iw9_pi_golf18_mastery_plat,0,0,200,14276|13973,5000,,,,,,0
9556,iw9_pi_golf18_mastery_dama,0,0,300,14285|14079,7500,,,,,,0
9557,iw9_pi_golf18_mastery_orio,0,0,400,14332|14116,10000,,,,,,0
9558,iw9_pi_decho_mastery_gold,0,0,100,14235|14151,4000,,,,,,0
9559,iw9_pi_decho_mastery_plat,0,0,200,14176|14093,5000,,,,,,0
9560,iw9_pi_decho_mastery_dama,0,0,300,14167|14084,7500,,,,,,0
9561,iw9_pi_decho_mastery_orio,0,0,400,14181|14013,10000,,,,,,0
9562,iw9_pi_swhiskey_mastery_gold,0,0,100,14354|14145,4000,,,,,,0
9563,iw9_pi_swhiskey_mastery_plat,0,0,200,14355|14062,5000,,,,,,0
9564,iw9_pi_swhiskey_mastery_dama,0,0,300,14344|14132,7500,,,,,,0
9565,iw9_pi_swhiskey_mastery_orio,0,0,400,14283|14089,10000,,,,,,0
9566,iw9_pi_papa220_mastery_gold,0,0,100,14217|14110,4000,,,,,,0
9567,iw9_pi_papa220_mastery_plat,0,0,200,14215|13995,5000,,,,,,0
9568,iw9_pi_papa220_mastery_dama,0,0,300,14169|13991,7500,,,,,,0
9569,iw9_pi_papa220_mastery_orio,0,0,400,14201|13982,10000,,,,,,0
9570,iw9_la_gromeo_mastery_gold,0,0,100,14208|14030,4000,,,,,,0
9571,iw9_la_gromeo_mastery_plat,0,0,200,14350|13998,5000,,,,,,0
9572,iw9_la_gromeo_mastery_dama,0,0,300,14231|14094,7500,,,,,,0
9573,iw9_la_gromeo_mastery_orio,0,0,400,14228|14059,10000,,,,,,0
9574,iw9_la_juliet_mastery_gold,0,0,100,14174|14069,4000,,,,,,0
9575,iw9_la_juliet_mastery_plat,0,0,200,14305|14131,5000,,,,,,0
9576,iw9_la_juliet_mastery_dama,0,0,300,14280|14026,7500,,,,,,0
9577,iw9_la_juliet_mastery_orio,0,0,400,14277|14096,10000,,,,,,0
9578,iw9_la_rpapa7_mastery_gold,0,0,100,14226|14106,4000,,,,,,0
9579,iw9_la_rpapa7_mastery_plat,0,0,200,14254|14104,5000,,,,,,0
9580,iw9_la_rpapa7_mastery_dama,0,0,300,14206|13993,7500,,,,,,0
9581,iw9_la_rpapa7_mastery_orio,0,0,400,14184|14007,10000,,,,,,0
9582,iw9_la_kgolf_mastery_gold,0,0,100,14318|14112,4000,,,,,,0
9583,iw9_la_kgolf_mastery_plat,0,0,200,14204|13962,5000,,,,,,0
9584,iw9_la_kgolf_mastery_dama,0,0,300,14275|14070,7500,,,,,,0
9585,iw9_la_kgolf_mastery_orio,0,0,400,14288|14077,10000,,,,,,0
9590,iw9_me_knife_mastery_gold,0,0,100,14186|14115,4000,,,,,,0
9591,iw9_me_knife_mastery_plat,0,0,200,14185|14152,5000,,,,,,0
9592,iw9_me_knife_mastery_dama,0,0,300,14304|14142,7500,,,,,,0
9593,iw9_me_knife_mastery_orio,0,0,400,14183|14097,10000,,,,,,0
9594,iw9_me_riotshield_mastery_gold,0,0,100,14349|14101,4000,,,,,,0
9595,iw9_me_riotshield_mastery_plat,0,0,200,14291|14139,5000,,,,,,0
9596,iw9_me_riotshield_mastery_dama,0,0,300,14164|14041,7500,,,,,,0
9597,iw9_me_riotshield_mastery_orio,0,0,400,14230|13990,10000,,,,,,0
9598,iw9_ar_mike4_mastery_complete,0,0,4,8975,0,,,,,,0
9599,iw9_ar_mike16_mastery_complete,0,0,4,8880,0,,,,,,0
9600,iw9_lm_foxtrot_mastery_complete,0,0,4,8701,0,,,,,,0
9601,iw9_br_msecho_mastery_complete,0,0,4,8876,0,,,,,,0
9602,iw9_sm_alpha57_mastery_complete,0,0,4,8808,0,,,,,,0
9603,iw9_ar_golf3_mastery_complete,0,0,4,8738,0,,,,,,0
9604,iw9_sm_mpapa5_mastery_complete,0,0,4,8814,0,,,,,,0
9605,iw9_lm_kilo21_mastery_complete,0,0,4,8993,0,,,,,,0
9606,iw9_ar_kilo53_mastery_complete,0,0,4,8741,0,,,,,,0
9607,iw9_dm_pgolf1_mastery_complete,0,0,4,8770,0,,,,,,0
9608,iw9_ar_augolf_mastery_complete,0,0,4,8700,0,,,,,,0
9609,iw9_sm_apapa_mastery_complete,0,0,4,8920,0,,,,,,0
9610,iw9_lm_ahotel_mastery_complete,0,0,4,8938,0,,,,,,0
9611,iw9_ar_akilo_mastery_complete,0,0,4,8811,0,,,,,,0
9612,iw9_ar_akilo105_mastery_complete,0,0,4,8863,0,,,,,,0
9613,iw9_ar_akilo74_mastery_complete,0,0,4,8879,0,,,,,,0
9614,iw9_sm_aviktor_mastery_complete,0,0,4,8735,0,,,,,,0
9615,iw9_sm_beta_mastery_complete,0,0,4,8833,0,,,,,,0
9616,iw9_lm_rkilo_mastery_complete,0,0,4,8778,0,,,,,,0
9617,iw9_ar_scharlie_mastery_complete,0,0,4,8762,0,,,,,,0
9618,iw9_ar_schotel_mastery_complete,0,0,4,8986,0,,,,,,0
9619,iw9_dm_scromeo_mastery_complete,0,0,4,8800,0,,,,,,0
9620,iw9_sm_papa90_mastery_complete,0,0,4,8678,0,,,,,,0
9621,iw9_sm_mpapax_mastery_complete,0,0,4,8732,0,,,,,,0
9622,iw9_ar_mcharlie_mastery_complete,0,0,4,8894,0,,,,,,0
9623,iw9_ar_mcbravo_mastery_complete,0,0,4,8853,0,,,,,,0
9624,iw9_sm_mpapa7_mastery_complete,0,0,4,8683,0,,,,,,0
9625,iw9_sm_victor_mastery_complete,0,0,4,8862,0,,,,,,0
9626,iw9_sh_mike1014_mastery_complete,0,0,4,9050,0,,,,,,0
9627,iw9_sh_mbravo_mastery_complete,0,0,4,8684,0,,,,,,0
9628,iw9_sh_mviktor_mastery_complete,0,0,4,8981,0,,,,,,0
9629,iw9_sh_charlie725_mastery_complete,0,0,4,8888,0,,,,,,0
9630,iw9_lm_slima_mastery_complete,0,0,4,8852,0,,,,,,0
9631,iw9_lm_ngolf7_mastery_complete,0,0,4,8850,0,,,,,,0
9632,iw9_dm_mike14_mastery_complete,0,0,4,8933,0,,,,,,0
9633,iw9_br_soscar14_mastery_complete,0,0,4,8752,0,,,,,,0
9634,iw9_dm_sbeta_mastery_complete,0,0,4,8745,0,,,,,,0
9635,iw9_dm_mike24_mastery_complete,0,0,4,9000,0,,,,,,0
9636,iw9_dm_sa700_mastery_complete,0,0,4,8751,0,,,,,,0
9637,iw9_dm_xmike2010_mastery_complete,0,0,4,8712,0,,,,,,0
9638,iw9_dm_la700_mastery_complete,0,0,4,8969,0,,,,,,0
9639,iw9_sn_mromeo_mastery_complete,0,0,4,8685,0,,,,,,0
9640,iw9_sn_limax_mastery_complete,0,0,4,8977,0,,,,,,0
9641,iw9_sn_alpha50_mastery_complete,0,0,4,9008,0,,,,,,0
9642,iw9_pi_golf17_mastery_complete,0,0,4,8697,0,,,,,,0
9643,iw9_pi_golf18_mastery_complete,0,0,4,8652,0,,,,,,0
9644,iw9_pi_decho_mastery_complete,0,0,4,8662,0,,,,,,0
9645,iw9_pi_swhiskey_mastery_complete,0,0,4,9039,0,,,,,,0
9646,iw9_pi_papa220_mastery_complete,0,0,4,8896,0,,,,,,0
9647,iw9_la_gromeo_mastery_complete,0,0,4,8823,0,,,,,,0
9648,iw9_la_juliet_mastery_complete,0,0,4,8927,0,,,,,,0
9649,iw9_la_rpapa7_mastery_complete,0,0,4,8895,0,,,,,,0
9650,iw9_la_kgolf_mastery_complete,0,0,4,8794,0,,,,,,0
9652,iw9_me_knife_mastery_complete,0,0,4,9043,0,,,,,,0
9653,iw9_me_riotshield_mastery_complete,0,0,4,9019,0,,,,,,0
10043,iw9_ch_reward_raid_random_1,0,0,1,6193,0,,,,,,0
10044,iw9_ch_reward_raid_random_2,0,0,1,6064,0,,,,,,0
10045,iw9_ch_reward_raid_random_3,0,0,1,9523,0,,,,,,0
10046,iw9_ch_reward_raid_random_4,0,0,1,10068,0,,,,,,0
10047,iw9_ch_reward_raid_random_5,0,0,1,14733,0,,,,,,0
10048,iw9_ch_reward_raid_random_6,0,0,1,14995,0,,,,,,0
14793,iw9_ch_reward_raid_random_7,0,0,1,27581,0,,,,,,0
10049,iw9_ch_reward_raid_random_special,0,0,1,11830,0,,,,,,0
12099,iw9_ch_reward_raid_random_s2_1,0,0,1,6367,0,,,,,,0
12100,iw9_ch_reward_raid_random_s2_2,0,0,1,8934,0,,,,,,0
12101,iw9_ch_reward_raid_random_s2_3,0,0,1,10281,0,,,,,,0
12102,iw9_ch_reward_raid_random_s2_4,0,0,1,10298,0,,,,,,0
12103,iw9_ch_reward_raid_random_s2_5,0,0,1,18471,0,,,,,,0
12104,iw9_ch_reward_raid_random_s2_6,0,0,1,18513,0,,,,,,0
14780,iw9_ch_reward_raid_random_s3_1,0,0,1,27582,0,,,,,,0
14781,iw9_ch_reward_raid_random_s3_2,0,0,1,6954,0,,,,,,0
14782,iw9_ch_reward_raid_random_s3_3,0,0,1,10395,0,,,,,,0
14783,iw9_ch_reward_raid_random_s3_4,0,0,1,18489,0,,,,,,0
14784,iw9_ch_reward_raid_random_s3_5,0,0,1,18464,0,,,,,,0
12106,iw9_ch_reward_raid_random_s2_loot_camo,0,0,1,12161,0,,,,,,0
12107,iw9_ch_reward_raid_random_loot_camo,0,0,1,12051,0,,,,,,0
10055,iw9_ch_reward_raid_default_xp,0,0,1,,5000,,,,,,0
12297,iw9_ch_reward_raid_collected_blueprint,0,0,1,23220,0,,,,,,0
14789,iw9_ch_reward_raid_collected_s3_camo,0,0,1,29356,0,,,,,,0
14794,iw9_ch_reward_raid_collected_s4_easteregg,0,0,1,,0,,,,,,0
9757,iw9_ar_mike4_mastery_plat_unlock,0,0,2,,0,,,,,,0
9758,iw9_ar_mike16_mastery_plat_unlock,0,0,2,,0,,,,,,0
9759,iw9_lm_foxtrot_mastery_plat_unlock,0,0,2,,0,,,,,,0
9760,iw9_br_msecho_mastery_plat_unlock,0,0,2,,0,,,,,,0
9761,iw9_sm_alpha57_mastery_plat_unlock,0,0,2,,0,,,,,,0
9762,iw9_ar_golf3_mastery_plat_unlock,0,0,2,,0,,,,,,0
9763,iw9_sm_mpapa5_mastery_plat_unlock,0,0,2,,0,,,,,,0
9764,iw9_lm_kilo21_mastery_plat_unlock,0,0,2,,0,,,,,,0
9765,iw9_ar_kilo53_mastery_plat_unlock,0,0,2,,0,,,,,,0
9766,iw9_dm_pgolf1_mastery_plat_unlock,0,0,2,,0,,,,,,0
9767,iw9_ar_augolf_mastery_plat_unlock,0,0,2,,0,,,,,,0
9768,iw9_sm_apapa_mastery_plat_unlock,0,0,2,,0,,,,,,0
9769,iw9_lm_ahotel_mastery_plat_unlock,0,0,2,,0,,,,,,0
9770,iw9_ar_akilo_mastery_plat_unlock,0,0,2,,0,,,,,,0
9771,iw9_ar_akilo105_mastery_plat_unlock,0,0,2,,0,,,,,,0
9772,iw9_ar_akilo74_mastery_plat_unlock,0,0,2,,0,,,,,,0
9773,iw9_sm_aviktor_mastery_plat_unlock,0,0,2,,0,,,,,,0
9774,iw9_sm_beta_mastery_plat_unlock,0,0,2,,0,,,,,,0
9775,iw9_lm_rkilo_mastery_plat_unlock,0,0,2,,0,,,,,,0
9776,iw9_ar_scharlie_mastery_plat_unlock,0,0,2,,0,,,,,,0
9777,iw9_ar_schotel_mastery_plat_unlock,0,0,2,,0,,,,,,0
9778,iw9_dm_scromeo_mastery_plat_unlock,0,0,2,,0,,,,,,0
9779,iw9_sm_papa90_mastery_plat_unlock,0,0,2,,0,,,,,,0
9780,iw9_sm_mpapax_mastery_plat_unlock,0,0,1,,0,,,,,,0
9781,iw9_ar_mcharlie_mastery_plat_unlock,0,0,1,,0,,,,,,0
9782,iw9_ar_mcbravo_mastery_plat_unlock,0,0,2,,0,,,,,,0
9783,iw9_sm_mpapa7_mastery_plat_unlock,0,0,2,,0,,,,,,0
9784,iw9_sm_victor_mastery_plat_unlock,0,0,2,,0,,,,,,0
9785,iw9_sh_mike1014_mastery_plat_unlock,0,0,2,,0,,,,,,0
9786,iw9_sh_mbravo_mastery_plat_unlock,0,0,2,,0,,,,,,0
9787,iw9_sh_mviktor_mastery_plat_unlock,0,0,2,,0,,,,,,0
9788,iw9_sh_charlie725_mastery_plat_unlock,0,0,2,,0,,,,,,0
9789,iw9_lm_slima_mastery_plat_unlock,0,0,2,,0,,,,,,0
9790,iw9_lm_ngolf7_mastery_plat_unlock,0,0,2,,0,,,,,,0
9791,iw9_dm_mike14_mastery_plat_unlock,0,0,2,,0,,,,,,0
9792,iw9_br_soscar14_mastery_plat_unlock,0,0,2,,0,,,,,,0
9793,iw9_dm_sbeta_mastery_plat_unlock,0,0,2,,0,,,,,,0
9794,iw9_dm_mike24_mastery_plat_unlock,0,0,2,,0,,,,,,0
9795,iw9_dm_sa700_mastery_plat_unlock,0,0,2,,0,,,,,,0
9796,iw9_dm_xmike2010_mastery_plat_unlock,0,0,2,,0,,,,,,0
9797,iw9_dm_la700_mastery_plat_unlock,0,0,2,,0,,,,,,0
9798,iw9_sn_mromeo_mastery_plat_unlock,0,0,2,,0,,,,,,0
9799,iw9_sn_limax_mastery_plat_unlock,0,0,2,,0,,,,,,0
9800,iw9_sn_alpha50_mastery_plat_unlock,0,0,1,,0,,,,,,0
9801,iw9_pi_golf17_mastery_plat_unlock,0,0,2,,0,,,,,,0
9802,iw9_pi_golf18_mastery_plat_unlock,0,0,2,,0,,,,,,0
9803,iw9_pi_decho_mastery_plat_unlock,0,0,2,,0,,,,,,0
9804,iw9_pi_swhiskey_mastery_plat_unlock,0,0,2,,0,,,,,,0
9805,iw9_pi_papa220_mastery_plat_unlock,0,0,2,,0,,,,,,0
9806,iw9_la_gromeo_mastery_plat_unlock,0,0,2,,0,,,,,,0
9807,iw9_la_juliet_mastery_plat_unlock,0,0,2,,0,,,,,,0
9808,iw9_la_rpapa7_mastery_plat_unlock,0,0,2,,0,,,,,,0
9809,iw9_la_kgolf_mastery_plat_unlock,0,0,2,,0,,,,,,0
9811,iw9_me_knife_mastery_plat_unlock,0,0,2,,0,,,,,,0
9812,iw9_me_riotshield_mastery_plat_unlock,0,0,2,,0,,,,,,0
9813,iw9_ar_mike4_mastery_dama_unlock,0,0,2,,0,,,,,,0
9814,iw9_ar_mike16_mastery_dama_unlock,0,0,2,,0,,,,,,0
9815,iw9_lm_foxtrot_mastery_dama_unlock,0,0,2,,0,,,,,,0
9816,iw9_br_msecho_mastery_dama_unlock,0,0,2,,0,,,,,,0
9817,iw9_sm_alpha57_mastery_dama_unlock,0,0,2,,0,,,,,,0
9818,iw9_ar_golf3_mastery_dama_unlock,0,0,2,,0,,,,,,0
9819,iw9_sm_mpapa5_mastery_dama_unlock,0,0,2,,0,,,,,,0
9820,iw9_lm_kilo21_mastery_dama_unlock,0,0,2,,0,,,,,,0
9821,iw9_ar_kilo53_mastery_dama_unlock,0,0,2,,0,,,,,,0
9822,iw9_dm_pgolf1_mastery_dama_unlock,0,0,2,,0,,,,,,0
9823,iw9_ar_augolf_mastery_dama_unlock,0,0,2,,0,,,,,,0
9824,iw9_sm_apapa_mastery_dama_unlock,0,0,2,,0,,,,,,0
9825,iw9_lm_ahotel_mastery_dama_unlock,0,0,2,,0,,,,,,0
9826,iw9_ar_akilo_mastery_dama_unlock,0,0,2,,0,,,,,,0
9827,iw9_ar_akilo105_mastery_dama_unlock,0,0,2,,0,,,,,,0
9828,iw9_ar_akilo74_mastery_dama_unlock,0,0,2,,0,,,,,,0
9829,iw9_sm_aviktor_mastery_dama_unlock,0,0,2,,0,,,,,,0
9830,iw9_sm_beta_mastery_dama_unlock,0,0,2,,0,,,,,,0
9831,iw9_lm_rkilo_mastery_dama_unlock,0,0,2,,0,,,,,,0
9832,iw9_ar_scharlie_mastery_dama_unlock,0,0,2,,0,,,,,,0
9833,iw9_ar_schotel_mastery_dama_unlock,0,0,2,,0,,,,,,0
9834,iw9_dm_scromeo_mastery_dama_unlock,0,0,2,,0,,,,,,0
9835,iw9_sm_papa90_mastery_dama_unlock,0,0,2,,0,,,,,,0
9836,iw9_sm_mpapax_mastery_dama_unlock,0,0,1,,0,,,,,,0
9837,iw9_ar_mcharlie_mastery_dama_unlock,0,0,1,,0,,,,,,0
9838,iw9_ar_mcbravo_mastery_dama_unlock,0,0,2,,0,,,,,,0
9839,iw9_sm_mpapa7_mastery_dama_unlock,0,0,2,,0,,,,,,0
9840,iw9_sm_victor_mastery_dama_unlock,0,0,2,,0,,,,,,0
9841,iw9_sh_mike1014_mastery_dama_unlock,0,0,2,,0,,,,,,0
9842,iw9_sh_mbravo_mastery_dama_unlock,0,0,2,,0,,,,,,0
9843,iw9_sh_mviktor_mastery_dama_unlock,0,0,2,,0,,,,,,0
9844,iw9_sh_charlie725_mastery_dama_unlock,0,0,2,,0,,,,,,0
9845,iw9_lm_slima_mastery_dama_unlock,0,0,2,,0,,,,,,0
9846,iw9_lm_ngolf7_mastery_dama_unlock,0,0,2,,0,,,,,,0
9847,iw9_dm_mike14_mastery_dama_unlock,0,0,2,,0,,,,,,0
9848,iw9_br_soscar14_mastery_dama_unlock,0,0,2,,0,,,,,,0
9849,iw9_dm_sbeta_mastery_dama_unlock,0,0,2,,0,,,,,,0
9850,iw9_dm_mike24_mastery_dama_unlock,0,0,2,,0,,,,,,0
9851,iw9_dm_sa700_mastery_dama_unlock,0,0,2,,0,,,,,,0
9852,iw9_dm_xmike2010_mastery_dama_unlock,0,0,2,,0,,,,,,0
9853,iw9_dm_la700_mastery_dama_unlock,0,0,2,,0,,,,,,0
9854,iw9_sn_mromeo_mastery_dama_unlock,0,0,2,,0,,,,,,0
9855,iw9_sn_limax_mastery_dama_unlock,0,0,2,,0,,,,,,0
9856,iw9_sn_alpha50_mastery_dama_unlock,0,0,1,,0,,,,,,0
9857,iw9_pi_golf17_mastery_dama_unlock,0,0,2,,0,,,,,,0
9858,iw9_pi_golf18_mastery_dama_unlock,0,0,2,,0,,,,,,0
9859,iw9_pi_decho_mastery_dama_unlock,0,0,2,,0,,,,,,0
9860,iw9_pi_swhiskey_mastery_dama_unlock,0,0,2,,0,,,,,,0
9861,iw9_pi_papa220_mastery_dama_unlock,0,0,2,,0,,,,,,0
9862,iw9_la_gromeo_mastery_dama_unlock,0,0,2,,0,,,,,,0
9863,iw9_la_juliet_mastery_dama_unlock,0,0,2,,0,,,,,,0
9864,iw9_la_rpapa7_mastery_dama_unlock,0,0,2,,0,,,,,,0
9865,iw9_la_kgolf_mastery_dama_unlock,0,0,2,,0,,,,,,0
9867,iw9_me_knife_mastery_dama_unlock,0,0,2,,0,,,,,,0
9868,iw9_me_riotshield_mastery_dama_unlock,0,0,2,,0,,,,,,0
9869,iw9_ar_mike4_mastery_orio_unlock,0,0,2,,0,,,,,,0
9870,iw9_ar_mike16_mastery_orio_unlock,0,0,2,,0,,,,,,0
9871,iw9_lm_foxtrot_mastery_orio_unlock,0,0,2,,0,,,,,,0
9872,iw9_br_msecho_mastery_orio_unlock,0,0,2,,0,,,,,,0
9873,iw9_sm_alpha57_mastery_orio_unlock,0,0,2,,0,,,,,,0
9874,iw9_ar_golf3_mastery_orio_unlock,0,0,2,,0,,,,,,0
9875,iw9_sm_mpapa5_mastery_orio_unlock,0,0,2,,0,,,,,,0
9876,iw9_lm_kilo21_mastery_orio_unlock,0,0,2,,0,,,,,,0
9877,iw9_ar_kilo53_mastery_orio_unlock,0,0,2,,0,,,,,,0
9878,iw9_dm_pgolf1_mastery_orio_unlock,0,0,2,,0,,,,,,0
9879,iw9_ar_augolf_mastery_orio_unlock,0,0,2,,0,,,,,,0
9880,iw9_sm_apapa_mastery_orio_unlock,0,0,2,,0,,,,,,0
9881,iw9_lm_ahotel_mastery_orio_unlock,0,0,2,,0,,,,,,0
9882,iw9_ar_akilo_mastery_orio_unlock,0,0,2,,0,,,,,,0
9883,iw9_ar_akilo105_mastery_orio_unlock,0,0,2,,0,,,,,,0
9884,iw9_ar_akilo74_mastery_orio_unlock,0,0,2,,0,,,,,,0
9885,iw9_sm_aviktor_mastery_orio_unlock,0,0,2,,0,,,,,,0
9886,iw9_sm_beta_mastery_orio_unlock,0,0,2,,0,,,,,,0
9887,iw9_lm_rkilo_mastery_orio_unlock,0,0,2,,0,,,,,,0
9888,iw9_ar_scharlie_mastery_orio_unlock,0,0,2,,0,,,,,,0
9889,iw9_ar_schotel_mastery_orio_unlock,0,0,2,,0,,,,,,0
9890,iw9_dm_scromeo_mastery_orio_unlock,0,0,2,,0,,,,,,0
9891,iw9_sm_papa90_mastery_orio_unlock,0,0,2,,0,,,,,,0
9892,iw9_sm_mpapax_mastery_orio_unlock,0,0,1,,0,,,,,,0
9893,iw9_ar_mcharlie_mastery_orio_unlock,0,0,1,,0,,,,,,0
9894,iw9_ar_mcbravo_mastery_orio_unlock,0,0,2,,0,,,,,,0
9895,iw9_sm_mpapa7_mastery_orio_unlock,0,0,2,,0,,,,,,0
9896,iw9_sm_victor_mastery_orio_unlock,0,0,2,,0,,,,,,0
9897,iw9_sh_mike1014_mastery_orio_unlock,0,0,2,,0,,,,,,0
9898,iw9_sh_mbravo_mastery_orio_unlock,0,0,2,,0,,,,,,0
9899,iw9_sh_mviktor_mastery_orio_unlock,0,0,2,,0,,,,,,0
9900,iw9_sh_charlie725_mastery_orio_unlock,0,0,2,,0,,,,,,0
9901,iw9_lm_slima_mastery_orio_unlock,0,0,2,,0,,,,,,0
9902,iw9_lm_ngolf7_mastery_orio_unlock,0,0,2,,0,,,,,,0
9903,iw9_dm_mike14_mastery_orio_unlock,0,0,2,,0,,,,,,0
9904,iw9_br_soscar14_mastery_orio_unlock,0,0,2,,0,,,,,,0
9905,iw9_dm_sbeta_mastery_orio_unlock,0,0,2,,0,,,,,,0
9906,iw9_dm_mike24_mastery_orio_unlock,0,0,2,,0,,,,,,0
9907,iw9_dm_sa700_mastery_orio_unlock,0,0,2,,0,,,,,,0
9908,iw9_dm_xmike2010_mastery_orio_unlock,0,0,2,,0,,,,,,0
9909,iw9_dm_la700_mastery_orio_unlock,0,0,2,,0,,,,,,0
9910,iw9_sn_mromeo_mastery_orio_unlock,0,0,2,,0,,,,,,0
9911,iw9_sn_limax_mastery_orio_unlock,0,0,2,,0,,,,,,0
9912,iw9_sn_alpha50_mastery_orio_unlock,0,0,1,,0,,,,,,0
9913,iw9_pi_golf17_mastery_orio_unlock,0,0,2,,0,,,,,,0
9914,iw9_pi_golf18_mastery_orio_unlock,0,0,2,,0,,,,,,0
9915,iw9_pi_decho_mastery_orio_unlock,0,0,2,,0,,,,,,0
9916,iw9_pi_swhiskey_mastery_orio_unlock,0,0,2,,0,,,,,,0
9917,iw9_pi_papa220_mastery_orio_unlock,0,0,2,,0,,,,,,0
9918,iw9_la_gromeo_mastery_orio_unlock,0,0,2,,0,,,,,,0
9919,iw9_la_juliet_mastery_orio_unlock,0,0,2,,0,,,,,,0
9920,iw9_la_rpapa7_mastery_orio_unlock,0,0,2,,0,,,,,,0
9921,iw9_la_kgolf_mastery_orio_unlock,0,0,2,,0,,,,,,0
9922,iw9_la_mike32_mastery_orio_unlock,0,0,2,,0,,,,,,0
9923,iw9_me_knife_mastery_orio_unlock,0,0,2,,0,,,,,,0
9924,iw9_me_riotshield_mastery_orio_unlock,0,0,2,,0,,,,,,0
9927,mastery_complete_all,0,0,51,9031|20968|26730,0,,,,,,0
9992,camo_platinum_ar_unlock_activator,0,0,9999,,0,,,,,,0
9994,camo_platinum_sm_unlock_activator,0,0,9999,,0,,,,,,0
9995,camo_platinum_lm_unlock_activator,0,0,9999,,0,,,,,,0
9996,camo_platinum_br_unlock_activator,0,0,9999,,0,,,,,,0
9997,camo_platinum_dm_unlock_activator,0,0,9999,,0,,,,,,0
9998,camo_platinum_la_unlock_activator,0,0,9999,,0,,,,,,0
9999,camo_platinum_sh_unlock_activator,0,0,9999,,0,,,,,,0
10000,camo_platinum_sn_unlock_activator,0,0,9999,,0,,,,,,0
10001,camo_platinum_me_unlock_activator,0,0,9999,,0,,,,,,0
10002,camo_platinum_pi_unlock_activator,0,0,9999,,0,,,,,,0
9993,camo_damascus_activator,0,0,9999,,0,,,,,,0
11491,iw9_dm_crossbow_camo_1,0,0,50,12100,1000,,,,,,0
11492,iw9_dm_crossbow_camo_2,0,0,5,12224,1000,,,,,,0
11493,iw9_dm_crossbow_camo_3,0,0,15,12142,1000,,,,,,0
11494,iw9_dm_crossbow_camo_4,0,0,20,12188,1000,,,,,,0
11495,iw9_dm_crossbow_camo_gold,0,0,10,20795,4000,,,,,,0
11496,iw9_dm_crossbow_camo_gold_unlock,0,0,4,,0,,,,,,0
11497,iw9_dm_crossbow_camo_plat_unlock,0,0,2,,0,,,,,,0
11498,iw9_dm_crossbow_camo_dama_unlock,0,0,2,,0,,,,,,0
11499,iw9_dm_crossbow_camo_plat,0,0,25,20796,5000,,,,,,0
11500,iw9_dm_crossbow_camo_dama,0,0,25,20797,7500,,,,,,0
11501,iw9_dm_crossbow_camo_plat_activator,0,0,1,,0,,,,,,0
11502,iw9_dm_crossbow_camo_dama_activator,0,0,1,,0,,,,,,0
11503,iw9_dm_crossbow_mastery_gold,0,0,100,20006|19990,4000,,,,,,0
11504,iw9_dm_crossbow_mastery_plat,0,0,200,20014|19998,5000,,,,,,0
11505,iw9_dm_crossbow_mastery_dama,0,0,300,20002|19986,7500,,,,,,0
11506,iw9_dm_crossbow_mastery_orio,0,0,400,20010|19994,10000,,,,,,0
11507,iw9_dm_crossbow_mastery_complete,0,0,4,8749,0,,,,,,0
11518,iw9_sh_vecho_camo_1,0,0,50,12125,1000,,,,,,0
11519,iw9_sh_vecho_camo_2,0,0,20,12217,1000,,,,,,0
11520,iw9_sh_vecho_camo_3,0,0,10,12018,1000,,,,,,0
11521,iw9_sh_vecho_camo_4,0,0,20,12025,1000,,,,,,0
11522,iw9_sh_vecho_camo_gold,0,0,10,21358,4000,,,,,,0
11523,iw9_sh_vecho_camo_gold_unlock,0,0,4,,0,,,,,,0
11524,iw9_sh_vecho_camo_plat_unlock,0,0,2,,0,,,,,,0
11525,iw9_sh_vecho_camo_dama_unlock,0,0,2,,0,,,,,,0
11526,iw9_sh_vecho_camo_plat,0,0,25,21359,5000,,,,,,0
11527,iw9_sh_vecho_camo_dama,0,0,25,21360,7500,,,,,,0
11528,iw9_sh_vecho_camo_plat_activator,0,0,1,,0,,,,,,0
11529,iw9_sh_vecho_camo_dama_activator,0,0,1,,0,,,,,,0
11530,iw9_sh_vecho_mastery_gold,0,0,100,20008|19992,4000,,,,,,0
11531,iw9_sh_vecho_mastery_plat,0,0,200,20016|20000,5000,,,,,,0
11532,iw9_sh_vecho_mastery_dama,0,0,300,20004|19988,7500,,,,,,0
11533,iw9_sh_vecho_mastery_orio,0,0,400,20012|19996,10000,,,,,,0
11534,iw9_sh_vecho_mastery_complete,0,0,4,8906,0,,,,,,0
11535,iw9_ar_acharlie300_camo_1,0,0,50,12044,1000,,,,,,0
11536,iw9_ar_acharlie300_camo_2,0,0,40,12039,1000,,,,,,0
11537,iw9_ar_acharlie300_camo_3,0,0,15,12095,1000,,,,,,0
11538,iw9_ar_acharlie300_camo_4,0,0,40,12026,1000,,,,,,0
11539,iw9_ar_acharlie300_camo_gold,0,0,10,21362,4000,,,,,,0
11540,iw9_ar_acharlie300_camo_gold_unlock,0,0,4,,0,,,,,,0
11541,iw9_ar_acharlie300_camo_plat_unlock,0,0,2,,0,,,,,,0
11542,iw9_ar_acharlie300_camo_dama_unlock,0,0,2,,0,,,,,,0
11543,iw9_ar_acharlie300_camo_plat,0,0,25,21363,5000,,,,,,0
11544,iw9_ar_acharlie300_camo_dama,0,0,25,21364,7500,,,,,,0
11545,iw9_ar_acharlie300_camo_plat_activator,0,0,1,,0,,,,,,0
11546,iw9_ar_acharlie300_camo_dama_activator,0,0,1,,0,,,,,,0
11547,iw9_ar_acharlie300_mastery_gold,0,0,100,20005|19989,4000,,,,,,0
11548,iw9_ar_acharlie300_mastery_plat,0,0,200,20013|19997,5000,,,,,,0
11549,iw9_ar_acharlie300_mastery_dama,0,0,300,20001|19985,7500,,,,,,0
11550,iw9_ar_acharlie300_mastery_orio,0,0,400,20009|19993,10000,,,,,,0
11551,iw9_ar_acharlie300_mastery_complete,0,0,4,8826,0,,,,,,0
11552,iw9_me_sword01_camo_1,0,0,50,12222,1000,,,,,,0
11553,iw9_me_sword01_camo_gold,0,0,10,21379,4000,,,,,,0
11554,iw9_me_sword01_camo_gold_unlock,0,0,1,,0,,,,,,0
11555,iw9_me_sword01_camo_plat,0,0,10,21380,5000,,,,,,0
11556,iw9_me_sword01_camo_dama,0,0,20,21381,7500,,,,,,0
11557,iw9_me_sword01_mastery_gold,0,0,100,20007|19991,4000,,,,,,0
11558,iw9_me_sword01_mastery_plat,0,0,200,20015|19999,5000,,,,,,0
11559,iw9_me_sword01_mastery_dama,0,0,300,20003|19987,7500,,,,,,0
11560,iw9_me_sword01_mastery_orio,0,0,400,20011|19995,10000,,,,,,0
11561,iw9_me_sword01_mastery_complete,0,0,4,9021,0,,,,,,0
11562,iw9_me_sword01_camo_plat_unlock,0,0,2,,0,,,,,,0
11563,iw9_me_sword01_camo_dama_unlock,0,0,2,,0,,,,,,0
11564,iw9_me_sword01_camo_plat_activator,0,0,1,,0,,,,,,0
11565,iw9_me_sword01_camo_dama_activator,0,0,1,,0,,,,,,0
12229,iw9_ch_event_camo_01_ar,0,0,125,24144,1000,,,,,,0
12230,iw9_ch_event_camo_01_br,0,0,75,24145,1000,,,,,,0
12231,iw9_ch_event_camo_01_dm,0,0,50,24146,1000,,,,,,0
12232,iw9_ch_event_camo_01_la,0,0,40,24147,1000,,,,,,0
12233,iw9_ch_event_camo_01_lm,0,0,75,24148,1000,,,,,,0
12234,iw9_ch_event_camo_01_me,0,0,30,24149,1000,,,,,,0
12235,iw9_ch_event_camo_01_pi,0,0,30,24150,1000,,,,,,0
12236,iw9_ch_event_camo_01_sh,0,0,50,24151,1000,,,,,,0
12237,iw9_ch_event_camo_01_sm,0,0,100,24152,1000,,,,,,0
12238,iw9_ch_event_camo_01_sn,0,0,50,24153,1000,,,,,,0
12239,compound_iw9_event_camo_01,0,0,10,12198|8696,1000,,,,,,0
12413,iw9_dm_stango25_camo_1,0,0,50,12233,1000,,,,,,0
12414,iw9_dm_stango25_camo_2,0,0,10,12240,1000,,,,,,0
12415,iw9_dm_stango25_camo_3,0,0,20,12229,1000,,,,,,0
12416,iw9_dm_stango25_camo_4,0,0,40,12249,1000,,,,,,0
12417,iw9_dm_stango25_camo_gold,0,0,10,24631,4000,,,,,,0
12418,iw9_dm_stango25_camo_gold_unlock,0,0,4,,0,,,,,,0
12419,iw9_dm_stango25_camo_plat_unlock,0,0,2,,0,,,,,,0
12420,iw9_dm_stango25_camo_dama_unlock,0,0,2,,0,,,,,,0
12421,iw9_dm_stango25_camo_plat,0,0,25,24632,5000,,,,,,0
12422,iw9_dm_stango25_camo_dama,0,0,25,24633,7500,,,,,,0
12423,iw9_dm_stango25_camo_plat_activator,0,0,1,,0,,,,,,0
12424,iw9_dm_stango25_camo_dama_activator,0,0,1,,0,,,,,,0
12425,iw9_dm_stango25_mastery_gold,0,0,100,24564|24560,4000,,,,,,0
12426,iw9_dm_stango25_mastery_plat,0,0,200,24566|24562,5000,,,,,,0
12427,iw9_dm_stango25_mastery_dama,0,0,300,24563|24559,7500,,,,,,0
12428,iw9_dm_stango25_mastery_orio,0,0,400,24565|24561,10000,,,,,,0
12429,iw9_dm_stango25_mastery_complete,0,0,4,8797,0,,,,,,0
13692,iw9_br_ngsierra_camo_1,0,0,50,26108,1000,,,,,,0
13693,iw9_br_ngsierra_camo_2,0,0,15,12076,1000,,,,,,0
13694,iw9_br_ngsierra_camo_3,0,0,20,26105,1000,,,,,,0
13695,iw9_br_ngsierra_camo_4,0,0,40,26107,1000,,,,,,0
13696,iw9_br_ngsierra_camo_gold,0,0,10,26129,4000,,,,,,0
13697,iw9_br_ngsierra_camo_gold_unlock,0,0,4,,0,,,,,,0
13698,iw9_br_ngsierra_camo_plat_unlock,0,0,2,,0,,,,,,0
13699,iw9_br_ngsierra_camo_dama_unlock,0,0,2,,0,,,,,,0
13700,iw9_br_ngsierra_camo_plat,0,0,25,26130,5000,,,,,,0
13701,iw9_br_ngsierra_camo_dama,0,0,25,26131,7500,,,,,,0
13702,iw9_br_ngsierra_camo_plat_activator,0,0,1,,0,,,,,,0
13703,iw9_br_ngsierra_camo_dama_activator,0,0,1,,0,,,,,,0
13704,iw9_br_ngsierra_mastery_gold,0,0,100,26211|26203,4000,,,,,,0
13705,iw9_br_ngsierra_mastery_plat,0,0,200,26215|26207,5000,,,,,,0
13706,iw9_br_ngsierra_mastery_dama,0,0,300,26209|26201,7500,,,,,,0
13707,iw9_br_ngsierra_mastery_orio,0,0,400,26213|26205,10000,,,,,,0
13708,iw9_br_ngsierra_mastery_complete,0,0,4,8803,0,,,,,,0
13709,iw9_sn_india_camo_1,0,0,50,26104,1000,,,,,,0
13710,iw9_sn_india_camo_2,0,0,20,26106,1000,,,,,,0
13711,iw9_sn_india_camo_3,0,0,40,26110,1000,,,,,,0
13712,iw9_sn_india_camo_4,0,0,40,26109,1000,,,,,,0
13713,iw9_sn_india_camo_gold,0,0,10,26126,4000,,,,,,0
13714,iw9_sn_india_camo_gold_unlock,0,0,4,,0,,,,,,0
13715,iw9_sn_india_camo_plat_unlock,0,0,2,,0,,,,,,0
13716,iw9_sn_india_camo_dama_unlock,0,0,2,,0,,,,,,0
13717,iw9_sn_india_camo_plat,0,0,25,26127,5000,,,,,,0
13718,iw9_sn_india_camo_dama,0,0,25,26128,7500,,,,,,0
13719,iw9_sn_india_camo_plat_activator,0,0,1,,0,,,,,,0
13720,iw9_sn_india_camo_dama_activator,0,0,1,,0,,,,,,0
13721,iw9_sn_india_mastery_gold,0,0,100,26210|26202,4000,,,,,,0
13722,iw9_sn_india_mastery_plat,0,0,200,26214|26206,5000,,,,,,0
13723,iw9_sn_india_mastery_dama,0,0,300,26208|26200,7500,,,,,,0
13724,iw9_sn_india_mastery_orio,0,0,400,26212|26204,10000,,,,,,0
13725,iw9_sn_india_mastery_complete,0,0,4,8979,0,,,,,,0
14876,iw9_pi_dechoauto_mastery_gold,0,0,100,29286|29273,4000,,,,,,0
14877,iw9_pi_dechoauto_mastery_plat,0,0,200,29290|29277,5000,,,,,,0
14878,iw9_pi_dechoauto_mastery_dama,0,0,300,29284|29271,7500,,,,,,0
14879,iw9_pi_dechoauto_mastery_orio,0,0,400,29288|29275,10000,,,,,,0
14880,iw9_pi_dechoauto_mastery_complete,0,0,4,8851,0,,,,,,0
14809,iw9_ch_event_camo_02_ar,0,0,250,27971,1000,,,,,,0
14810,iw9_ch_event_camo_02_br,0,0,30,27972,1000,,,,,,0
14811,iw9_ch_event_camo_02_dm,0,0,25,27973,1000,,,,,,0
14812,iw9_ch_event_camo_02_la,0,0,40,27974,1000,,,,,,0
14813,iw9_ch_event_camo_02_lm,0,0,30,27975,1000,,,,,,0
14814,iw9_ch_event_camo_02_me,0,0,30,27976,1000,,,,,,0
14815,iw9_ch_event_camo_02_pi,0,0,50,27977,1000,,,,,,0
14816,iw9_ch_event_camo_02_sh,0,0,30,27978,1000,,,,,,0
14817,iw9_ch_event_camo_02_sm,0,0,20,27979,1000,,,,,,0
14818,iw9_ch_event_camo_02_sn,0,0,30,27980,1000,,,,,,0
14819,compound_iw9_event_camo_2,0,0,10,29359|27573,1000,,,,,,0
14868,iw9_pi_dechoauto_camo_plat_activator,0,0,1,,0,,,,,,0
14869,iw9_pi_dechoauto_camo_dama_activator,0,0,1,,0,,,,,,0
14870,iw9_pi_dechoauto_camo_plat_unlock,0,0,2,,0,,,,,,0
14871,iw9_pi_dechoauto_camo_dama_unlock,0,0,2,,0,,,,,,0
14943,iw9_pi_tango9_camo_1,0,0,40,29336,1000,,,,,,0
14944,iw9_pi_tango9_camo_2,0,0,15,29337,1500,,,,,,0
14945,iw9_pi_tango9_camo_3,0,0,30,29335,2000,,,,,,0
14946,iw9_pi_tango9_camo_4,0,0,20,29338,2500,,,,,,0
14947,iw9_pi_tango9_camo_gold,0,0,5,27984,4000,,,,,,0
14948,iw9_pi_tango9_camo_gold_unlock,0,0,4,,0,,,,,,0
14949,iw9_pi_tango9_camo_plat,0,0,15,27985,5000,,,,,,0
14950,iw9_pi_tango9_camo_dama,0,0,20,27986,7500,,,,,,0
14951,iw9_pi_tango9_mastery_gold,0,0,100,29287|29274,4000,,,,,,0
14952,iw9_pi_tango9_mastery_plat,0,0,200,29291|29278,5000,,,,,,0
14953,iw9_pi_tango9_mastery_dama,0,0,300,29285|29272,7500,,,,,,0
14954,iw9_pi_tango9_mastery_orio,0,0,400,29289|29276,10000,,,,,,0
14955,iw9_pi_tango9_mastery_complete,0,0,4,8726,0,,,,,,0
14956,iw9_pi_tango9_camo_plat_activator,0,0,1,,0,,,,,,0
14957,iw9_pi_tango9_camo_dama_activator,0,0,1,,0,,,,,,0
14958,iw9_pi_tango9_camo_plat_unlock,0,0,2,,0,,,,,,0
14959,iw9_pi_tango9_camo_dama_unlock,0,0,2,,0,,,,,,0
21549,iw9_pi_mike2011_camo_1,0,0,40,30188,1000,,,,,,0
21550,iw9_pi_mike2011_camo_2,0,0,20,30189,1500,,,,,,0
21551,iw9_pi_mike2011_camo_3,0,0,15,30190,2000,,,,,,0
21552,iw9_pi_mike2011_camo_4,0,0,30,30191,2500,,,,,,0
21553,iw9_pi_mike2011_camo_gold,0,0,5,37764,4000,,,,,,0
21554,iw9_pi_mike2011_camo_gold_unlock,0,0,4,,0,,,,,,0
21555,iw9_pi_mike2011_camo_plat,0,0,15,37765,5000,,,,,,0
21556,iw9_pi_mike2011_camo_dama,0,0,20,37766,7500,,,,,,0
21557,iw9_pi_mike2011_mastery_gold,0,0,100,31468|31395,4000,,,,,,0
21558,iw9_pi_mike2011_mastery_plat,0,0,200,31494|31421,5000,,,,,,0
21559,iw9_pi_mike2011_mastery_dama,0,0,300,31455|31382,7500,,,,,,0
21560,iw9_pi_mike2011_mastery_orio,0,0,400,31481|31408,10000,,,,,,0
21561,iw9_pi_mike2011_mastery_complete,0,0,4,8779,0,,,,,,0
21562,iw9_pi_mike2011_camo_plat_activator,0,0,1,,0,,,,,,0
21563,iw9_pi_mike2011_camo_dama_activator,0,0,1,,0,,,,,,0
21564,iw9_pi_mike2011_camo_plat_unlock,0,0,2,,0,,,,,,0
21565,iw9_pi_mike2011_camo_dama_unlock,0,0,2,,0,,,,,,0
15544,iw9_ar_helima_camo_1,0,0,50,29364,1000,,,,,,0
15545,iw9_ar_helima_camo_2,0,0,20,29365,1500,,,,,,0
15546,iw9_ar_helima_camo_3,0,0,40,29366,2000,,,,,,0
15547,iw9_ar_helima_camo_4,0,0,15,29367,2500,,,,,,0
15548,iw9_ar_helima_camo_gold,0,0,10,30029,4000,,,,,,0
15549,iw9_ar_helima_camo_gold_unlock,0,0,4,,0,,,,,,0
15550,iw9_ar_helima_camo_plat,0,0,25,30030,5000,,,,,,0
15551,iw9_ar_helima_camo_dama,0,0,25,30031,7500,,,,,,0
15552,iw9_ar_helima_mastery_gold,0,0,100,31465|31392,4000,,,,,,0
15553,iw9_ar_helima_mastery_plat,0,0,200,31491|31418,5000,,,,,,0
15554,iw9_ar_helima_mastery_dama,0,0,300,31452|31379,7500,,,,,,0
15555,iw9_ar_helima_mastery_orio,0,0,400,31478|31405,10000,,,,,,0
15556,iw9_ar_helima_mastery_complete,0,0,4,8983,0,,,,,,0
15557,iw9_ar_helima_camo_plat_activator,0,0,1,,0,,,,,,0
15558,iw9_ar_helima_camo_dama_activator,0,0,1,,0,,,,,,0
15559,iw9_ar_helima_camo_plat_unlock,0,0,2,,0,,,,,,0
15560,iw9_ar_helima_camo_dama_unlock,0,0,2,,0,,,,,,0
15561,iw9_sm_acharlie45_camo_1,0,0,50,29368,1000,,,,,,0
15562,iw9_sm_acharlie45_camo_2,0,0,40,29369,1500,,,,,,0
15563,iw9_sm_acharlie45_camo_3,0,0,30,29370,2000,,,,,,0
15564,iw9_sm_acharlie45_camo_4,0,0,20,29371,2500,,,,,,0
15565,iw9_sm_acharlie45_camo_gold,0,0,10,30032,4000,,,,,,0
15566,iw9_sm_acharlie45_camo_gold_unlock,0,0,4,,0,,,,,,0
15567,iw9_sm_acharlie45_camo_plat,0,0,25,30033,5000,,,,,,0
15568,iw9_sm_acharlie45_camo_dama,0,0,25,30034,7500,,,,,,0
15569,iw9_sm_acharlie45_mastery_gold,0,0,100,31461|31388,4000,,,,,,0
15570,iw9_sm_acharlie45_mastery_plat,0,0,200,31487|31414,5000,,,,,,0
15571,iw9_sm_acharlie45_mastery_dama,0,0,300,31448|31375,7500,,,,,,0
15572,iw9_sm_acharlie45_mastery_orio,0,0,400,31474|31401,10000,,,,,,0
15573,iw9_sm_acharlie45_mastery_complete,0,0,4,9001,0,,,,,,0
15574,iw9_sm_acharlie45_camo_plat_activator,0,0,1,,0,,,,,,0
15575,iw9_sm_acharlie45_camo_dama_activator,0,0,1,,0,,,,,,0
15576,iw9_sm_acharlie45_camo_plat_unlock,0,0,2,,0,,,,,,0
15577,iw9_sm_acharlie45_camo_dama_unlock,0,0,2,,0,,,,,,0
15578,iw9_me_tonfa_camo_1,0,0,40,29372,1000,,,,,,0
15579,iw9_me_tonfa_camo_gold,0,0,10,30834,4000,,,,,,0
15580,iw9_me_tonfa_camo_gold_unlock,0,0,1,,0,,,,,,0
15581,iw9_me_tonfa_camo_plat,0,0,15,30835,5000,,,,,,0
15582,iw9_me_tonfa_camo_dama,0,0,20,30836,7500,,,,,,0
15583,iw9_me_tonfa_mastery_gold,0,0,100,31471|31398,4000,,,,,,0
15584,iw9_me_tonfa_mastery_plat,0,0,200,31497|31424,5000,,,,,,0
15585,iw9_me_tonfa_mastery_dama,0,0,300,31458|31385,7500,,,,,,0
15586,iw9_me_tonfa_mastery_orio,0,0,400,31484|31411,10000,,,,,,0
15587,iw9_me_tonfa_mastery_complete,0,0,4,8988,0,,,,,,0
15588,iw9_me_tonfa_camo_plat_activator,0,0,1,,0,,,,,,0
15589,iw9_me_tonfa_camo_dama_activator,0,0,1,,0,,,,,,0
15590,iw9_me_tonfa_camo_plat_unlock,0,0,2,,0,,,,,,0
15591,iw9_me_tonfa_camo_dama_unlock,0,0,2,,0,,,,,,0
21586,iw9_me_pickaxe_camo_1,0,0,40,29351,1000,,,,,,0
21587,iw9_me_pickaxe_camo_gold,0,0,10,38526,4000,,,,,,0
21588,iw9_me_pickaxe_camo_gold_unlock,0,0,1,,0,,,,,,0
21589,iw9_me_pickaxe_camo_plat,0,0,15,38527,5000,,,,,,0
21590,iw9_me_pickaxe_camo_dama,0,0,20,38528,7500,,,,,,0
21591,iw9_me_pickaxe_mastery_gold,0,0,100,37478|37470,4000,,,,,,0
21592,iw9_me_pickaxe_mastery_plat,0,0,200,37482|37474,5000,,,,,,0
21593,iw9_me_pickaxe_mastery_dama,0,0,300,37476|37468,7500,,,,,,0
21594,iw9_me_pickaxe_mastery_orio,0,0,400,37480|37472,10000,,,,,,0
21595,iw9_me_pickaxe_mastery_complete,0,0,4,8931,0,,,,,,0
21596,iw9_me_pickaxe_camo_plat_activator,0,0,1,,0,,,,,,0
21597,iw9_me_pickaxe_camo_dama_activator,0,0,1,,0,,,,,,0
21598,iw9_me_pickaxe_camo_plat_unlock,0,0,2,,0,,,,,,0
21599,iw9_me_pickaxe_camo_dama_unlock,0,0,2,,0,,,,,,0
17241,iw9_ch_event_camo_03_ar,0,0,50,33289,1000,,,,,,0
17244,iw9_ch_event_camo_03_br,0,0,25,33290,1000,,,,,,0
17245,iw9_ch_event_camo_03_dm,0,0,30,33291,1000,,,,,,0
17246,iw9_ch_event_camo_03_la,0,0,40,33292,1000,,,,,,0
17247,iw9_ch_event_camo_03_lm,0,0,30,33293,1000,,,,,,0
17248,iw9_ch_event_camo_03_me,0,0,30,33294,1000,,,,,,0
17249,iw9_ch_event_camo_03_pi,0,0,50,33295,1000,,,,,,0
17250,iw9_ch_event_camo_03_sh,0,0,30,33296,1000,,,,,,0
17251,iw9_ch_event_camo_03_sm,0,0,250,33297,1000,,,,,,0
17252,iw9_ch_event_camo_03_sn,0,0,10,33298,1000,,,,,,0
17253,compound_iw9_event_camo_3,0,0,10,29382|27627,1000,,,,,,0
17650,iw9_sh_tsierra12_camo_1,0,0,50,29373,1000,,,,,,0
17651,iw9_sh_tsierra12_camo_2,0,0,20,29374,1000,,,,,,0
17652,iw9_sh_tsierra12_camo_3,0,0,10,29375,1000,,,,,,0
17653,iw9_sh_tsierra12_camo_4,0,0,20,29376,1000,,,,,,0
17654,iw9_sh_tsierra12_camo_gold,0,0,10,34393,4000,,,,,,0
17655,iw9_sh_tsierra12_camo_gold_unlock,0,0,4,,0,,,,,,0
17656,iw9_sh_tsierra12_camo_plat_unlock,0,0,2,,0,,,,,,0
17657,iw9_sh_tsierra12_camo_dama_unlock,0,0,2,,0,,,,,,0
17658,iw9_sh_tsierra12_camo_plat,0,0,25,34394,5000,,,,,,0
17659,iw9_sh_tsierra12_camo_dama,0,0,25,34395,7500,,,,,,0
17660,iw9_sh_tsierra12_camo_plat_activator,0,0,1,,0,,,,,,0
17661,iw9_sh_tsierra12_camo_dama_activator,0,0,1,,0,,,,,,0
17663,iw9_sh_tsierra12_mastery_gold,0,0,100,31472|31399,4000,,,,,,0
17664,iw9_sh_tsierra12_mastery_plat,0,0,200,31498|31425,5000,,,,,,0
17665,iw9_sh_tsierra12_mastery_dama,0,0,300,31459|31386,7500,,,,,,0
17666,iw9_sh_tsierra12_mastery_orio,0,0,400,31485|31412,10000,,,,,,0
17667,iw9_sh_tsierra12_mastery_complete,0,0,4,9035,0,,,,,,0
17821,iw9_ar_ralpha_camo_1,0,0,50,29377,1000,,,,,,0
17822,iw9_ar_ralpha_camo_2,0,0,20,29378,1500,,,,,,0
17823,iw9_ar_ralpha_camo_3,0,0,40,29379,2000,,,,,,0
17824,iw9_ar_ralpha_camo_4,0,0,15,29380,2500,,,,,,0
17825,iw9_ar_ralpha_camo_gold,0,0,10,34657,4000,,,,,,0
17826,iw9_ar_ralpha_camo_gold_unlock,0,0,4,,0,,,,,,0
17836,iw9_ar_ralpha_camo_plat_unlock,0,0,2,,0,,,,,,0
17837,iw9_ar_ralpha_camo_dama_unlock,0,0,2,,0,,,,,,0
17827,iw9_ar_ralpha_camo_plat,0,0,25,34658,5000,,,,,,0
17828,iw9_ar_ralpha_camo_dama,0,0,25,34659,7500,,,,,,0
17829,iw9_ar_ralpha_mastery_gold,0,0,100,31470|31397,4000,,,,,,0
17830,iw9_ar_ralpha_mastery_plat,0,0,200,31496|31423,5000,,,,,,0
17831,iw9_ar_ralpha_mastery_dama,0,0,300,31457|31384,7500,,,,,,0
17832,iw9_ar_ralpha_mastery_orio,0,0,400,31483|31410,10000,,,,,,0
17833,iw9_ar_ralpha_mastery_complete,0,0,4,8987,0,,,,,,0
17834,iw9_ar_ralpha_camo_plat_activator,0,0,1,,0,,,,,,0
17835,iw9_ar_ralpha_camo_dama_activator,0,0,1,,0,,,,,,0
21510,iw9_sm_sdelta_camo_1,0,0,40,30192,1000,,,,,,0
21511,iw9_sm_sdelta_camo_2,0,0,20,30193,1500,,,,,,0
21512,iw9_sm_sdelta_camo_3,0,0,25,30194,2000,,,,,,0
21513,iw9_sm_sdelta_camo_4,0,0,15,30195,2500,,,,,,0
21514,iw9_sm_sdelta_camo_gold,0,0,10,37460,4000,,,,,,0
21515,iw9_sm_sdelta_camo_gold_unlock,0,0,4,,0,,,,,,0
21516,iw9_sm_sdelta_camo_plat_unlock,0,0,2,,0,,,,,,0
21517,iw9_sm_sdelta_camo_dama_unlock,0,0,2,,0,,,,,,0
21518,iw9_sm_sdelta_camo_plat,0,0,25,37461,5000,,,,,,0
21519,iw9_sm_sdelta_camo_dama,0,0,25,37462,7500,,,,,,0
21520,iw9_sm_sdelta_mastery_gold,0,0,100,37479|37471,4000,,,,,,0
21521,iw9_sm_sdelta_mastery_plat,0,0,200,37483|37475,5000,,,,,,0
21522,iw9_sm_sdelta_mastery_dama,0,0,300,37477|37469,7500,,,,,,0
21523,iw9_sm_sdelta_mastery_orio,0,0,400,37481|37473,10000,,,,,,0
21524,iw9_sm_sdelta_mastery_complete,0,0,4,8885,0,,,,,,0
21525,iw9_sm_sdelta_camo_plat_activator,0,0,1,,0,,,,,,0
21526,iw9_sm_sdelta_camo_dama_activator,0,0,1,,0,,,,,,0
18628,iw9_ar_fecho_camo_1,0,0,50,30184,1000,,,,,,0
18629,iw9_ar_fecho_camo_2,0,0,20,30185,1500,,,,,,0
18630,iw9_ar_fecho_camo_3,0,0,30,30186,2000,,,,,,0
18631,iw9_ar_fecho_camo_4,0,0,15,30187,2500,,,,,,0
18632,iw9_ar_fecho_camo_gold,0,0,10,12637,4000,,,,,,0
18633,iw9_ar_fecho_camo_gold_unlock,0,0,4,,0,,,,,,0
18634,iw9_ar_fecho_camo_plat_unlock,0,0,2,,0,,,,,,0
18635,iw9_ar_fecho_camo_dama_unlock,0,0,2,,0,,,,,,0
18636,iw9_ar_fecho_camo_plat,0,0,25,12666,5000,,,,,,0
18637,iw9_ar_fecho_camo_dama,0,0,25,12693,7500,,,,,,0
18638,iw9_ar_fecho_mastery_gold,0,0,100,31464|31391,4000,,,,,,0
18639,iw9_ar_fecho_mastery_plat,0,0,200,31490|31417,5000,,,,,,0
18640,iw9_ar_fecho_mastery_dama,0,0,300,31451|31378,7500,,,,,,0
18641,iw9_ar_fecho_mastery_orio,0,0,400,31477|31404,10000,,,,,,0
18642,iw9_ar_fecho_mastery_complete,0,0,4,8887,0,,,,,,0
18643,iw9_ar_fecho_camo_plat_activator,0,0,1,,0,,,,,,0
18644,iw9_ar_fecho_camo_dama_activator,0,0,1,,0,,,,,,0
17863,iw9_sn_walpha_camo_1,0,0,50,30180,1000,,,,,,0
17864,iw9_sn_walpha_camo_2,0,0,20,30181,1500,,,,,,0
17865,iw9_sn_walpha_camo_3,0,0,15,30182,2000,,,,,,0
17866,iw9_sn_walpha_camo_4,0,0,20,30183,2500,,,,,,0
17867,iw9_sn_walpha_camo_gold,0,0,10,34966,4000,,,,,,0
17868,iw9_sn_walpha_camo_gold_unlock,0,0,4,,0,,,,,,0
17869,iw9_sn_walpha_camo_plat_unlock,0,0,2,,0,,,,,,0
17870,iw9_sn_walpha_camo_dama_unlock,0,0,2,,0,,,,,,0
17871,iw9_sn_walpha_camo_plat,0,0,25,34967,5000,,,,,,0
17872,iw9_sn_walpha_camo_dama,0,0,25,34968,7500,,,,,,0
17873,iw9_sn_walpha_mastery_gold,0,0,100,31473|31400,4000,,,,,,0
17874,iw9_sn_walpha_mastery_plat,0,0,200,31499|31426,5000,,,,,,0
17875,iw9_sn_walpha_mastery_dama,0,0,300,31460|31387,7500,,,,,,0
17876,iw9_sn_walpha_mastery_orio,0,0,400,31486|31413,10000,,,,,,0
17877,iw9_sn_walpha_mastery_complete,0,0,4,8972,0,,,,,,0
17878,iw9_sn_walpha_camo_plat_activator,0,0,1,,0,,,,,,0
17879,iw9_sn_walpha_camo_dama_activator,0,0,1,,0,,,,,,0
21570,iw9_ch_event_camo_04_ar,0,0,250,37484,1000,,,,,,0
21571,iw9_ch_event_camo_04_br,0,0,40,37485,1000,,,,,,0
21572,iw9_ch_event_camo_04_dm,0,0,40,37486,1000,,,,,,0
21573,iw9_ch_event_camo_04_la,0,0,75,37487,1000,,,,,,0
21574,iw9_ch_event_camo_04_lm,0,0,30,37488,1000,,,,,,0
21575,iw9_ch_event_camo_04_me,0,0,30,37489,1000,,,,,,0
21576,iw9_ch_event_camo_04_pi,0,0,50,37490,1000,,,,,,0
21577,iw9_ch_event_camo_04_sh,0,0,10,37491,1000,,,,,,0
21578,iw9_ch_event_camo_04_sm,0,0,100,37492,1000,,,,,,0
21579,iw9_ch_event_camo_04_sn,0,0,50,37493,1000,,,,,,0
21580,compound_iw9_event_camo_4,0,0,10,29353|27724,1000,,,,,,0
22224,iw9_sm_acharlie9_camo_1,0,0,50,30214,1000,,,,,,0
22225,iw9_sm_acharlie9_camo_2,0,0,20,30215,1500,,,,,,0
22226,iw9_sm_acharlie9_camo_3,0,0,10,30216,2000,,,,,,0
22227,iw9_sm_acharlie9_camo_4,0,0,25,30217,2500,,,,,,0
22228,iw9_sm_acharlie9_camo_gold,0,0,10,38930,4000,,,,,,0
22229,iw9_sm_acharlie9_camo_gold_unlock,0,0,4,,0,,,,,,0
22230,iw9_sm_acharlie9_camo_plat,0,0,25,38931,5000,,,,,,0
22231,iw9_sm_acharlie9_camo_dama,0,0,25,38932,7500,,,,,,0
22232,iw9_sm_acharlie9_mastery_gold,0,0,100,31389|31462,4000,,,,,,0
22233,iw9_sm_acharlie9_mastery_plat,0,0,200,31415|31488,5000,,,,,,0
22234,iw9_sm_acharlie9_mastery_dama,0,0,300,31376|31449,7500,,,,,,0
22235,iw9_sm_acharlie9_mastery_orio,0,0,400,31402|31475,10000,,,,,,0
22236,iw9_sm_acharlie9_mastery_complete,0,0,4,8855,0,,,,,,0
22237,iw9_sm_acharlie9_camo_plat_activator,0,0,1,,0,,,,,,0
22238,iw9_sm_acharlie9_camo_dama_activator,0,0,1,,0,,,,,,0
22239,iw9_sm_acharlie9_camo_plat_unlock,0,0,2,,0,,,,,,0
22240,iw9_sm_acharlie9_camo_dama_unlock,0,0,2,,0,,,,,,0
22286,iw9_ar_malima_camo_1,0,0,50,30210,1000,,,,,,0
22287,iw9_ar_malima_camo_2,0,0,10,30211,1500,,,,,,0
22288,iw9_ar_malima_camo_3,0,0,50,30212,2000,,,,,,0
22289,iw9_ar_malima_camo_4,0,0,50,30213,2500,,,,,,0
22290,iw9_ar_malima_camo_gold,0,0,10,38927,4000,,,,,,0
22291,iw9_ar_malima_camo_gold_unlock,0,0,4,,0,,,,,,0
22292,iw9_ar_malima_camo_plat_unlock,0,0,2,,0,,,,,,0
22293,iw9_ar_malima_camo_dama_unlock,0,0,2,,0,,,,,,0
22294,iw9_ar_malima_camo_plat,0,0,25,38928,5000,,,,,,0
22295,iw9_ar_malima_camo_dama,0,0,25,38929,7500,,,,,,0
22296,iw9_ar_malima_mastery_gold,0,0,100,31394|31467,4000,,,,,,0
22297,iw9_ar_malima_mastery_plat,0,0,200,31420|31493,5000,,,,,,0
22298,iw9_ar_malima_mastery_dama,0,0,300,31381|31454,7500,,,,,,0
22299,iw9_ar_malima_mastery_orio,0,0,400,31407|31480,10000,,,,,,0
22300,iw9_ar_malima_mastery_complete,0,0,4,8848,0,,,,,,0
22301,iw9_ar_malima_camo_plat_activator,0,0,1,,0,,,,,,0
22302,iw9_ar_malima_camo_dama_activator,0,0,1,,0,,,,,,0
21910,iw9_me_kamas_camo_1,0,0,50,30209,1000,,,,,,0
21911,iw9_me_kamas_camo_gold,0,0,10,38924,4000,,,,,,0
21912,iw9_me_kamas_camo_gold_unlock,0,0,1,,0,,,,,,0
21913,iw9_me_kamas_camo_plat,0,0,10,38925,5000,,,,,,0
21914,iw9_me_kamas_camo_dama,0,0,20,38926,7500,,,,,,0
21915,iw9_me_kamas_mastery_gold,0,0,100,31393|31466,4000,,,,,,0
21916,iw9_me_kamas_mastery_plat,0,0,200,31419|31492,5000,,,,,,0
21917,iw9_me_kamas_mastery_dama,0,0,300,31380|31453,7500,,,,,,0
21918,iw9_me_kamas_mastery_orio,0,0,400,31406|31479,10000,,,,,,0
21919,iw9_me_kamas_mastery_complete,0,0,4,8998,0,,,,,,0
21920,iw9_me_kamas_camo_plat_unlock,0,0,2,,0,,,,,,0
21921,iw9_me_kamas_camo_dama_unlock,0,0,2,,0,,,,,,0
21922,iw9_me_kamas_camo_plat_activator,0,0,1,,0,,,,,,0
21923,iw9_me_kamas_camo_dama_activator,0,0,1,,0,,,,,,0
