ui_icon_modeselect_logo_cod,staticlogo,,445.3333333333333,72.0,
ui_icon_modeselect_logo_bo6,staticlogo,0 96,445.3333333333333,37.666666666666664,
WAIT,wait,,,,
Developed By,staticbigtext,0 -80,,,
image_treyarch_2023,staticlogo,-160 0,320.0,80.0,
image_raven_2023,staticlogo,160 0,320.0,80.0,
image_hms_2023,staticlogo,-200 80,160.0,40.0,
image_beenox_2024,staticlogo,0 80,160.0,40.0,
image_shanghai_2023,staticlogo,240 80,160.0,40.0,
image_shg_2023,staticlogo,-220 133.3333,120.0,30.0,
image_iw_2023,staticlogo,-80 133.3333,120.0,30.0,
image_central_tech_2023,staticlogo,80 133.3333,120.0,30.0,
image_demonware_2024,staticlogo,260 133.3333,120.0,30.0,
WAIT,wait,,,,
image_treyarch_2023,logo,,320.0,80.0,
BLANK,blank,,,,
BLANK,blank,,,,
BLANK,blank,,,,
CREDITS/DEPT_ANIMATION,dept,,,,
Kyle Aparece,string,,,,
Noe Arciniega,string,,,,
Sayer Brawley,string,,,,
,string,,,,
Cassandra Dart,string,,,,
Benjamin-Lee Deguzman,string,,,,
Anthony DiCenzo,string,,,,
Jason Hall,string,,,,
Tyler Hamill,string,,,,
Ally Henlein,string,,,,
Kevin Kraeer,string,,,,
Miles Lasser,string,,,,
Yanick Lebel,string,,,,
Joanna Lee,string,,,,
Nate Lee,string,,,,
Phillip Lozano,string,,,,
Joe Miranda,string,,,,
Ali Pournassari,string,,,,
Dan Ramos,string,,,,
Boh Roper,string,,,,
Manash Sharma,string,,,,
Mikal Vega,string,,,,
Aniket Manohar Waghmare,string,,,,
CREDITS/DEPT_ANIMATION_ADDITIONAL_SUPPORT,dept,,,,
Cory Aldridge,string,,,,
Troy Cucchi,string,,,,
Dom Drozdz,string,,,,
Morgan Earl,string,,,,
Gary Fixler,string,,,,
Shawn Janik,string,,,,
Thomas Lie,string,,,,
JT Tirado,string,,,,
Marc Yates,string,,,,
CREDITS/DEPT_ART,dept,,,,
Azaria Abebe,string,,,,
Murad Ainuddin,string,,,,
Loudvik Akopyan,string,,,,
Bruce Bailey,string,,,,
Michael Barnes,string,,,,
Angus Bencke,string,,,,
Gary Bergeron,string,,,,
Sergio Betancourt,string,,,,
Chad Birosh,string,,,,
Jason Borda,string,,,,
Dave Bullat II,string,,,,
Jennifer Chamorro Ocampos,string,,,,
Wilson Ho-Yin Chan,string,,,,
Yaw Chang,string,,,,
Pawin Changkiendee,string,,,,
Nick Chmil,string,,,,
Mike Chubb,string,,,,
Paul Contreras,string,,,,
Wren Cromwell,string,,,,
Mike Curran,string,,,,
Gerry De Natris,string,,,,
Leandra Dorta,string,,,,
Mayan Escalante,string,,,,
Joaquin Espinoza,string,,,,
Austin Farris,string,,,,
Anders Fray,string,,,,
Gavin Goslin,string,,,,
Bruce Hall,string,,,,
Sunni Han,string,,,,
Jim Hawkins,string,,,,
Ethan Hiley,string,,,,
YuehChing Hong,string,,,,
Will Huang,string,,,,
Blaed Hutchinson,string,,,,
Jaret Illingworth,string,,,,
Sally Im,string,,,,
Karthik Jagannatha,string,,,,
Daniel Johnson,string,,,,
Euihoon Jung,string,,,,
David Kelvin,string,,,,
Roman Kopiiko,string,,,,
Lindsey Kurkiewicz,string,,,,
Peter Lam,string,,,,
Christopher Ledesma,string,,,,
Jake Jaewon Lee,string,,,,
Gavin Lerner,string,,,,
Jason Louie,string,,,,
Vina Mahoney,string,,,,
Mark Manto,string,,,,
Ethan Marcopoulos,string,,,,
Austin Martin,string,,,,
Kyle Martin,string,,,,
Gilbert Martinez,string,,,,
Paul Mason-Firth,string,,,,
John McGinley,string,,,,
Michael McMahan,string,,,,
Manny Mederos,string,,,,
Anna Miakisheva,string,,,,
Viktor Mierkulov,string,,,,
Robert Moffat,string,,,,
Ted Morente Jr,string,,,,
Andrew Mournian,string,,,,
Fitra Nagara,string,,,,
Bryan Naron,string,,,,
Albert Ng,string,,,,
Geoffrey Ng,string,,,,
Anh Nguyen,string,,,,
Evan Nielsen,string,,,,
Mike Pankratz,string,,,,
Tanay Parab,string,,,,
Olivier Pflaum,string,,,,
Khang Pham,string,,,,
Nelson Plumey,string,,,,
Danila Pogalov,string,,,,
Maxwell Porter,string,,,,
Lawrence Paul Preston III,string,,,,
Gui Rambelli,string,,,,
Matthew Rodriguez,string,,,,
Kevin Ruiz,string,,,,
Mike Salegui,string,,,,
Simon Jackson Samson,string,,,,
Rene Saquic,string,,,,
Sarah Schmidt,string,,,,
Thomas Schneider,string,,,,
Peter Schwaegerle,string,,,,
Huining Shi,string,,,,
Brian Shimamoto,string,,,,
Ruchirek Yui Somrit,string,,,,
Adam Stiles,string,,,,
Mayu Suzuki,string,,,,
Kelvin Tan,string,,,,
Haydon Tarvin,string,,,,
Sean Troehler,string,,,,
Caleb Turner,string,,,,
Joseph Vance,string,,,,
Tim Varatip,string,,,,
Lucas Vice,string,,,,
Fidel Villa,string,,,,
Ryan Vinson,string,,,,
Clay Walters,string,,,,
Sarah Waronoff,string,,,,
Scott Wells,string,,,,
Barry Whitney,string,,,,
Colin Whitney,string,,,,
Aden Winkelman,string,,,,
Kevin Worrel,string,,,,
David Yan,string,,,,
Steve Inaba Young,string,,,,
Mohammad Ali Zahid,string,,,,
,string,,,,
Peter Zoppi,string,,,,
CREDITS/DEPT_ART_ADDITIONAL_SUPPORT,dept,,,,
Jeffrey Arnold,string,,,,
Shaun Bell,string,,,,
Jordon Britz,string,,,,
Yonghee Choi,string,,,,
Jess Feidt,string,,,,
Derek Lonngren,string,,,,
Rob Mastriano,string,,,,
Ronaldo Mei,string,,,,
Ryan Miller,string,,,,
Joseph Oliver,string,,,,
Kevin Reichwein,string,,,,
David Seabaugh,string,,,,
Pally Zhang,string,,,,
CREDITS/DEPT_AUDIO,dept,,,,
Collin Ayers,string,,,,
Cameron Britton,string,,,,
Scott Eckert,string,,,,
Ryan Garigliano,string,,,,
Jasmine Jia,string,,,,
James McCawley,string,,,,
Kevin Sherwood,string,,,,
Lee Staples,string,,,,
Brian Tuey,string,,,,
CREDITS/DEPT_AUTOMATION,dept,,,,
Dani Barstad,string,,,,
JP Daves,string,,,,
Joe LaPan,string,,,,
Casey Richardson,string,,,,
Bill Turczyn,string,,,,
Jivko Velev,string,,,,
Crystal Yu,string,,,,
CREDITS/DEPT_AUTOMATION_ADDITIONAL_SUPPORT,dept,,,,
Seth Bisett,string,,,,
Crecen Carr,string,,,,
Laina Chin,string,,,,
Daniel Cooper,string,,,,
Jeremy Ecker,string,,,,
Laura Hinojos,string,,,,
Igor Krinitskiy,string,,,,
Vatsal Patel,string,,,,
Joseph Scheinberg,string,,,,
Randy Schmidt,string,,,,
Charlotte Skye,string,,,,
Justice Sommer,string,,,,
CREDITS/DEPT_CREATIVE_DEVELOPMENT,dept,,,,
Tony Bedard,string,,,,
Chris Dinkel,string,,,,
Craig Houston,string,,,,
Dan Laufer,string,,,,
Corky Lehmkuhl,string,,,,
Miles Leslie,string,,,,
Rachel Rindo,string,,,,
Rebecca Rothschild,string,,,,
CREDITS/DEPT_DESIGN,dept,,,,
Johann Agron,string,,,,
Gerardo Alvarez Reynaga,string,,,,
Brittany Beidleman,string,,,,
Steve Bianchi,string,,,,
Spencer Bokrossy,string,,,,
Alexis Boyle,string,,,,
Gwydion Brain,string,,,,
Ben Broer,string,,,,
Anthony Campos,string,,,,
Cameron Chalmers,string,,,,
Bryson Coleman,string,,,,
Matt Coutras,string,,,,
Chris Cowger,string,,,,
Dan Crenshaw,string,,,,
James Cusano,string,,,,
Kevin Drew,string,,,,
Werner Eggers,string,,,,
Filip Foksowicz,string,,,,
Jack Foster,string,,,,
Joanna Gerr,string,,,,
Christopher Gonzalez,string,,,,
Aaron Groening,string,,,,
Nicole Havin,string,,,,
Tim Head,string,,,,
Adam Hoggatt,string,,,,
Bernard Hwang,string,,,,
Rachael Kent,string,,,,
Evan LeBlanc,string,,,,
Joanna Leung,string,,,,
Gavin Locke,string,,,,
Mark Maestas,string,,,,
Chris Mecca,string,,,,
Lawrence Metten,string,,,,
Alvan Monje,string,,,,
Erika Narimatsu,string,,,,
Colm Nelson,string,,,,
Justin Nesbit,string,,,,
Anthony Norcott,string,,,,
Kate Nosova,string,,,,
Pablo Ortiz,string,,,,
Colin Overholt,string,,,,
Paolo Pace,string,,,,
June Park,string,,,,
Parwesh Rallapalli,string,,,,
Shea Samuels,string,,,,
Jaelene Sanchez,string,,,,
Anthony Saunders,string,,,,
Marina Saunders,string,,,,
Mykyta Savchenko,string,,,,
Matt Scronce,string,,,,
Shriram Srinivasan,string,,,,
Tiff Tarampi,string,,,,
Phillip Tasker,string,,,,
Coby Thomas,string,,,,
Yue Wang,string,,,,
John Wheeler,string,,,,
Sully Zack,string,,,,
CREDITS/DEPT_DESIGN_ADDITIONAL_SUPPORT,dept,,,,
Tyler Bennett,string,,,,
Jack Burrows,string,,,,
Kevin Callirgos,string,,,,
Nigel Coutinho,string,,,,
Alex Crovella,string,,,,
Tyler Diaz,string,,,,
Brian Glines,string,,,,
Zander Jensen,string,,,,
Ross Kaylor,string,,,,
Billy Lind,string,,,,
Max Madonna,string,,,,
Drew Marlowe,string,,,,
,string,,,,
Elizabeth Potapova,string,,,,
Tom Ryan,string,,,,
Gary Simmons,string,,,,
Brian Torrence,string,,,,
CREDITS/DEPT_ENGINEERING,dept,,,,
Kevin Ackeral,string,,,,
Lola Akintoye,string,,,,
Jon Albaugh,string,,,,
Omar Aziz,string,,,,
Branko Bajcetic,string,,,,
,string,,,,
Ryan Bernstein,string,,,,
Amit Kumar Bhura,string,,,,
Blair Bitonti,string,,,,
Jaqueline Brito,string,,,,
,string,,,,
Joe Casalenuovo,string,,,,
Sabarish Chandramouli,string,,,,
Edward Cheng,string,,,,
Jeffrey Cheng,string,,,,
Penny Chock,string,,,,
Adam Clarke,string,,,,
Jesse Cluff,string,,,,
Jeff Colhan,string,,,,
Alexander Conserva,string,,,,
William Cornell,string,,,,
Marc Costa,string,,,,
Stephen Crowe,string,,,,
Dara Dabiri,string,,,,
Bill Derksen,string,,,,
Jose Doran,string,,,,
,string,,,,
Yichen Duan,string,,,,
Chelsea Felix-Shannon,string,,,,
,string,,,,
Miguel Gonzalez,string,,,,
Sergio Gonzalez,string,,,,
Runshi Gu,string,,,,
Alexander Guk,string,,,,
Alper Gungormusler,string,,,,
Lakshya Gupta,string,,,,
J.T. Hooker,string,,,,
Andrew Hoyt,string,,,,
Lei Hu,string,,,,
Dewey Hur,string,,,,
Raymond Jackson,string,,,,
Asriel Jiang,string,,,,
Tony Jiang,string,,,,
Caj Jones,string,,,,
Lutz Kellen,string,,,,
Matthew Kimberling,string,,,,
David Knolls,string,,,,
Johan Kohler,string,,,,
Anthony Ku,string,,,,
Jay Lemmon,string,,,,
Daniel Leslie,string,,,,
Mason Lietzke,string,,,,
Joshua Louderback,string,,,,
Nicholas Macdonald,string,,,,
Gary Machlis,string,,,,
Peter Mielcarski,string,,,,
Sam Montanari,string,,,,
David Montes,string,,,,
Juan Morelli,string,,,,
Emily Mussey,string,,,,
Kevin Myers,string,,,,
Victor Naso,string,,,,
Van Nicoghosian,string,,,,
Rodrigo Okamoto Corbellini Pereira,string,,,,
Dan Olson,string,,,,
Ewan Oughton,string,,,,
,string,,,,
Bryan Pearson,string,,,,
Simon Pinochet Concha,string,,,,
Eran Rich,string,,,,
Jason Rogers,string,,,,
Jon Ryan,string,,,,
,string,,,,
Scott Scaccianoce,string,,,,
Jerry Serrano,string,,,,
Varun Sharma,string,,,,
Chi Shen,string,,,,
,string,,,,
James Snider,string,,,,
Mark Soriano,string,,,,
Christopher Strickland,string,,,,
Jordan Thomas,string,,,,
JD Tomlinson,string,,,,
Krassimir Touevsky,string,,,,
Matthew Troutman,string,,,,
Michael Uhlik,string,,,,
Zackary Valenta,string,,,,
Trevor Walker,string,,,,
Matthew Walsh,string,,,,
Jake Walters,string,,,,
Josh Watkins,string,,,,
David Young,string,,,,
Jonas Zehnder,string,,,,
Leonardo Zide,string,,,,
CREDITS/DEPT_ENGINEERING_ADDITIONAL_SUPPORT,dept,,,,
Greg Brandt,string,,,,
Ben Covington,string,,,,
Noel Cruz,string,,,,
Martin Donlon,string,,,,
Miguel Escudero,string,,,,
Jake Foglia,string,,,,
Josh Gessesse,string,,,,
Daniel Gleason,string,,,,
Rama Gosula,string,,,,
Nathanael Gura,string,,,,
Devin Henderling,string,,,,
Chris Hendricks,string,,,,
Ryan Higa,string,,,,
David Kol,string,,,,
Austin Kruckmeyer,string,,,,
Casey Lafferty,string,,,,
Mingxuan "Andy" Li,string,,,,
Jeremy Liu,string,,,,
Artem Nesiolovskiy,string,,,,
Spencer Park,string,,,,
Nicolas Silvagni,string,,,,
Eirik Skildheim,string,,,,
Scott Smith,string,,,,
Kevin Somers,string,,,,
Kethan Tellis,string,,,,
Laurence Wong,string,,,,
CREDITS/DEPT_IT,dept,,,,
Rick Barzilli,string,,,,
Daisy Espinoza,string,,,,
Steven Lara,string,,,,
Christopher Neal,string,,,,
Jonathan Salas,string,,,,
Robert Sanchez,string,,,,
Nicholas Westfield,string,,,,
CREDITS/DEPT_OUTSOURCING_MANAGEMENT,dept,,,,
Elmer Borjas,string,,,,
Madi Cooper,string,,,,
Julia Corsi,string,,,,
Elise Drinkwater,string,,,,
Andre Foster,string,,,,
Dezmin Jones,string,,,,
Brayden Mann,string,,,,
Richard Peraza,string,,,,
Tyler Stanton,string,,,,
Alex Stein,string,,,,
Lando Strange,string,,,,
CREDITS/DEPT_PRODUCTION,dept,,,,
Stephanie Alvarado,string,,,,
Marcos Alvarez,string,,,,
Jesse Bandeen,string,,,,
Fozzy Boudaz,string,,,,
Gustavo Briones,string,,,,
Rachel Brunelle-Rhodes,string,,,,
Megan Burbach,string,,,,
John Vincent Canalita,string,,,,
Samuel Chavles,string,,,,
Emily Rose Chen,string,,,,
Chris Chowdhury,string,,,,
Christina Cortez,string,,,,
Karine Windy Dave,string,,,,
Ronald DeGott,string,,,,
Daniel Donaho,string,,,,
Ray Dorschner,string,,,,
Kendall Ernst,string,,,,
Ronald Fazio,string,,,,
James Fouche,string,,,,
Chris Guo,string,,,,
Conor Harlow,string,,,,
Eli Hathaway,string,,,,
Robert Herrera,string,,,,
Sam Hoyt,string,,,,
Karl Hutson,string,,,,
Dany Inthaxoum,string,,,,
Kabir Jiandani,string,,,,
Leonard Johnson,string,,,,
Andre Lawton,string,,,,
Ian Levesque-Perreault,string,,,,
Andrew Maners,string,,,,
Yale Miller,string,,,,
Cory Mullen,string,,,,
Michael Munoz,string,,,,
Kevin Nguyen,string,,,,
Neal Nikaido,string,,,,
Don Oades,string,,,,
Garrett Oshiro,string,,,,
Jonathan Paetzold,string,,,,
Leo Parada,string,,,,
Pratham Parikh,string,,,,
Brittany Pirello,string,,,,
Justin Porras,string,,,,
Jacob Porter,string,,,,
Harrison Richlin,string,,,,
Edward Robles,string,,,,
Manuel Rosales,string,,,,
Francesca Saeli,string,,,,
Shane Sasaki,string,,,,
Max Sloan,string,,,,
Carson Stowe,string,,,,
Brant Stutheit,string,,,,
Tom Tan,string,,,,
Colin Tistaert,string,,,,
Brent Toda,string,,,,
Paul Walker,string,,,,
Aaron Wilson,string,,,,
Ricky Yoon,string,,,,
CREDITS/DEPT_PRODUCTION_ADDITIONAL_SUPPORT,dept,,,,
Justin Anderson,string,,,,
Ben Borth,string,,,,
Justice Chiusano,string,,,,
Florin Crintea,string,,,,
Jared Delatorre,string,,,,
Miranda Due,string,,,,
Derek Fredericksen,string,,,,
Martin Gonzalez,string,,,,
Mia Goodyear,string,,,,
Avani Jain,string,,,,
Weston Kim,string,,,,
James Palermo,string,,,,
Pinakin Pandit,string,,,,
Edwin Payen,string,,,,
Justin Perez,string,,,,
Blake Prevel,string,,,,
Engamin Sanchez,string,,,,
Quinn Shelton,string,,,,
Abel Valles,string,,,,
Kali Wakley,string,,,,
Nicolas Wibawanto,string,,,,
Sergey Yun,string,,,,
CREDITS/DEPT_TECH_ART,dept,,,,
Brian Anderson,string,,,,
Sean Bae,string,,,,
Adam Canarick,string,,,,
Eunjin Cho,string,,,,
Gregg Daly,string,,,,
Christopher Erdman,string,,,,
Mitchell Henrie,string,,,,
Katie Hirsh,string,,,,
Stev Kalinowski,string,,,,
Andrew Livingston,string,,,,
Christian Marzy,string,,,,
Yury Nedelin,string,,,,
Brandon Schaal,string,,,,
Adam Smith,string,,,,
Michael Stewart,string,,,,
Nikolas Sumnall,string,,,,
Eliza Ye,string,,,,
CREDITS/DEPT_TECH_ART_ADDITIONAL_SUPPORT,dept,,,,
Dale Mulcahy,string,,,,
Camille Ramseur,string,,,,
CREDITS/DEPT_TECH_DESIGN,dept,,,,
Jason Alexander,string,,,,
Jesse Allas,string,,,,
Brian Barnes,string,,,,
Danny Cizek,string,,,,
Anna Jimerson,string,,,,
,string,,,,
Martin MacKinnon,string,,,,
Alex Makepeace,string,,,,
Chad Proctor,string,,,,
Daniel Savage,string,,,,
David Sitar,string,,,,
Steve Ulrich,string,,,,
Yongren Yang,string,,,,
CREDITS/DEPT_TECH_DESIGN_ADDITIONAL_SUPPORT,dept,,,,
Zi Li,string,,,,
Thomas Mahon,string,,,,
CREDITS/DEPT_UI_UX,dept,,,,
David Duckworth,string,,,,
Scott Fredley,string,,,,
Natalia Godoy,string,,,,
Oscar Gomez Leon,string,,,,
Garrett Haas,string,,,,
Ian Loyd,string,,,,
Kenzie MacDougal,string,,,,
Jack Moumdjian,string,,,,
Sean Oliver,string,,,,
Frankie Palmer,string,,,,
Gabrielle Schweinfurth,string,,,,
Jason Strickland,string,,,,
Rachel Thieman,string,,,,
Jazzy Trafikowska,string,,,,
Ewa Trusz,string,,,,
Jessica Wise,string,,,,
CREDITS/DEPT_UI__UX_ADDITIONAL_SUPPORT,dept,,,,
Blair Cooper,string,,,,
Nat Dart,string,,,,
Maggie Duvall,string,,,,
David Lind,string,,,,
Michael Paskar,string,,,,
CREDITS/DEPT_TREYARCH_STUDIO,dept,,,,
Lucy Andonian,string,,,,
Myrnelly Arnold,string,,,,
Marc Chrystoja,string,,,,
Brad Cornelius,string,,,,
Stefanie Dahl,string,,,,
Rupert English,string,,,,
Keith Flanagan,string,,,,
Carlos Flores,string,,,,
Merita Fulmore,string,,,,
Melvin Gomez,string,,,,
Kevin Hendrickson,string,,,,
Amy Hurdelbrink,string,,,,
Lina Joy,string,,,,
David King,string,,,,
Ben Lewis,string,,,,
Misty Noor,string,,,,
Veronica Reynoso-Dazalla,string,,,,
Josh Torres,string,,,,
Rose Villasenor,string,,,,
Jamie Walters,string,,,,
Carolyn Wang,string,,,,
Andy Yoon,string,,,,
CREDITS/DEPT_ADDSUPPORT,dept,,,,
Shawn Jimmerson,string,,,,
Peter Le,string,,,,
Garrett Lee,string,,,,
Tommy Lira,string,,,,
Alexandra Nowakowski,string,,,,
John Rafacz,string,,,,
CREDITS/DEPT_STUDIOHEAD,dept,,,,
Mark Gordon,string,,,,
CREDITS/DEPT_PRODBABIES,dept,,,,
,string,,,,
Raisa Bhura,string,,,,
Deacon Borjas,string,,,,
Kieran Campos,string,,,,
Aria Chmil,string,,,,
Liam Costa,string,,,,
Kira Coutras,string,,,,
Amelia Crowe,string,,,,
Zachary Crowe,string,,,,
Jimmy Daves,string,,,,
Mira Gungormusler,string,,,,
Helen Arlene Pixlee Hoyt,string,,,,
Finneas Stewart Hutson,string,,,,
Nila Clementine Jackson,string,,,,
Ido Jung,string,,,,
Cora Anne Valentina Kalinowski,string,,,,
Brandon Jiseop Kim,string,,,,
Adeline Kraeer,string,,,,
Eloise Kraeer,string,,,,
Kasper Lai,string,,,,
Naomi Alicia Lawton,string,,,,
Evie Lewis,string,,,,
Aiden Riley Locke,string,,,,
Miles Corral Lozano,string,,,,
Ellie Rose Manto,string,,,,
Hank Metten,string,,,,
Joni Metten,string,,,,
Sarelle Myers,string,,,,
Ian Nesbit,string,,,,
Audrey Ng,string,,,,
Nora Jean Nielsen,string,,,,
Beatrix Marceline Ocampos,string,,,,
Rae Song Overholt,string,,,,
Sage Rogers,string,,,,
Arjun Sharma,string,,,,
Ian C. Shen,string,,,,
Kira Shimamoto,string,,,,
Sunny Luelle Straus,string,,,,
Owen Hoffman Turner,string,,,,
Logan James Ulrich,string,,,,
Emma Raye Varatip,string,,,,
Yushan Wang,string,,,,
CREDITS/SPECIALTHANKS,dept,,,,
Chris Cowell,string,,,,
David Vonderhaar,string,,,,
BLANKLONG,blank,,,,
BLANKLONG,blank,,,,
BLANKLONG,blank,,,,
BLANKLONG,blank,,,,
image_raven_2023,logo,,320.0,80.0,
BLANK,blank,,,,
BLANK,blank,,,,
BLANK,blank,,,,
CREDITS/DEPT_ADMIN,dept,,,,
Britt Brown,string,,,,
Mallory Murphy,string,,,,
Jamie Tessman,string,,,,
CREDITS/DEPT_ANIMATION,dept,,,,
Denys Antipenko,string,,,,
Yashmanyu Bharij,string,,,,
Richie Blitz,string,,,,
Nick Bozarth,string,,,,
McKenzie Bulgerin,string,,,,
Daphne Chen,string,,,,
Rylee Christen,string,,,,
Jim Christopher,string,,,,
Aaron Chrystal,string,,,,
Faith Daignault,string,,,,
Michael Egnew,string,,,,
Adarsh Girish,string,,,,
Kelsey Hall,string,,,,
Alex Hammond,string,,,,
Nathan Hernandez,string,,,,
James Hoe,string,,,,
Jason Holt,string,,,,
Taylor Holzapfel,string,,,,
Brian Howard,string,,,,
Alain Huynh,string,,,,
Constantine Krystallis,string,,,,
Jonathan Kwok,string,,,,
Nathan Laitinen,string,,,,
Serena Lechner,string,,,,
Seung Lee,string,,,,
Martin McBain,string,,,,
Shawn Minard II,string,,,,
Mitchell Ozanne,string,,,,
Michael Pleva,string,,,,
Billy Roberson,string,,,,
Alex Robillard,string,,,,
Eric Schlautman,string,,,,
Nicholas Seccondro,string,,,,
John Sinclair,string,,,,
Jeff Skubal,string,,,,
Brooke Stampfli,string,,,,
Kyle Stephens,string,,,,
Jonathan Strong,string,,,,
Ted Thelen,string,,,,
Manuel Torres Pineda,string,,,,
Tim Uttech,string,,,,
Kelsi Wolfinger,string,,,,
CREDITS/DEPT_ART,dept,,,,
Kieli Adkins,string,,,,
Evan Albert,string,,,,
Tyler Anlauf,string,,,,
Terry Barnett,string,,,,
Maruchy Barnidge,string,,,,
Jeremy Blumel,string,,,,
Erich Bormann,string,,,,
James Bradford,string,,,,
Dan Brown,string,,,,
Brian Buckles,string,,,,
Dylan Burgess,string,,,,
Mike Button,string,,,,
Ryan Butts,string,,,,
William Carani,string,,,,
Kip Carbone,string,,,,
Chris Chowell,string,,,,
Christopher Chowell,string,,,,
Stephen Christopher,string,,,,
Jorge Corona,string,,,,
Ella Countess,string,,,,
Nicholas D'Alfonso,string,,,,
Darwin Dumlao,string,,,,
Daniel Davis,string,,,,
Jeff Degenhardt,string,,,,
Andrew Dehner,string,,,,
Victor Demishev,string,,,,
Gregory Desiato,string,,,,
Hao Ding,string,,,,
Matthew Dismuke,string,,,,
John Edwards,string,,,,
Christina Ellerby,string,,,,
Ben Erickson,string,,,,
Hui Feng,string,,,,
Shelley Friel,string,,,,
Tom Fuchs,string,,,,
Rob Gee,string,,,,
Eugene Geer,string,,,,
Michael Gilmore,string,,,,
Dennis Glowacki,string,,,,
Nickolas Gottswinter,string,,,,
Thomas Hamilton,string,,,,
Mandy Hampton,string,,,,
David Hauptman,string,,,,
Jason Healy,string,,,,
Geoff Hill,string,,,,
Matt C. Hornback,string,,,,
Ryan Huber,string,,,,
Ross Jackson,string,,,,
Amanda Jayapurna,string,,,,
James Jenkins,string,,,,
Savana Jonau,string,,,,
Jay Karasu,string,,,,
Ioannis Karathomas,string,,,,
Sergejs Karpovs,string,,,,
Andrew Kelley,string,,,,
Nimah Kelly,string,,,,
John Kennedy,string,,,,
Zach Kiesel,string,,,,
Joon Kim,string,,,,
John Kinzel,string,,,,
Joe Koberstein,string,,,,
Robert Kowalchuk,string,,,,
Robert Lasica,string,,,,
Bumjin Lee,string,,,,
Jongsoo Lee,string,,,,
Ben Lishka,string,,,,
Ben Lisle,string,,,,
Gina Lohman,string,,,,
Kevin Long,string,,,,
Chris Luke,string,,,,
Grace Magnant,string,,,,
Brenton Mathews,string,,,,
Christopher Mathieu,string,,,,
George Mattingly,string,,,,
Mark Maxwell,string,,,,
Greg McDonald,string,,,,
Parker Miltsch,string,,,,
Charles Morrow,string,,,,
Dan Naughton,string,,,,
Alberto Noti,string,,,,
Fedor Novikov,string,,,,
Isaac Owens,string,,,,
Tom Papesca,string,,,,
Pierre-Alexandre Pascale,string,,,,
Markus Peekna,string,,,,
Angelo Person,string,,,,
Ryne Petersen,string,,,,
Nikki Pito,string,,,,
Yan Pyo,string,,,,
Jarod Reizian,string,,,,
Connor Reynolds,string,,,,
Nick Riddle,string,,,,
Gary Riley,string,,,,
Eric Rogers,string,,,,
Katie Sabin,string,,,,
Jade Seely,string,,,,
Emily Sherman,string,,,,
Isaiah Sherman,string,,,,
Reed Shingledecker,string,,,,
Reymundo Sierra,string,,,,
Chris Sims,string,,,,
Amanda Skeith,string,,,,
Curt C. Smith,string,,,,
Eric Spray,string,,,,
Jeff Stanislawski,string,,,,
Vladimir Streltsov,string,,,,
Justin Superty,string,,,,
Arnold Swekel,string,,,,
Chris Swick,string,,,,
Jack Tenda,string,,,,
Joshua Terry,string,,,,
Sean Thurler,string,,,,
Wesley Tippetts,string,,,,
Caleb Tomplait,string,,,,
Tibor Toth,string,,,,
Aaron Villarreal,string,,,,
Wil Wells,string,,,,
Cliff Westfall,string,,,,
Stuart Wiegert,string,,,,
Patrick Williams,string,,,,
Sam Williams,string,,,,
Stephan Williams,string,,,,
Laura Yang,string,,,,
Tim Yen,string,,,,
Benjamin Zoltewicz,string,,,,
CREDITS/DEPT_AUDIO,dept,,,,
Andy Bayless,string,,,,
Darren Blondin,string,,,,
Nick D'Amato,string,,,,
Jacob Denny,string,,,,
Jake Harley,string,,,,
Bob Jackson,string,,,,
Tommy Lee,string,,,,
Justin Moreh,string,,,,
Vadim Nuniyants,string,,,,
Jordan Ruhala,string,,,,
Matthew Schaff,string,,,,
Tim Schlie,string,,,,
Jeremiah Sypult,string,,,,
Maggie Wolf,string,,,,
CREDITS/DEPT_COMMUNITY,dept,,,,
Alexis Barth,string,,,,
Austin O'Brien - Woodmancy,string,,,,
JT Rogers,string,,,,
CREDITS/DEPT_DESIGN,dept,,,,
Tully Ackland,string,,,,
Pete Actipis,string,,,,
Muhammad Ali,string,,,,
Jonathan Alvarado,string,,,,
Rhett Baldwin,string,,,,
Brendon Banville,string,,,,
Olivia Bell,string,,,,
Eric Biessman,string,,,,
Jim Butts,string,,,,
Gaelle Charlet,string,,,,
Dickens Chong,string,,,,
Daedra Christopher,string,,,,
Chelsea Clasen,string,,,,
Viktors Cugujevs,string,,,,
Joe D'Amato,string,,,,
Jared Dickinson,string,,,,
Christopher Foster,string,,,,
Chris Fried,string,,,,
Zack Ganous,string,,,,
Chloe Hines,string,,,,
Chris Holzworth,string,,,,
Jesse Hoy,string,,,,
William Hua,string,,,,
Shawn Huang Fernandes,string,,,,
Paul Hwang,string,,,,
Sara Inani,string,,,,
Stacey Johnson,string,,,,
Brandon Kidwell,string,,,,
Wayne Koenig,string,,,,
Murray Kraft,string,,,,
Franck Labat,string,,,,
Brad LeDonne,string,,,,
Michael Majernik,string,,,,
Lean Mateos,string,,,,
Daniel Menard,string,,,,
Dan Merboth,string,,,,
Michail Michail,string,,,,
Justin Negrete,string,,,,
Matt Pinkston,string,,,,
Robert Price,string,,,,
Cindy Quach,string,,,,
Jonathan Racine,string,,,,
Kelson Raffel,string,,,,
Martin Raymond,string,,,,
Michael Renner,string,,,,
Nate Rohrer,string,,,,
Arjun Roy,string,,,,
Alicia Schepis,string,,,,
Jason Schoonover,string,,,,
Mikaela Seely,string,,,,
Dean Serio,string,,,,
Damoun Shabestari,string,,,,
Jason Sloan,string,,,,
Amy Stevenson,string,,,,
Ted Timmins,string,,,,
Brian Urbanek,string,,,,
Jim Van Horn,string,,,,
Dan Vondrak,string,,,,
J.J. Williams,string,,,,
Brian Wing,string,,,,
Jacob Wohler,string,,,,
Jon Zuk,string,,,,
CREDITS/DEPT_ENGINEERING,dept,,,,
Ariana Acosta,string,,,,
Connor Austin,string,,,,
Silas Barber,string,,,,
Andre Beardsley-Dusette,string,,,,
Derek Beck,string,,,,
Jonah Bera,string,,,,
Brendan Boss,string,,,,
Austin Bunker,string,,,,
Dominic Camargo,string,,,,
Daniel Carrier,string,,,,
Bryce Carroll,string,,,,
Christopher Chippero,string,,,,
Nicolae Christoffersen,string,,,,
Keegan Cimler,string,,,,
Dean Claassen,string,,,,
Ste Cork,string,,,,
Ryan Danz,string,,,,
Tom Devaney,string,,,,
Steven Dunn,string,,,,
Dylan Hamuy,string,,,,
Daniel Edwards,string,,,,
Kamron Egan,string,,,,
Zachary Ellsbury,string,,,,
Andrew Falth,string,,,,
Daniel Fetter,string,,,,
Joanna Fisch,string,,,,
Ryan Fisher,string,,,,
Nigel Freeman,string,,,,
Francesco Galletti,string,,,,
Elise Ganser,string,,,,
Guillermo Garcia-Sampedro,string,,,,
Brian Gardner,string,,,,
Thor Gass,string,,,,
Mario Giombi,string,,,,
Seth Glaser,string,,,,
Michael Griese,string,,,,
Brian Hackbarth,string,,,,
Tim Hume,string,,,,
Daniel Jenkins,string,,,,
William Johnson,string,,,,
Nicholas Jordan,string,,,,
Mark Kornkven,string,,,,
Jordan Kozmary,string,,,,
Jared Krahn,string,,,,
Bernd Kreimeier,string,,,,
Zach Lambe,string,,,,
Ji Li,string,,,,
Dwight Luetscher,string,,,,
Rahul Madhyan,string,,,,
Tony Magro,string,,,,
Zach Marwig,string,,,,
Ian Mathewson,string,,,,
Jack McDonald,string,,,,
Ben Menke,string,,,,
Caden Messenger,string,,,,
James Monroe,string,,,,
Jorge Morales,string,,,,
Saksham Nagpal,string,,,,
Rudrangshu Nandi,string,,,,
Marwan Nazanda,string,,,,
Alex Nicola,string,,,,
Spencer Nigl,string,,,,
Christopher Olsen,string,,,,
Andrew Olson,string,,,,
Jamie Parent,string,,,,
Simon Parkinson,string,,,,
Kyle Peplow,string,,,,
John Plou,string,,,,
Collin Quinn,string,,,,
Christopher Reed,string,,,,
Jackson Reed,string,,,,
Kevin Reed,string,,,,
Brian Reichert,string,,,,
James Reid,string,,,,
Terry Rizzi,string,,,,
Codey Robinson,string,,,,
Dmitrii Roets,string,,,,
Hannah Rogers,string,,,,
Joe Romano,string,,,,
Kelly Romer,string,,,,
Deven Ronquillo,string,,,,
Matthew Rusch,string,,,,
Brandon Saldanha,string,,,,
Eric Schmidt,string,,,,
Sara Shoys,string,,,,
Sean Skelton,string,,,,
Tanner Steele,string,,,,
Maksym Storozhuk,string,,,,
Matt Sutherlin,string,,,,
Alison Taylor,string,,,,
Joe Tennies,string,,,,
Destiny Treptau,string,,,,
Tyler Trombley,string,,,,
Gregory Weiner,string,,,,
Tim Wetzer,string,,,,
Leyu Xu,string,,,,
Ruozhou (Tim) Zhang,string,,,,
CREDITS/DEPT_HR,dept,,,,
Baylie Cason,string,,,,
John Obligato,string,,,,
CREDITS/DEPT_IT,dept,,,,
Ashe Bensema,string,,,,
Louis Carreiro,string,,,,
Ryan Ries,string,,,,
Emmet Ryan,string,,,,
Andrew Thousand,string,,,,
CREDITS/DEPT_MEDIA,dept,,,,
Aaron Garcia,string,,,,
Jacob Goldberg,string,,,,
Matthew Strack,string,,,,
CREDITS/DEPT_PRODUCTION,dept,,,,
Katherine Anderson,string,,,,
Lilly Arredondo-Gonzalez,string,,,,
Patrick Benassi,string,,,,
Logan Bethke,string,,,,
Sarah Bowen,string,,,,
Mike DMH Cook,string,,,,
Galen Davis,string,,,,
Kenny Dunn,string,,,,
William Fine,string,,,,
Jon Hammon,string,,,,
Michael Heflin,string,,,,
Cassandra Hierholzer,string,,,,
Curtis Hill,string,,,,
Lorisa Holland,string,,,,
Joshua Javaheri,string,,,,
Josh Kohn,string,,,,
J.D. Konkol,string,,,,
Michael Koza,string,,,,
Kyle Lanphere,string,,,,
Brad Logston,string,,,,
Chris Luck,string,,,,
Courtney MacKenzie,string,,,,
Jake Miller,string,,,,
John Mitchell,string,,,,
Ken Morris,string,,,,
Carina Nieto,string,,,,
Marisa Orr,string,,,,
Mike Parilla,string,,,,
Eric Peterson,string,,,,
Nicole Pickren,string,,,,
Natalie Pohorski,string,,,,
Jonathan Poulter,string,,,,
Alexander Quinn,string,,,,
Raul Reyezumeta,string,,,,
Jason Rhode,string,,,,
Camila Rodrigues,string,,,,
Dani Rohrer,string,,,,
Julian Ruiz,string,,,,
Daquan Sease,string,,,,
Tim Seitz,string,,,,
Matthew Sheh,string,,,,
Ali Sleiman,string,,,,
Deshaun Smith,string,,,,
Andrew Stevens,string,,,,
Victor Tafolla,string,,,,
Kat Townsend,string,,,,
Jessica Valdez,string,,,,
Armon Walker,string,,,,
Chase Williams,string,,,,
Kyle Williams,string,,,,
Caughey Zachery,string,,,,
CREDITS/DEPT_QA,dept,,,,
Becka Aigner,string,,,,
Richard An,string,,,,
Evan Avillanoza,string,,,,
John Baker,string,,,,
Callum Boothman,string,,,,
Nicholas Brost,string,,,,
Colt Buhr,string,,,,
Marie Carroll,string,,,,
Duncan Chetrafilov,string,,,,
Robert Clark,string,,,,
Carlos Cortes,string,,,,
Paul Drankiewicz,string,,,,
Alex Dupont,string,,,,
John Elhardt,string,,,,
Joshua Frederick,string,,,,
Sydney Garnett,string,,,,
Evan Gilbert,string,,,,
Erin Hall,string,,,,
Christian Hardin,string,,,,
Aron Hartigan,string,,,,
Tori Kelley,string,,,,
Josh Kierzek,string,,,,
Jimmy Lehto,string,,,,
Joseph Leon,string,,,,
Erin Mazur,string,,,,
Josh Merriman,string,,,,
Omar Montesinos,string,,,,
Charles Moore,string,,,,
Hasan Nagaria,string,,,,
Lau Nebel-Malone,string,,,,
Josh Norton,string,,,,
Autumn Prazuch,string,,,,
Brent Reel,string,,,,
Onah Rongstad,string,,,,
Alexander Rose,string,,,,
Clayton Rud,string,,,,
Shane Schultz,string,,,,
Elijah Sheggeby,string,,,,
Riley Shumway,string,,,,
Chad Skiver,string,,,,
Evan De St Jeor,string,,,,
William Stapp,string,,,,
Danny Vos,string,,,,
John Wagner,string,,,,
Molly Weaver,string,,,,
AJ Williams,string,,,,
CREDITS/DEPT_MANAGEMENT,dept,,,,
David Pellas,string,,,,
Brian Raffel,string,,,,
CREDITS/DEPT_PRODBABIES,dept,,,,
Myla Naomi Anlauf,string,,,,
Rosalind Liesl Cherry,string,,,,
Tobey Lee Devaney,string,,,,
Lorelei Noelle Ellsbury,string,,,,
Lev Javaheri,string,,,,
Emmet Kidwell,string,,,,
Victoria "Tori" Kozmary,string,,,,
Isaac Kwok,string,,,,
Mila Kwok,string,,,,
Finn McDonald,string,,,,
Avery Miller,string,,,,
Rikuto Petersen,string,,,,
Vesper Peterson,string,,,,
Emma Quinn,string,,,,
Ethan Riley,string,,,,
Vivian Nicole Stapp,string,,,,
Theo Alexander Thelen,string,,,,
Adelaide Westfall,string,,,,
CREDITS/MEMORY_OF,dept,,,,
Charles Bernstein,string,,,,
Graham Madarasz,string,,,,
CREDITS/SPECIALTHANKS,dept,,,,
Matt Weis,string,,,,
BLANKLONG,blank,,,,
BLANKLONG,blank,,,,
BLANKLONG,blank,,,,
BLANKLONG,blank,,,,
image_hms_2023,logo,,320.0,80.0,
BLANK,blank,,,,
BLANK,blank,,,,
CREDITS/DEPT_ANIMATION,dept,,,,
Jimmy Chen,string,,,,
Yi-Fang Chen,string,,,,
Rachel Clinton,string,,,,
Joseph Enriquez,string,,,,
Matt Hansen,string,,,,
Joshua Kalinowski,string,,,,
Ryan Kirtlink,string,,,,
Tyler Norman Castelo,string,,,,
Amor Santos,string,,,,
Ian Weyna,string,,,,
CREDITS/DEPT_ART,dept,,,,
Mohamed Abdelbaki,string,,,,
Mustafa Alrubaiee,string,,,,
Salvador Arditti,string,,,,
Audel Barajas,string,,,,
Ashley Barnett,string,,,,
RJ Biglang-Awa,string,,,,
Murray Blue,string,,,,
Krystina Borak,string,,,,
Mike Brown,string,,,,
Anh Bui,string,,,,
Gianni Carpinelli,string,,,,
Chen Chen,string,,,,
Handy Chevrin,string,,,,
Stephen Chi,string,,,,
Jerron Chuck,string,,,,
Yves Couturier,string,,,,
Jim Daly,string,,,,
Kellan Dwyer,string,,,,
Matt Fagan,string,,,,
Nick Golden,string,,,,
Petros Gourgouris,string,,,,
Grant Hall,string,,,,
Sean Harlow,string,,,,
Jason Hernandez,string,,,,
John Hold,string,,,,
Sasha Honcharova,string,,,,
Marquis Houghton,string,,,,
Sean Hwang,string,,,,
Stoney Jimenez,string,,,,
Ivan Kaplow,string,,,,
Ryan Kilkenny,string,,,,
Dan Kit,string,,,,
Ret Kritzon,string,,,,
Edward Lee,string,,,,
Nick Levene,string,,,,
Kimmy Ma,string,,,,
Zach Madere,string,,,,
Alex Martin,string,,,,
Alberto Martinez,string,,,,
Santiago Medrano,string,,,,
Wendell Nesbit,string,,,,
Niles Ondoy,string,,,,
Brian Ostroff,string,,,,
Sungin Paik,string,,,,
Edwin Peraza,string,,,,
Andrew Phillips,string,,,,
Ivan Power,string,,,,
David Raghavan,string,,,,
Dong K. Ryu,string,,,,
David Sandoval,string,,,,
Robby Schieffer,string,,,,
Jovanvir Singh,string,,,,
Kyle Smotherman,string,,,,
Jiwon Son,string,,,,
Alex Stockwell,string,,,,
Christine Stuckart,string,,,,
Geordie Swainbank,string,,,,
Parker Tucker,string,,,,
Damon Wilson Hart,string,,,,
Kexin Yang,string,,,,
Tiffany Yu,string,,,,
John Zhang,string,,,,
CREDITS/DEPT_AUDIO,dept,,,,
Victor Arias,string,,,,
Corina Bello,string,,,,
John Drelick,string,,,,
Jim Lecroy,string,,,,
Ian Mika,string,,,,
Darrell Tung,string,,,,
CREDITS/DEPT_DESIGN,dept,,,,
Gemma Ballini,string,,,,
Evan Barker,string,,,,
Mike Brown,string,,,,
Ross Chen-Carey,string,,,,
Alex Clauss,string,,,,
Zachary Fugere,string,,,,
James Hancock,string,,,,
Soham Kar,string,,,,
Kevin Kim,string,,,,
Matt Krystek,string,,,,
Nina Marotta,string,,,,
John McCorkle,string,,,,
William Garner Newton,string,,,,
Justin Ngai,string,,,,
Connor Norman,string,,,,
Chris Pasetto,string,,,,
Warren Price,string,,,,
Chase Reid,string,,,,
Nick Rench,string,,,,
Mike Roloson,string,,,,
Jorge Salgado,string,,,,
Nick Verducci,string,,,,
Jeremy Wiuff,string,,,,
CREDITS/DEPT_ENGINEERING,dept,,,,
Evgeny Adamenkov,string,,,,
Colin Bekta,string,,,,
Alexis Benamira,string,,,,
Alex Chiang,string,,,,
David Christie,string,,,,
Richard Davidson,string,,,,
Martin Ecker,string,,,,
Noura El Bayrouti,string,,,,
Ramy Fawaz,string,,,,
Jane Frauenfelder,string,,,,
Devon Gadarowski,string,,,,
Deanna Gran,string,,,,
Jarkko Haekkinen,string,,,,
Joey Hammer,string,,,,
Tim Hedstrom,string,,,,
Jiyu Huang,string,,,,
Kieran Hulmes,string,,,,
Michael Kersey,string,,,,
Josh Lawrence,string,,,,
Kaitlyn Lee,string,,,,
James Liao,string,,,,
Frank Luna,string,,,,
Stephen Luu,string,,,,
Robert Midlil,string,,,,
Erik Parreira,string,,,,
David Perkins,string,,,,
Christian Sakanai,string,,,,
Cameron Schneider,string,,,,
Keith Staines,string,,,,
Scott Torgeson,string,,,,
Bartlomiej Waszak,string,,,,
Eathan Zhu,string,,,,
CREDITS/DEPT_HR,dept,,,,
Tamara Harrigan,string,,,,
CREDITS/DEPT_IT,dept,,,,
Josh Barding,string,,,,
Scott Connary,string,,,,
Trevor Edwards,string,,,,
Dan Mulkiewicz,string,,,,
Junko Takasawa,string,,,,
CREDITS/DEPT_NARRATIVE,dept,,,,
Dave Cravens,string,,,,
Ashley Poprik,string,,,,
CREDITS/DEPT_OPS,dept,,,,
Christina Chacon,string,,,,
Jeff Froehlich,string,,,,
Mizuho Rigby,string,,,,
CREDITS/DEPT_PRODUCTION,dept,,,,
Jason Corica,string,,,,
Garrett Graham,string,,,,
Ben Husten,string,,,,
Brandon Huynh,string,,,,
Brian Johnson,string,,,,
Joshua Krolak,string,,,,
Taylor McKinnon,string,,,,
Daniel Osorio,string,,,,
Joanna Paldino,string,,,,
Greg Uhler,string,,,,
CREDITS/DEPT_QA,dept,,,,
Ethan Anderson,string,,,,
Josh Andino,string,,,,
Saleem Crawford,string,,,,
Jason Flores,string,,,,
John Gulledge,string,,,,
Christopher Juego,string,,,,
Ottis Pittman,string,,,,
Tommy Reif,string,,,,
Julian Richter,string,,,,
Adam Shields,string,,,,
Edwin Williamson,string,,,,
Ryan Zuidema,string,,,,
CREDITS/DEPT_TECH_ANIMATION,dept,,,,
George Castro,string,,,,
Jason Doss,string,,,,
Ember Flanders,string,,,,
Kenny Guayaquil,string,,,,
Nicholas Kline,string,,,,
Yeshni Savadatti,string,,,,
Jiaxin (Lydia) Wang,string,,,,
CREDITS/DEPT_TECH_ART,dept,,,,
Carter Blalack,string,,,,
Chad Campbell,string,,,,
Alex Carbonero,string,,,,
Joshua Cheng,string,,,,
Diego F. Garnica,string,,,,
Dan Phillips,string,,,,
Jeremy T. Rodgers,string,,,,
Randy Stebbing,string,,,,
Adam Timani,string,,,,
Ernest Urzua,string,,,,
Christopher P. Yun,string,,,,
CREDITS/DEPT_TECH_DESIGN,dept,,,,
Michael Akopyan,string,,,,
Raisha Asuma,string,,,,
Chris Beagle,string,,,,
Taylor Cox,string,,,,
Matt Duncan,string,,,,
Randy Gopaul,string,,,,
Daniel Hickey,string,,,,
Jeff Kaplan,string,,,,
Sam Lower,string,,,,
George Schober,string,,,,
Neil Sveri,string,,,,
Darren Wang,string,,,,
Kuo Wou,string,,,,
CREDITS/DEPT_UI_UX,dept,,,,
Robert Bambusch,string,,,,
Michael Horn,string,,,,
Carl Prescott,string,,,,
Kianie Ramirez,string,,,,
Kyle Turchik,string,,,,
CREDITS/DEPT_VFX,dept,,,,
Marcelo Dos Santos,string,,,,
Bill Johnston,string,,,,
Shu Liu,string,,,,
Aris Lyu,string,,,,
De Andre Martin,string,,,,
Quinn Nguyen,string,,,,
Eric Scheid,string,,,,
Jon Tuttle,string,,,,
CREDITS/DEPT_LEADERSHIP,dept,,,,
Peter Della Penna,string,,,,
Stephane Etienne,string,,,,
Matt Tieger,string,,,,
Chuck Yager,string,,,,
Andrew Zaferakis,string,,,,
CREDITS/DEPT_PRODBABIES,dept,,,,
Dean Vergil Huynh,string,,,,
BLANKLONG,blank,,,,
BLANKLONG,blank,,,,
BLANKLONG,blank,,,,
BLANKLONG,blank,,,,
image_beenox_2024,logo,,320.0,80.0,
BLANK,blank,,,,
BLANK,blank,,,,
BLANK,blank,,,,
Ali Adams,string,,,,
Pierre-Yves Agostini,string,,,,
Damian Aguirre,string,,,,
Guillaume Alain,string,,,,
Ameer Ally,string,,,,
Mario Almaguer,string,,,,
Gabriel Alvarez Paquette,string,,,,
,string,,,,
Thomas Aubart,string,,,,
Vincent Auger,string,,,,
Christian Auger-Morin,string,,,,
Jessy Jane Bacon,string,,,,
,string,,,,
Julien Bardelli,string,,,,
Joffrey Baribeau,string,,,,
Gabriel Baril,string,,,,
David Baron,string,,,,
Mathieu Bastien,string,,,,
Daniel Beaudry,string,,,,
Etienne Beaulieu,string,,,,
Jeremy Beaulieu-Pitre,string,,,,
Jonathan Beaumier,string,,,,
Karl Beauregard,string,,,,
Milenka Bedard,string,,,,
Esia Belbachir,string,,,,
Sarah Belloucif,string,,,,
Fouad Benhaida,string,,,,
William Benichou,string,,,,
Marc Benoit,string,,,,
Alexandre Bergeron,string,,,,
Francois Bernier,string,,,,
Vincent Bernier,string,,,,
Corinne Bernier St-Pierre,string,,,,
Vincent Biagini,string,,,,
Mathieu Bibeau-Morin,string,,,,
Vincent Bilodeau,string,,,,
Zachary Bilodeau,string,,,,
Samuel Biron,string,,,,
Gabriel Bissonnette,string,,,,
Guillaume Blanc de Lanaute,string,,,,
Alexandre Blanchet,string,,,,
Adam Blanchet-Mainville,string,,,,
,string,,,,
Etienne Blondeau,string,,,,
Emilien Boisvert,string,,,,
Jonathan Bonin,string,,,,
Marie Boubez,string,,,,
Eric Boucher,string,,,,
Olivier Boucher,string,,,,
Sophie Boucher,string,,,,
David Boudreault,string,,,,
Nicolas Bourgault,string,,,,
Vincent Bourgault,string,,,,
Sara Bourque,string,,,,
,string,,,,
Marie-Lou Boutin,string,,,,
Laurent Brais,string,,,,
Daniel Alexander Bravo Guerrero,string,,,,
Charles-Antoine Breton,string,,,,
Mike Brisson,string,,,,
,string,,,,
Mathieu Brouillette,string,,,,
Sophie Brouillette-St-Aubin,string,,,,
Vincent Brousseau,string,,,,
Pascal Brulotte,string,,,,
Rinaldo Bruni,string,,,,
Charles Brunwald,string,,,,
,string,,,,
,string,,,,
,string,,,,
,string,,,,
Marlus Cadanus da Costa,string,,,,
Murilo Cadanus da Costa,string,,,,
Mike Cannon,string,,,,
Danny Angelo Carminati Grein,string,,,,
Andy Kevin Caron Servant,string,,,,
,string,,,,
Maxime Carrier,string,,,,
Elrick Carrier-Picard,string,,,,
Simon Caux-Barge,string,,,,
Thiago Chagas Moraes,string,,,,
Olivier Chalifoux,string,,,,
,string,,,,
Christopher Chang,string,,,,
Francois Chantal,string,,,,
Vanessa Chapados-Arseneault,string,,,,
Maxime Chapdelaine,string,,,,
Francis Charland,string,,,,
,string,,,,
,string,,,,
Dominic Charron,string,,,,
Maxime Charron,string,,,,
Benoit Chemin,string,,,,
Emilie Chen,string,,,,
Robin Sunghoon Cho,string,,,,
Sam Clark,string,,,,
Francis Claveau,string,,,,
Charles Cloutier,string,,,,
Dylan Cohen Tannugi,string,,,,
Jonathan Cook,string,,,,
Philippe Corbeil,string,,,,
Raphael Corbin,string,,,,
Maxime Corriveau-Trudel,string,,,,
Alexandre Cossette,string,,,,
Emilien Cote,string,,,,
Manuella Coulombe,string,,,,
,string,,,,
Chantal Couture,string,,,,
Simon Couture,string,,,,
,string,,,,
Matthieu Cunzi,string,,,,
,string,,,,
,string,,,,
Philippe D'Amours,string,,,,
Jonathan Dagar-Magnan,string,,,,
Cliff Daigle,string,,,,
Elisabeth Daigle,string,,,,
,string,,,,
Mathieu Dallaire,string,,,,
Samuel Dallaire,string,,,,
Karell Damour,string,,,,
Anthony de Rochefort,string,,,,
Eric De Val,string,,,,
Jonathan Dechelle,string,,,,
Romain Defieuw,string,,,,
Scott Delaney,string,,,,
Pierre-Dante Delboulle,string,,,,
Jeremy Delwarte,string,,,,
Samuel Dematos,string,,,,
Olivier Demers,string,,,,
Steve Demers,string,,,,
Catherine Demeule,string,,,,
Mathieu Denis,string,,,,
Ekian Desautels,string,,,,
Patrick Desbiens-Wright,string,,,,
Benjamin Descamps,string,,,,
Marco Deschamps,string,,,,
Francois Desjarlais,string,,,,
Marie-Pier Desmarais,string,,,,
Joey Desrosiers,string,,,,
Hubert Diamant,string,,,,
Gabriel Dion,string,,,,
Marielle Dion-Robidoux,string,,,,
Alexandre Do Rego,string,,,,
Roman Dolgarov,string,,,,
Oleksandr Dolgaryev,string,,,,
Simon Dompierre,string,,,,
,string,,,,
Tommy Donnelly,string,,,,
Alexandre Dorval,string,,,,
,string,,,,
,string,,,,
Guillaume Dube,string,,,,
Martin Dube,string,,,,
Jonathan Dubois,string,,,,
Nicolas Dubois,string,,,,
Samuel Dubois,string,,,,
Richard Dubreuil,string,,,,
Maxime Ducasse,string,,,,
Simon Duchesne,string,,,,
,string,,,,
Lydia Dumais,string,,,,
Benjamin-Pier Dumas,string,,,,
Guillaume Duminy,string,,,,
Andreanne Dupont,string,,,,
Catherine Dupuis,string,,,,
Francois Durand,string,,,,
Rudy Duro,string,,,,
Paul Durocher,string,,,,
,string,,,,
,string,,,,
Elie Ensuque,string,,,,
Lilian Escomel,string,,,,
Victor Evrard,string,,,,
Marie Ezra Marin,string,,,,
Luc Ferland,string,,,,
,string,,,,
Anissa Fisli,string,,,,
Yannick Fleurit,string,,,,
Dominic Fleury,string,,,,
Eliane Florentz,string,,,,
Alexandre Fontaine Ferron,string,,,,
Adam Fortin,string,,,,
David Fortin,string,,,,
Keven Fortin,string,,,,
Jonathan Fournier,string,,,,
Thomas Fournier,string,,,,
Vanessa Fournier,string,,,,
Noufel Fraj,string,,,,
Sylvain Franco,string,,,,
,string,,,,
Ted Francoeur,string,,,,
Mathieu Frechette,string,,,,
Pauline Frot,string,,,,
Daniel Gagnon,string,,,,
Martin Gagnon,string,,,,
Charles Anthony Gagnon Lemay,string,,,,
,string,,,,
,string,,,,
,string,,,,
,string,,,,
,string,,,,
Adam Galarneau,string,,,,
Boga Wilfried Galle,string,,,,
James Garant,string,,,,
Magali Garceau,string,,,,
Kylian Garcia,string,,,,
Benjamin Gardeur,string,,,,
Guillaume Gauthier,string,,,,
,string,,,,
Philippe Gendreau,string,,,,
Mathieu Gendron Denis,string,,,,
Jean-Nicolas Gibeault,string,,,,
Etienne Giguere,string,,,,
Roxanne Gingras,string,,,,
Isabelle Girard,string,,,,
Jason Godbout,string,,,,
Mike Gomez,string,,,,
Jonathan Gosselin,string,,,,
Mathieu Gosselin,string,,,,
Sayan Goswami,string,,,,
Alex Gratton,string,,,,
Rosanne Gravel,string,,,,
,string,,,,
,string,,,,
Pierre-Luc Grondines,string,,,,
Raphael Guay-Picard,string,,,,
Bruno Guedes Azevedo Viana,string,,,,
Marie Guillard,string,,,,
Mathieu Hallee,string,,,,
Francois Hamel,string,,,,
,string,,,,
Matthew Harris,string,,,,
Alexis Harrisson,string,,,,
Max Harrisson,string,,,,
Samuel Harvey,string,,,,
Richard Harvey-Levert,string,,,,
Samuel Hatin,string,,,,
Vincent Hebert,string,,,,
Dominic Henry,string,,,,
Kellee Hill,string,,,,
Tan Ho,string,,,,
Jean-Remy Horth,string,,,,
Brittany Horvath,string,,,,
Tony Houdayer,string,,,,
Dylan Huard,string,,,,
Mathieu Hunter,string,,,,
Karim Idrissi,string,,,,
Frederick Imbeault,string,,,,
Axel Ingouf,string,,,,
,string,,,,
Laurie Janelle,string,,,,
David Jean,string,,,,
Charles Jette,string,,,,
Marvin Jimenez,string,,,,
Guillaume Joannette,string,,,,
Nicholas Jolicoeur,string,,,,
Thomas Jorda,string,,,,
Sylvain Jubeau,string,,,,
Nicholas Juniper,string,,,,
Amine Kamal,string,,,,
Hassan Kazemi Tehrani,string,,,,
David-Christian Kazu,string,,,,
Anne Kitsune Lupien,string,,,,
Matthieu Labbe,string,,,,
Jimmy Laberge,string,,,,
Anthony Lacasse,string,,,,
Jonathan Lacasse,string,,,,
Claude Lachance,string,,,,
Guillaume Lachance,string,,,,
Jean-Benoit Lachance,string,,,,
Francis Lagrange,string,,,,
Carolane Lakatos,string,,,,
Mathieu Landry,string,,,,
Keven Landry-Cantin,string,,,,
Alexandre Langlois,string,,,,
Bernard Langlois,string,,,,
Maxim Langlois,string,,,,
Philippe-Olivier Lapalme,string,,,,
,string,,,,
David Lapointe,string,,,,
Jean-Philippe Lapointe,string,,,,
Alexandre Larouche,string,,,,
,string,,,,
Thierry Lauret,string,,,,
,string,,,,
Romain Lavigne,string,,,,
Eric Lavoie,string,,,,
Vincent Leblanc-Pellerin,string,,,,
Christophe Leblond,string,,,,
Charles Lebrun,string,,,,
Philippe Lebrun,string,,,,
Anthony Lebrun Lapointe,string,,,,
,string,,,,
Julianne Legault,string,,,,
Emilie Legout,string,,,,
Isaac Lemay,string,,,,
,string,,,,
Mohamed Lemine Ould El-Hadj,string,,,,
Jim Lepage,string,,,,
Nicolas Lepage,string,,,,
Laurie Lesperance,string,,,,
Alexandre Lessard,string,,,,
Audrey-Anne Lessard,string,,,,
Jacques Levesque,string,,,,
Anderson Lima,string,,,,
Jonathan Lippert,string,,,,
,string,,,,
Vincent Loisel-Potok,string,,,,
Nicholas Losier,string,,,,
Tiago Loureiro Chaves,string,,,,
Paul Louret,string,,,,
,string,,,,
Fiona Luong,string,,,,
,string,,,,
,string,,,,
Jean-Francois Madore,string,,,,
Julien Maes,string,,,,
Dominique Mahe,string,,,,
Frederic Mailhot,string,,,,
Maude Malboeuf,string,,,,
Karine Mallet,string,,,,
,string,,,,
Marie-Olivier Mangin,string,,,,
Ben Marcotte,string,,,,
Nicolas Marleau-Deschenes,string,,,,
Mayeul Marsaut,string,,,,
Jean Christophe Martin,string,,,,
,string,,,,
Audrey-Ann Martineau,string,,,,
Amire Mazouz,string,,,,
Joana Medeiros,string,,,,
Mathieu Mercier,string,,,,
Raphael Mercier-Leclerc,string,,,,
Jonathan Meunier,string,,,,
Jessie Michaud,string,,,,
,string,,,,
Marc-Alexandre Milot,string,,,,
Antoine Moineau,string,,,,
Vincent Montminy,string,,,,
Nathan Morasse,string,,,,
Dominic Morin,string,,,,
Etienne Morin,string,,,,
,string,,,,
Roberta Mota,string,,,,
Rafael Mota Ocariz,string,,,,
Dario Muga Gonzalez,string,,,,
Gabriel Murray-Gignac,string,,,,
Jean-Francois Nadeau,string,,,,
Vincent Nadon,string,,,,
Julian Nasielski,string,,,,
David Nickerson,string,,,,
Valentin Nicolats,string,,,,
Dan Ning Yang,string,,,,
,string,,,,
Killian Oechslin,string,,,,
Norman Olsen,string,,,,
Maxime Ostorero,string,,,,
,string,,,,
Dominic Ouellet,string,,,,
Marc-Olivier Ouellet,string,,,,
Sebastien Ouellet,string,,,,
Antoine Ouimet,string,,,,
Vincent Pageau,string,,,,
Quentin Papleux,string,,,,
Maxime Paradis,string,,,,
Ashish Parashar,string,,,,
William Parent-Labonte,string,,,,
Giulia Parravicini,string,,,,
Pierre Patard,string,,,,
,string,,,,
,string,,,,
Jean Perron,string,,,,
Philippe Perron,string,,,,
Benoit Perucchietti,string,,,,
Brandon Piard,string,,,,
Melvyn Piau,string,,,,
,string,,,,
Marie-Ella Pinsonneault,string,,,,
Thomas Piot,string,,,,
Gabriel Pirjol,string,,,,
Caue Pizzol,string,,,,
Dominic Poirier,string,,,,
Jonathan Poisson,string,,,,
Nour Polloni,string,,,,
Louis-Emmanuel Pothier,string,,,,
Dany Poulin,string,,,,
Maxime Poulin,string,,,,
Pierre-Olivier Poulin,string,,,,
Eric Pouliot,string,,,,
Etienne Pouliot,string,,,,
Lilian Pouvreau,string,,,,
Christophe Prelot,string,,,,
Chantal Prentice,string,,,,
Yannick Prost,string,,,,
Stephane Prouilhac,string,,,,
Max Proulx,string,,,,
Maxime Proulx,string,,,,
Charles Provencher,string,,,,
Nadiia Pryshchepa,string,,,,
Sergii Pryshchepa,string,,,,
Theo Querment,string,,,,
,string,,,,
Olivier Raymond,string,,,,
Francois Reimnitz,string,,,,
Patrick Renaud,string,,,,
Mathieu Richard,string,,,,
Thierry Rioux,string,,,,
Maxime Rivard,string,,,,
Steve Roach,string,,,,
Cassiano Rocha,string,,,,
Magalie Rosseeuw,string,,,,
Jacob Rouleau,string,,,,
Genevieve Rousseau,string,,,,
Alex Roy,string,,,,
Sebastien Roy,string,,,,
Simon Roy,string,,,,
Tristan Roy-Nault,string,,,,
Kevin Royer,string,,,,
Raphael Royer-Huard,string,,,,
,string,,,,
Tausif Sabir,string,,,,
Fabio Sacchetti,string,,,,
Marc-Antoine Saindon,string,,,,
Rohit Saini,string,,,,
Hassen Samaali,string,,,,
Gilbert Samson,string,,,,
Jimmy Samson,string,,,,
David Santiago Cadavid Ardila,string,,,,
Thomas Sassano,string,,,,
Martin Saucier,string,,,,
,string,,,,
Antoine Savard,string,,,,
Yanick Senechal,string,,,,
Geoffrey Senemaud,string,,,,
Tatvagna Shah,string,,,,
Yash Shah,string,,,,
Baptiste Simar,string,,,,
Catherine Simard,string,,,,
Michael Simard,string,,,,
Robert Simard,string,,,,
Damanpreet Singh Arora,string,,,,
Gabriel Somma,string,,,,
,string,,,,
Jeremy St-Amant,string,,,,
,string,,,,
David St-Germain,string,,,,
Gabriel St-Laurent-Recoura,string,,,,
Nicolas St-Pierre,string,,,,
,string,,,,
Sharam Sunstrum,string,,,,
,string,,,,
Francois Taddei,string,,,,
Francois Talbot,string,,,,
Andre Tandoc,string,,,,
Yang-Che "Brian" Teng,string,,,,
Alec Thibault,string,,,,
Christina Thibault,string,,,,
Trystan Thibault,string,,,,
Jeremy Thibeault,string,,,,
Irvin Thomas,string,,,,
Olivier Tinh,string,,,,
Hayden Tremblay,string,,,,
,string,,,,
Marie-Eve Tremblay,string,,,,
Nicolas Tremblay,string,,,,
Nicolas Tremblay,string,,,,
Hugo Trepanier,string,,,,
Philippe Troie,string,,,,
Laura Turcotte,string,,,,
Maxime Turcotte,string,,,,
Alexandre Urie,string,,,,
Benjamin Urtado,string,,,,
,string,,,,
Kevin Vallee,string,,,,
Gabriel Vallee Bolduc,string,,,,
Maxime van Noppen,string,,,,
Cynthia Vandermouten,string,,,,
Patrick Vasile,string,,,,
Alexandre Vermette,string,,,,
Marc Verret,string,,,,
,string,,,,
Marie-Eve Vignola,string,,,,
Akian Villeneuve,string,,,,
Cindy Villeneuve,string,,,,
Richard Villeneuve,string,,,,
Tom Villeneuve-Pelletier,string,,,,
Dominique Voegele,string,,,,
Oleksandr Voronin,string,,,,
Alexander Vyskocil,string,,,,
Michael Waller,string,,,,
Jerome Wauthy,string,,,,
Ting Wen,string,,,,
Roxane Whittom,string,,,,
Fred Wilson,string,,,,
Edwing Wolff,string,,,,
,string,,,,
Luco Ny Aina Yannick Ramaromanana,string,,,,
Mourad Younes,string,,,,
Jonathan Yu,string,,,,
Runze Zhu,string,,,,
Nathan Ziri,string,,,,
CREDITS/DEPT_PRODBABIES,dept,,,,
James Dechelle,string,,,,
,string,,,,
Lucie Evrard,string,,,,
Rosalie Jolicoeur,string,,,,
Jake Morin,string,,,,
Maxime Urtado,string,,,,
BLANKLONG,blank,,,,
BLANKLONG,blank,,,,
BLANKLONG,blank,,,,
BLANKLONG,blank,,,,
image_shanghai_2023,logo,,320.0,80.0,
BLANK,blank,,,,
BLANK,blank,,,,
BLANK,blank,,,,
CREDITS/DEPT_ANIMATION,dept,,,,
Frank Chen,string,,,,
Aimee Du,string,,,,
Ryan Feng,string,,,,
Leo Li,string,,,,
Peng Li,string,,,,
Qinghu Meng,string,,,,
Bao Mingsong,string,,,,
Jia Shi,string,,,,
Fandy Wang,string,,,,
Jian Wei,string,,,,
Cheng Zeng,string,,,,
Judy Zhou,string,,,,
CREDITS/DEPT_ART,dept,,,,
Weiwei Cai,string,,,,
JiaYi Chen,string,,,,
Riven Chen,string,,,,
Yutao Chen,string,,,,
Jeffrey Chi,string,,,,
Pixel Cui,string,,,,
Sika Cui,string,,,,
Qingyun Dai,string,,,,
Shilong Dai,string,,,,
Cat Deng,string,,,,
Qingyuan Deng,string,,,,
Yukkuri Ding,string,,,,
Leia Du,string,,,,
Pin Fang,string,,,,
Xuan Feng,string,,,,
Xiaoyuan Fu,string,,,,
Zehao Gong,string,,,,
Shanshan Gu,string,,,,
Zenghui Guan,string,,,,
Jinhong Guo,string,,,,
Ola Guo,string,,,,
Hanxin He,string,,,,
Jia Huang,string,,,,
Yanhao Huang,string,,,,
Yufu Huang,string,,,,
Weijie Ji,string,,,,
Daniel Jiang,string,,,,
Jiahe Jiang,string,,,,
Yuanyuan Jiao,string,,,,
Jie Kang,string,,,,
Xin Lei,string,,,,
Jason Li,string,,,,
Jiabin Li,string,,,,
Lute Li,string,,,,
Min Li,string,,,,
Qian Li,string,,,,
Robert Li,string,,,,
Yutian Li,string,,,,
Zhijie Li,string,,,,
Tigger Liang,string,,,,
Zifeng Liang,string,,,,
Carl Lin,string,,,,
Gustave Ling,string,,,,
Dongze Liu,string,,,,
Lu Liu,string,,,,
Zhengyu Luo,string,,,,
Bridge Ma,string,,,,
Phil Ma,string,,,,
Mengjing Mao,string,,,,
Xiaogang Mao,string,,,,
Dante Nan,string,,,,
Bin Ni,string,,,,
Xuliang Peng,string,,,,
Neil Qi,string,,,,
Zhiyao Qi,string,,,,
Kai Qin,string,,,,
Leo Shen,string,,,,
Jesseka Sheng,string,,,,
Shurui Sun,string,,,,
Stephen Sun,string,,,,
Jie Tang,string,,,,
Shoutao Tang,string,,,,
Chenchao Tao,string,,,,
Haocheng Tao,string,,,,
Francis Wang,string,,,,
Jiayu Wang,string,,,,
Kun Wang,string,,,,
Matthew Wang,string,,,,
Qichao Wang,string,,,,
Ricky Wang,string,,,,
Simon Wang,string,,,,
Yunjian Wang,string,,,,
Sia Wei,string,,,,
Aimy Weng,string,,,,
Chaorong Wu,string,,,,
Jiaxin Wu,string,,,,
Jie Wu,string,,,,
Yudi Xiao,string,,,,
Abraham Xu,string,,,,
Kede Xu,string,,,,
Li Xu,string,,,,
Ziting Xu,string,,,,
Chang Yang,string,,,,
Franke Yang,string,,,,
Song Yang,string,,,,
Yuki Yang,string,,,,
Zhaoli Yang,string,,,,
Disen Yi,string,,,,
Ding Yu,string,,,,
Yindi Yue,string,,,,
Mingshen Zeng,string,,,,
Jackson Zhan,string,,,,
Chenguang Zhang,string,,,,
Comet Zhang,string,,,,
Daniel Zhang,string,,,,
Lambert Zhang,string,,,,
Mucho Zhang,string,,,,
Nikolai Zhang,string,,,,
Stone Zhang,string,,,,
Xuejiao Zhang,string,,,,
Yunying Zhang,string,,,,
Kexin Zhao,string,,,,
Tonia Zhao,string,,,,
Arik Zheng,string,,,,
Chaoyang Zhou,string,,,,
Chenglong Zhou,string,,,,
Dianrong Zhou,string,,,,
Xu Zhou,string,,,,
Dominic Zhu,string,,,,
Weiming Zhu,string,,,,
Yuanqing Zhu,string,,,,
Lang Zuo,string,,,,
CREDITS/DEPT_DESIGN,dept,,,,
Pary Chen,string,,,,
Yizhen Chen,string,,,,
Lewis Cui,string,,,,
Tao Gu,string,,,,
Dennis Guan,string,,,,
Yue Hu,string,,,,
Bill Lei,string,,,,
Jonathan Li,string,,,,
Shen Liang,string,,,,
Marin Liu,string,,,,
Weihan Lv,string,,,,
Erin Qin,string,,,,
Xiang Song,string,,,,
Hammer Wang,string,,,,
Jun Xie,string,,,,
Joey Yan,string,,,,
Sean Yan,string,,,,
Dante Yang,string,,,,
Ray Zhang,string,,,,
Felix Zhou,string,,,,
CREDITS/DEPT_ENGINEERING,dept,,,,
Tyler An,string,,,,
Hedong Cai,string,,,,
Wei Cao,string,,,,
Bruce Chen,string,,,,
Viktor Chen,string,,,,
Xinhui Chen,string,,,,
Christopher Chua,string,,,,
Simmon Cui,string,,,,
Barry Ding,string,,,,
Leo Du,string,,,,
Steve Gu,string,,,,
Azriel Liang,string,,,,
Neo Liu,string,,,,
Qiang Liu,string,,,,
Quan Liu,string,,,,
Thomas Liu,string,,,,
Sebastian Luo,string,,,,
Yichao Ma,string,,,,
Suming Meng,string,,,,
Lisa Qiu,string,,,,
Jingkai Wang,string,,,,
Xiaobo Wang,string,,,,
Xing Wang,string,,,,
Fengyang Wen,string,,,,
Allen Wu,string,,,,
Bochang Wu,string,,,,
Jerry Wu,string,,,,
Virgil Wu,string,,,,
Yuting Xiao,string,,,,
Xiang Xie,string,,,,
Eric Yan,string,,,,
Jinhua Yao,string,,,,
David Ying,string,,,,
Chris Yu,string,,,,
Joey Yu,string,,,,
Cedar Zhang,string,,,,
Jake Zhang,string,,,,
Jie Zhang,string,,,,
Giovedi Zhou,string,,,,
CREDITS/DEPT_IT,dept,,,,
Tommy Chen,string,,,,
Edward Ruan,string,,,,
Jayden Yan,string,,,,
CREDITS/DEPT_PRODUCTION,dept,,,,
Ying Cui,string,,,,
Rain Huang,string,,,,
Ying Huang,string,,,,
Michele Iorio,string,,,,
Vivienne Li,string,,,,
Jay Liu,string,,,,
Phoebe Luo,string,,,,
Charles Tao,string,,,,
Susan Wang,string,,,,
Sabrina Xia,string,,,,
Jesse Yang,string,,,,
Leo Zhang,string,,,,
Sharon Zhao,string,,,,
CREDITS/DEPT_QA,dept,,,,
Xiaowei Bai,string,,,,
Zeyu Chen,string,,,,
Flora Fu,string,,,,
Pengyang Geng,string,,,,
Shengfei Gu,string,,,,
Harry Han,string,,,,
Jerry Hong,string,,,,
Fang Li,string,,,,
Liqiu Li,string,,,,
Lorry Li,string,,,,
Louis Li,string,,,,
Jin Liu,string,,,,
Ziye Liu,string,,,,
Yolanda Lu,string,,,,
Pinzhao Lv,string,,,,
Mark Ma,string,,,,
Jingjing Mei,string,,,,
Yiming Ni,string,,,,
Yoite Ni,string,,,,
Zunhao Ni,string,,,,
Xiumiao Peng,string,,,,
Shilong Qiu,string,,,,
Reed Ren,string,,,,
Haijun Ru,string,,,,
Sam Shen,string,,,,
Weijiong Shen,string,,,,
Minjie Shi,string,,,,
Theodore Wang,string,,,,
Yuanlong Wu,string,,,,
Jason Xie,string,,,,
Kaka Yang,string,,,,
Linjun Zhang,string,,,,
Necky Zhang,string,,,,
Sheng Zhou,string,,,,
Jacky Zhu,string,,,,
Gavin Zong,string,,,,
CREDITS/DEPT_OPS,dept,,,,
Luna Lu,string,,,,
CREDITS/DEPT_STUDIOHEAD,dept,,,,
John Laurence,string,,,,
BLANKLONG,blank,,,,
BLANKLONG,blank,,,,
BLANKLONG,blank,,,,
BLANKLONG,blank,,,,
image_shg_2023,logo,,320.0,80.0,
BLANK,blank,,,,
BLANK,blank,,,,
BLANK,blank,,,,
CREDITS/DEPT_ADMINISTRATION,dept,,,,
Amber Sullivan,string,,,,
CREDITS/DEPT_ANIMATION,dept,,,,
Karen Kwak,string,,,,
CREDITS/DEPT_ART,dept,,,,
Robert Adcock,string,,,,
Hamish Ames,string,,,,
Jason Babler,string,,,,
Okan Beyit,string,,,,
Mark Bolak,string,,,,
Artemiy Bulgakov,string,,,,
Alek Castelain,string,,,,
Laura Chan,string,,,,
Lylah D'Souza,string,,,,
Shane Daley,string,,,,
Tom De La Garza,string,,,,
Isabella Deacon,string,,,,
Patricia Dobbins,string,,,,
Liz Du,string,,,,
Adam Dudley,string,,,,
Mindy Goto,string,,,,
Chris Haybittle,string,,,,
Liam Henderson,string,,,,
Christian Son Hermosilla,string,,,,
Stephen Honegger,string,,,,
Ashlee Hynes,string,,,,
Dio Lee,string,,,,
Shawn Lee,string,,,,
Cristian Leon,string,,,,
Herbert Lowis,string,,,,
Donald Madsen,string,,,,
Charlie Managhan,string,,,,
Jeff Martin,string,,,,
David Milligan,string,,,,
Daniel Molina,string,,,,
Justin Muir,string,,,,
Jon Riva,string,,,,
Joe Salud,string,,,,
Ryan Shevlin,string,,,,
Juan Carlos Solon,string,,,,
Lukas Stratmann,string,,,,
Alex Wahl,string,,,,
Daniel Walsh,string,,,,
Rohan White,string,,,,
Kevin Wilson,string,,,,
Meng-Hua Julia Wu,string,,,,
Po Kuan Wu,string,,,,
Vincent Ying,string,,,,
CREDITS/DEPT_AUDIO,dept,,,,
Kegan Chau,string,,,,
Robbie Elias,string,,,,
Andrew Giardino,string,,,,
Liam Underwood,string,,,,
Don Veca,string,,,,
Eric Wedemeyer,string,,,,
CREDITS/DEPT_COMMUNITY,dept,,,,
Ethan Chrisp,string,,,,
Samantha Leichtamer,string,,,,
CREDITS/DEPT_DESIGN,dept,,,,
Rachel Au,string,,,,
Lauren Bartley,string,,,,
Kacper Centkowski,string,,,,
Jamie Chen,string,,,,
Tom Cross,string,,,,
Jiajia Dong,string,,,,
Erman Dumlu,string,,,,
Jay Friso,string,,,,
Ben Furneaux,string,,,,
Will Greenough,string,,,,
Caleb Greer,string,,,,
Jay Han,string,,,,
Zach Hodson,string,,,,
Evan Hort,string,,,,
Michael How,string,,,,
Akuila Iliesa,string,,,,
Jay Ingardia,string,,,,
Omar Kadri,string,,,,
Michael Khalil,string,,,,
Daniel Lloyd,string,,,,
Eddie Lucero,string,,,,
Nick Magnus,string,,,,
Nicole Maines,string,,,,
Georgie McDaniel,string,,,,
Amelia McLeavey,string,,,,
Sam Neal,string,,,,
Ian Noble,string,,,,
Min Yee Ong,string,,,,
Vasiliy Pugovkin,string,,,,
Victor Huy Rasuly,string,,,,
Daniel Richards,string,,,,
,string,,,,
Andy Sutton,string,,,,
Rohit Thakre,string,,,,
Kayla Wright,string,,,,
CREDITS/DEPT_ENGINEERING,dept,,,,
Deniz Aldogan,string,,,,
Mitch Andrews,string,,,,
Cameron Baker,string,,,,
Jason Bell,string,,,,
Paul Bennett,string,,,,
Sim Bilkova,string,,,,
John Boocher,string,,,,
Darius Bopp,string,,,,
Michael Borisenko,string,,,,
Mark Boulton,string,,,,
Thomas Brophy,string,,,,
Jessica Brown,string,,,,
Adam Bryant,string,,,,
Karl Burdack,string,,,,
Derek Burnheim,string,,,,
Geoff Carlton,string,,,,
Luke Carpenter,string,,,,
Shawn Carroll,string,,,,
Charlie Cassidy,string,,,,
Gianluca Cavalieri,string,,,,
Frederic Chabot,string,,,,
Sushama Chakraverty,string,,,,
Ip Chan,string,,,,
Ishaann Cheema,string,,,,
Dickson Cho,string,,,,
Shane Coates,string,,,,
Daniel Cossu,string,,,,
Kade Croft,string,,,,
Michael Davies,string,,,,
Rich Degenhardt,string,,,,
Jarrod Dowsey,string,,,,
Daniel Draper,string,,,,
Konstantin Efimov,string,,,,
Jason Egginton,string,,,,
Simon Eschbach,string,,,,
Yazhi Fan,string,,,,
Kimberly Farrell,string,,,,
Kate Ferris,string,,,,
Kieran Fitzpatrick,string,,,,
Edith Flores,string,,,,
David Flower,string,,,,
Tom Fong,string,,,,
Rae Forbes-Richardson,string,,,,
Chris Fowler,string,,,,
Andrew Glover,string,,,,
Steven Gochie,string,,,,
Mika Goetze,string,,,,
John Goldsworthy,string,,,,
Justen Grabandt,string,,,,
Thomas Harris,string,,,,
Alister Hatt,string,,,,
Larry Hitch,string,,,,
Jayde Holbrook,string,,,,
Justin Holst,string,,,,
Matt Horton,string,,,,
Afreen Hossain,string,,,,
Richard Hunton,string,,,,
Jake Huxell,string,,,,
Sam Izzo,string,,,,
Nicolas Jinchereau,string,,,,
Barry Jones,string,,,,
Karim Khairat,string,,,,
Richard Khoury,string,,,,
Maxim Klimovich,string,,,,
Warren Knox,string,,,,
Shreyansh Kothari,string,,,,
Michael Krusel,string,,,,
Preet Kukreti,string,,,,
Eron Lake,string,,,,
,string,,,,
Daniel Liverance,string,,,,
Patrick Ma,string,,,,
Francois Martin,string,,,,
Nick Martino,string,,,,
Svein Mathisen,string,,,,
Scott McMillan,string,,,,
Michelle McPartland,string,,,,
Rachel McQueenie,string,,,,
David Mediati,string,,,,
Andrew Medlin,string,,,,
Sicilia Miao,string,,,,
James Mitchell,string,,,,
Lewis Mitchell,string,,,,
Dean Moules,string,,,,
Paul Nourish,string,,,,
Josh O'Donnell,string,,,,
Gabby Orr,string,,,,
Isabel Ovalles,string,,,,
Benjamin Porter,string,,,,
Daniel Pottenger,string,,,,
Mike Prestia,string,,,,
Nathan Rausch,string,,,,
Stuart Rudderham,string,,,,
Darcy Sandall,string,,,,
David Sansavera,string,,,,
Rupert Schofield,string,,,,
Vinash Seenath,string,,,,
Rishabh Sharma,string,,,,
Jianhua Shen,string,,,,
Ma'ad Shipchandler,string,,,,
Matthew Sparks,string,,,,
Kane Stone,string,,,,
Glen Stuart,string,,,,
Scott Susslin,string,,,,
Thuan Seah Tan,string,,,,
Tommy Tang,string,,,,
Olivier Tardy,string,,,,
Guy Taylor,string,,,,
Abisheik Thuraiyan,string,,,,
Mike Timbrell,string,,,,
Sebastian Toy,string,,,,
Hoan Tran,string,,,,
Kirsty Tschirpig,string,,,,
Patrick Wadsworth,string,,,,
Michael Wasilewski,string,,,,
Nan Wei,string,,,,
Michael White,string,,,,
Stephen White,string,,,,
Nick Wilcox,string,,,,
Kris Zimmer,string,,,,
Ella Zvi,string,,,,
CREDITS/DEPT_ENVIRONMENT_ART,dept,,,,
Andrew Arthur,string,,,,
Michael Robertson,string,,,,
Jason Sander,string,,,,
CREDITS/DEPT_IT,dept,,,,
Dylan Alfarero,string,,,,
Sunpreet Bangar,string,,,,
Greg Davis,string,,,,
Bryce Desira,string,,,,
J.P. Dolan,string,,,,
Melissa Halstead,string,,,,
Andrew Jung,string,,,,
Vincent Ma,string,,,,
Steve McKinney,string,,,,
Kameron Ptacek,string,,,,
CREDITS/DEPT_LIGHTING,dept,,,,
Mara Cerreti,string,,,,
Rachel Clarke,string,,,,
Raymond Yang,string,,,,
CREDITS/DEPT_NARRATIVE,dept,,,,
Shelby Carleton,string,,,,
CREDITS/DEPT_OPS,dept,,,,
Monica Bumanlag,string,,,,
Wade Cruickshank,string,,,,
Suwinda Johan,string,,,,
Clara Nigh,string,,,,
Chris Pennya,string,,,,
Dylan Perez,string,,,,
Kamina Vincent,string,,,,
CREDITS/DEPT_PRODUCTION,dept,,,,
Harout Avakian,string,,,,
Rick Bergh,string,,,,
Chris Bourne,string,,,,
Sybille Bowen,string,,,,
Stephen Buchan,string,,,,
Baldeep Chahal,string,,,,
Marc Demers,string,,,,
David Dong,string,,,,
Emily Douglas,string,,,,
Justin Fenech,string,,,,
Alexandra Henley,string,,,,
Erika Hernandez,string,,,,
Adam Iscove,string,,,,
Courtney Jouning,string,,,,
Dan Kendall,string,,,,
Emma Leggett,string,,,,
Michael Liu,string,,,,
Mike Mejia,string,,,,
Paul Motion,string,,,,
Fawad Naqvi,string,,,,
Janice Ng,string,,,,
Quyen-Vi Nguyen,string,,,,
Stephanie Refuerzo,string,,,,
Trevor Schack,string,,,,
Victor Silvestri,string,,,,
Rachel Smith,string,,,,
Robyn Theberge,string,,,,
Lathieeshe Thillainathan,string,,,,
Julie Torres,string,,,,
Jaime Wojick,string,,,,
Narek Zarikian,string,,,,
CREDITS/DEPT_QA,dept,,,,
Bram Barber,string,,,,
David Batt,string,,,,
Micah Bradbury,string,,,,
Gavin Chee,string,,,,
Alexandre Early,string,,,,
Troy Germain,string,,,,
Jason Gregory,string,,,,
James Hui,string,,,,
Roman Janczak,string,,,,
Christine Lo,string,,,,
Eric McKey,string,,,,
Peter Meiklejohn,string,,,,
Joshua Nakhoul,string,,,,
Grant Norton,string,,,,
Bernard Ockerse,string,,,,
Chris Patsiadas,string,,,,
Simon Richardson,string,,,,
Oliver Taylor,string,,,,
Alexis Valladares,string,,,,
CREDITS/DEPT_TECH_ART,dept,,,,
Liam Gilbride,string,,,,
Alex Grace,string,,,,
Eric Kimberly,string,,,,
Damon Rayner,string,,,,
,string,,,,
Pina Visconti,string,,,,
CREDITS/DEPT_VFX,dept,,,,
Tricia Crichton,string,,,,
Gareth Richards,string,,,,
Cal Sear,string,,,,
CREDITS/DEPT_LEADERSHIP,dept,,,,
Aaron Halon,string,,,,
Greg Palstra,string,,,,
Andy Wilson,string,,,,
Liz Wyle,string,,,,
CREDITS/DEPT_PRODBABIES,dept,,,,
Rafael Joakit Esser-Izzo,string,,,,
Ruadh Kai Heverin,string,,,,
Reis Ptacek,string,,,,
BLANKLONG,blank,,,,
BLANKLONG,blank,,,,
BLANKLONG,blank,,,,
BLANKLONG,blank,,,,
image_iw_2023,logo,,320.0,80.0,
BLANK,blank,,,,
BLANK,blank,,,,
CREDITS/DEPT_ANIMATION,dept,,,,
Mathieu Courtois,string,,,,
CREDITS/DEPT_ANIMATION_RIGGING,dept,,,,
Puneet Neelapu,string,,,,
CREDITS/DEPT_ART,dept,,,,
Bernardo Antoniazzi,string,,,,
Mitch Bowler,string,,,,
Angel de Jesus Fernandes,string,,,,
Pedro Flores,string,,,,
Raquel Gutierrez,string,,,,
Darren Horrocks,string,,,,
Christopher Leon,string,,,,
Riccard Linde,string,,,,
Daniel Ortiz,string,,,,
Lucas Thompson,string,,,,
CREDITS/DEPT_AUDIO,dept,,,,
Chris Egert,string,,,,
David Natale,string,,,,
Stuart Provine,string,,,,
Myon Sample,string,,,,
Kerri Shak,string,,,,
Tim Stasica,string,,,,
CREDITS/DEPT_COMMUNITY,dept,,,,
Isaac Guignard,string,,,,
CREDITS/DEPT_DESIGN,dept,,,,
Rukia Brooks,string,,,,
Alfonso "Fonzy" Elenes Jr.,string,,,,
Emmeline Estrampes,string,,,,
Mary Evdjukian,string,,,,
William Faler,string,,,,
Presley Hoyl,string,,,,
Bradley Kern,string,,,,
Bianka Kovacs,string,,,,
Jaden Larose,string,,,,
Gustavo Larrazabal,string,,,,
Justin Lepine,string,,,,
David Ludwig,string,,,,
Patrick Mathieu,string,,,,
Jack Reynolds,string,,,,
Avi Rosenblum,string,,,,
Matthew Steinke,string,,,,
Eric Su,string,,,,
Aaron Ta,string,,,,
CREDITS/DEPT_DEVSUPPORT,dept,,,,
Matthew Byrne,string,,,,
Jake Chemnitz,string,,,,
Abraham Cohen,string,,,,
Richard Estes,string,,,,
Dylan Farber,string,,,,
Erick Groman,string,,,,
Auston Jones,string,,,,
Kevin Kusch,string,,,,
Alex Lizarraga,string,,,,
Jorge Luque,string,,,,
Jeremy Nicholson,string,,,,
Bryan Nogradi,string,,,,
Jakub Ogiela,string,,,,
Dmitry Pavlenko,string,,,,
Jimmy Phan,string,,,,
Justin Schwartz,string,,,,
Bryck Sheffield,string,,,,
Roger Vargas Ramirez,string,,,,
Lewis Waddle,string,,,,
Alex Weldon,string,,,,
CREDITS/DEPT_ENGINEERING,dept,,,,
Christopher Adams,string,,,,
Duncan Adamson,string,,,,
Patrick Ahrens,string,,,,
Abiola Akinnubi,string,,,,
Ray Allaire,string,,,,
Tiago Almeida Carvalho,string,,,,
Paige Blum,string,,,,
Krista Boone,string,,,,
Piotr Brendel,string,,,,
Sarat Buddharaju,string,,,,
Jake Campbell,string,,,,
Ethan Caraway,string,,,,
Anthony Carotenuto,string,,,,
Sebastian Chain,string,,,,
Yu Chen,string,,,,
Jocelyn Chew,string,,,,
Nick Chu,string,,,,
Kim Coterwas,string,,,,
Simon Cournoyer,string,,,,
Ava Derevlany,string,,,,
Jim Dong,string,,,,
Michal Drobot,string,,,,
Agustin Durand,string,,,,
Kaustabh Dutta,string,,,,
Chirashe Dziire,string,,,,
Michael Esposito,string,,,,
Ryan Feltrin,string,,,,
Thornton Fernbacher,string,,,,
Alex Fox,string,,,,
Jon Futch,string,,,,
Brian Gardiner,string,,,,
Felipe Gomez-Frittelli,string,,,,
Jimmy Griffiths,string,,,,
Kamil Grodecki,string,,,,
David Grosman,string,,,,
Prashan Gunasingam,string,,,,
Danylo Ierkaiev,string,,,,
Christopher Janowski,string,,,,
Mehek Jethani,string,,,,
Jonathan Johnson,string,,,,
Hari Khalsa,string,,,,
Minsuk Kim,string,,,,
Nari Kim,string,,,,
Scott Kim,string,,,,
Unni Kirangattumana Vasudevan,string,,,,
Benjamin Kutcher,string,,,,
Molly Lafferty,string,,,,
,string,,,,
Sophia Lee,string,,,,
Kamil Leniart,string,,,,
Yang Li,string,,,,
Jennifer Lim,string,,,,
Calvin Lin,string,,,,
Manu Marin Roman,string,,,,
Sam Markowitz,string,,,,
Luba May,string,,,,
Felix Mayrose,string,,,,
Marcus Meurling,string,,,,
Adam Micciulla,string,,,,
,string,,,,
Emiliano Miranda,string,,,,
Bridget Murphy,string,,,,
Matt Navarifar,string,,,,
Alex Nelson,string,,,,
Daniel Nelson,string,,,,
Eoin O'Flynn,string,,,,
Sergio Ocio Barriales,string,,,,
,string,,,,
Cyprien Orfila,string,,,,
Carlos Padilla,string,,,,
Zach Parr,string,,,,
Konrad Piechota,string,,,,
,string,,,,
Gavin Pugh,string,,,,
Rohit Ravishankar,string,,,,
Rulon Raymond,string,,,,
Jenny Rodriguez,string,,,,
Kent Rose,string,,,,
Martin Ruzicka,string,,,,
Mitch Sanborn,string,,,,
Melody Schaeffer,string,,,,
Marc Raymond Serrano,string,,,,
Corey Shay,string,,,,
Keng Hua Sing,string,,,,
Sudeep Singh,string,,,,
Viktor Stepanov,string,,,,
Kate Stepanova,string,,,,
Matt Stine,string,,,,
Michael Szolowicz,string,,,,
Michal Szymczyk,string,,,,
Stanley Thai,string,,,,
Natalie Tobiason,string,,,,
Sai Upadhyayula,string,,,,
Marlon Valladares,string,,,,
Harshitha Vasantha Rao,string,,,,
John Webb,string,,,,
Peter Wiest,string,,,,
Anthony Williams Jr.,string,,,,
Kenny Wong,string,,,,
Megan Works,string,,,,
Skyler York,string,,,,
Robert Zhou,string,,,,
CREDITS/DEPT_INTERNS,dept,,,,
Zach Meiron,string,,,,
Isaac Pace,string,,,,
CREDITS/DEPT_LIGHTING,dept,,,,
Dave Blizard,string,,,,
Andrew Prince,string,,,,
Velinda Reyes,string,,,,
Longkun Yang,string,,,,
CREDITS/DEPT_MARKETING,dept,,,,
Steve Smith,string,,,,
CREDITS/DEPT_NARRATIVE,dept,,,,
Eric Anderson,string,,,,
CREDITS/DEPT_OPERATIONS_AND_COMMERCE,dept,,,,
Yi Yang,string,,,,
CREDITS/DEPT_PRODUCTION,dept,,,,
Rick Alvarez,string,,,,
Lara Anderholm,string,,,,
Melissa Dieterle,string,,,,
Sep Ebrahimi,string,,,,
Elliott Ehlig,string,,,,
Adam Gold,string,,,,
Christopher Guerrero,string,,,,
James Head,string,,,,
Meghan House,string,,,,
Indya Johnson,string,,,,
William Mackey,string,,,,
Peter McCabe,string,,,,
Garrett McKay,string,,,,
Dustin Miyashiro,string,,,,
Doug Pennant,string,,,,
Christopher Reimschussel,string,,,,
Abby Schultz,string,,,,
Chris Self,string,,,,
Jonathan Soucy,string,,,,
Tiago Zielske,string,,,,
CREDITS/DEPT_QA,dept,,,,
Hunter Adams,string,,,,
Wesley Campbell,string,,,,
Edward Chun,string,,,,
James Curatalo,string,,,,
Sabi Del Rosario,string,,,,
Marcus Diaz-Conti,string,,,,
Marc Evans,string,,,,
Jacob Godoy,string,,,,
Sung Kevin Yoo,string,,,,
Justin Kimball,string,,,,
Dominic Lagle,string,,,,
Ivan Maximilian Perez,string,,,,
Emily Morris,string,,,,
Sophia Perez,string,,,,
Christopher Smith,string,,,,
Nathan Wall,string,,,,
CREDITS/DEPT_TECH_ART,dept,,,,
Michael Boon,string,,,,
Peter Claes,string,,,,
Ben Davies,string,,,,
Danylo Hoshko,string,,,,
Ifedayo Isibor,string,,,,
Kyle Mckisic,string,,,,
Darren Mortillaro,string,,,,
Cason Shepard,string,,,,
Dylan Stilwell,string,,,,
Hiroshi Tsubokawa,string,,,,
Theresa Wolf,string,,,,
Steven Zhang,string,,,,
CREDITS/DEPT_VFX,dept,,,,
Alican Afsar,string,,,,
Charles Chabert,string,,,,
Patrick Hagar,string,,,,
CJ Reay,string,,,,
Salar Saleh,string,,,,
CREDITS/DEPT_STUDIOHEADS,dept,,,,
Mark Grigsby,string,,,,
Jack O'Hara,string,,,,
BLANKLONG,blank,,,,
BLANKLONG,blank,,,,
BLANKLONG,blank,,,,
BLANKLONG,blank,,,,
image_central_tech_2023,logo,,320.0,80.0,
BLANK,blank,,,,
BLANK,blank,,,,
Priscilla Abdelazim,string,,,,
Rotimi Abiona,string,,,,
Christopher Achenbach,string,,,,
Tunji Adeshina,string,,,,
Roger Almendarez,string,,,,
Dani Amir,string,,,,
Scott Anderson,string,,,,
Evgeny Andreeshchev,string,,,,
Nkiru Anizoba,string,,,,
Sela Asore,string,,,,
Adrian Astley,string,,,,
Amit Bakshi,string,,,,
Robert Balcorta,string,,,,
Edgar Barbosa,string,,,,
Joe Bauman,string,,,,
Erico Bayani,string,,,,
Ivan Beletsky,string,,,,
Gabriela Bernal,string,,,,
Eric Bernard,string,,,,
James Bieron,string,,,,
Charlie Birtwistle,string,,,,
Josh Blommestein,string,,,,
Kyle Boerstler,string,,,,
Wade Brainerd,string,,,,
Felix Bridault,string,,,,
Stephen Broadley,string,,,,
Will Brode,string,,,,
Chris Brown,string,,,,
Alberto Campo,string,,,,
Stephanie Chace,string,,,,
Danny Chan,string,,,,
Rohit Chauhan,string,,,,
Anne Chen,string,,,,
Christopher Chen,string,,,,
Ronald Chen,string,,,,
Arrian Chi,string,,,,
Tsvetelin Choranov,string,,,,
Christopher Codding,string,,,,
David Connell,string,,,,
Chris Cookson,string,,,,
Charles Corbett,string,,,,
Hironymus D'Souza,string,,,,
Yulong Dai,string,,,,
,string,,,,
Ryan de'Caneva,string,,,,
Robert DeArcos,string,,,,
Arman Dehpanah,string,,,,
Jordan Diaz,string,,,,
Matthew Dibble,string,,,,
Aleksei Dobroliubov,string,,,,
Kelsey Donahue,string,,,,
Glenn Dphrepaulezz,string,,,,
Adrien Dubouchet,string,,,,
Paul Edelstein,string,,,,
Sharon Engelenburg,string,,,,
Christer Ericson,string,,,,
Liam Fike,string,,,,
Neil Fishman,string,,,,
Daniel Flores,string,,,,
Denise Flores,string,,,,
Kendell Fossum,string,,,,
Reed Foster,string,,,,
Ray Franklin,string,,,,
Syoyo Fujita,string,,,,
Daire Garvey,string,,,,
Daniel Gerber,string,,,,
Jonas Gillberg,string,,,,
Damianos Gkouzkouris,string,,,,
BJ Golding,string,,,,
Callum Gregg,string,,,,
Nathanael Gura,string,,,,
,string,,,,
Paul Haile,string,,,,
Julie Haining,string,,,,
Lewis Hallam,string,,,,
Norm Harms,string,,,,
Sarah Hashash,string,,,,
Martin Hedlund,string,,,,
Peter Heppenstall,string,,,,
Justin Ryan Hernandez,string,,,,
Taryn Herrly,string,,,,
Akimitsu Hogge,string,,,,
Neil Holmes,string,,,,
Kimi Holsapple,string,,,,
Kingsley Hopking,string,,,,
Sean Houghton,string,,,,
Nancy Hsieh,string,,,,
Aldrich Huang,string,,,,
Jenny Huang,string,,,,
Jordan Humphrey,string,,,,
Andrew S. Hunt,string,,,,
Matt Hurtado,string,,,,
Eric Hwang,string,,,,
Cynthia Ibarra,string,,,,
Lisa Ikeda,string,,,,
Michal Iwanicki,string,,,,
Rusty Jackson,string,,,,
Peiman Jafari,string,,,,
Sarah Jiang,string,,,,
Mate Jurlina,string,,,,
Uma Karra,string,,,,
Kavya Kavanakudy,string,,,,
Bilal Khan,string,,,,
Nia Kiigan,string,,,,
Dan Kiwi (Hawke),string,,,,
Amber Kobold,string,,,,
Michael Kopietz,string,,,,
Joxean Koret,string,,,,
Illya Kostyuk,string,,,,
Anuja Kulkarni,string,,,,
Brad Kusy,string,,,,
Tan La,string,,,,
Maya Lake,string,,,,
Jonathan Lauw,string,,,,
Alex Lee,string,,,,
Jon Lee,string,,,,
Ken Lee,string,,,,
Morgan Legal,string,,,,
Tom Legal,string,,,,
Kelly Levier,string,,,,
Candong Lin,string,,,,
Heidi Lin,string,,,,
Gregory Lindor,string,,,,
Larry Lowe,string,,,,
Brendan Mackrill,string,,,,
Kristofer Magpantay,string,,,,
Layla Mah,string,,,,
Eve Mah Thring,string,,,,
Siddhey Mahadik,string,,,,
Igor Maksymenko,string,,,,
Josiah Manson,string,,,,
Christian Martineau,string,,,,
Tabitha Mastrangelo,string,,,,
Andre McCormick,string,,,,
Tom McDevitt,string,,,,
Daniel Meirovitch,string,,,,
James Mergiel,string,,,,
Kevin Merrill,string,,,,
Kurt Mitchell,string,,,,
Richard Mitton,string,,,,
Lisa Moir,string,,,,
Cian Morar,string,,,,
George Moss,string,,,,
Naqvie Nabiha,string,,,,
Julius Narvilas,string,,,,
Yannick Nguyen,string,,,,
Eduardo Novella Lorente,string,,,,
Derek Nowrouzezahrai,string,,,,
Micah Oates,string,,,,
Alex Ofili,string,,,,
Michal Palka,string,,,,
Jake Pardo,string,,,,
Jiyoon Park,string,,,,
Oliver Parker,string,,,,
Everton Patitucci,string,,,,
Romulo Pedroza,string,,,,
Josiah T. Peralta,string,,,,
Damian Pfeffer,string,,,,
Tanner Plumb,string,,,,
Britt Porrazzo,string,,,,
Vassilis Poulopoulos,string,,,,
Shaun Prince,string,,,,
Shareef Raheem,string,,,,
Alex Raitz,string,,,,
Meemansa Rathod,string,,,,
Sneha Reddy,string,,,,
Nathaniel Resnikoff,string,,,,
Grant Rhodes,string,,,,
Adam Rocha,string,,,,
Amy Rogers,string,,,,
Ryan "Rhino" Rogers,string,,,,
William Rosen,string,,,,
Thomas Roughton,string,,,,
Ava Io Rubin,string,,,,
Abhishek Sama,string,,,,
Ryan Sammartino,string,,,,
Stephanie Sampson,string,,,,
Kai Schmidt,string,,,,
Ruth Schwartz,string,,,,
Stephen Scivally,string,,,,
Nelson Segovia,string,,,,
Pramod Setlur Prakash,string,,,,
Brennan Shacklett,string,,,,
Aryan Sharma,string,,,,
Haleema Sheraz,string,,,,
Matthew Shin,string,,,,
Peter Shirley,string,,,,
Caroline Shouraboura,string,,,,
Andrew Shurney,string,,,,
John Siciliano,string,,,,
Devarshaa Sikharam,string,,,,
Ari Silvennoinen,string,,,,
Alex Simon,string,,,,
Peter-Pike Sloan,string,,,,
Charles Smith,string,,,,
Dimiter Stanev,string,,,,
Tony Stott,string,,,,
Ben Stragnell,string,,,,
Garrett Switzer,string,,,,
Viviane Takeda,string,,,,
Carly Taylor,string,,,,
Jeff Taylor,string,,,,
Pratyush Thakur,string,,,,
Romain Thomas,string,,,,
Haley Tortorich,string,,,,
Pavel Tumik,string,,,,
Phil Underhill,string,,,,
Abel Valero Lozano,string,,,,
Jan van Valburg,string,,,,
Michael Vance,string,,,,
Mathew Varghese,string,,,,
Jennifer Velazquez,string,,,,
Matt Vitalone,string,,,,
Koen Vroeijenstijn,string,,,,
Ke Wan,string,,,,
Zhenxu Wang,string,,,,
Luke Webb,string,,,,
Jason Weber,string,,,,
Kiera Wheatley,string,,,,
David Wingrove,string,,,,
Sophia Worley,string,,,,
Feng Xie,string,,,,
Edmond Xue,string,,,,
Jilin Yang,string,,,,
Gabriel Ybanez,string,,,,
Edwin Yung,string,,,,
Charles Zaporteza,string,,,,
Tanner Zigrang,string,,,,
Klaudiusz Zych,string,,,,
BLANKLONG,blank,,,,
BLANKLONG,blank,,,,
BLANKLONG,blank,,,,
BLANKLONG,blank,,,,
image_demonware_2024,logo,,320.0,80.0,
BLANK,blank,,,,
BLANK,blank,,,,
Jordan Abbatiello,string,,,,
Elijah Abram,string,,,,
Michael Adebusuyi,string,,,,
George Adyrhaiev,string,,,,
Ria Agarwal,string,,,,
Caitlin Ah Sing,string,,,,
Sameer Ahmed,string,,,,
Alaa Al-Ramly,string,,,,
Daniella Almeida,string,,,,
Cameron Altenhof-Long,string,,,,
Ryad Ammar,string,,,,
Andreas Anglin,string,,,,
Saad Arif Qadeer,string,,,,
Bassel Ashi,string,,,,
Segal Au,string,,,,
Vladimir Avram,string,,,,
Graeme Baker,string,,,,
Noah Baker,string,,,,
David Ballano-Fernandez,string,,,,
Gaurav Baney,string,,,,
Pooja Bansal,string,,,,
Rob Baron,string,,,,
Patrick Barrington,string,,,,
Graeme Bates,string,,,,
Alberto Bautista,string,,,,
Siva Bella,string,,,,
Sai Bharadwaj Pappu,string,,,,
Kavish Bhathija,string,,,,
Sushil Bhojwani,string,,,,
Rishav Bhowmick,string,,,,
,string,,,,
Jordan Black,string,,,,
Alex Blackwell,string,,,,
Cormac Blackwell,string,,,,
Katarzyna (Kat) Boddy,string,,,,
Aaron Bond,string,,,,
Andrea Boonyarungsrit,string,,,,
Xander Botha,string,,,,
Alex Boyd,string,,,,
Suzanne Boylan,string,,,,
Alexis Braga Sotto Maior,string,,,,
Morgan Brickley,string,,,,
Dmitri Burakov,string,,,,
Luke Burden,string,,,,
Kyle Burnette,string,,,,
Gemma Butterly,string,,,,
Will Cagney Murphy,string,,,,
Grant Cahill,string,,,,
Vinicius Caixeta dos Santos,string,,,,
Josh Campbell,string,,,,
Andre Campos,string,,,,
Daniel Casari,string,,,,
Luca Castoro,string,,,,
Gabriele Cerami,string,,,,
Pratik Chakravorty,string,,,,
Henry Chan,string,,,,
Karan Chaudhary,string,,,,
Jackie Chen,string,,,,
Liang Chen,string,,,,
Alvin Cheung,string,,,,
Richard Chien,string,,,,
Luca Chiossi,string,,,,
Olivia Chung,string,,,,
Leo Ciappi,string,,,,
Amy Collins,string,,,,
,string,,,,
Conor Conroy,string,,,,
Sean Cortes,string,,,,
Etienne Cournoyer,string,,,,
Colin Cyr,string,,,,
Tim Czerniak,string,,,,
Darius Darida,string,,,,
Kris Davidsohn,string,,,,
James Davidson,string,,,,
Mauro de Carvalho,string,,,,
Bruno de Lima Marques,string,,,,
Emily DeLisle,string,,,,
Thayer Dennison,string,,,,
Hamad Deshmukh,string,,,,
Avery Devlin,string,,,,
Esteban Diaz,string,,,,
Julian Ding,string,,,,
Juan Domenech Fernandez,string,,,,
Dylan Dowling,string,,,,
Malcolm Dowse,string,,,,
,string,,,,
Tom Dryer,string,,,,
Mitch Duffield,string,,,,
Steven Eareast,string,,,,
Mike Edwards,string,,,,
Stanislava Egorova,string,,,,
Neil Eldridge,string,,,,
Edwin Elisia,string,,,,
Robin Ellsworth,string,,,,
Farzin Faghihi,string,,,,
Amir Fatemi,string,,,,
Kevin Fei,string,,,,
Julie Ferguson,string,,,,
Brendan Fields,string,,,,
Sergei Fomin,string,,,,
Steven Foster,string,,,,
Vito Francisco Chiarella,string,,,,
Steve Fraser,string,,,,
Vamsi Gajjela,string,,,,
Michael Gale,string,,,,
Rob Gallagher,string,,,,
Samson Gama,string,,,,
Vidhi Gandhi,string,,,,
,string,,,,
Michael Geary,string,,,,
Taylor Geery,string,,,,
Ayush Ghai,string,,,,
Maarten Goldstein,string,,,,
Daria Golubova,string,,,,
David Grant,string,,,,
,string,,,,
,string,,,,
Manek Gujral,string,,,,
Artur Gukasian,string,,,,
Alex Guo,string,,,,
Varun Gupta,string,,,,
Chaudhary Guroosh Singh,string,,,,
Alan Hall,string,,,,
James Hall,string,,,,
Marcus Hall,string,,,,
Padraic Hallinan,string,,,,
Jack Halpin,string,,,,
John Hamill,string,,,,
Zhi Han Lim,string,,,,
Dermot Hanley,string,,,,
Luke Hansen,string,,,,
Bowen He,string,,,,
Cheryl Hepas,string,,,,
Rory Higgins,string,,,,
Paul Hoefgen,string,,,,
Thomas Holland,string,,,,
Luke Hollinda,string,,,,
Alina Hrabar,string,,,,
Mykola Hrebenyuk,string,,,,
,string,,,,
Abe Hwang,string,,,,
Adam Hynek,string,,,,
Albert Hynek,string,,,,
Omar Ishkintana,string,,,,
Ashrey Jairath,string,,,,
Ebby Jeyapaul,string,,,,
,string,,,,
Fan Jia,string,,,,
,string,,,,
Laura Jin,string,,,,
Jean-Philippe Jodoin,string,,,,
Nick Johnson,string,,,,
Jagadish Kagitala,string,,,,
Animesh Kanabar,string,,,,
Bharat Kanwar,string,,,,
Ushma Kapure,string,,,,
Samir Karki,string,,,,
Armaan Katyal,string,,,,
Romin Kayani,string,,,,
Valery Kayukov,string,,,,
Keeyan Kazemi,string,,,,
Qinyang Ke,string,,,,
Anisur Khan,string,,,,
Ryan Kim,string,,,,
Chris Kimberley,string,,,,
Karolina Kluska,string,,,,
Chris Knee,string,,,,
Casey Knutson,string,,,,
Vijendar Komalla,string,,,,
Yurii Konovaliuk,string,,,,
Vincent Koo,string,,,,
Dustin Koupal,string,,,,
Vlad Kovacik,string,,,,
Ivan Kovalkovskyi,string,,,,
Yevhen Kovtun,string,,,,
Mithun Krishnan Umesan,string,,,,
Harsha Krishne Gowda,string,,,,
Omkar Kulkarni,string,,,,
Allan Kumka,string,,,,
Maksym Kuts,string,,,,
Jesse Labate,string,,,,
Krish Lal,string,,,,
Aidan Lambe,string,,,,
David Landau,string,,,,
Klaudia Landicho,string,,,,
Ian Laue,string,,,,
Alan Lavery,string,,,,
Jasmine Lea,string,,,,
Imre Leen,string,,,,
Jason Lei,string,,,,
Karina Lei,string,,,,
Cristina Lester,string,,,,
Anthony Leung,string,,,,
Winston Leung,string,,,,
Kai Li,string,,,,
Zeyu (Zoey) Liao,string,,,,
,string,,,,
Derek Lindahl,string,,,,
Sampson Liu,string,,,,
Steve Loken,string,,,,
Zach Lorimer,string,,,,
,string,,,,
Francis Lu,string,,,,
Yunjia Lu,string,,,,
Pat Lynam,string,,,,
,string,,,,
Thiruvarasan M,string,,,,
Rohith Madamshetty,string,,,,
Robin Mahony,string,,,,
Sergii Marchenko,string,,,,
Damien Marshall,string,,,,
Asako Matsuoka,string,,,,
Catherine McCarthy,string,,,,
Emma McCarthy,string,,,,
,string,,,,
Martin McGovern,string,,,,
Chris McKnight,string,,,,
Pat McKnight,string,,,,
Emily Mecke,string,,,,
Adit Mehta,string,,,,
Tal Melamed,string,,,,
Arthur Mencke,string,,,,
Matt Mercer,string,,,,
Carlo Messere,string,,,,
Deives Michellis,string,,,,
Alex Miller,string,,,,
George Miller,string,,,,
Andrew Mitchell,string,,,,
Pranay Mithaigari,string,,,,
Robin Mizreh,string,,,,
Yawar Mohammad Khan,string,,,,
,string,,,,
Omkar Mule,string,,,,
Jen Muller,string,,,,
David Munton,string,,,,
Ruth Murphy,string,,,,
Sivateja Nalluri,string,,,,
Gurpreet Nanda,string,,,,
Dave Neary,string,,,,
Darrin Nguyen,string,,,,
Trung Nguyen,string,,,,
Chenyang Nie,string,,,,
Vadzim Novikau,string,,,,
John O'Donnell,string,,,,
Cathal O'Halloran,string,,,,
Stephen O'Neill,string,,,,
Kevin O'Sullivan,string,,,,
Shaunee OBrien,string,,,,
Jacob Odulio,string,,,,
Hyeree Oh,string,,,,
Rich Oh,string,,,,
Niina Okunishi,string,,,,
Ayokunle Onamusi,string,,,,
Curtis Onuczko,string,,,,
Gilberto Ortiz,string,,,,
Jithin P,string,,,,
Andrei Pampukha,string,,,,
Gabor Pardi-Kis,string,,,,
Tirth Patel,string,,,,
Karpana Patro,string,,,,
Julilla Paul,string,,,,
Mykola Pelekh,string,,,,
Adam Penner,string,,,,
Dan Pereira,string,,,,
Andy Phillips,string,,,,
Byron Pile,string,,,,
Ethan Pini,string,,,,
Clark Polo,string,,,,
Ery Polovina,string,,,,
Glen Powley,string,,,,
Nila Prasad,string,,,,
Dara Price,string,,,,
,string,,,,
Gary Quan,string,,,,
Attheera Rachkeeree,string,,,,
Pariya Raoufi,string,,,,
,string,,,,
Tom Remoleur,string,,,,
Chloe Ren,string,,,,
Maksym Reva,string,,,,
Gabe Reyes,string,,,,
Eric Ripa,string,,,,
Stephen Roantree,string,,,,
Julian Rocha,string,,,,
Seamus Rooney,string,,,,
Roman Rose,string,,,,
Andrew Rowe,string,,,,
David Rux,string,,,,
David Ryan,string,,,,
Jaskaren Saini,string,,,,
Luca Salfi,string,,,,
Vinita Samnani,string,,,,
Art Santos,string,,,,
Kameshwara Sekar,string,,,,
Sanjith Senthil,string,,,,
Kushal Shah,string,,,,
Sanyami Shah,string,,,,
,string,,,,
Hessamoddin Sharifpour,string,,,,
Aaron Sharkey,string,,,,
Matthew Shaw,string,,,,
Pavel Shchurov,string,,,,
Jordan Siaw,string,,,,
Jeff Siegel,string,,,,
Frances Sin,string,,,,
Hugo Slabbert,string,,,,
Marek Slabicki,string,,,,
Cormac Smartt,string,,,,
Greg Smith,string,,,,
Adham Sorour,string,,,,
Flavie Soudant,string,,,,
Roland-Ovidiu Stefani,string,,,,
,string,,,,
Matthew Taggart,string,,,,
Christopher Tan,string,,,,
Ryan Tan,string,,,,
Steve Thiakos,string,,,,
Keenan Tims,string,,,,
Ben Tischler,string,,,,
Vlad Titov,string,,,,
Michael Tom-Wing,string,,,,
Mark Tong,string,,,,
Carlos Torres,string,,,,
Camy Tran,string,,,,
Stella Tran,string,,,,
Mike Trienis,string,,,,
Tim Tschirner,string,,,,
Oleksandr Tymchyshyn,string,,,,
Ravi Vadlamudi,string,,,,
Ali Vakilzade,string,,,,
Rishi Vijay,string,,,,
Vikrant Vikrant,string,,,,
Max Vizard,string,,,,
Francis Wan,string,,,,
Angela Wang,string,,,,
,string,,,,
Jun Wang,string,,,,
Yuke Wang,string,,,,
Jason Wei,string,,,,
Mengdi Wei,string,,,,
William Wei,string,,,,
Yaoxuan Wei,string,,,,
Jacob Wessa,string,,,,
Mike Whitty,string,,,,
Patrik Wihlke,string,,,,
Josh Williams,string,,,,
Cara Wills,string,,,,
Nic Wolf,string,,,,
,string,,,,
Ruiyuan Xia,string,,,,
Jeffery Xiao,string,,,,
Iris Xu,string,,,,
Jake Xu,string,,,,
,string,,,,
,string,,,,
Steven Yang,string,,,,
Woody Yang,string,,,,
,string,,,,
Otto Yiu,string,,,,
,string,,,,
,string,,,,
,string,,,,
Andrew Yuen,string,,,,
Reza Zarebidaky,string,,,,
Allen Zhang,string,,,,
Chuan Zhang,string,,,,
Minchang Zhang,string,,,,
,string,,,,
Yi Zhang,string,,,,
,string,,,,
Xinqi Zhu,string,,,,
BLANKLONG,blank,,,,
BLANKLONG,blank,,,,
BLANKLONG,blank,,,,
BLANKLONG,blank,,,,
image_atvi_2023,logo,,320.0,80.0,
BLANK,blank,,,,
BLANK,blank,,,,
Blizzard Entertainment,dept,,,,
Faustine Chow,string,,,,
Owen Hughes,string,,,,
Laura Kitterman,string,,,,
Sayuri Koga,string,,,,
Benjamin Lee,string,,,,
Joyce Lo,string,,,,
Trevor Marsano,string,,,,
Cristabelle Ormiston,string,,,,
Steven Price,string,,,,
Shawn Sabeti,string,,,,
Andy Tuck,string,,,,
Bill Vaughan,string,,,,
Laurent Verret,string,,,,
Business Development,dept,,,,
Sophie Ling,string,,,,
Justin Park,string,,,,
Cher Smit,string,,,,
Call of Duty Endowment,dept,,,,
Azia Calderhead,string,,,,
David Camacho,string,,,,
Helene Imperiale,string,,,,
Michael Maggitti,string,,,,
Parker Neiman,string,,,,
Call of Duty Product Management,dept,,,,
Aman Ahmed,string,,,,
David Alcaide,string,,,,
Hassan Bashir,string,,,,
Michelle Bresaw,string,,,,
Shannon Brown,string,,,,
,string,,,,
Chloe Chang,string,,,,
Keith Cox,string,,,,
Natasha Daspin,string,,,,
Kinjal Dave,string,,,,
Diego Diaz,string,,,,
Stephie Dobe,string,,,,
Cameron Dow,string,,,,
Douglas Eduardo Branco,string,,,,
Lee Godfrey,string,,,,
Jonathan Gomez,string,,,,
Sohaib Imtiaz,string,,,,
Siri Jansson,string,,,,
Chong Kim,string,,,,
Ali Mane,string,,,,
Scot McCarron,string,,,,
Joy Minnoy,string,,,,
Lindsay Pai,string,,,,
Rodrigo Perez,string,,,,
Nick Pournaras,string,,,,
Olivia Reyes,string,,,,
Zach Schlesinger,string,,,,
Mitch Sitzer,string,,,,
Andrew Staples,string,,,,
Sathvik Sudireddy,string,,,,
Alice Sun,string,,,,
Marisa Thias,string,,,,
Jason Thomas,string,,,,
Kelsey Wheeler,string,,,,
Erica Xerri,string,,,,
Jason Zhang,string,,,,
Emily Zhukovsky,string,,,,
Stephanie Zou,string,,,,
Central Art, Design & Animation, Visual Services and Talent Services,dept,,,,
Ludo Antocielli,string,,,,
Brent Arnst,string,,,,
Marie Bagnell,string,,,,
Alex Bereznyak,string,,,,
Josh Bridge,string,,,,
Evan Button,string,,,,
Euri Chu,string,,,,
Mehdi Farrokhtala,string,,,,
Jason Greenberg,string,,,,
Sana Hadavi,string,,,,
Nick Huang,string,,,,
Michael Jantz,string,,,,
Angel Lam,string,,,,
Jason Leigh,string,,,,
Sherry Li,string,,,,
Erik Link,string,,,,
Andre Lopez,string,,,,
Kayla Matta,string,,,,
Jorge Mayo,string,,,,
Timothy McGrath,string,,,,
Benjamin Miller,string,,,,
Travis Miller,string,,,,
Sanjit Patel,string,,,,
Steve Pearce,string,,,,
Jan Pijpers,string,,,,
Isabel Queiroz,string,,,,
Al Roberts,string,,,,
Mike Sanders,string,,,,
Noah Sarid,string,,,,
Evalina Shin,string,,,,
Allyson Smyth,string,,,,
Hasnain Vohra,string,,,,
Trevor Wolden,string,,,,
Christina Wu,string,,,,
Xian-Chun Wu,string,,,,
Andrea Zhang,string,,,,
Communications,dept,,,,
Taylor Barnett,string,,,,
Dustin Blackwell,string,,,,
Dior Brown,string,,,,
Claudia Camp,string,,,,
Valerie Chia,string,,,,
Xav De Matos,string,,,,
Shawn Dwyer,string,,,,
Vanessa Flores,string,,,,
Nicole Fodran,string,,,,
Alex Gilyadov,string,,,,
Megan Golba,string,,,,
Aaron Grant,string,,,,
Sam Harper,string,,,,
Dan Herrera,string,,,,
David Hodgson,string,,,,
Caroline Hutcheson,string,,,,
Jordan Jackson,string,,,,
Valerie Lee,string,,,,
Tim Leong,string,,,,
Senwhaa Lim,string,,,,
Michael Mantarro,string,,,,
Shaniece Mason,string,,,,
Dan Noel,string,,,,
Stephanie Poon,string,,,,
Bahareh Ramin,string,,,,
Oscar Salazar,string,,,,
Joyce Sheu,string,,,,
Delaney Simmons,string,,,,
Stephanie Snowden,string,,,,
Tiffany Tai,string,,,,
Robert Taylor,string,,,,
Kyle Walker,string,,,,
Consumer Marketing,dept,,,,
Lynn Ballew,string,,,,
Rea Bell,string,,,,
Dannah Blagojevitch,string,,,,
Nikki Blandford,string,,,,
Karina Chakhoian,string,,,,
Audrey Cheah,string,,,,
Adrian Cheung,string,,,,
Arjun Chudasama,string,,,,
Jene Crandall,string,,,,
Hannah Diehl,string,,,,
Liam Emery,string,,,,
Iain Gayley,string,,,,
Matt Gilhooley,string,,,,
James Houlton,string,,,,
Joshua Kwei,string,,,,
Kellen Laker,string,,,,
Logan Leavitt,string,,,,
Finn McCabe,string,,,,
Shane Needham,string,,,,
Benjamin Ortega,string,,,,
Kelly Patt,string,,,,
Alex Phillips,string,,,,
Arghavan Shahri,string,,,,
Karen Starr,string,,,,
Michael Tran,string,,,,
Jenny Tsang,string,,,,
Matthew Webster,string,,,,
Consumer Products,dept,,,,
Brooke Carpenter,string,,,,
John Friend,string,,,,
Chanee Goude,string,,,,
Crystal Hidey,string,,,,
Jessica Jayson,string,,,,
Marc Mejia,string,,,,
Jennifer Mirabelli,string,,,,
Peter Molinari,string,,,,
Fung Thai,string,,,,
Ryan Wood,string,,,,
Creative Services,dept,,,,
Elora Ainoa,string,,,,
Jack Archer,string,,,,
Kirsten Franklin,string,,,,
Daniel Hawkins,string,,,,
Kevin Jamieson,string,,,,
Theo Waldron,string,,,,
Chez Wallace,string,,,,
Suzanne White,string,,,,
Development Operations,dept,,,,
Mirela Cukovic Hanson,string,,,,
Rosi Zagortcheva,string,,,,
Digital Legends,dept,,,,
Arturo Barreno,string,,,,
Xavier Carrillo-Costa,string,,,,
,string,,,,
Guillermo Fernandez,string,,,,
Altea Lomo,string,,,,
,string,,,,
Sergi Pros,string,,,,
Digital Marketing,dept,,,,
Victor Acosta,string,,,,
Dex Badgett, Jr,string,,,,
Oliver Cook,string,,,,
Val Labasse,string,,,,
Jon Schmid,string,,,,
Kristy Soto,string,,,,
Paarth Trivedi,string,,,,
EMEA Administration,dept,,,,
Jen Codrington,string,,,,
EMEA Brand Partnerships,dept,,,,
Ghassan Burhan,string,,,,
Emma Daniel,string,,,,
Harry Daniell,string,,,,
Laurence Snow,string,,,,
Marc Yammine,string,,,,
EMEA Business Intelligence,dept,,,,
Chris Mallet,string,,,,
,string,,,,
Sofia Rosa,string,,,,
Ben Tilston,string,,,,
EMEA Communications,dept,,,,
Nora Bajes,string,,,,
Ksenia Bekhtold,string,,,,
Laura Carbacos,string,,,,
Dom Carey,string,,,,
Sian Cargan,string,,,,
Lauren Hill,string,,,,
Nelly Kutzbora,string,,,,
Thomas Losilla,string,,,,
Tom Neal,string,,,,
Jade Oakley,string,,,,
Loic Olichon,string,,,,
Mark Pawluk,string,,,,
Dan Peverett,string,,,,
Andrea Spaziani,string,,,,
Tiffany Steckler,string,,,,
,string,,,,
,string,,,,
EMEA Growth Marketing,dept,,,,
Paul Bryan,string,,,,
Benjamin Collis,string,,,,
Chris Lennard,string,,,,
Daniel Lury,string,,,,
Ben Smart,string,,,,
EMEA Marketing,dept,,,,
Daniel Green,string,,,,
Jim McMullin,string,,,,
EMEA Platform Strategy,dept,,,,
Leeston Bryant,string,,,,
Ben Payne,string,,,,
EMEA Retail,dept,,,,
Jon Hayes,string,,,,
EMEA Social Media & Digital Publishing,dept,,,,
Sam Brill,string,,,,
Irmi Farnbauer-Schmidt,string,,,,
Sonja Hammes,string,,,,
Geraldine Mainaky,string,,,,
Sven Moss,string,,,,
David Moynihan,string,,,,
EMEA Territory Marketing,dept,,,,
Didem Aksakal,string,,,,
Hanane Brouki,string,,,,
Dannah Dionisio,string,,,,
George Georgiou,string,,,,
Boris Gojic,string,,,,
Charles Jolivet,string,,,,
Pierre Khoury,string,,,,
Anne Le Sinq,string,,,,
Pierluigi Rossi,string,,,,
Anja Christina Voelker,string,,,,
Aliya Woollard,string,,,,
Event Marketing,dept,,,,
Kecia Christiansen,string,,,,
Marc De Jesus,string,,,,
Dylan Finnerty,string,,,,
Helen Harbour,string,,,,
Dani Lawrence,string,,,,
Victor Lopez Castillo Jr.,string,,,,
Bryan Reid,string,,,,
Devin Segal,string,,,,
Executive Office,dept,,,,
Cindy Bautista,string,,,,
Adrian Ledda,string,,,,
Laura Symon,string,,,,
Executive Team,dept,,,,
Kim Ahlstrom,string,,,,
Tyler Bahl,string,,,,
Amy Baker,string,,,,
Matthew Cox,string,,,,
Terri Durham,string,,,,
Patrick Kelly,string,,,,
Robert Kostich,string,,,,
Casey Morris,string,,,,
Chris Plummer,string,,,,
David Stohl,string,,,,
Natasha Tatarchuk,string,,,,
Josh Taub,string,,,,
Evan Wingren,string,,,,
Experience Optimization,dept,,,,
Ally Barra,string,,,,
Amanda Black,string,,,,
Dustin Boersma,string,,,,
Will Bowers,string,,,,
Mark Burmeister,string,,,,
Frederico Cerqueira Alves,string,,,,
Julio Cesar Pescuite Goncalves Batista,string,,,,
Mike Chi,string,,,,
Rebecca Czaicka,string,,,,
J.R. Dunn,string,,,,
Terrence Earle,string,,,,
Shawn Feeney,string,,,,
Patrick Filion,string,,,,
Kurt Gabrick,string,,,,
Luis Gomez,string,,,,
Josh Hall,string,,,,
Ida Hashemi,string,,,,
Ryan He,string,,,,
Karlo Hurtado,string,,,,
Shadae Kawaguchi,string,,,,
Kendra Krzywicki,string,,,,
Sierra Ling,string,,,,
Aaron Liu,string,,,,
Will Liu,string,,,,
Enrique Lizarraga Mendoza,string,,,,
Kalah Mingo,string,,,,
Derick Moncado,string,,,,
Jennifer Morehead,string,,,,
James Nagel,string,,,,
Danielle Nix,string,,,,
Pritish Panda,string,,,,
Owen Poon,string,,,,
Rashmi Prasad,string,,,,
Kenneth Quibuyen,string,,,,
Sindhoora Rangineni,string,,,,
Rajeev Ranjan,string,,,,
Angela Scott,string,,,,
Rob Sherman,string,,,,
Nive Subas,string,,,,
Nivethitha Subaschandrabose,string,,,,
Logan Travis,string,,,,
An-Chih Tsai,string,,,,
Rashid Umar,string,,,,
David Villatoro,string,,,,
Michelle Vong,string,,,,
Jessica Zhao,string,,,,
Finance,dept,,,,
Nasir Abbasi,string,,,,
Nadeem Ahmed,string,,,,
Nashir Ahmed,string,,,,
Syan Akhtar,string,,,,
Sergio Alanis,string,,,,
Jonathan Alcantara,string,,,,
Ameer Ali,string,,,,
Andrew Amjadi,string,,,,
Mike Anderson,string,,,,
Ahmad Bani Hani,string,,,,
Norma Beadles,string,,,,
Aaron Beasley,string,,,,
Metin Benturk,string,,,,
Eric Bloom,string,,,,
Rachel Blumenthal,string,,,,
David Borror,string,,,,
Alexis Boulton,string,,,,
Alex Brown,string,,,,
Steve Burke,string,,,,
Megan Campbell,string,,,,
James Cargill,string,,,,
Matt Carr,string,,,,
Marion Chan,string,,,,
Felicia Chao,string,,,,
John Chapple,string,,,,
Brandon Chin,string,,,,
Monika Christian,string,,,,
Jiyoung Chung,string,,,,
Artur Cieplik,string,,,,
Bryan Clark,string,,,,
Taylor Clary,string,,,,
Paul Colbert,string,,,,
Stephen Conner,string,,,,
Paul Constantine,string,,,,
Allen Corona,string,,,,
William Cranmer,string,,,,
Jim Crimmer,string,,,,
Bryan Dastmalchi,string,,,,
Deb Dietz,string,,,,
Kurt Diwa,string,,,,
Rosslyn Domingo,string,,,,
Tynesha Dorsey,string,,,,
Emma Douglas,string,,,,
Ogul Eryasar,string,,,,
Matthew Evans,string,,,,
Talha Farooq,string,,,,
Theo Fedoruk,string,,,,
Jeff Ferrari,string,,,,
Katerina Fomicheva,string,,,,
Jessica Franco,string,,,,
Erika Gleim,string,,,,
Sarah Gozun,string,,,,
Shelby Grant,string,,,,
Tom Grant,string,,,,
Sophie Gu,string,,,,
Andy Harris,string,,,,
Ellen Helbig,string,,,,
Victoria Hernandez,string,,,,
Connie Holguin,string,,,,
Shaniece Holmes,string,,,,
Evelyn Hsu,string,,,,
Annie Huang,string,,,,
Mckenna Hughes,string,,,,
Minkyung Jang,string,,,,
TJ Jantanangkool,string,,,,
Rob Jones,string,,,,
Wen Juin Ang,string,,,,
Anna Jukl,string,,,,
Kathy Jurgeto,string,,,,
Cesar K. Rosales,string,,,,
Josh Kang,string,,,,
Hannah Karwatowska,string,,,,
Daniel Kay,string,,,,
Vikas Kethineedi,string,,,,
Afshin Khazaeli,string,,,,
Minwoo Kim,string,,,,
Yein Kim,string,,,,
Jack Kleckner,string,,,,
Joe Kurita,string,,,,
Mike Lai,string,,,,
Hilary Lam,string,,,,
Rebecca Lan,string,,,,
Michael Lee,string,,,,
Kylie Lenox,string,,,,
Grace Li,string,,,,
Sigrid Liang,string,,,,
Matt Lim,string,,,,
Marie Lin,string,,,,
Yenn Ling Choo,string,,,,
Kai Lo,string,,,,
Jasmine Loh,string,,,,
Matthew Loh,string,,,,
Juan Lozano,string,,,,
Vy Ly,string,,,,
Gizem Madali,string,,,,
Guillaume Maguin,string,,,,
Alysha Mah,string,,,,
Ethan Malofsky,string,,,,
Gino Manderino,string,,,,
Eddie Mansilla,string,,,,
Robin Medina,string,,,,
Paul Mikschl,string,,,,
Antonio Mixquitl,string,,,,
Mike Miyamoto,string,,,,
Keysha Moolenaar,string,,,,
Marina Munoz,string,,,,
Kasia Myslinska,string,,,,
Jason Newsted,string,,,,
Chris Nguyen,string,,,,
Ruth Nicholson,string,,,,
Deanna Nikoian,string,,,,
Rebecca Ouellette,string,,,,
David Pai,string,,,,
Margherita Palladino,string,,,,
Chris Park,string,,,,
Hyejin Park,string,,,,
Jinwoo Park,string,,,,
Kenny Park,string,,,,
Tamera Parks,string,,,,
Manoli Perera,string,,,,
Alyse Perlstein,string,,,,
Lily Pham,string,,,,
Anthony Qiu,string,,,,
Molly Reilly,string,,,,
Wendy Robillard,string,,,,
Huw Robinson,string,,,,
James Rock,string,,,,
Kevin Ruben,string,,,,
Rajneesh Sain,string,,,,
Suleyma Salceda Sanchez,string,,,,
Tracy Schapira,string,,,,
Paul Shearwood,string,,,,
Takumi Shimazu,string,,,,
Lena Shin,string,,,,
Jo Shirley,string,,,,
Kripa Shivamurthy,string,,,,
Spencer Simmons,string,,,,
Dean Sinclair,string,,,,
Anna Sitarz,string,,,,
Alex Smoley,string,,,,
Kristine So,string,,,,
Alexander Spaeth,string,,,,
Conner Stevens,string,,,,
Alex Summers,string,,,,
Wendy Sun,string,,,,
Mark Surabian,string,,,,
Derek Sutta,string,,,,
Jessica Tafur,string,,,,
Keith Tan,string,,,,
Starry Tao,string,,,,
Chris Tarver,string,,,,
Grace Te,string,,,,
Abel Teklemariam,string,,,,
Johnny Tran,string,,,,
My Tran,string,,,,
Takeru Uemori,string,,,,
Vander Valente,string,,,,
Blake Verdi,string,,,,
Bryce Veronda,string,,,,
Lorenzo Verrecchia,string,,,,
Emily Wang,string,,,,
Phoebe Wang,string,,,,
Weiwei Wang,string,,,,
Sophia Washam,string,,,,
Julie West,string,,,,
Wayne Whitko,string,,,,
Nicholas Wong,string,,,,
Flora Wu,string,,,,
Joyce Wu,string,,,,
Li Xu,string,,,,
Julia Yang,string,,,,
Jasmine Ye,string,,,,
Nathan Yik,string,,,,
Mari Yoshimura,string,,,,
Jacob Yum,string,,,,
Ashley Zhang,string,,,,
Desmond Zhang,string,,,,
Wendy Zhang,string,,,,
Wenxuan Zhang,string,,,,
Nora Zhao,string,,,,
Christopher Zumpe,string,,,,
Global Analytics,dept,,,,
Vanessa Aguirre,string,,,,
Cody Albanese,string,,,,
Will Allaway,string,,,,
Renae Anderson,string,,,,
Amanda Bailey,string,,,,
Ethan Bamke,string,,,,
Eddy Barco,string,,,,
Jeremy Berkov,string,,,,
Craig Biwer,string,,,,
Steven Boada,string,,,,
Andrew Castillo,string,,,,
Sneha Chandrasekar,string,,,,
Hemanth Chellam,string,,,,
Liliana Conley,string,,,,
Daman Cox,string,,,,
Riju Dasgupta,string,,,,
Chetan Desai,string,,,,
Devesh Dinker,string,,,,
Kelly Fairwell,string,,,,
Fiona Fan,string,,,,
Chris Funaki,string,,,,
Fabiola Garcia,string,,,,
Josue Garcia,string,,,,
Nikki Gong,string,,,,
Garrett Hammond,string,,,,
Preston Harry,string,,,,
Brendan Hood,string,,,,
Joza Ibrahim,string,,,,
Mukesh Jha,string,,,,
Fiona Jiang,string,,,,
Yuvasree Kalaiselvan,string,,,,
Jack Kelleher,string,,,,
MJ Kim,string,,,,
Sherly Kim,string,,,,
Adam Klein,string,,,,
Jason Kokal,string,,,,
Si-Yuan Kong,string,,,,
Abhishek Kumar,string,,,,
Sumit Kumar,string,,,,
Preeti Kumari,string,,,,
Jono Lane,string,,,,
Greg Leland,string,,,,
Amine Mahmassani,string,,,,
Fernanda Mariscal,string,,,,
Dallam Masterson,string,,,,
Nic Mon,string,,,,
Srinivas Naik,string,,,,
Adi Nalla,string,,,,
Eric Pawlakos,string,,,,
Ruth Perez,string,,,,
Thomas Perry,string,,,,
Phil Prosapio,string,,,,
Dhananjay Puthumana,string,,,,
Chandrakiran Rajnalwar,string,,,,
Scott Richter,string,,,,
Geri Rista,string,,,,
Zayda Rocha,string,,,,
Victoria Ryzhova,string,,,,
Deshawn Sambrano,string,,,,
Rohan Sawant,string,,,,
Brian Shaver,string,,,,
Fira Shofa,string,,,,
Feri Soltani,string,,,,
Vladimir Sytchev,string,,,,
Komal Tejwani,string,,,,
Jakousi Urbina,string,,,,
Sudarshan Venkat Ram,string,,,,
Shyam Vishnu,string,,,,
Jade Watts,string,,,,
Christopher Willis,string,,,,
Cher Yang,string,,,,
Yo-Yo Yin,string,,,,
Connie Yong,string,,,,
Eric Yoo,string,,,,
Global Commercial,dept,,,,
Borhan Ahmadi,string,,,,
Adham Ayoubi,string,,,,
Joe Bell,string,,,,
Henry Bradley,string,,,,
Garrett Brodie,string,,,,
Matilde Controzorzi,string,,,,
Sean Dexheimer,string,,,,
Dawn Earp,string,,,,
Jon Estanislao,string,,,,
Robbie Fenoglio,string,,,,
Martin Frost,string,,,,
Amsel Glenn,string,,,,
Danny Goldberg,string,,,,
Raquel Hayner,string,,,,
Molly Hinchey,string,,,,
Jennifer Hur,string,,,,
Courtney Hynes,string,,,,
Dorothy Ing,string,,,,
Joe Kam,string,,,,
Joanna Liao,string,,,,
Chris Lorentzen,string,,,,
David Mack,string,,,,
Felipe Magallon,string,,,,
Paula O'Connor,string,,,,
Satyamedhas Pande,string,,,,
Mike Patterson,string,,,,
David Song,string,,,,
Global Digital Suppy Chain,dept,,,,
Crecen Carr,string,,,,
Dov Carson,string,,,,
Dustin Carter,string,,,,
Sian Clarke,string,,,,
Britton Green,string,,,,
Kai Hsu,string,,,,
Richard Tom,string,,,,
Global Information Security,dept,,,,
Shalom Abebefe,string,,,,
Temi Adebambo,string,,,,
Mojibade Adeyiga,string,,,,
Jeffrey Agnitsch,string,,,,
Jim Applegate,string,,,,
Arvin Aragon,string,,,,
Brandon Ashworth,string,,,,
Mustafa Avci,string,,,,
Matt Batten,string,,,,
Courtney Bennett,string,,,,
Neus Boix Colomer,string,,,,
Melissa Bradford,string,,,,
Justin Brister,string,,,,
Brenda Burget,string,,,,
Dustin Camilleri,string,,,,
John Cao,string,,,,
Michael Caron,string,,,,
David Carrasco Garcia,string,,,,
,string,,,,
,string,,,,
Jackson Choy,string,,,,
Matt Clapham,string,,,,
Gabriel Colbert,string,,,,
G Cole,string,,,,
Jason Collins,string,,,,
Robert Cooper,string,,,,
Ryan Corcoran,string,,,,
Steve Crist,string,,,,
Muhammad Daud,string,,,,
,string,,,,
James Donnelly,string,,,,
Abiade Dosunmu,string,,,,
Srikanth Eddla,string,,,,
Jennifer Farrar,string,,,,
Nick Finco,string,,,,
Bradley Fong,string,,,,
Karl Fuhlbrugge,string,,,,
Tom Gadola,string,,,,
Angel Gallegos,string,,,,
Mar Garcia,string,,,,
Juan Garcia Rodriguez,string,,,,
,string,,,,
Brent Gensemer,string,,,,
John Glynn,string,,,,
Nupur Goel,string,,,,
Guillem Gordillo Garcia,string,,,,
Alex Gumbs,string,,,,
Travis Harnage,string,,,,
Sean Heaton,string,,,,
Joshua Hillmann,string,,,,
Jake Hisel,string,,,,
Gabriel Holloway,string,,,,
Hyunjung Hong,string,,,,
Ambrosia Iwugo,string,,,,
Zana Jasarevic,string,,,,
Brayden Johnson,string,,,,
Jochen Juncal,string,,,,
Diego Jurado,string,,,,
Kevin Kaminski,string,,,,
Prashant Khadke,string,,,,
Alex Kim (Seunghyun),string,,,,
Sukanya Krishnamurthi,string,,,,
Benjamin Kurtz,string,,,,
Mike Landeck,string,,,,
,string,,,,
Jason Lee,string,,,,
,string,,,,
Trace Liggett,string,,,,
,string,,,,
Rob Lyness,string,,,,
Drew Maness,string,,,,
Hannah Manning,string,,,,
Michael Maslanka,string,,,,
Mac McCauley,string,,,,
Duncan McNab,string,,,,
Scott Miller,string,,,,
Nat Mokry,string,,,,
Jodi Moore,string,,,,
Albert Morris,string,,,,
Steven Moss,string,,,,
Piotr Musial,string,,,,
Chelsea Narajos,string,,,,
Jeff Nation,string,,,,
Laurent Nguyen,string,,,,
James Nix,string,,,,
Jorge Noyola,string,,,,
,string,,,,
Carlos Ortigoza,string,,,,
Tim Passe,string,,,,
Rahul Pattnaik,string,,,,
Jeff Petry,string,,,,
Bill Preston,string,,,,
Brae Priesing,string,,,,
Shawn Rabourn,string,,,,
Leo Ramirez,string,,,,
Anthony Redendo,string,,,,
Zia Rehman,string,,,,
Rick Reischman,string,,,,
Melissa Roellich,string,,,,
Shawn Routhier,string,,,,
Tamia Russell,string,,,,
Santiago Saenz Gonzalez,string,,,,
Pete Salama,string,,,,
Stephen Sampana,string,,,,
Michael Sawyer,string,,,,
Jeremy Scarbro,string,,,,
Amber Schiraldi,string,,,,
Mike Sconzo,string,,,,
Geoff Scott,string,,,,
Sal Shaikh,string,,,,
Melissa Shartle,string,,,,
Samantha Shaw,string,,,,
Austin Simison,string,,,,
Kendall Sliwa,string,,,,
Jim Somborovich,string,,,,
Brett Springe,string,,,,
Kevin Stallard,string,,,,
Micheal Stephenson,string,,,,
Jennie Steshenko,string,,,,
Derek Stiles,string,,,,
Kristen Suk,string,,,,
Chris Sumner,string,,,,
Antoine Sylvia,string,,,,
Ian Trent,string,,,,
Mike Trus,string,,,,
Craig Twellmann,string,,,,
Steve Vives,string,,,,
Tom Weber,string,,,,
Dave Weinstein,string,,,,
Bill Weiss,string,,,,
Kevin Wells,string,,,,
Katie Whitt,string,,,,
Ryan Wilson,string,,,,
Mike Yurka,string,,,,
Anne Marie Zettlemoyer,string,,,,
Global Partnerships,dept,,,,
William Gahagan,string,,,,
Jack Harari,string,,,,
Angel Loza,string,,,,
Cody Neal,string,,,,
Global Rewards,dept,,,,
Sara Beitler,string,,,,
Milt Ezzard,string,,,,
Aaron Greene,string,,,,
May Gu,string,,,,
Kyle Hodge,string,,,,
Joann Hovsepian,string,,,,
Andaru Iman,string,,,,
Nneka Johnson,string,,,,
Shauren Kristian,string,,,,
Pauline Law,string,,,,
Jessica Lin,string,,,,
Brittney Lo,string,,,,
Jill Miranda,string,,,,
Rachel Prince,string,,,,
Annelise Ratulowski,string,,,,
Heather Scott,string,,,,
Josh Sklanka,string,,,,
Ken Troy,string,,,,
Kate Williams,string,,,,
Aysha Wilson,string,,,,
Ken Zhang,string,,,,
Global Supply Chain,dept,,,,
Thomas Bene,string,,,,
Alexander Degiorgio,string,,,,
James Ding,string,,,,
Julie Grovdahl,string,,,,
Atsuko Kobayashi,string,,,,
Robert Rowley,string,,,,
Kyle Stefanovic,string,,,,
Leah Sullivan,string,,,,
Global Workplace,dept,,,,
Rajat Banerjee,string,,,,
Clarence Bell,string,,,,
Eric Eglen,string,,,,
Gloria Figueroa,string,,,,
Gelila Gere,string,,,,
Miles Jackson,string,,,,
Alicia Martinez,string,,,,
Cortez Matthews,string,,,,
Judith Merlo,string,,,,
Jim Mix,string,,,,
Troy Ransome,string,,,,
Emily Sepulveda,string,,,,
Vikram Singh,string,,,,
Brian Smith,string,,,,
Jeremy Smith,string,,,,
Human Resources,dept,,,,
Pashtana Abedi,string,,,,
Eliza Adcox,string,,,,
Anam Ahmed,string,,,,
Carolyn Back,string,,,,
Evan Bailey,string,,,,
Jackie Barnes,string,,,,
Rashad Barnes,string,,,,
Saira Basravi,string,,,,
Emmanuelle Bedard,string,,,,
Laura Bereziuc,string,,,,
Chris Bigelow,string,,,,
Lauren Blake,string,,,,
Jennifer Bowen,string,,,,
Lydia Cannon,string,,,,
Stephanie Chacon,string,,,,
Queenie Chan,string,,,,
Dani Chang,string,,,,
Abel Chu,string,,,,
Ryan Compton,string,,,,
Sabrina Darmadji-Torres,string,,,,
Steve Derrick,string,,,,
Louise Doig,string,,,,
Artem Dranovskiy,string,,,,
Angie Engelbert,string,,,,
Julia Evangelista,string,,,,
Aura Garcia,string,,,,
Eliana Grande,string,,,,
Laura Guiria,string,,,,
Ailey Gundersen,string,,,,
Hamza Hasan,string,,,,
Alan Hayden,string,,,,
Edrick Hid,string,,,,
Ciara Holmes,string,,,,
Eunice Huang,string,,,,
Robert Hubanks,string,,,,
Erik Johnson,string,,,,
Krupa Karia,string,,,,
Emily Keaveny,string,,,,
Sarah Kim,string,,,,
Janae Knox,string,,,,
Kavya Krishnamurthy,string,,,,
March Kulvanish,string,,,,
Leo Latorre,string,,,,
Karen Lee,string,,,,
Matthew Lee,string,,,,
Antoine Lepine,string,,,,
Kiarra Li,string,,,,
Kristen Lindquist,string,,,,
Georgia Long,string,,,,
Susan Lowmiller,string,,,,
Rex Luther,string,,,,
Zach Manzella,string,,,,
Daisha McDaniel,string,,,,
Alyssa Mendoza,string,,,,
Kaytlen Mennell,string,,,,
Chan Moore,string,,,,
Julia Murphy,string,,,,
Patrick Najmulski,string,,,,
Mayumi Nakamura,string,,,,
Kim Narvaez,string,,,,
Vesna Penava,string,,,,
Tasha Pipkins,string,,,,
Kerissa Potter,string,,,,
,string,,,,
Ryan Rarick,string,,,,
Will Rattigan,string,,,,
Jorge Reyeros,string,,,,
Annalisa Rosney,string,,,,
Erin Rowin,string,,,,
Steph Ryan,string,,,,
Brandon Sargent,string,,,,
Tracy Schlessinger,string,,,,
Reimund Schlosser,string,,,,
Pamela Shamoun,string,,,,
Tanvi Shikha,string,,,,
Justin Smith,string,,,,
Cristopher Strenth,string,,,,
Aaron Tankenson,string,,,,
Fernando Teno,string,,,,
David Tiscareno,string,,,,
Lindsay Trevino,string,,,,
Fernanda Valle,string,,,,
Karen Venn,string,,,,
Lucas Volk,string,,,,
Julia Wegl,string,,,,
George Wright,string,,,,
,string,,,,
,string,,,,
Yvonne Zhu,string,,,,
Information Technology,dept,,,,
Rahul Agarwal,string,,,,
Priti Agrawal,string,,,,
Nida Ahmed,string,,,,
Sam Akiki,string,,,,
Sandeepkumar Amrutia,string,,,,
Michael Arbon,string,,,,
Sunil Balusu,string,,,,
Ramesh Bandari,string,,,,
Steve Biehl,string,,,,
Joseph Biner,string,,,,
Byron Black,string,,,,
Damien Bouvier,string,,,,
Mikael Buencamino,string,,,,
Kiki Butler,string,,,,
Yarib Cabrera,string,,,,
Nicolas Calligaro,string,,,,
Andrei Chakhovskoi,string,,,,
Vincent Chan,string,,,,
Nicolette Ciresi,string,,,,
Jeffrey Cotrona,string,,,,
Rambabu Dama,string,,,,
Steven Dao,string,,,,
Mahnaz Davarpanah,string,,,,
Randy De Rama,string,,,,
Ramakrishna Devineni,string,,,,
Roxana Devore,string,,,,
Dean Ding,string,,,,
Kristin Dock,string,,,,
Shanzyan Faraizi,string,,,,
George Fedoseyev,string,,,,
Evelyn Flores,string,,,,
Flordeliz Mary (LIZ) Folse,string,,,,
Alexander Freeman,string,,,,
Vishesh Gajjar,string,,,,
Shrihari Gangula,string,,,,
Morgan Gibbs,string,,,,
Ram Gilakattula,string,,,,
Quentin Giraud,string,,,,
Steve Gonzalez,string,,,,
Eugene Gravel,string,,,,
Victor Guerrero,string,,,,
Akhil Gupta,string,,,,
Tyler Haberman,string,,,,
Nick Harland,string,,,,
Raymond Harvey,string,,,,
Sandeep Hegde,string,,,,
James Hennessey,string,,,,
Brian Hicks,string,,,,
Grant Hogan,string,,,,
Logan Holliday,string,,,,
Austin Howard,string,,,,
Leo Hsu,string,,,,
Michael Hutchen,string,,,,
William Jiang,string,,,,
Francis James Jimenez,string,,,,
Cameron Johnstone,string,,,,
Vinod Kakarlapudi,string,,,,
Sowmya Katragadda,string,,,,
Leslie Kelly,string,,,,
Rick Kennedy,string,,,,
Dylan Kessler,string,,,,
Khalid Khwaja,string,,,,
Sungjin Kim,string,,,,
Deja Knight,string,,,,
Uma Maheswari Kola,string,,,,
Harish Kommera,string,,,,
Eric Kou,string,,,,
Ajith Kumar,string,,,,
Chris Lampi,string,,,,
Josh Lark,string,,,,
Chewy Lazaro,string,,,,
Changkoo Lee,string,,,,
Paul Limbidis,string,,,,
Ronnie Lou,string,,,,
Kevin Lu,string,,,,
Venkata Satyanarayana Raju Mantena,string,,,,
Alex Marquez,string,,,,
Eduardo Martin,string,,,,
Angelica Massignani,string,,,,
Chris McCullough,string,,,,
Kyle Mepham,string,,,,
Marcos Mercado Mendez,string,,,,
Allen Mert,string,,,,
Benny Michel,string,,,,
Chris Moore,string,,,,
Colin Mortimer,string,,,,
Hari Nambiar,string,,,,
Dhinesh Natesan,string,,,,
Ashley Nguyen,string,,,,
Thi K Nguyen,string,,,,
Anthony O'Donnell,string,,,,
Febi Omatsone,string,,,,
Walter Ordonez,string,,,,
Jon Osorio,string,,,,
Jeff Ottaway,string,,,,
Christopher Ouimet,string,,,,
Nicholas Pacheco,string,,,,
Gowthami Palle,string,,,,
Amit Pandit,string,,,,
Janella Pangan,string,,,,
Shruti Parmar,string,,,,
Mike Pearce,string,,,,
Himabindu Penikalapati,string,,,,
Cameron Pettie,string,,,,
Megan Pierce,string,,,,
Prasanthi Polisetty,string,,,,
Gopi Krishna Ponnam,string,,,,
Kumaravel Ponnusamy,string,,,,
Francisco Pont Riera,string,,,,
Rahul Prasad,string,,,,
Bethany Protzmann,string,,,,
Rama Rao Putigampu,string,,,,
Srinivasa rao Ravilla,string,,,,
Sri Reddi,string,,,,
Butch Rionda,string,,,,
Amber Robertson,string,,,,
Brent Robinson,string,,,,
Narendra Sabnis,string,,,,
Ronald Joshua Samuel,string,,,,
Soumen Sarkar,string,,,,
Chris Scoggins,string,,,,
Baris Seker,string,,,,
Niousha Senehi,string,,,,
Tabrez Ahmed Shaikh,string,,,,
Monika Sharma,string,,,,
Bass Shibl,string,,,,
Stefan Sierra,string,,,,
Kevin Silva Mentado,string,,,,
Baljinder Singh,string,,,,
Antonia Slapac,string,,,,
Shayne Sterling,string,,,,
Jamie Stone,string,,,,
Eric Sumida,string,,,,
Manjusha Tangirala,string,,,,
Jessica Thomas,string,,,,
Quang Tran,string,,,,
Mike Troutman,string,,,,
Emma Trujillo,string,,,,
Mahesh Tyagi,string,,,,
Bryan Umana,string,,,,
Chetan Varma,string,,,,
Mike Vasquez,string,,,,
Naresh Vemula,string,,,,
Griffin Warburton,string,,,,
Garrett Williams,string,,,,
Sam Winotai,string,,,,
Sam Yun,string,,,,
Jovan Zaric,string,,,,
Legal,dept,,,,
Hammaad Ahmad,string,,,,
,string,,,,
Vanessa Alcocer,string,,,,
Jeremy Anderson,string,,,,
Jeb Boatman,string,,,,
Jeannie Bohlman,string,,,,
Victoria Bond,string,,,,
Renee Brousseau,string,,,,
Carlyle Bruemmer,string,,,,
Hilary Burgess,string,,,,
Zac Byer,string,,,,
Amy Cairns,string,,,,
Tracy Carpenter,string,,,,
Chris Cartwright,string,,,,
Amy Chang,string,,,,
Lucy Charlesworth,string,,,,
Rebecca Chui,string,,,,
Tim Connolly,string,,,,
Nicola Cook,string,,,,
Yolanda Cooley,string,,,,
Donna Cooper,string,,,,
Jemma Costin,string,,,,
Kristian Croell,string,,,,
Matteo Cuccodrillo,string,,,,
Tristan Curran,string,,,,
Allison D'Amour,string,,,,
Scott Dubois,string,,,,
Tara Duester,string,,,,
Willy Duhen,string,,,,
Tim Elgar,string,,,,
Caroline Elkin,string,,,,
Alan Enriquez,string,,,,
Heather Estep,string,,,,
Yana Faleeva,string,,,,
Emanuele Fava,string,,,,
Leslie Franklin,string,,,,
Chris Garratty,string,,,,
Pharaba Hacker-Witt,string,,,,
Keith Hammons,string,,,,
Lorin Herzfeldt,string,,,,
Lip Ho,string,,,,
Jola Hollett,string,,,,
Laura Horwich,string,,,,
Kelly Houghton,string,,,,
Lola Hsu,string,,,,
Kap Kang,string,,,,
Greg Kanimian,string,,,,
Terry Keil,string,,,,
Charlotte Kelly,string,,,,
Jihyun Kim,string,,,,
,string,,,,
Woojeong Kim,string,,,,
Nathalie Knight,string,,,,
Alexis Krivoshik,string,,,,
Denis Kurlyukov,string,,,,
,string,,,,
Peter Le,string,,,,
Juhui Lee,string,,,,
Cole Lewis,string,,,,
Ben Lin,string,,,,
Stephen Marks,string,,,,
Virginia Masso,string,,,,
Ian Mattingly,string,,,,
Marius McKeone,string,,,,
Roisin Murphy,string,,,,
Julia Nahigian,string,,,,
Christine Nguyen,string,,,,
Kathlyn Ogosta,string,,,,
Pat Oh,string,,,,
Claudia Okada,string,,,,
Amanda Okeeffe,string,,,,
Becky Oliver,string,,,,
Bryony Poynor,string,,,,
Anamta Rehman,string,,,,
Page Robinson,string,,,,
Tracy Sargent,string,,,,
Chris Scaglione,string,,,,
,string,,,,
Jeonghwan Shim,string,,,,
Aga Slobodzian,string,,,,
Travis Stansbury,string,,,,
Jun Takeuchi,string,,,,
Suzanna Temple-Morris,string,,,,
Phil Terzian,string,,,,
Collette Tesauro,string,,,,
Mary Tuck,string,,,,
Alicia Vaughan-Dick,string,,,,
,string,,,,
Lauren Weadick,string,,,,
,string,,,,
,string,,,,
,string,,,,
,string,,,,
Lifecycle Marketing,dept,,,,
Haris Bahtijaragic,string,,,,
Shawn Barnett,string,,,,
Kynan Barton,string,,,,
Brian Durkin,string,,,,
Chandee Farrell,string,,,,
David Golshirazian,string,,,,
Waleed Noury,string,,,,
Vishnu Pallabotula,string,,,,
Meagan Potere,string,,,,
Matthew Seminara,string,,,,
Bushra Syed,string,,,,
Filippo Talucci,string,,,,
Kent Ward,string,,,,
Greg Wright,string,,,,
Alexander Yoon,string,,,,
Localisation,dept,,,,
Omran Abedalkader,string,,,,
Abdurrahman Abuali,string,,,,
Mohammed Algharrash,string,,,,
Lucas Almada Pinto,string,,,,
Mario Altrui,string,,,,
Walison Andrade,string,,,,
Matheus Angelotti,string,,,,
Elisa Armari,string,,,,
Viktoriia Artamonova,string,,,,
Ru Bai,string,,,,
Julie Balester,string,,,,
Kira Bayda,string,,,,
Jose Belmonte,string,,,,
Chris Bethe,string,,,,
Margot Biland,string,,,,
,string,,,,
Angela Brauer,string,,,,
Valeria Brinza,string,,,,
Fernanda Brito,string,,,,
Falk Buerger,string,,,,
Christophe Bugny-Leroy,string,,,,
Alina Catalina Petica,string,,,,
Jiawen Cen,string,,,,
Ya Ching Chang,string,,,,
Ya-Han Chang,string,,,,
Kurt Chen,string,,,,
Yifu Chen,string,,,,
Emanuele Chiappetta,string,,,,
Leonardo Christello Diaz,string,,,,
,string,,,,
Talita Colin Pereira,string,,,,
Carl Cullen,string,,,,
Anastasiia Danilina,string,,,,
Lily Dashkevich,string,,,,
Damian Debny,string,,,,
Gabriel Delbone,string,,,,
Daria Demianenko,string,,,,
Onur Demir,string,,,,
Dirim Dikol,string,,,,
Noriyuki Dochi,string,,,,
,string,,,,
Eduardo dos Santos Tomazzoni,string,,,,
Rosslyn Doyle,string,,,,
Eri Drugeon,string,,,,
Fiona Ebbs,string,,,,
,string,,,,
Pierrick Eliceiry,string,,,,
Sami Eltaib,string,,,,
Greta Fardello,string,,,,
Cristine Fernandes dos Santos,string,,,,
Axel Fernandez,string,,,,
Allan Fidelis,string,,,,
Yuri Filippi,string,,,,
Otowa Fukahori,string,,,,
Karlla Gavazzoni Melo,string,,,,
Sara Gazzadi,string,,,,
Natascha Gehring,string,,,,
Romane Glas,string,,,,
Dominik Gliwinski,string,,,,
,string,,,,
,string,,,,
Daniel Gu,string,,,,
Lynn Guo,string,,,,
Lolita Guseinova,string,,,,
Jaeyoung Han,string,,,,
Kevin Hannigan,string,,,,
Trevor Hayman Lo,string,,,,
Pierre Henry,string,,,,
Eliette Hermosilla,string,,,,
Ivy Ho,string,,,,
Zhexun Hou,string,,,,
Hammou Houdjedje,string,,,,
Estella Hung,string,,,,
Maya Iba,string,,,,
Alaa Magdy Ibrahim,string,,,,
Saori Ichiryu,string,,,,
Constantin Ignat,string,,,,
Fabiana Ippolito,string,,,,
Hana Ismail,string,,,,
Mayela Izaguirre,string,,,,
Aziz Janah,string,,,,
Victor Jimenez,string,,,,
Pattadon Kamolsereerat,string,,,,
Haeun Kang,string,,,,
Barry Kehoe,string,,,,
Mannix Kelly,string,,,,
Salah Khalil,string,,,,
Hojeong Kim,string,,,,
Iksong Kim,string,,,,
Minji Kim,string,,,,
Miseon Kim,string,,,,
Yeonji Kim,string,,,,
Hiroomi Kitsugi,string,,,,
Pavlo Konon,string,,,,
Ekin Konya,string,,,,
Jakyung Koo,string,,,,
,string,,,,
,string,,,,
Yongwon La,string,,,,
Wei Lin Lai,string,,,,
Eva Lara,string,,,,
Guillermo Lara Franco,string,,,,
Marylou Larrieu,string,,,,
Choonkyu Lee,string,,,,
Kang Hyuck Lee,string,,,,
Sojin Lee,string,,,,
Kevin Li,string,,,,
,string,,,,
Fergus Lindsay,string,,,,
Chenghao Liu,string,,,,
Jule Marie Loescher,string,,,,
Manuela Loritz,string,,,,
Ching Yun Lu,string,,,,
Shan Huei Lu,string,,,,
Jaeseong Ma,string,,,,
Ilji Maeng,string,,,,
Muirne Maher,string,,,,
Alex Mangdindam,string,,,,
Joe Manly,string,,,,
Igor Mantovani,string,,,,
Tamara Martin,string,,,,
Javier Martin Alvarez,string,,,,
,string,,,,
,string,,,,
Hubert Matijuk,string,,,,
Yuki Matsuo,string,,,,
Adam McCarthy,string,,,,
Dominik Merkun,string,,,,
Mai Miyakawa,string,,,,
Sergei Moistus,string,,,,
,string,,,,
Michael Morelli,string,,,,
,string,,,,
Franck Morisseau,string,,,,
Asya Moskalenko,string,,,,
Thierry Moura,string,,,,
Khawla Mualla,string,,,,
Irina Mufazalova,string,,,,
Werner Nemetz,string,,,,
,string,,,,
Angelo Nieri,string,,,,
Aki Nishikawa,string,,,,
Ameen Noor,string,,,,
Methawee Nualdaeng,string,,,,
,string,,,,
,string,,,,
,string,,,,
Nadia Onoguekhian-Habert,string,,,,
Deniz Ozdemir,string,,,,
Ikumi Ozono Foreman,string,,,,
Valeria Pagotto,string,,,,
Francesca Palumbo,string,,,,
Jieun Park,string,,,,
Parat Piyapanant,string,,,,
Krzysztof Podstawski,string,,,,
Panisara Prommetta,string,,,,
Maisoun Qasem,string,,,,
,string,,,,
,string,,,,
Heberto Rios,string,,,,
,string,,,,
Hitomi Rorke,string,,,,
Rana Roshdy,string,,,,
Andrea Rueda,string,,,,
,string,,,,
Nopparuj Saadruks,string,,,,
Mikari Sakurada,string,,,,
Simon Salvatierra L.,string,,,,
Olha Samara,string,,,,
Nanop Samatthiyadeekul,string,,,,
Marco Santorsa,string,,,,
Vittoria Scarso,string,,,,
Julia Schimanski,string,,,,
,string,,,,
Holger Schwendler,string,,,,
Gustavo Serdoch,string,,,,
Leticia Sessa,string,,,,
Alex Siddi,string,,,,
Angela Simiriotis,string,,,,
Maria Simkhes,string,,,,
Caterina Singh,string,,,,
,string,,,,
Lea Skudlarek,string,,,,
Minami Slezacek,string,,,,
Anis Slimene,string,,,,
Thomas Strahl,string,,,,
Hana Suzuki,string,,,,
,string,,,,
Dina Tamimi,string,,,,
Polawat Tantirangsee,string,,,,
,string,,,,
Mateus Tarckiani Faria,string,,,,
Katarzyna Tokarczyk,string,,,,
Aurora Trigo,string,,,,
Kazuki Ueno,string,,,,
Kazuma Ukawa,string,,,,
Daniela Uribe Venegas,string,,,,
Oguzhan Uygun,string,,,,
Ekaterina Vdovchenko,string,,,,
Virginia Vega,string,,,,
Sabrina Veloso,string,,,,
Manon Victoire,string,,,,
Justus-Benedict Wagener,string,,,,
Xueting Wang,string,,,,
Valeria Wittmann,string,,,,
Tomasz Wojtkiewicz,string,,,,
,string,,,,
Xiaoming Wu,string,,,,
,string,,,,
Mengtong Xiao,string,,,,
Jinghong Yan,string,,,,
Lydia, Yi Chen Li,string,,,,
Chia Yin Tien,string,,,,
Jeewoo Yoon,string,,,,
Qingqing Zhao,string,,,,
Wenyang Zhao,string,,,,
Qitao Zhu,string,,,,
,string,,,,
,string,,,,
Marketing Creative,dept,,,,
Bruno Alonso Boza,string,,,,
Josh Altman,string,,,,
Alexandra Anikeeva,string,,,,
Crystal Au duong,string,,,,
Carlos Aviles Orr,string,,,,
Daniel Barajas,string,,,,
Mallory Bockwoldt,string,,,,
Bryce Boverhof,string,,,,
Trevor Bresaw,string,,,,
Cory Byam,string,,,,
Logan Byers,string,,,,
Tyler Carson,string,,,,
Michael Castaneda,string,,,,
Brett Cramer,string,,,,
Seamus Curley,string,,,,
Allan de Leon,string,,,,
Claire Diven,string,,,,
Stephanie Dotson,string,,,,
Nicolas Echeverria,string,,,,
Paul Featherstone,string,,,,
Alejandra Fernandez,string,,,,
Tyler Gale,string,,,,
Adam Gilmore,string,,,,
Alyssa Giordano,string,,,,
Matt Grahn,string,,,,
Matthew Green,string,,,,
Kevin Haas,string,,,,
Brandon Harper,string,,,,
Austin Harris,string,,,,
Alex Hartung,string,,,,
David Herrera,string,,,,
Vincent Hoang,string,,,,
Brooke Honkonen,string,,,,
Stephen Hume,string,,,,
Nicholas Ignacio,string,,,,
Jennifer Kalinowski,string,,,,
Spencer King,string,,,,
Cole Krug,string,,,,
Jason Landrian,string,,,,
Bailey Lawrence,string,,,,
Hayley Linsenbard,string,,,,
Kimberly Loya,string,,,,
Dominic Lugo-Howell,string,,,,
Eddie M Sanchez,string,,,,
Rachel Ma,string,,,,
Brad Mandas,string,,,,
Michael Martinez,string,,,,
Eduard Mas,string,,,,
Joe Melchiore,string,,,,
Miguel Monteagudo,string,,,,
Keri Owen,string,,,,
Kate Park,string,,,,
Quinn Pendleton,string,,,,
Bryan Petrass,string,,,,
Daniel Pineros,string,,,,
Oscar Pizano,string,,,,
,string,,,,
Jesus Reza,string,,,,
Electa Royal,string,,,,
Brandon Russ,string,,,,
Brandon Schebler,string,,,,
Tina Shaw,string,,,,
Brandt Snyder,string,,,,
Harley St. Louis,string,,,,
Eamon Stewart,string,,,,
Jeremy Trombetta,string,,,,
Gerard Uht,string,,,,
Benjamin Van Camp,string,,,,
Carmela Villagonzalo,string,,,,
Pamela Villagonzalo,string,,,,
Cameron Wallace,string,,,,
Wyatt Winokur,string,,,,
Henry Zurawski,string,,,,
Marketing Strategy & Operations,dept,,,,
Kristyn (Kaz) Hinkle,string,,,,
Debbie Tan,string,,,,
Media & Measurement,dept,,,,
Olivia Borden,string,,,,
Kieffer Bryant,string,,,,
Rachael Caglia,string,,,,
TJ Carroll,string,,,,
James Devlin,string,,,,
Dana Galindo,string,,,,
Owen Gray,string,,,,
Gregory Hansen,string,,,,
Matthew Hass,string,,,,
Amanda Hillen,string,,,,
Hosu Kim,string,,,,
Brendan McGinty,string,,,,
Nick Morrissey,string,,,,
Kieren Patel,string,,,,
Tyler Phillippi,string,,,,
Zuzana Szokeova,string,,,,
Patrick Tran,string,,,,
Tracy Vallejo,string,,,,
Philip Vanichviroon,string,,,,
Music Affairs,dept,,,,
Ryan Tomlin,string,,,,
Brandon Young,string,,,,
People Analytics,dept,,,,
Asher Baer,string,,,,
Isabella Beltri,string,,,,
Cullin Burchfield,string,,,,
Mukta Dani,string,,,,
Stephen Elkourie,string,,,,
Mike Ferguson,string,,,,
Jacob Gomez Rubio,string,,,,
Eric Henderson,string,,,,
Chris Kim,string,,,,
Scott Morello,string,,,,
Aldona Sozanska,string,,,,
Wright Wilson,string,,,,
Amanda Zetterlund,string,,,,
People Experience,dept,,,,
Fabiola Aguilera,string,,,,
Ale Alvarez,string,,,,
Juan Andres Brandt Vegas,string,,,,
Bailey Arbolante,string,,,,
Lorraine Beltran,string,,,,
Olesia Berezenska,string,,,,
Zaraar Bhatti,string,,,,
Sabina Bialek,string,,,,
Flor Boggiano,string,,,,
Sam Broughton,string,,,,
,string,,,,
Molly Camello,string,,,,
Leslie Campbell,string,,,,
Jennifer Castellanos,string,,,,
Rachel Cavanagh,string,,,,
Michelle Chau,string,,,,
Vidhu Chilumula,string,,,,
Deedee Chuang,string,,,,
Jessica Correa,string,,,,
Ovsanna Daglian,string,,,,
Tiffany Davenport,string,,,,
Elaine Dineen,string,,,,
Yvonne Duffield,string,,,,
Matt Duncan,string,,,,
Anu Ferreira,string,,,,
Gabriela Fielding,string,,,,
Jacob Fisher,string,,,,
Sophie Flegg,string,,,,
Deborah Forrester,string,,,,
Dinesh Gaddamsetty,string,,,,
Anna Garcia Morales,string,,,,
Priya Kanish,string,,,,
Aisling Kennedy,string,,,,
Kara Kim,string,,,,
,string,,,,
Golshan Kouklan,string,,,,
Chris Lee,string,,,,
Stephanie Lewis,string,,,,
Hunter Lewison,string,,,,
Alex Li,string,,,,
Bianca Lukic,string,,,,
Julie Machock,string,,,,
Kristin McGrew,string,,,,
,string,,,,
Kimi Mentz,string,,,,
Samantha Miller,string,,,,
Emely Moreno,string,,,,
Carolyn Nguyen,string,,,,
,string,,,,
Cristina Olivares,string,,,,
Kerry Panesar,string,,,,
Maritza Perez,string,,,,
Garrett Peters,string,,,,
Liz Pineda,string,,,,
Brooke Poole,string,,,,
Angelica Rochat,string,,,,
Tori Romero,string,,,,
,string,,,,
Ashley Seybold,string,,,,
Tania Solano,string,,,,
Emma Somers,string,,,,
Shannon Stafford,string,,,,
Maddy Taylor,string,,,,
Luke Tulleken,string,,,,
Mandy Ustunkaya,string,,,,
Christine Viduya,string,,,,
Shannel Walker,string,,,,
Austin Welty,string,,,,
,string,,,,
Platform Strategy & Partnerships,dept,,,,
Clint Ackerman,string,,,,
Rana Brahma,string,,,,
Keith Colton,string,,,,
Sang Kim,string,,,,
Patrick McNair,string,,,,
Andy Parthum,string,,,,
Dane Pedersen,string,,,,
Danny Robinson,string,,,,
Chris Roution,string,,,,
Chris Schnakenberg,string,,,,
Brandon Zien,string,,,,
Player Insights,dept,,,,
Brandon Cederholm,string,,,,
Matt Janizeh,string,,,,
Roxanne Jordan,string,,,,
Oke Mueller,string,,,,
Justin Pertierra,string,,,,
Craig White,string,,,,
Player Support,dept,,,,
Vaishnave A Kanaka Sababathy,string,,,,
Jamel Abaigar,string,,,,
Mary Rose Abanilla,string,,,,
Jopet Abatayo,string,,,,
Muhammad Irfanul Haq Abdul Rahman,string,,,,
Jesrael Abejero,string,,,,
Dennis Aberle,string,,,,
Maria Achong,string,,,,
Jonathan Acosta,string,,,,
Roy Acuna,string,,,,
Umair Adnan,string,,,,
Dan Michael Adorna,string,,,,
Joel Aguilar,string,,,,
Luis Aguilar,string,,,,
Mikee Aguilar,string,,,,
Oshbrayan Aguirre,string,,,,
Zeeshan Alam,string,,,,
Abuthahir Alaudeen,string,,,,
Kirby Angelo Alava,string,,,,
Raquel Alvarado,string,,,,
Denise Nicole Alvarez,string,,,,
Jhoseph Amoyo,string,,,,
John Paul Ana,string,,,,
Isaac Angulo,string,,,,
Abhisek Anil,string,,,,
Sangani Anoosh Varma,string,,,,
Salman Raza Ansari,string,,,,
Davon Anthony,string,,,,
Raymund Arana,string,,,,
Rajeev Arattuthodi,string,,,,
Samuel Arauz,string,,,,
Andrey Araya,string,,,,
,string,,,,
Esteban Arce,string,,,,
Ian Arce,string,,,,
Diego Arias,string,,,,
Johnson Arokiasamy,string,,,,
Aswin Aruljothi,string,,,,
Vidhubala Arumugam,string,,,,
Deepak Arumugasamy,string,,,,
Jay Asabasan,string,,,,
Mohammed Asfarali,string,,,,
Khalid Asher,string,,,,
Kishore Ashokan,string,,,,
Mohamed Asif Babu,string,,,,
Dinesh Athiappan,string,,,,
John Kirby Avellaneda,string,,,,
Hemachandiran Ayyanar,string,,,,
Rajkumar Babu,string,,,,
Oscar Badilla,string,,,,
Rolly Bagares,string,,,,
Kevin Jester Bagcal,string,,,,
Sriram Balaji,string,,,,
Elakkiya Balaji Ganesh,string,,,,
Shreeharsha Balasubrahmanya,string,,,,
Ragalakshmi Balasundaram,string,,,,
Alexander Yves Ballado,string,,,,
Jhobel Banoy,string,,,,
Emmanuel Mark Barbin,string,,,,
Joed Baria,string,,,,
,string,,,,
Tamara Barquero,string,,,,
Didier Barrantes,string,,,,
,string,,,,
Ajitha Baskar,string,,,,
Jaganath Baskar,string,,,,
Rajiv Batia,string,,,,
Arnold Beatriz,string,,,,
Brian Bennett,string,,,,
Kyle Bergman,string,,,,
Armando Bermudez,string,,,,
Joeric Mike Bersalona,string,,,,
Basanaboyina Bharathi,string,,,,
Sanjey Bhaskaran,string,,,,
Edxer Bicierro,string,,,,
Mario Bisanti,string,,,,
Glen Deonhel Bisco,string,,,,
Jeralyn Biscocho,string,,,,
Myra Bivens,string,,,,
Enrique Blanco,string,,,,
Maria Bolanos,string,,,,
Daniel Bradford,string,,,,
Alvaro Brenes,string,,,,
Keilor Briceno,string,,,,
Libya Brigith Stephen,string,,,,
Abner Briones,string,,,,
Chris Bruens,string,,,,
Paula Cabezas,string,,,,
Cheena Rose Anne Cacho,string,,,,
Christian Calibod,string,,,,
Julian Cally,string,,,,
Anthony Calvo,string,,,,
Gabriel Calvo,string,,,,
Roger Calvo,string,,,,
Roberto Calzado,string,,,,
Sebastien Camat,string,,,,
Isobel Campbell,string,,,,
Leonardo Canales,string,,,,
Marco Candolo,string,,,,
Cris Jeffrey Cano,string,,,,
Dennis Caorte,string,,,,
Erika Jane Cardinal,string,,,,
Cristian Carello,string,,,,
Mary Joy Carla,string,,,,
Adriana Carmona,string,,,,
Monserrath Carranza,string,,,,
Maisha Carter,string,,,,
Erick Casasola,string,,,,
Marco Casasola,string,,,,
Jesus Cesar Caspe,string,,,,
Aljhone Castillo,string,,,,
Ramiro Castillo,string,,,,
Berlinton Castro,string,,,,
Juan Castro,string,,,,
Maria Castro,string,,,,
Miguel Anton Casuga,string,,,,
Adrian Mark Catanghal,string,,,,
Alfonso Cerdas,string,,,,
Ana Cerdas,string,,,,
Jose Cerdas,string,,,,
Allison Cervantes,string,,,,
Antony Cervantes,string,,,,
Karla Cespedes,string,,,,
Frantzy Charles,string,,,,
Grace Chavarin,string,,,,
,string,,,,
Sean Ciaschi,string,,,,
Javier Cisneros,string,,,,
Jan Booz Clarito,string,,,,
Freider Coacuto,string,,,,
Hemanth Kumar Conji Kumar,string,,,,
Jose Cordoba,string,,,,
Amanda Cubero,string,,,,
Akkabathula Danny,string,,,,
Clivins Dantus,string,,,,
Jennifer Day,string,,,,
Carl Benedict De Guzman,string,,,,
Chloe de Mesa,string,,,,
Sophia Deckwart,string,,,,
Jhonell Dela Cruz,string,,,,
Joventino Dela Torre,string,,,,
Danilo Deloviar,string,,,,
John Kenneth Deompoc,string,,,,
Earl Smith Desiderio,string,,,,
Aravind Devarajalu,string,,,,
Danielle DeWald,string,,,,
Madhu Baala Dhanasekaran,string,,,,
,string,,,,
Earol Joshua Dilao,string,,,,
Saranya Dilli,string,,,,
,string,,,,
Justine Kyle Duaso,string,,,,
Luvie Duglas,string,,,,
Jim Roy Dumpas,string,,,,
Rithika Ebsiba Arul,string,,,,
Clandestine Eduria,string,,,,
Brian Ehrich,string,,,,
Haran Elango,string,,,,
Jared Elliott,string,,,,
Ruban Elumalai,string,,,,
Thomas James Eridani,string,,,,
Crexian Ezekiel Esatada,string,,,,
Juan Estrada,string,,,,
Sir John Carl Eustaquio,string,,,,
Noel Feliciano,string,,,,
Brix Fernandez,string,,,,
Miguel Fernandez,string,,,,
Ernalyn Ferrer,string,,,,
Ebonicia Fisher,string,,,,
Leonel Flores,string,,,,
Maria Andrea Flores,string,,,,
Jan Kyle Floro,string,,,,
Jose Fonseca,string,,,,
Kayla Foreman,string,,,,
Christian Francisco,string,,,,
Merin Frango Suthan,string,,,,
Maximilien Frederic,string,,,,
Santino Gahol,string,,,,
Timothy John Galang,string,,,,
Jay Gallardo,string,,,,
Romeo Gallon,string,,,,
Katherine Gamboa,string,,,,
Chandru Ganesan,string,,,,
Angelo Garcia,string,,,,
Caleb Garcia,string,,,,
Frederick Garcia,string,,,,
John Lloyd Garcia,string,,,,
Samantha Garcia,string,,,,
,string,,,,
Reynaldo Gastanes,string,,,,
Polavarapu Gayathri Devi,string,,,,
Martin Maria Regis Gerald Selvan,string,,,,
Julio Geremillo,string,,,,
Bruce Bryan Geronilla,string,,,,
Aljay Trilles Gigante,string,,,,
Oscar Gomez,string,,,,
Adrian Gonzalez,string,,,,
,string,,,,
Guruprasath Gopi,string,,,,
Sanjay Gopi,string,,,,
Sergio Granados,string,,,,
Luis Guadamuz,string,,,,
Jason Guce Guce,string,,,,
Aaron Jon Guerra,string,,,,
Stefanni Guevara,string,,,,
Lenard Louie Paciano Guia,string,,,,
Carolina Guillen,string,,,,
Riguert Guillen,string,,,,
Aries Gulles,string,,,,
Manoj Kumar Gunasekar,string,,,,
Luis Gutierrez,string,,,,
,string,,,,
Bernabe Habel,string,,,,
Riyasabdul Hameed,string,,,,
Mark Hamlon,string,,,,
Mohd Hamza,string,,,,
Jaya Harikrishnan,string,,,,
Mohamed Mothi Haroon,string,,,,
Geyrell Hernandez,string,,,,
Joseline Herrera,string,,,,
Maria Herrera,string,,,,
James Hidalgo,string,,,,
Joseline Hidalgo,string,,,,
Jophel Cyrus Ibasan,string,,,,
Vyagappa Ignatius Francis,string,,,,
Hezron Jabez,string,,,,
Jayson Jacinto,string,,,,
Janakiraman Jaikumar,string,,,,
Charles Steven Jeana,string,,,,
Mohan Raj Jegathes,string,,,,
Dyana Jerad,string,,,,
Tony Jery Rayappan,string,,,,
Gangarapu Jhana Avinash,string,,,,
Tiantian Jiang,string,,,,
Arphenny Jimenez,string,,,,
,string,,,,
Jinoy Jose,string,,,,
Jean Dra Jugado,string,,,,
Kishore Kamalnathan Gajendren,string,,,,
Suresh Karthick Bascar,string,,,,
Kumar Karthik,string,,,,
Takumi Kase,string,,,,
Shweta Kashyap,string,,,,
Saffal Khanna,string,,,,
Kamelle Kirby,string,,,,
Maria Kogler,string,,,,
Abhishek Kondiyan Vijayakumar,string,,,,
Jia Kong,string,,,,
Lina Kong,string,,,,
Vimal Krishna,string,,,,
Praveen Kumar,string,,,,
Saurav Kumar,string,,,,
Kishore Kumar Mohan,string,,,,
Tai Lail,string,,,,
Julius Lamonte,string,,,,
Jaime Laparan Laparan,string,,,,
Alejandro Law,string,,,,
Kriselle Lee,string,,,,
James Philip Legaspi,string,,,,
Heiner Leiva,string,,,,
Jin Li,string,,,,
Shiyuan Li,string,,,,
John Ligan,string,,,,
Feng Lin,string,,,,
Xiaoli Liu,string,,,,
Joel Lizano,string,,,,
Shannen Lizardo,string,,,,
Bryan Lopez,string,,,,
Dave Jerome Lopez,string,,,,
Jude Lopez,string,,,,
Prince Andrei Lopez,string,,,,
Glaiza Marie Loreno,string,,,,
,string,,,,
Vaibavin Niketa Lramu,string,,,,
Asielo Lumahang,string,,,,
Dexter Luna,string,,,,
Jay Mark Macaraig,string,,,,
Elmer Macion,string,,,,
Jason Madrigal,string,,,,
Mariana Madrigal,string,,,,
Juliana Mairena,string,,,,
John Frederick Malobago,string,,,,
David Mamani,string,,,,
Masoud Mandavi,string,,,,
Rahul Mani,string,,,,
Saravanakumar Manickavasakan,string,,,,
Logeswari Manogaran,string,,,,
Shantanu Manojkumarjha,string,,,,
Rose Anne Marasigan,string,,,,
Arath Marin,string,,,,
Erica Marques,string,,,,
,string,,,,
Albin Masis,string,,,,
Maria Masis,string,,,,
David Mata,string,,,,
Luis Mata,string,,,,
Nick Matson,string,,,,
Adrian Mattey,string,,,,
Chip Mauzy,string,,,,
Mary Grace Mempin,string,,,,
Steven Mendoza,string,,,,
Justine Carlo Miclat,string,,,,
Esteban Miranda,string,,,,
Harvey Mojares,string,,,,
Richard Mondejar,string,,,,
Gabriel Monge,string,,,,
Allen Mora,string,,,,
Anguz Danmark Morado,string,,,,
Bianca Moraga,string,,,,
Elisa Morales,string,,,,
Erik Morales,string,,,,
Kenneth Morales,string,,,,
Renato Morales,string,,,,
Zachary Moran,string,,,,
Josiah Mporampora,string,,,,
Andres Murillo,string,,,,
Carlos Murillo,string,,,,
Gabriel Murillo,string,,,,
Jean Murillo,string,,,,
Liz Murillo,string,,,,
Vijay Murugan,string,,,,
Shobika Muruganandham,string,,,,
Vijayalakshmi Muthaiyan,string,,,,
Kirubalan Muthukumaran S,string,,,,
,string,,,,
,string,,,,
Shaziah Naaz,string,,,,
Shenna Kriszel Nacion,string,,,,
Tharshiny Nagarajan,string,,,,
Manuel Naranjo,string,,,,
Ashwini Narayanan,string,,,,
Regina Naval,string,,,,
Juan Carlo Navarra,string,,,,
,string,,,,
Lezley Neal,string,,,,
Anbazagan Neelakandan,string,,,,
Muttukuru Nethaji,string,,,,
Kirubagaran Nithin Kumar,string,,,,
Kalvin Noorwood,string,,,,
Camila Obando,string,,,,
Jar Obando,string,,,,
Reina Ohrt,string,,,,
Juan Olmo,string,,,,
Sonia Ordonez,string,,,,
,string,,,,
Bejay Ortiguero,string,,,,
Marco Paccagnella,string,,,,
Daniel Bryan Padilla,string,,,,
Jhamaica Padilla,string,,,,
Oscar Palma,string,,,,
Johanna Panganiban,string,,,,
Arunkumar Paramasivam,string,,,,
Youngsoon Park,string,,,,
Kimnycolt Parra,string,,,,
Leonardo Parrini,string,,,,
Casey Alexander Pasajol,string,,,,
Venice Joy Pastera,string,,,,
Dennis Pastor,string,,,,
Suriyadeva Pasupathy,string,,,,
Ambika Patil,string,,,,
Sam Pavadai,string,,,,
Kenneth Alvin Payas,string,,,,
Cassandra Pease,string,,,,
Carlo Pelo,string,,,,
Ceteria Perry,string,,,,
Kuimin Piao,string,,,,
Johel Picado,string,,,,
Katherine Picado,string,,,,
Joshua Kyle Kent Pico,string,,,,
Ricardo Piedra,string,,,,
Esakkiappan Piramuthu,string,,,,
Eduardo Porras,string,,,,
Bernardo Portuza,string,,,,
Nirmal Prabhakaran,string,,,,
Marco Prado,string,,,,
Surya Prakash,string,,,,
Puvvadi Venkata Prathush,string,,,,
Benitta Priaydharshini E S,string,,,,
Marivic Punongbayan Punongbayan,string,,,,
Ian Puth,string,,,,
Lianfei Qu,string,,,,
Daniela Quesada,string,,,,
John Jeffrey Quilapio,string,,,,
Klender Quintanilla,string,,,,
Juan Quiros,string,,,,
,string,,,,
,string,,,,
Kc Racion,string,,,,
Jezreel Rafaeles,string,,,,
Khushbur Rahman,string,,,,
Ashrithaa Raja,string,,,,
Dharick Anvar Raja Mohamed,string,,,,
Srimeenakshi Rajagopal,string,,,,
Harish Rajan,string,,,,
Akash Rajeevan,string,,,,
Ashika Rajesh Kala,string,,,,
Akila Ramachandran,string,,,,
Madhumitha Ramesh,string,,,,
Sanjana Ramesh Kumar,string,,,,
John Michael Ramirez,string,,,,
Robert Ramos,string,,,,
Tifanny Ramos,string,,,,
,string,,,,
Hemalatha Rangan,string,,,,
Gouthaman Ravi,string,,,,
Sanjay Ravi,string,,,,
Aaron Reloya,string,,,,
Charisse Remonte,string,,,,
Jegath Priyan Rengu Krishnamoorthy,string,,,,
Alejandro Retana,string,,,,
Dhovelyn Reyes,string,,,,
Emmanuel Reyes,string,,,,
Rhey Franz Reyes,string,,,,
Natali Rivera,string,,,,
Joshua Rodrigo,string,,,,
Daniela Rodriguez,string,,,,
Emanuel Rodriguez,string,,,,
Jeffry Rodriguez,string,,,,
Jose Rodriguez,string,,,,
Josue Rodriguez,string,,,,
,string,,,,
Eduardo Rojas,string,,,,
Gerardo Rojas,string,,,,
Jorge Rojas,string,,,,
Andrey Romero,string,,,,
Roberth Rovira,string,,,,
Michael Lyndon Ruga,string,,,,
,string,,,,
Hannah Sophia Sagabaen,string,,,,
Jayaraj Sagayam,string,,,,
Md Rizwan Saiful Haque,string,,,,
Jelfon Saingan,string,,,,
Christopher Salas,string,,,,
Ignacio Salazar,string,,,,
Jazer Francis Samson,string,,,,
Clark Samuels,string,,,,
Jay Ron Nino San Gabirel,string,,,,
Mike Angelo San Miguel,string,,,,
Diego Sanchez,string,,,,
Maria Sanchez,string,,,,
Marco Sandi,string,,,,
Monica Sandoval,string,,,,
Sunil Sanjai,string,,,,
Vigneshwaran Sankar,string,,,,
Mariana Santiesteban,string,,,,
Vaishnavi Saravanan,string,,,,
Nelson Sarongilo,string,,,,
Barath Sathasivam,string,,,,
Mohamed Riyaz Sathick Batcha,string,,,,
Dinesh Sathiyam,string,,,,
Shargurunathan Sathyamoorthy,string,,,,
Dylan Segura,string,,,,
Meybi Segura,string,,,,
Fernadez Selvanayagam,string,,,,
Swathika Senthil,string,,,,
Dhivya Shanmugam,string,,,,
Javid Jaffer Sheriff,string,,,,
Shaozhen Shi,string,,,,
Rigoberto Sibaja,string,,,,
Abhubakkar Siddiq John Basha,string,,,,
Samuel Silverman,string,,,,
Gabriel Sison,string,,,,
Yogeshwaran Sivasubramanian,string,,,,
Ingrid Solano,string,,,,
Mario Solera,string,,,,
Arvind Sollarasan,string,,,,
Benoy Somanathan,string,,,,
Jose Somarribas,string,,,,
Sivakumar Somaskandan,string,,,,
Nicole Sotomayor,string,,,,
Armand Sparks Webb,string,,,,
Savannah Spencer,string,,,,
Oliver Spiller,string,,,,
Sobhanadharshini Sreedharan,string,,,,
Elangovan Srinivasan,string,,,,
Vivianroderick Stephen,string,,,,
Sathish Sundaramoorthy,string,,,,
Mediterranean Sy,string,,,,
,string,,,,
Kzia Karen Tamzon,string,,,,
Jeremy Tan,string,,,,
Joseph Teoxon,string,,,,
Benu Chandran Thangappan Ramesh,string,,,,
Sabastin Thomas,string,,,,
Bricker Thorpe,string,,,,
Mark John Tobias,string,,,,
Adonis Cyd Turingan,string,,,,
Dianalynne Umali,string,,,,
,string,,,,
Sahil Ummed Ali Khan,string,,,,
Annieroselin Unissjesudas,string,,,,
Haritha Uppala,string,,,,
Joshua Upton,string,,,,
Sebastian Urena,string,,,,
Athithyan Uthayakumar,string,,,,
Abbiram Valarmathi Mohan,string,,,,
Daniel Valverde,string,,,,
Jaji Vamshi Krishna,string,,,,
Andres Vargas,string,,,,
Jean Vargas,string,,,,
Luis Vargas,string,,,,
Marcelo Vargas,string,,,,
Mahendra Varma Raj,string,,,,
Diwakar Vedhagiri,string,,,,
Maria Vega,string,,,,
Mariela Venegas,string,,,,
Harini Venkatesh,string,,,,
Emmanuel Veras,string,,,,
R Anil Verma,string,,,,
Alain Viana,string,,,,
Alonso Villalobos,string,,,,
Julio Villalobos,string,,,,
Kianny Villalobos,string,,,,
Ryan Villamater,string,,,,
Andrei Jude Villamayor,string,,,,
Jastoni Villanueva,string,,,,
Tiffany Viquez,string,,,,
Annam Viswanath,string,,,,
Lushma Voleti,string,,,,
Javonne Walker,string,,,,
Jinpeng Wang,string,,,,
Ruoyu Wang,string,,,,
Yue Wang,string,,,,
Yue/Jane Wang,string,,,,
Desmond White,string,,,,
Jessica Wilson,string,,,,
Austin Witt,string,,,,
Chunyan Wu,string,,,,
Edison Yenluru,string,,,,
Ahamed Fayaz Yousuf,string,,,,
Luyue Yu,string,,,,
Yi Zhang,string,,,,
,string,,,,
Production Management Group,dept,,,,
Shaun Akerman,string,,,,
Christian Astillero,string,,,,
Geoff Bent,string,,,,
Daria Boudreau,string,,,,
Jon Butcher,string,,,,
Enrico Estantino,string,,,,
Isabella Gentile,string,,,,
Andrew Horwitz,string,,,,
Jing Jia,string,,,,
Scott Krager,string,,,,
Yoonjin Lawrence,string,,,,
James Lodato,string,,,,
David Price,string,,,,
Sally Quan,string,,,,
Kornelia Takacs,string,,,,
Cherry Zhou,string,,,,
Publishing Operations,dept,,,,
Kevin Chester,string,,,,
David Lara,string,,,,
Todd Mueller,string,,,,
Ben Perry,string,,,,
Christopher Wilson,string,,,,
QA - Labs,dept,,,,
Donovan Byrnes,string,,,,
Jace Floyd,string,,,,
Samuel Grausam,string,,,,
Zach Hayes,string,,,,
Nicholas Ingerson,string,,,,
Jac Mateja,string,,,,
Damien Poncel,string,,,,
John Purdham,string,,,,
Alex Schindeldecker,string,,,,
Brendan Wilson,string,,,,
QA - Submissions,dept,,,,
Roger Hwang,string,,,,
Ryan Kim,string,,,,
Gunner Lee,string,,,,
Alexis Lopez,string,,,,
Kelvin Matsumoto,string,,,,
Schuyler Neary,string,,,,
Douglas Tafoya,string,,,,
Nathan Takemoto,string,,,,
Dan Vo,string,,,,
QA - Technology,dept,,,,
Phillip Bautista,string,,,,
Nikki Garnjobst,string,,,,
Patrick Gray,string,,,,
Jacob Hull,string,,,,
Teddy Hwang,string,,,,
Russ Melanson,string,,,,
Brad Saavedra,string,,,,
Chris Valles,string,,,,
Justen Xiong,string,,,,
Indra Yee,string,,,,
QA Management,dept,,,,
Chris Arends,string,,,,
Jeff Roper,string,,,,
Quality Assurance,dept,,,,
Joshua Abendroth,string,,,,
Jason Adebor,string,,,,
,string,,,,
Quintin Alaniz,string,,,,
Medhbh Albrecht,string,,,,
E.J. Alcantara,string,,,,
Jordan Aldera,string,,,,
Stone Allan,string,,,,
Cody Allen,string,,,,
Casey Alsbrooks,string,,,,
Kevin Alseth,string,,,,
Daniel Alvarado,string,,,,
Anthony Ambrose,string,,,,
James Amell,string,,,,
Noah Ammerman,string,,,,
Alexander An,string,,,,
Beth Andersen-Daugherty,string,,,,
Alan Anderson,string,,,,
Cal Anderson,string,,,,
Lukas Anderson,string,,,,
Thomas Karl Anderson,string,,,,
Leslie Andrade,string,,,,
Ashton Andrews,string,,,,
Brennan Angst,string,,,,
Cameron Antolak,string,,,,
Nate Apolloni,string,,,,
Joseph Aranda,string,,,,
Jade Archer,string,,,,
Eddie Arguelles,string,,,,
Jesse Bachler,string,,,,
Gibby Badillo,string,,,,
George Bahrs,string,,,,
Ben Baker,string,,,,
Reid Baker,string,,,,
Mekhi Ball,string,,,,
Josh Bannink,string,,,,
Geoffrey Barber,string,,,,
Dillon Barnes,string,,,,
Gabriel Barott,string,,,,
Michael Barott,string,,,,
Aaron Bartlett,string,,,,
Nick Bastyr,string,,,,
Nick Beaty,string,,,,
Travis Beck,string,,,,
Kyler Beisert,string,,,,
Wren Biddle,string,,,,
Jamison Bierbrauer,string,,,,
Steven Biggs,string,,,,
Calvin Bilder,string,,,,
Angie Biondo,string,,,,
Connor Bish,string,,,,
Cody Bjorklund,string,,,,
Tiffini Blume,string,,,,
Benjamin Blumhagen,string,,,,
Braydon Blumhagen,string,,,,
Michael Bobbert,string,,,,
Dorian Boone,string,,,,
Connor Bopp,string,,,,
Clayton Bothun,string,,,,
Demeco Bowstring-Choat,string,,,,
Alex Bradish,string,,,,
Dom Bradley,string,,,,
Kyra Bradshaw,string,,,,
Leo Brochu,string,,,,
Herbert Broussard,string,,,,
Tristan Brown,string,,,,
Zac Brown,string,,,,
Ben Bruns,string,,,,
Blake Buckingham,string,,,,
Andy Bui,string,,,,
Thuong Bui,string,,,,
Patrick Bulson,string,,,,
Kole Buscher,string,,,,
Bryan Buser,string,,,,
Dave Butani,string,,,,
Ryan Butler,string,,,,
Avery Byers,string,,,,
Breydon Cardenas,string,,,,
Austin Carlson,string,,,,
Maddie Carnline,string,,,,
Emilio Carreon,string,,,,
Mitchell Carter,string,,,,
Paul Carter,string,,,,
John H. Cassel,string,,,,
Kristoffer Castaldo,string,,,,
Alexandro Castillo,string,,,,
Crystal Alexis Castro,string,,,,
Randy Castro,string,,,,
Gabriel Catalan,string,,,,
Ignat Catalin,string,,,,
Brian Centeno,string,,,,
Jorge Chabolla,string,,,,
Yai Chang,string,,,,
Deion Chanthathone,string,,,,
Cameron Chapman,string,,,,
Alex Cheney,string,,,,
Ella Cheney,string,,,,
Kevin Chiles,string,,,,
Graham Christy,string,,,,
Arden Chrusciel,string,,,,
Zach Churchill,string,,,,
Jalen Churley,string,,,,
Darius Clausell,string,,,,
Jack Clonan,string,,,,
James "Hunter" Close-Anderson,string,,,,
Bill J Cob III,string,,,,
Bill Cobb,string,,,,
Liam Cobb,string,,,,
Meys Cobos,string,,,,
CJ Cochran,string,,,,
Evan Cohen,string,,,,
Shane Conard,string,,,,
Jordan Cook,string,,,,
Esai Cordova,string,,,,
Ethan Corpus,string,,,,
Ricardo Correa-Altiery,string,,,,
Tyler Corwin,string,,,,
Alex Cramer,string,,,,
Alexander Cramer,string,,,,
Gage Criscione,string,,,,
Luxian Cross,string,,,,
Andrea Crouch,string,,,,
David Crowe,string,,,,
Broden Curtis-Erhardt,string,,,,
Manny D,string,,,,
Kenneth Dankert,string,,,,
Emily Danko,string,,,,
Kam Darby,string,,,,
Christopher Davenport,string,,,,
Manuel Davila,string,,,,
Haden Davis,string,,,,
Kevin Davis,string,,,,
Austen de Celle,string,,,,
Nate Dehnke,string,,,,
Josh DelaCruz,string,,,,
Sylvie deLacy,string,,,,
Joe "Cobra" DeLeon Jr.,string,,,,
Justice Detzel,string,,,,
Emiliano Diaz-Alexejew,string,,,,
David Dille,string,,,,
Brandon Donaldson,string,,,,
Iris Doyle,string,,,,
Tyler Drew,string,,,,
Nick Drobinski,string,,,,
Izak Duncan,string,,,,
Sadie Duncan,string,,,,
Zach Eby,string,,,,
,string,,,,
Thomas Educate,string,,,,
Kat Eggersgluss,string,,,,
Daniel Elekes,string,,,,
Emma Elgin,string,,,,
Diego Elizondo,string,,,,
Edward Elliott,string,,,,
Joey Elliott,string,,,,
Spencer Ellis,string,,,,
Anthony Emmons,string,,,,
Wes English,string,,,,
Gerardo Daniel Espericueta,string,,,,
Joshua Fagundes,string,,,,
Kara Fannon,string,,,,
Nathan Fastje,string,,,,
Becca Felix,string,,,,
Michael Fender,string,,,,
Nicholas Fernandez,string,,,,
Cody Filipek,string,,,,
Sivan Filippone,string,,,,
Tyler Fisher,string,,,,
Chris Flemming,string,,,,
Zen Fletcher,string,,,,
Quinn Flumerfelt,string,,,,
Quinzel Flumerfelt,string,,,,
Denzyl Fontaine,string,,,,
Ashton Ford,string,,,,
Marcus Ford,string,,,,
Alex Fox,string,,,,
Guadalupe Fraga,string,,,,
Josh Frame,string,,,,
Kent Frauendienst,string,,,,
Robin Friend,string,,,,
Sam Futterman,string,,,,
Matt Gabrielson,string,,,,
Jose Galeana,string,,,,
Kyle Gallas,string,,,,
Angel Gallego,string,,,,
Jarod Gamble,string,,,,
Alan "Cuppy" Garcia,string,,,,
Jarrid Garcia,string,,,,
Jesse Garcia,string,,,,
Alain Jair Garcia Rodriguez,string,,,,
Sean Garrett,string,,,,
AJ Gemenes,string,,,,
Bud Gibson,string,,,,
Garrett "The Beast" Giddings,string,,,,
Mason Giles,string,,,,
Connor Gilkeson,string,,,,
Alex Gilmartin,string,,,,
Blake Gilmore,string,,,,
Caleb Gilmore,string,,,,
Gav Gindville,string,,,,
Zach Glaros,string,,,,
Dan Goggin,string,,,,
Esteban Gonzales,string,,,,
Gabriel Gonzales,string,,,,
Ashly Gonzalez,string,,,,
Christian Gonzalez,string,,,,
Elias Gonzalez,string,,,,
Jaime Gonzalez,string,,,,
Kaleb Gonzalez,string,,,,
Kat Gonzalez,string,,,,
Kevin Gonzalez,string,,,,
Nicholas Gordon,string,,,,
Daulton Grago,string,,,,
Dylan Grahn,string,,,,
Tim Gravley,string,,,,
Kelly Griffin,string,,,,
Arthur Griham,string,,,,
Taylor Grinolds,string,,,,
Peter Grochal,string,,,,
Erin Groseclose,string,,,,
Jacqueline Grove,string,,,,
Adrian Alexander Guerra,string,,,,
Santiego Guerrero,string,,,,
Mike Guillen,string,,,,
Garrett Gustafson,string,,,,
Jonathon Haakenson,string,,,,
Lee Haase,string,,,,
Daniel Wesley Hales,string,,,,
Ventus Hall,string,,,,
Jordan Hamann,string,,,,
Adrian Hamill,string,,,,
Tony Hao,string,,,,
Sean Harper,string,,,,
Connor Harris,string,,,,
Evan Harris,string,,,,
Caleb Hart,string,,,,
Storm Hart,string,,,,
James Heidelberger,string,,,,
Michael Helbing,string,,,,
Matt Hensche,string,,,,
Fox Henson,string,,,,
Yelang Her,string,,,,
Ying Her,string,,,,
Daniel Hernandez,string,,,,
Karina Hernandez,string,,,,
Ryan Hervonen,string,,,,
Benjamin Herzog,string,,,,
Ian Hickel,string,,,,
Sierra "Chris" Higginbotham,string,,,,
Mark Hillesheim,string,,,,
Johnny Hinderliter,string,,,,
Vaughn Holdren,string,,,,
Pierre Holmes,string,,,,
Michael Holmlund,string,,,,
Karie Holmstadt,string,,,,
Andy Hooper,string,,,,
Sam Hooper,string,,,,
Nikolai Horbovetz,string,,,,
Don Horn,string,,,,
Tyrell Howard,string,,,,
Joseph Howell,string,,,,
Taylor Hrypa,string,,,,
Sam Hudson,string,,,,
Jenna Huffman,string,,,,
Nick Ingerson,string,,,,
Jake Insinna,string,,,,
Ryan Inwards,string,,,,
Abdi Issak,string,,,,
Isaiah Manuel Jacome,string,,,,
Virginia Lynn Jandal,string,,,,
Mitchell Connor Janowski IV,string,,,,
Jack Jeno,string,,,,
Tristan Jeter,string,,,,
Beau Johnson,string,,,,
Brady Johnson,string,,,,
Cole Johnson,string,,,,
Jake Johnson,string,,,,
Jalen Johnson,string,,,,
Rhys Johnson,string,,,,
Cody Johnson-Bjorklund,string,,,,
Charles Jones,string,,,,
Lindsay Jones,string,,,,
Riley Joynt,string,,,,
Allen Junge,string,,,,
Chris Kalaytowicz,string,,,,
Travis Kalenborn,string,,,,
Aaron Kapke,string,,,,
Ed Karasch,string,,,,
Nathan Karlstad,string,,,,
Li Kaufman,string,,,,
Christopher Winfield Keaton,string,,,,
Andrew Kehneman,string,,,,
Johnny Kim,string,,,,
Caleb "KP" Kirkpatrick,string,,,,
Kaleb Kittle,string,,,,
Logan Klopp,string,,,,
Bryan Knutsen,string,,,,
Marlin Knutson,string,,,,
Aubrey Koch,string,,,,
Angela Kopp,string,,,,
Antonio Kripotos,string,,,,
Ryan Kroschel,string,,,,
Jordan Kunze,string,,,,
Eddie Kuschel,string,,,,
Makayla Kuykendall,string,,,,
Shevairus La Sane,string,,,,
Travis La Vigne,string,,,,
William LaGrange,string,,,,
Jordan Lamp,string,,,,
Justin Lang,string,,,,
Jonny Langholz,string,,,,
Joseph Lapp,string,,,,
Bill Lara,string,,,,
Sam Larson,string,,,,
Rudy Laughland,string,,,,
Chris Lawabni,string,,,,
Vi Le,string,,,,
Lucas Leahy,string,,,,
Alyssa LeBlanc,string,,,,
Ben Ledinsky,string,,,,
Demontri Lee,string,,,,
Endy Lee,string,,,,
Jason Lee,string,,,,
Joseph Lee,string,,,,
Xue Lee,string,,,,
Devyn A. Leider-Dominguez,string,,,,
Sean Lennon,string,,,,
Geno Lenzi,string,,,,
Michael Leonard,string,,,,
Chris Leonhardt,string,,,,
Jacob Leviton,string,,,,
John Leviton,string,,,,
David Lewis,string,,,,
Nick Lewis,string,,,,
Scott Lewis,string,,,,
Danielle Licea,string,,,,
Joseph Lieder,string,,,,
Marie Lindblom,string,,,,
Brittany Linky,string,,,,
Nicholas Littlefield,string,,,,
Tabatha Locke,string,,,,
Michael Lofthouse,string,,,,
Zen Lofthouse,string,,,,
Richard Lopez,string,,,,
Morgan Lovejoy,string,,,,
Alex Lovenbury,string,,,,
Dylan Lund,string,,,,
Adam Ly,string,,,,
Nelson Lynch,string,,,,
Cason Lyons,string,,,,
Amber La Macchia,string,,,,
Josh Mack,string,,,,
Patrick Mackey,string,,,,
Savanah Maleska,string,,,,
Tyler Mammen,string,,,,
Talee Mandel,string,,,,
Nicholas Mandry,string,,,,
Tamris Maresh,string,,,,
Denton Margeson,string,,,,
Ben Marohn,string,,,,
Benjamin Marohn,string,,,,
Courtney Marshall,string,,,,
Deon Marshall,string,,,,
Abner Martinez,string,,,,
Cameron Martinez,string,,,,
Lance Martinez,string,,,,
Luis Martinez,string,,,,
Jarod Marty-Kennedy,string,,,,
Zachary "Vradaash" Matar,string,,,,
Connor Mathews,string,,,,
Enoch Mathias,string,,,,
Daniel Mattes,string,,,,
Kyle Matteson,string,,,,
Quin Matthys,string,,,,
Logan McDermott,string,,,,
Kyle McElligott,string,,,,
Preston McGath,string,,,,
Dakota McGovern,string,,,,
Brandan McIntyre,string,,,,
Max "Gwimbly" McKeever,string,,,,
Maya McManus,string,,,,
Manuel Medina,string,,,,
Julian Medrano,string,,,,
,string,,,,
Michael Melchior,string,,,,
Alandre Melton,string,,,,
Nate Mengkhampeng,string,,,,
Sam Mergens,string,,,,
Hazel Meyer,string,,,,
Jessica Michaels,string,,,,
Derek Milan,string,,,,
Nate Milbrandt,string,,,,
Xander Milford,string,,,,
Astra Millen,string,,,,
Kidus Mitiku,string,,,,
Arnel Monroy,string,,,,
Nicole Moore,string,,,,
Ryan Morgen,string,,,,
Jackson Morris,string,,,,
Max Morris,string,,,,
Ian Morrissey,string,,,,
Robert Moss,string,,,,
Anna Mostoller,string,,,,
Aue Moua,string,,,,
Kristofer Munoz,string,,,,
Peter Murchison,string,,,,
Charlie Murphy,string,,,,
,string,,,,
Hannah Max Nadeau,string,,,,
Joseph Nadeau,string,,,,
James Natividad,string,,,,
Patrick John Abad Navarro,string,,,,
Alan Neang,string,,,,
Kelly Neill,string,,,,
Ben Nelson,string,,,,
Diego Nelson,string,,,,
Hunter Nelson,string,,,,
Hunter Nesco,string,,,,
John Nguyen,string,,,,
Perry Nguyen,string,,,,
Jacob Nielsen,string,,,,
Noah Nighswander,string,,,,
Dylan Nightingale,string,,,,
Harrison Noffs,string,,,,
Corran Nolan,string,,,,
Kyle Norton,string,,,,
Cory Nyholm,string,,,,
Zooey Olejnik,string,,,,
AJ Olson,string,,,,
Clarke Oppliger,string,,,,
Luis Orlando Velazquez,string,,,,
Eric Ottery,string,,,,
Chad Padelford,string,,,,
Jarrett Page,string,,,,
Miguel Palacio,string,,,,
Lexie Palm,string,,,,
Kathleen-Phyliss Pankratz,string,,,,
Chris Paredes,string,,,,
Grant Parker,string,,,,
Bryan Parra,string,,,,
Andrew Parrill,string,,,,
Sabrina Paul,string,,,,
Julian Pecino,string,,,,
Will Pellett,string,,,,
Alexander Penny,string,,,,
Tony Perkins,string,,,,
Avery Perrault,string,,,,
Carly Petersen,string,,,,
Haley Peterson,string,,,,
Jimmy Pham,string,,,,
James Phenow,string,,,,
Logan Phillips,string,,,,
Man Phillips,string,,,,
Ira Piros,string,,,,
Kaitlyn Poppe,string,,,,
Jenna Porter,string,,,,
Anastasia Potapova,string,,,,
Nicholas Price,string,,,,
Nick Price,string,,,,
Stephen Price,string,,,,
Jordon Pritzkau,string,,,,
Alexa Pulliam,string,,,,
Max Pullos,string,,,,
Andrew Qualley,string,,,,
Jayson Quinlan,string,,,,
Cory T Rahrig,string,,,,
Brian Ramirez,string,,,,
Maggie Ramirez,string,,,,
Dexter W Randolph II,string,,,,
Matt Rathbun,string,,,,
Michael Rauser,string,,,,
Thomas "N30" Reardon III,string,,,,
Rian Reed,string,,,,
Alex Reichman,string,,,,
Lorian Rendino,string,,,,
Adriana "Mae" Reyes,string,,,,
Rafael Reyes,string,,,,
Sebastian Rezek,string,,,,
Chase Rhodes,string,,,,
Finn Rhodes,string,,,,
Randall Riemersma,string,,,,
Dillon Rilea,string,,,,
Austin Riley,string,,,,
Parker Ringold,string,,,,
Michael Ritari,string,,,,
Brady Ritchie,string,,,,
Caleb Rivera,string,,,,
Christopher Allen Robbins,string,,,,
David Roberts,string,,,,
Thomas Roberts,string,,,,
Chris Roberts-Siros,string,,,,
Shelby Robertson,string,,,,
Deandra Rodrigues,string,,,,
Adrian Rodriguez,string,,,,
Alejandro Rodriguez,string,,,,
Angel Rodriguez,string,,,,
Taylor Rodriguez,string,,,,
Logan Rogers,string,,,,
Joey Rongstad,string,,,,
Kalub Rose,string,,,,
Zachary Rosemeyer,string,,,,
Hans Rosenthal,string,,,,
Jim Rossi,string,,,,
Sam Rotty,string,,,,
Rye Rowles,string,,,,
Michael Rubino,string,,,,
Austin Running,string,,,,
Collin Russell,string,,,,
Jordan Russell,string,,,,
Brian Russum,string,,,,
Caleb Ryerson,string,,,,
Alfredo Salazar,string,,,,
,string,,,,
Autumn Sanders,string,,,,
Holly Sando,string,,,,
Richard Sandoval,string,,,,
Hitomi Sase,string,,,,
Jak Sayers,string,,,,
Jordan Scalan,string,,,,
Joe Scanlan,string,,,,
Judah Scharnhorst,string,,,,
Paul Schatz,string,,,,
Robin Schauls,string,,,,
Joshua Schlenner,string,,,,
Onyx Schneider,string,,,,
Willow Schultz,string,,,,
Ben Schwanke,string,,,,
Nick Schwarz,string,,,,
Patrick Scott,string,,,,
Alina Scribner,string,,,,
Cesar Sepulveda-Castillo,string,,,,
Tim Serna,string,,,,
Jake Shade,string,,,,
Reece Shelton,string,,,,
Damien Silvas,string,,,,
Taran Simmons,string,,,,
Abby Simota,string,,,,
Arlen Sinarath,string,,,,
Tyler Sjoquist,string,,,,
Deven Skaff,string,,,,
Jason Skarda,string,,,,
Allen Slauenwhite,string,,,,
Courtney Smith,string,,,,
Jordan Smith,string,,,,
Kyle Smith,string,,,,
Maddy Smith,string,,,,
Tony Smith,string,,,,
Megan Sneary,string,,,,
Andrew Snell,string,,,,
Nathan Soos,string,,,,
Kurtis Sorensen,string,,,,
Rick Soto,string,,,,
Luke Stafford,string,,,,
Brett Stalwick,string,,,,
Joshua Stasi,string,,,,
Olivia Steffenhagen,string,,,,
Nina Stein,string,,,,
Jacob Steinman,string,,,,
Levi Steller,string,,,,
Shelby Stellpflug,string,,,,
Roman Stetsko,string,,,,
Christian Steyer,string,,,,
Eric Stites,string,,,,
Cormac Strahnson,string,,,,
Ian Straughan,string,,,,
Moon Strauss,string,,,,
Matt Strawn,string,,,,
Ian H. Strayhorn,string,,,,
Joel Suarez,string,,,,
Michael Sullivan,string,,,,
Tiger Sullivan,string,,,,
Oliver Tackitt,string,,,,
Jacob Tapp,string,,,,
Ozair A. Tariq,string,,,,
Austin Tasavanh,string,,,,
Johnny Thao,string,,,,
Elijah Bleux Thomas,string,,,,
Bukky Thompson,string,,,,
Victoria Thornburg,string,,,,
Hailey Tindell,string,,,,
Daumantas Tomforde,string,,,,
Justin Alonzo Torres,string,,,,
Dennis Tran,string,,,,
Jonny Tran,string,,,,
Kevin Tran,string,,,,
Austin Tremmel,string,,,,
Joey Trinen,string,,,,
Tristen Truitt,string,,,,
Rogelio Trujillo,string,,,,
Nathan Turner,string,,,,
Tiereney Ulmer,string,,,,
Moe Universe Sr,string,,,,
Felipe Valadez,string,,,,
Terence Van Doorne,string,,,,
Ryan van Niekerk,string,,,,
Cory Vanneste,string,,,,
Aaron Ventura,string,,,,
Alayna Vera-Gonzalez,string,,,,
James Vespucci,string,,,,
Ben Vickery,string,,,,
Sal Villarruel,string,,,,
Elijah Vineyard,string,,,,
Darek Vital Jimenez,string,,,,
Chue Vue,string,,,,
Lance Vue,string,,,,
Thomas Wadtke,string,,,,
Michael Ware,string,,,,
Colin Watson,string,,,,
Travis D Watts,string,,,,
Ryan Weaver,string,,,,
Zachary Weber,string,,,,
Gavin Weeks,string,,,,
Ash Weinand,string,,,,
Seil Weiss,string,,,,
Mack Wenberg,string,,,,
Kyler E. West,string,,,,
Micah Whetsell,string,,,,
Sab White,string,,,,
Daniel Wierman,string,,,,
Chris Wildung,string,,,,
Devin Wilkerson,string,,,,
Brendan Wilkinson,string,,,,
Josiah Williams,string,,,,
Quisha Williams,string,,,,
Ashley Williamson,string,,,,
Evan Winters,string,,,,
Simon Wolfe,string,,,,
Paul Wonders,string,,,,
Joshua Worman,string,,,,
Dan Wright,string,,,,
Simon Wu,string,,,,
Julie Xiong,string,,,,
Katarina Yates,string,,,,
Jasmine Ying,string,,,,
Dezra Young,string,,,,
Anthony Zamudio,string,,,,
Tristan Zawadzki,string,,,,
Zeccheus Ziemer,string,,,,
Zeke Ziemer,string,,,,
Lucas Zurn,string,,,,
Quality Assurance - Keywords Studios,dept,,,,
Alfonso Abad,string,,,,
Zuzanna Adamiec,string,,,,
Kolapo Afeez,string,,,,
Alan Almonasi,string,,,,
Cristian Alonso,string,,,,
Omar Aragon,string,,,,
Veronica Ariza,string,,,,
Krystian Balcer,string,,,,
Arkadiusz Banczyk,string,,,,
Wiktoria Baran,string,,,,
Marco Bedolla,string,,,,
Daniel Beltran,string,,,,
Chris Bewick,string,,,,
Sebastian Bialucha,string,,,,
Boleslaw Biela,string,,,,
Karolina Bieniok,string,,,,
Michal Bil,string,,,,
Alicja Blachnio,string,,,,
Krzysztof Bochenek,string,,,,
Jacek Brzozowski,string,,,,
Piotr Bywalski,string,,,,
Diego Canseco,string,,,,
Igor Chelchowski,string,,,,
Matt Czardybon,string,,,,
Pawel Dabrowski,string,,,,
Edgar Diaz,string,,,,
Jafet Diaz,string,,,,
Aldo Doctor,string,,,,
Bartosz Dziaduch,string,,,,
Adam Dziduch,string,,,,
Adrian Dziduch,string,,,,
Eduardo Escamilla,string,,,,
David Espinoza,string,,,,
Erick Estrada,string,,,,
Esbir Fischer,string,,,,
Michael Foster,string,,,,
Alberto Garcia,string,,,,
Sebastian Garcia,string,,,,
Piotr Glica,string,,,,
Wojciech Gola,string,,,,
Luis Gomez,string,,,,
Julio Gonzalez,string,,,,
Rebeca Gonzalez,string,,,,
Daniel Gonzalez Pacheco,string,,,,
Anna Gorska,string,,,,
Piotr Grzadziel,string,,,,
Bartlomiej Gubala,string,,,,
Kevin Guerra,string,,,,
Emin Guliyev,string,,,,
Sebastian Gutierrez,string,,,,
Bartosz Gutsfeld,string,,,,
Emma Hernandez,string,,,,
Erika Hernandez,string,,,,
Raul Hernandez,string,,,,
Diego Huerta,string,,,,
Pawel Iwanecki,string,,,,
Agata Izykowska,string,,,,
Alan Jablonski,string,,,,
Oliwier Jakubiec,string,,,,
Tomasz Janczak,string,,,,
Marta Jankowska,string,,,,
Marcin Jankowski,string,,,,
Leonardo Jardon,string,,,,
Dawid Jarosz,string,,,,
Ariel Jasinski,string,,,,
Adrian Juarez,string,,,,
Guillermo Jurado,string,,,,
Tomasz Kaleta,string,,,,
Marcin Karbowniczek,string,,,,
Szymon Koch,string,,,,
Aleksander Kocyba,string,,,,
Olaf Konefal,string,,,,
Lukasz Kopcinski,string,,,,
Piotr Kopecki,string,,,,
Bartosz Kosmala,string,,,,
Jakub Krzeminski,string,,,,
Milosz Kucharczyk,string,,,,
Dawid Kuglin,string,,,,
Adrian Kulpa,string,,,,
Manuel Ladron de Guevara,string,,,,
Pawel Laskowski,string,,,,
Kamil Liberski,string,,,,
Malwina Lipian,string,,,,
Bianca Lopez,string,,,,
Francisco Lopez,string,,,,
Christian Lozano,string,,,,
Erick Luna,string,,,,
Artur Majek,string,,,,
Aleksandra Malinowska,string,,,,
Cuauhtli Martinez,string,,,,
Michal Naji,string,,,,
Carlos Nicolai,string,,,,
Michal Niechcial,string,,,,
Edyta Nieswiec,string,,,,
Krzysztof Nowak,string,,,,
Laura Nowak,string,,,,
Wiktor Ober,string,,,,
Oybek Obidjonov,string,,,,
Krzysztof Olszewski,string,,,,
Lukasz Orzech,string,,,,
Fredy Ovando,string,,,,
Zuzanna Ozimek,string,,,,
Monika Paczkowska,string,,,,
Olaf Pajonk,string,,,,
Roman Perez,string,,,,
Nicola Pierzynka,string,,,,
Konrad Pluskota,string,,,,
Maksymilian Polk,string,,,,
Aleksandra Postawa,string,,,,
Tomir Przeczek,string,,,,
Michal Przybyla,string,,,,
Krzysztof Ptak,string,,,,
Krystian Raczka,string,,,,
Seweryn Rajewski,string,,,,
Carlos Rodriguez,string,,,,
Dominik Rosa,string,,,,
Marcin Rudek,string,,,,
Luz Ruelas,string,,,,
Gaja Rupala,string,,,,
Luis Sanchez,string,,,,
Aida Santana,string,,,,
Alejandro Sedas,string,,,,
Przemyslaw Siara,string,,,,
Piotr Siemaszkiewicz,string,,,,
Mayur Sindhwani,string,,,,
Marcin Skowera,string,,,,
Maciej Skrzyp,string,,,,
Damian Sliwinski,string,,,,
Michal Sobek,string,,,,
Karol Sojka,string,,,,
Michal Sosnowski,string,,,,
Jesus Sotelo,string,,,,
Olaf Spruch,string,,,,
Izabela Stegenda,string,,,,
Sebastian Stupinski,string,,,,
Mikolaj Szakola,string,,,,
Michal Szczepanski,string,,,,
Maciej Szelag,string,,,,
Lukasz Szewczyk,string,,,,
Klaudia Szkodzinska,string,,,,
Wiktor Szurko,string,,,,
Dominika Szweda,string,,,,
Carlos Trelles,string,,,,
Rostyslav Turovskyi,string,,,,
Anton Uhlov,string,,,,
Bernardo Uribe,string,,,,
Alfonso Urrutia,string,,,,
David Valverde,string,,,,
Kevin Vazquez,string,,,,
Sandra Vega,string,,,,
Guillermo Verduzco,string,,,,
Mauricio Vergara,string,,,,
Antonio Villanueva,string,,,,
Paula Wajgelt,string,,,,
Artur Wiloch,string,,,,
Marcin Wojna,string,,,,
Michal Wojtacha,string,,,,
Radoslaw Wykusz,string,,,,
Maksym Zakharchenko,string,,,,
Santiago Zamarripa,string,,,,
Sebastian Zaremba,string,,,,
Michal Zastepa,string,,,,
Mikolaj Zawadzki,string,,,,
Anna Zganiacz,string,,,,
Karolina Zuk,string,,,,
Sebastian Zurutuza,string,,,,
Quality Assurance - Lionbridge Games,dept,,,,
Biruk Abebe,string,,,,
Jose Eduardo Acosta,string,,,,
Juan Acosta,string,,,,
Kyle Levi Adissi,string,,,,
Derek Aguila,string,,,,
Hector Miguel Aguilar,string,,,,
Jorge Daniel Ahuactzin,string,,,,
Jonathan Misael Albarran,string,,,,
Victor Alexis Albor,string,,,,
Braulio Aldana,string,,,,
Omar Alonso,string,,,,
Joel Angel,string,,,,
Danila Anisko,string,,,,
Atzin Kiyoshi Aoyama,string,,,,
Ricardo Arias,string,,,,
Mykhailo Artiukh,string,,,,
,string,,,,
Mauricio Ascencio Loyola,string,,,,
Jorge Badillo,string,,,,
Cesar Badillo Larios,string,,,,
Rodrigo Ruben Baez,string,,,,
Michal Balcerek,string,,,,
,string,,,,
Silvano Baron,string,,,,
Cesar Eduardo Barron,string,,,,
Marcin Bartosiak,string,,,,
Rogelio Bernal,string,,,,
Eduardo Bernardes,string,,,,
Iris Alejandra Berzunza,string,,,,
Michal Blonski,string,,,,
Mario Bonilla,string,,,,
Daniel Boras,string,,,,
Brandon Joel Bravo,string,,,,
Igor Bryniarski,string,,,,
Lukasz Budzicki,string,,,,
,string,,,,
Gerardo Camacho,string,,,,
Percival Gabriel Camargo,string,,,,
Iliana Cambronne,string,,,,
Rodrigo Canales,string,,,,
Angel Cantoral,string,,,,
Rodrigo Rene Castillero,string,,,,
Alvaro Castillo Carrillo,string,,,,
,string,,,,
,string,,,,
Karen Cepeda Aldana,string,,,,
Iker Cervantes,string,,,,
,string,,,,
Stewart Chisale,string,,,,
Jan Cieslinski,string,,,,
Ian Colorado,string,,,,
Fernando Cortez,string,,,,
Adrian Cruz,string,,,,
Fernando Cruz,string,,,,
Miguel Cruz Casares,string,,,,
Fernando Cue,string,,,,
,string,,,,
Julian Davila,string,,,,
Sebastian Ari De la Brena,string,,,,
Rodrigo De Lira,string,,,,
Jason Louis Delgado,string,,,,
Daria Deren,string,,,,
Diego Fernando Dominguez,string,,,,
Jakub Drozka,string,,,,
Krystian Duda,string,,,,
Karol Dudzinski,string,,,,
,string,,,,
,string,,,,
,string,,,,
Ivan Emiliano Zapata,string,,,,
Javier Espinosa,string,,,,
,string,,,,
Santiago Farinas,string,,,,
Mohammad FatehNaeem,string,,,,
,string,,,,
Alejandro Fierro,string,,,,
Jorge Alejandro Flores,string,,,,
Andrea Yadira Flores Terron,string,,,,
Carlos Franco,string,,,,
Antonio Franyutti,string,,,,
Carlos Fuentes,string,,,,
Francisco Funtanet,string,,,,
Mauricio Galicia,string,,,,
,string,,,,
Fernando Gama,string,,,,
Dominik Gandziarek,string,,,,
Angel Daniel Garcia,string,,,,
Erik Garcia Barajas,string,,,,
,string,,,,
Juan Luis Gaudry,string,,,,
Pragya Gautam,string,,,,
Juan Gerardo Enriquez,string,,,,
,string,,,,
Eduardo Gomez,string,,,,
Rodrigo Gomez,string,,,,
Scarlett Gonzalez,string,,,,
,string,,,,
Konrad Gornik,string,,,,
Luis Graciano,string,,,,
Axel Guerrero,string,,,,
Jorge Daniel Guerrero,string,,,,
Jorge Guillen,string,,,,
,string,,,,
,string,,,,
Szymon Helt,string,,,,
Daniel Hernandez,string,,,,
Emiliano Hernandez,string,,,,
Isaac Hernandez,string,,,,
Jesus Javier Hernandez,string,,,,
Jorge Hernandez,string,,,,
Josue Baruc Hernandez,string,,,,
Mayra Patricia Hernandez,string,,,,
Rafael Hernandez,string,,,,
,string,,,,
Ethian Huerta,string,,,,
Diego Emiliano Islas,string,,,,
,string,,,,
Hassan Jaber,string,,,,
Dante Jacobs,string,,,,
Jakub Jedrzejczak,string,,,,
Alma Jimenez Ramirez,string,,,,
Fikru Jufar,string,,,,
,string,,,,
Lukasz Kasprzycki,string,,,,
Artur Kaszuba,string,,,,
Lukasz Kaszuba,string,,,,
Jasurbek Khamroev,string,,,,
Mateusz Kilinski,string,,,,
Mateusz Klonowski,string,,,,
,string,,,,
Maciej Kolbuc,string,,,,
Rafal Kolodziej,string,,,,
Bartlomiej Korzekwa,string,,,,
Feliks Korzeniewski,string,,,,
Marcin Kowalewski,string,,,,
Sandra Krawczyk,string,,,,
Milena Krupczynska,string,,,,
Sofiia Kryshchuk,string,,,,
Kamil Kubicki,string,,,,
Bruno Kurczyn,string,,,,
Wojciech Kusek,string,,,,
Krzysztof Kuzia,string,,,,
Pavel Kuzniatsou,string,,,,
Konrad Kwiatkowski,string,,,,
Cristian Edgar Lara,string,,,,
Ruy Nestor Lares Arroyo,string,,,,
Carlos Leon,string,,,,
Daniel Leon,string,,,,
,string,,,,
Alicia Lira,string,,,,
Yago Llamas,string,,,,
Bartlomiej Lochowski,string,,,,
Alain Lopez,string,,,,
Carlos Daniel Lopez,string,,,,
Jose Luis Lopez,string,,,,
Aldo Lozano,string,,,,
Jose Luis Lozano,string,,,,
Richard Lozano,string,,,,
,string,,,,
,string,,,,
,string,,,,
Guillermo Maldonado,string,,,,
Tatenda Mangere,string,,,,
Adrian Alexei Mariscal,string,,,,
Jacek Marquez Stone,string,,,,
Alan Martinez,string,,,,
Alejandro Martinez,string,,,,
Victor Martinez,string,,,,
,string,,,,
,string,,,,
Mateusz Matyjasek,string,,,,
Mateo Mayo,string,,,,
Arturo Medina,string,,,,
David Medina,string,,,,
Fernando Medina,string,,,,
Wojciech Menkus,string,,,,
Guillermo Barachiel Mercado,string,,,,
Israel Mercado,string,,,,
Mauricio Merino,string,,,,
Miguel Meza,string,,,,
Andrzej Mierzejewski,string,,,,
Patryk Miros,string,,,,
Michal Mleczko,string,,,,
Nancy Montes,string,,,,
Mariajose Montoya,string,,,,
Diego Morales,string,,,,
Ruben Morales Vargas,string,,,,
Carlos Alberto Moreno,string,,,,
Laura Moreno,string,,,,
Alan Nava,string,,,,
Mauricio Nava,string,,,,
Jakub Niedziela,string,,,,
Jakub Nowicki,string,,,,
Oskar Nurutdinov,string,,,,
Nuradyl Okeev,string,,,,
Szymon Oleszko,string,,,,
Juan Carlos Olvera,string,,,,
Alfredo Ontiveros,string,,,,
Patryk Orlowski,string,,,,
Andres Ortega Eichelmann,string,,,,
Hector Ortiz,string,,,,
Jaime Ortiz,string,,,,
Luis Ortiz,string,,,,
Shai Karel Pacheco Ramirez,string,,,,
Justyna Pacholska,string,,,,
Martha Palomares,string,,,,
Jesus Antonio Patino,string,,,,
Armando Pesaj Perez,string,,,,
,string,,,,
,string,,,,
Jorge Guillermo Pineda,string,,,,
Jose Miguel Pineda,string,,,,
Agata Pisarska,string,,,,
Alojzy Placak,string,,,,
Anastazja Podlasin,string,,,,
Oleksandr Podolich,string,,,,
Maksym Podorozhnyi,string,,,,
Ingrid Pohlenz,string,,,,
Piotr Polikarski,string,,,,
Pawel Poloch,string,,,,
Pedro Porraz,string,,,,
Dalia Pozos,string,,,,
Juan Sebastian Pulido Amaya,string,,,,
Vishnu Puthiyapurayil,string,,,,
Luis Fernando Quintanilla,string,,,,
Daniel Quintero,string,,,,
Milosz Rak,string,,,,
Jesus Enrique Ramirez,string,,,,
Luis Rodrigo Ramirez,string,,,,
Maximiliano Ramirez,string,,,,
Ulises Ramirez,string,,,,
,string,,,,
Daniel Revuelta,string,,,,
Aline Viviana Reyes,string,,,,
Hugo Reyes,string,,,,
Andrea Rivas,string,,,,
Edgar Rivera,string,,,,
Abdul Rocha,string,,,,
Irving Rodriguez,string,,,,
Mario Rodriguez,string,,,,
Rafael Rodriguez,string,,,,
Luis Antonio Rodriguez Avila,string,,,,
Luis Ramon Rodriguez Franco,string,,,,
Maciej Rogalewicz,string,,,,
Mario Gilberto Rojas,string,,,,
Saul Rojas,string,,,,
Bartosz Rola,string,,,,
Carlos Mauricio Romero,string,,,,
Luis Romero,string,,,,
Victor Atzayatzin Rosas,string,,,,
Monica Liliana Rosas Mendez,string,,,,
Zofia Rutkowska,string,,,,
Tatenda Sakarombe,string,,,,
Ivan Salinas,string,,,,
Manuel Alejandro Salinas,string,,,,
Hector Sanchez,string,,,,
Julio Cesar Sanchez,string,,,,
Raul Sanchez,string,,,,
Valentina Sanchez,string,,,,
Cesar Sanchez Cabrera,string,,,,
Andrea Itzel Sandoval,string,,,,
Daniel Sandoval,string,,,,
Marco Di Francesco Sep,string,,,,
Dayra Zoe Serna,string,,,,
Gael Oswaldo Serrano,string,,,,
Joaquin Silis,string,,,,
Alejandro Silva Sanchez,string,,,,
Camilo Soberanes,string,,,,
Aleksandra Sobiecka,string,,,,
,string,,,,
Mateusz Szacilowski,string,,,,
Maciej Szlendak,string,,,,
,string,,,,
,string,,,,
Adolfo Talavera,string,,,,
Jesus Tapia,string,,,,
Kacper Tryc,string,,,,
Dorian Agustin Tudela,string,,,,
Andrea Valencia,string,,,,
Ignacio Aragon Varela Aguirre,string,,,,
Noe Vargas,string,,,,
Ruben Emiliano Vargas,string,,,,
Jonathan Fernando Vazquez,string,,,,
Carlos Angel Vazquez del Carmen,string,,,,
Nestor Ventura,string,,,,
Harshit Verma,string,,,,
Sofiia Vialykh,string,,,,
Santiago Villagran,string,,,,
Diego Villalobos,string,,,,
Eduardo Villanueva,string,,,,
Mario Villanueva,string,,,,
Ximena Villarreal,string,,,,
Gerard Warok,string,,,,
Igor Wasilewski,string,,,,
Aleksander Wisniewski,string,,,,
Daniel Wong,string,,,,
Evan Wright,string,,,,
Tomasz Wyszomierski,string,,,,
Florine Xaba,string,,,,
Pawel Zambrzycki,string,,,,
Maciej Zamojski,string,,,,
Raul Zaragoza,string,,,,
Jakub Zarski,string,,,,
Sebastian Zazueta,string,,,,
Adam Zdanowski,string,,,,
Michal Znajkiewicz,string,,,,
,string,,,,
Release Management Group,dept,,,,
Jasmine Alvarado-Salinas,string,,,,
Kimberly Carrasco,string,,,,
Ryan Ford,string,,,,
Nicholas Sheward,string,,,,
Solid State Studios,dept,,,,
Katelyn Eustace,string,,,,
John Faehn,string,,,,
Ariel Gonzalez,string,,,,
Brian Monson,string,,,,
Studio Strategy & Operations,dept,,,,
,string,,,,
Mike Quance,string,,,,
Michael Shao,string,,,,
Kyle Ward,string,,,,
Talent Acquisition,dept,,,,
Angela Alvarez,string,,,,
Sadie Andrade,string,,,,
Paul Archer,string,,,,
Ben Averill,string,,,,
Jonathan Baamonde,string,,,,
Alison Barnish,string,,,,
Olivier Berube,string,,,,
Kelly Black,string,,,,
Natasha Boghossian-Tighe,string,,,,
Jess Brabant,string,,,,
Erin Breslin,string,,,,
Jordan Budisantoso,string,,,,
Robi Chen,string,,,,
Dan Cho,string,,,,
Anna Clarke,string,,,,
Ben Coletta,string,,,,
Vicki Cory,string,,,,
Rhea DeBolt,string,,,,
Anne Diep,string,,,,
Harriet Donaldson,string,,,,
Lauren Drohan,string,,,,
Ben Dukes,string,,,,
Vivian Enos,string,,,,
Ari Friedman,string,,,,
Preeya Georgiou,string,,,,
Gonzalo Granizo,string,,,,
Aled Griffith-Swain,string,,,,
Stephanie Guastella,string,,,,
Jason Harris,string,,,,
Kate Harrison,string,,,,
Matt Hearnden,string,,,,
Ana Hernandez,string,,,,
Andrew Hilson,string,,,,
Kayla Homan,string,,,,
Alex Horner,string,,,,
,string,,,,
Frida Ihreblom,string,,,,
Sheriden Jackson,string,,,,
,string,,,,
Morgan Jadav,string,,,,
Kendall Joy,string,,,,
Nick Kleinert,string,,,,
Samja Kout,string,,,,
Cindy Lee,string,,,,
Heajoon Lee,string,,,,
Steven Lemmeyer,string,,,,
Annica Lindquist,string,,,,
Robin Linn,string,,,,
Lauren McLeaird,string,,,,
Julie Ming,string,,,,
Rob Mitchell,string,,,,
Julie Montes,string,,,,
Micah Moore,string,,,,
Crystal Mora,string,,,,
Christina Nichols,string,,,,
Spencer Noack,string,,,,
Alec Noggle,string,,,,
Kim O'Kelley-Fussner,string,,,,
Dzenita Ovcina,string,,,,
Loc Pham,string,,,,
Amy Rich,string,,,,
Megan Saldana,string,,,,
Imran Sheikh,string,,,,
,string,,,,
Wendy Spindler,string,,,,
Harrison Stevens,string,,,,
Demetrius Taylor,string,,,,
Kiersten Terry,string,,,,
Ed Tien,string,,,,
Mikysha Tolbert,string,,,,
Katie Traines,string,,,,
Jake Vassello,string,,,,
Michael Vergara,string,,,,
Suzanne Whelpley,string,,,,
Liz Wilkinson,string,,,,
Charlene Xing,string,,,,
Talent Attraction and Sourcing,dept,,,,
Jasmin Ali,string,,,,
Joanna Anteson,string,,,,
Jordan Bateman,string,,,,
Danielle Burkard,string,,,,
Jason DeCoste,string,,,,
Matthew Duarte,string,,,,
pdate,string,,,,
Arin Goldsmith,string,,,,
Richard Gordon,string,,,,
Toby Greet,string,,,,
Christian Hebert,string,,,,
Devin Hughes,string,,,,
Tom Hukin,string,,,,
Helena Jones,string,,,,
Stephanie Keegan,string,,,,
Daniel Kraemer,string,,,,
Briana Lebel,string,,,,
Max Levasseur,string,,,,
Kevin Luu,string,,,,
Megan Marn,string,,,,
Brittney Menzies,string,,,,
Jeana Mervine,string,,,,
Joel Mitchell,string,,,,
Ivette Parejo Pallares,string,,,,
Adam Radford,string,,,,
Aimee Roye,string,,,,
Andy Tang,string,,,,
Liz Turner,string,,,,
Don Willett,string,,,,
Technical Requirements Group,dept,,,,
Pedro Aguilar,string,,,,
Zach Alicaway,string,,,,
Kevin Baxter,string,,,,
Brian Bensi,string,,,,
Nicholas Blanchard,string,,,,
Fin Burbey,string,,,,
Eric Castillo,string,,,,
Kyle Cloos,string,,,,
Kenneth Curtis,string,,,,
Michael Dagampat,string,,,,
David Delanty,string,,,,
Brian Dionne,string,,,,
Peter Doan,string,,,,
Tim Fox,string,,,,
Oliver Hsia,string,,,,
Colin Kawakami,string,,,,
Donny Laws,string,,,,
Andrea Livingston,string,,,,
Damien Miller,string,,,,
Alden Paguia,string,,,,
Tyler Perez,string,,,,
Dannette Salinas,string,,,,
Tom Shelley,string,,,,
Hunter Grant Stokes,string,,,,
Chris Tomlinson,string,,,,
Jonathan Ung,string,,,,
Sara Valdez,string,,,,
Tevin Wilkerson,string,,,,
Jonathan Wood,string,,,,
User Research,dept,,,,
Daniel Aparicio,string,,,,
Brice Arnold,string,,,,
Ahmad Azadvar,string,,,,
Shiba Bechara,string,,,,
Kuri Benitez,string,,,,
Naomi Ceniceros,string,,,,
Cooper Colglazier,string,,,,
Roland Collazo,string,,,,
Pat Dimaandal,string,,,,
Trenton Eiberg,string,,,,
Lauren Emmett,string,,,,
Carlo Escobar,string,,,,
Maximiliano Fulgueira,string,,,,
John G. Cross,string,,,,
Santino V. Garcia,string,,,,
Yalda Ghasemi,string,,,,
Adams Greenwood-Ericksen,string,,,,
Tyler Hoisington,string,,,,
Shing-Hoi Lau,string,,,,
Brent Lebow,string,,,,
Michie Leccese,string,,,,
Jennifer Lee,string,,,,
Daniel Massey,string,,,,
Dinara Moura,string,,,,
Hannah Murphy,string,,,,
Qianhui (Vicky) Ni,string,,,,
Daniel Nunes,string,,,,
Michelle Pei,string,,,,
Cianna Robinson,string,,,,
Christian Soza,string,,,,
Nicolaas VanMeerten,string,,,,
Evan Waltmire,string,,,,
Marit Wangstad,string,,,,
Ian Wright,string,,,,
,string,,,,
Activision Thanks,dept,,,,
Guido Alves,string,,,,
Suzie Carr,string,,,,
Francisco Chinchot,string,,,,
Andrew Crawford,string,,,,
Johanna Faries,string,,,,
Felipe Felix,string,,,,
Aura Gomez,string,,,,
Brianda Lambaren,string,,,,
Jason Lembcke,string,,,,
Natalie Page,string,,,,
John Reynolds,string,,,,
Shauna Ruthenbeck,string,,,,
Rob Schonfield,string,,,,
Cris Strenth,string,,,,
Rafael Tello,string,,,,
Bill Wu,string,,,,
Judy Yoon,string,,,,
BLANKLONG,blank,,,,
BLANKLONG,blank,,,,
BLANKLONG,blank,,,,
BLANKLONG,blank,,,,
BLANKLONG,blank,,,,
MOTION CAPTURE,logotext,,,,
BLANK,blank,,,,
BLANK,blank,,,,
Stunt Coordinators,dept,,,,
Alvin Chon,string,,,,
Robert Dill,string,,,,
Andrew Katers,string,,,,
Mark Miscione,string,,,,
Trevor Rees,string,,,,
Derron Ross,string,,,,
Shahaub Roudbari,string,,,,
Jeff Skubal,string,,,,
Aaron Toney,string,,,,
Travis Wong,string,,,,
Stunt Performers,dept,,,,
Benjamin T Alexander,string,,,,
Joesar Alva,string,,,,
Felix Betancourt,string,,,,
Marc Canonizado,string,,,,
Bryan Cartago,string,,,,
Justin Chang,string,,,,
Micaiah Chau,string,,,,
Anis Cheurfa,string,,,,
Gui Da Silva-Greene,string,,,,
Mackensi Emory,string,,,,
Andrew Franklin,string,,,,
Caitlin Hutson,string,,,,
Bruce Inaba,string,,,,
Brian Jansa,string,,,,
Cina McKenna,string,,,,
Spencer Mulligan,string,,,,
Bianca Nobel,string,,,,
Andi Norris,string,,,,
Anthony Oh,string,,,,
Joseph Oreste,string,,,,
Jerry Quill,string,,,,
Corbin Reinhardt,string,,,,
David Rhoden,string,,,,
Kellina Renee Rutherford,string,,,,
Shayan Safar,string,,,,
Ryan Sangster,string,,,,
Justin Strack,string,,,,
Amy Sturdivant,string,,,,
,string,,,,
Nikita Teterev,string,,,,
Christopher Troy,string,,,,
Paul Whitecotton,string,,,,
Lead Riggers,dept,,,,
Bryce Branagan,string,,,,
Craig Jensen,string,,,,
Brian McCoy,string,,,,
Matt Miscione,string,,,,
Eric VanArsdale,string,,,,
Riggers,dept,,,,
Ken Arata,string,,,,
Logan Brown,string,,,,
Joshua Croughwell,string,,,,
Michael Ferragamo,string,,,,
Thomas Forbes-Johnson,string,,,,
Kevin Gomez,string,,,,
Grant Jewett,string,,,,
Cash liley,string,,,,
Alex McCaslin,string,,,,
Chris Peterson,string,,,,
Josh Rasille,string,,,,
Sinilau Tauteoli,string,,,,
MOCAP Performers,dept,,,,
Andrew Abrams,string,,,,
Nick Apostolides,string,,,,
Gardner August,string,,,,
Brenda Barrie,string,,,,
Shawn Bernal,string,,,,
Emma Boyden,string,,,,
Kamy Bruder,string,,,,
Brian Chase,string,,,,
Nick Chiaverini,string,,,,
Catherine Daddario,string,,,,
Fiona Dorn,string,,,,
Michelle Jubilee Gonzalez,string,,,,
Justin Hughes,string,,,,
Nicky Jasper,string,,,,
Loren Jones,string,,,,
Jonathan Kaya,string,,,,
Lawrence Kern,string,,,,
Christian Litke,string,,,,
Emily Marso,string,,,,
Marina Mazepa,string,,,,
Eric Mbanda,string,,,,
Allison McAtee,string,,,,
Chris McClure,string,,,,
Daniel Millhouse,string,,,,
Melissa Murphy,string,,,,
Sean Okerberg,string,,,,
,string,,,,
,string,,,,
David Paladino,string,,,,
Kara Peterson,string,,,,
Andrew Rathgeber,string,,,,
Trevor Rees,string,,,,
Sean Rosario,string,,,,
Mario Sanchez,string,,,,
Michael Saubert Jr.,string,,,,
Cooper Skubal,string,,,,
TJ Storm,string,,,,
Tyler Tacket,string,,,,
Paul Thoma,string,,,,
Nick Toussaint,string,,,,
Jahlil Wallace,string,,,,
Andrew Weir,string,,,,
Matt Weis,string,,,,
Kai Young,string,,,,
VO / PCAP Performers,dept,,,,
Chantelle Barry,string,,,,
Gene Farber,string,,,,
Set Medics,dept,,,,
Josue Amarao,string,,,,
Michael Dasargo,string,,,,
Vanessa Rowen Nguyen,string,,,,
Video Leads,dept,,,,
Kyle Potter,string,,,,
Jeff Reyes,string,,,,
Daniel Saldana,string,,,,
TJ Williams,string,,,,
Camera Operators,dept,,,,
Shaun Charney,string,,,,
Chris Leyva,string,,,,
Andy Reyes,string,,,,
HMC Techs,dept,,,,
Nikola Dupkanic,string,,,,
Matt Kolodziejczyk,string,,,,
Brooks Ludwick,string,,,,
Paul Sun,string,,,,
Makeup Artists,dept,,,,
Liseth De La Torre,string,,,,
Megyn Harris,string,,,,
Andrealisse Lopez,string,,,,
Body Scan,dept,,,,
Anais Almonte,string,,,,
Dani Bryan,string,,,,
Carlo Mendez,string,,,,
Face Scan,dept,,,,
Malia Arrayah,string,,,,
Sherri Be Quinones,string,,,,
Michael Benyaer,string,,,,
David Bertucci,string,,,,
Philip Cole,string,,,,
Steve Dellatori,string,,,,
Troy Dillinger,string,,,,
Priscilla Doueihy,string,,,,
Massi Furlan,string,,,,
Blaize Hall,string,,,,
Amanda Hawkins,string,,,,
Carol Hoyt,string,,,,
Lucas Hyde,string,,,,
Rocio Ibarra,string,,,,
Amy Leann Bury,string,,,,
Darren Lo,string,,,,
Ego Mikitas,string,,,,
Rosco Nash,string,,,,
Lyuba Rose,string,,,,
Kati Salowsky,string,,,,
Marisha Shine,string,,,,
Luke Charles Stafford,string,,,,
Julian Stone,string,,,,
Jill Storment,string,,,,
Nikolai Tereschenko,string,,,,
Light Stage,dept,,,,
Maaz Ali,string,,,,
Dean Elias,string,,,,
Zen Flynt,string,,,,
Keturah Hamilton,string,,,,
Kimber London,string,,,,
Jaia Lyne,string,,,,
Jason Shane Scott,string,,,,
BLANKLONG,blank,,,,
BLANKLONG,blank,,,,
BLANKLONG,blank,,,,
BLANKLONG,blank,,,,
BLANKLONG,blank,,,,
MUSIC,logotext,,,,
BLANK,blank,,,,
BLANK,blank,,,,
Music Composed and Produced by,dept,,,,
Jack Wall,string,,,,
Composer Assistant,dept,,,,
Jim Lordeman,string,,,,
Additional Score Music,dept,,,,
Nicolas and Jacob Bitove (ROMES),string,,,,
Shaun Chen,string,,,,
Jim Lordeman,string,,,,
Pedro Macedo Camacho,string,,,,
Additional Multiplayer Music,dept,,,,
Nicolas and Jacob Bitove (ROMES),string,,,,
Or Kribos,string,,,,
Jim Lordeman,string,,,,
Jeff Rona,string,,,,
"Raining The Fire",dept,,,,
Jack Wall,cast,Composed by,,,
Jimmy Hinson (Big Giant Circles),cast,,,,
Nicolas And Jacob Bitove (Romes),cast,,,,
Jack Wall,cast,Mixed by,,,
Score Supervisor,dept,,,,
Audrey deRoche,string,,,,
Booth Supervisor,dept,,,,
Jack Wall,string,,,,
Orchestra Contractor,dept,,,,
Jenny Goshawk for Isobel Griffiths,string,,,,
Conductor,dept,,,,
Neal Desby and Jack Wall,string,,,,
Orchestrators,dept,,,,
Neal Desby and Michael Kallin,string,,,,
Session Manager,dept,,,,
Audrey deRoche,string,,,,
Assist. Booth Supervisor,dept,,,,
Jim Lordeman,string,,,,
Supervising Copyist,dept,,,,
Jonathan deRoche,string,,,,
Music Preparation,dept,,,,
Ross deRoche and Junko Tamura for deRoche Music, Inc.,string,,,,
Librarian,dept,,,,
Jill Streater,string,,,,
Orchestra ProTools File Preparation,dept,,,,
,string,,,,
Game Theme Mastering,dept,,,,
Miguel Marques at Arda Recorders, Porto,string,,,,
Orchestra recorded at,dept,,,,
Air Studios, London, July 6-9, 2024,string,,,,
Score Recording Engineer,dept,,,,
Geoff Foster,string,,,,
ProTools Operator,dept,,,,
John Prestage,string,,,,
Score Recording Assistant Engineers,dept,,,,
Eve Morris,string,,,,
Jed Rimell,string,,,,
Orchestra Sessions Mixed by,dept,,,,
Orchestra Sessions Mixed by Phil McGowan, McGowan Soundworks, LTD, Los Angeles, CA,string,,,,
Additional Production,dept,,,,
Nicolas and Jacob Bitove (ROMES), Toronto, Canada,string,,,,
Guitars and Synthesizers,dept,,,,
Jacob Bitove,string,,,,
Drums,dept,,,,
Nicolas Bitove,string,,,,
Percussion,dept,,,,
MB Gordy,string,,,,
Percussion recorded by,dept,,,,
Lucas Fehring at Riot Drum Studios,string,,,,
Electric and Bowed Basses,dept,,,,
Juan Garcia-Herreros,string,,,,
Oud and GuitarViol,dept,,,,
Loga Ramin Torkian,string,,,,
Electric Cello,dept,,,,
Tina Guo,string,,,,
Guitars and Baritone Ukulele,dept,,,,
George Doering,string,,,,
,dept,,,,
Gracie LeClere,string,,,,
Music editing,dept,,,,
Brian DiDomenico,string,,,,
Alex Hemlock,string,,,,
Jim Lordeman,string,,,,
Violins,dept,,,,
Simon Baggs,string,,,,
Fenella Barton,string,,,,
Ben Buckton,string,,,,
Martin Burgess,string,,,,
Emil Chakalov,string,,,,
Miranda Dale,string,,,,
Sarah Daramy-Williams,string,,,,
Harriet Davies,string,,,,
Alison Dods,string,,,,
Jonathan Evans-Jones,string,,,,
Marianne Haynes,string,,,,
Philippe Honore,string,,,,
Jeremy Isaac,string,,,,
Patrick Kiernan,string,,,,
Gaby Lester,string,,,,
Bea Lovejoy,string,,,,
Jens Lynen,string,,,,
Lorraine McAslan,string,,,,
Laura Melhuish,string,,,,
John Mills,string,,,,
Tom Pigott-Smith,string,,,,
Patrick Savage,string,,,,
Clare Thompson,string,,,,
Debbie Widdup,string,,,,
Paul Willey,string,,,,
Helena Wood,string,,,,
Warren Zielinski,string,,,,
Violas,dept,,,,
Rachel Bolt,string,,,,
Rachel Byrt,string,,,,
Reiad Chibah,string,,,,
Sue Dench,string,,,,
Clive Howard,string,,,,
Helen Kamminga,string,,,,
Peter Lale,string,,,,
Kate Musker,string,,,,
Andy Parker,string,,,,
Chris Pitsillides,string,,,,
Cellos,dept,,,,
Ian Burdge,string,,,,
Ben Chappell,string,,,,
Julia Graham,string,,,,
Peter Gregson,string,,,,
Sophie Harris,string,,,,
Katherine Jenkinson,string,,,,
Tim Lowe,string,,,,
Frank Schaefer,string,,,,
Bozidar Vukotic,string,,,,
Tony Woollard,string,,,,
Chris Worsey,string,,,,
Basses,dept,,,,
Rory Dempsey,string,,,,
Chris Kelly,string,,,,
Roger Linley,string,,,,
Daniel Molloy,string,,,,
Steve Rossell,string,,,,
Lucy Shaw,string,,,,
Beth Symmons,string,,,,
Stacey Watton,string,,,,
Flutes,dept,,,,
Katherine Baker,string,,,,
Helen Keen,string,,,,
Oboes,dept,,,,
John Anderson,string,,,,
Janey Miller,string,,,,
Clarinets,dept,,,,
David Fuest,string,,,,
Nicholas Rodwell,string,,,,
Bassoons,dept,,,,
Rachel Gough,string,,,,
Rachel Simms,string,,,,
Horns,dept,,,,
Corinne Bailey,string,,,,
Nigel Black,string,,,,
Diego Incertis,string,,,,
Martin Owen,string,,,,
Michael Thompson,string,,,,
John Thurgood,string,,,,
Phil Woods,string,,,,
Trumpets,dept,,,,
Kate Moore,string,,,,
Tom Rees-Roberts,string,,,,
Matt Williams,string,,,,
Tenor Trombones,dept,,,,
Tracy Holloway,string,,,,
Matthew Lewis,string,,,,
Peter Moore,string,,,,
Mark Nightingale,string,,,,
Bass Trombones,dept,,,,
Barry Clements,string,,,,
Dave Stewart,string,,,,
Tubas/Cimbassos,dept,,,,
Ross DeRoche,string,,,,
Owen Slade,string,,,,
Solo Trumpet,dept,,,,
Tom Rees-Roberts,string,,,,
Solo French Horn,dept,,,,
Martin Owen,string,,,,
Zombies Music Composed by,dept,,,,
Brian Tuey,string,,,,
Zombies Hidden Songs by,dept,,,,
Kevin Sherwood,string,,,,
Additional Zombies Music,dept,,,,
Tori Letzler,string,,,,
James McCawley,string,,,,
Additional Guitars By,dept,,,,
Leo Sartwell,string,,,,
Zombies Music Mastered By,dept,,,,
Scott Eckert,string,,,,
"Can You Hear Me? (Come in)",dept,,,,
Kevin Sherwood,cast,Written by:,,,
Megan Rice,cast,Performed by:,,,
Jacob Umansky,cast,Bass:,,,
Nathan Bulla,cast,Drums:,,,
Malukah,cast,Additional Vocals:,,,
Jordan Valeriote,cast,Mix:,,,
Piotr Garbaczonek At Zampol Prod.,cast,Mastering:,,,
,dept,,,,
Kevin Sherwood,cast,Written by:,,,
Cristina Scabbia,cast,Performed by:,,,
Jacob Umansky,cast,Bass:,,,
Nathan Bulla,cast,Drums:,,,
Malukah,cast,Vocal Editing:,,,
Joey Doherty,cast,Mix:,,,
Tyler Smyth,cast,Mastering:,,,
,dept,,,,
Michael Render,cast,Written by:,,,
Jamie Meline,cast,,,,
Kristopher Bailey,cast,,,,
Killer Mike,cast,Performed by:,,,
Rock D The Legend,cast,,,,
Vlns / Loma Vista Recordings, Distributed By Concord,cast,Courtesy of:,,,
Pulse Worldwide, American Songs Sigma, Definitive Jux Music Administered By Concord Tunes,cast,Published by:,,,
,cast,Published by:,,,
Simp Free Entertainment,cast,Courtesy of:,,,
,dept,,,,
Charles Hugh,cast,Written by:,,,
Ross Parker,cast,,,,
Vera Lynn,cast,Performed by:,,,
Decca Music Group Limited Under License From Universal Music Enterprises,cast,Courtesy of:,,,
Wise Music Group, Obo Music Sales Corporation,cast,Courtesy of:,,,
,dept,,,,
Trent Reznor,cast,Written by:,,,
Nine Inch Nails,cast,Performed by:,,,
Craft Recordings, A Division Of Concord,cast,Courtesy of:,,,
,dept,,,,
Perry Farrell,cast,Written by:,,,
David Michael Navarro,cast,,,,
Stephen Andrew Perkins,cast,,,,
Eric Adam Avery,cast,,,,
,cast,Performed by:,,,
(P) 1990 Warner Records Inc.,cast,,,,
Warner Music Group Video Game Licensing,cast,By arrangement with:,,,
I Ll Hit You Back Music,cast,Published by:,,,
Songs Of Kobalt Music Publishing,cast,Administered by:,,,
Universal Music Publishing Group,cast,Courtesy of:,,,
,dept,,,,
Robert James Smith,cast,Written by:,,,
Simon Johnathon Gallup,cast,,,,
Porl Thompson,cast,,,,
Boris Williams,cast,,,,
Roger O'Donnell,cast,,,,
Laurence Andrew Tolhurst,cast,,,,
The Cure,cast,Performed by:,,,
(P) 1989 Elektra Records,cast,,,,
Warner Music Group Video Game Licensing,cast,By arrangement with:,,,
Fiction Records Limited/ Polydor Uk Limited Under License From Universal Music Enterprises,cast,Courtesy of:,,,
Universal Music Publishing Group,cast,Courtesy of:,,,
,dept,,,,
Jerry Cantrell,cast,Written by:,,,
Alice In Chains,cast,Performed by:,,,
Columbia Records,cast,Courtesy of:,,,
Sony Music Entertainment,cast,By arrangement with:,,,
Concord Summit Copyrights,cast,Published by:,,,
,dept,,,,
Matt Dike,cast,Written by:,,,
Marvin Young,cast,,,,
Luther Rabb,cast,,,,
Jim Walters,cast,,,,
Young Mc,cast,Performed by:,,,
Craft Recordings, A Division Of Concord,cast,Courtesy of:,,,
Young Man Moving Inc., Arlovol Music Administered By Penny Farthing Music,cast,Published by:,,,
Bmg Gold Songs On Behalf Of Ex Vw, Inc., Administered By Bmg Rights Management (Us) Llc,cast,Published by:,,,
Anden Mosebog, Inc. D/B/A Microhits Music Corp.,cast,Published by:,,,
,dept,,,,
Michael Bordin,cast,Written by:,,,
Roddy Bottum,cast,,,,
Bill Gould,cast,,,,
James Martin,cast,,,,
Michael Patton,cast,,,,
Faith No More,cast,Performed by:,,,
(P) 1989 Slash Records / Warner Records Inc.,cast,,,,
Warner Music Group Video Game Licensing,cast,By arrangement with:,,,
Big Thrilling Music,cast,Courtesy of:,,,
,dept,,,,
Paul Barker,cast,Written by:,,,
,dept,,,,
Al Jourgensen,cast,,,,
Ministry,cast,Performed by:,,,
(P) 1992 Sire Records Company,cast,,,,
Warner Music Group Video Game Licensing,cast,By arrangement with:,,,
Lovolar Music Administered By Bike Music,cast,Published by:,,,
,cast,,,,
All Rights On Behalf Of Itself And Spurburn Music And Gerda Barker Pub,cast,,,,
Designee Administered By Warner-Tamerlane Publishing Corp.,cast,,,,
All Rights Reserved. Used By Permission.,cast,,,,
,dept,,,,
David Joseph Wesley,cast,Arranged by:,,,
Bmg Production Music,cast,Courtesy of:,,,
,dept,,,,
David Kates,cast,Written by:,,,
David Kates,cast,Performed by:,,,
Lost In Sound Music,cast,Courtesy of:,,,
,dept,,,,
David Kates,cast,Written by:,,,
David Kates,cast,Performed by:,,,
Lost In Sound Music,cast,Courtesy of:,,,
,dept,,,,
Jay Glover [ Prs ],cast,Composed by:,,,
Dominic Glover [ Prs ],cast,,,,
Gary James Crockett [ Prs ],cast,,,,
Chappell Recorded Music Library Ltd,cast,Published by:,,,
Universal Production Music,cast,Courtesy of:,,,
,dept,,,,
Gresby Race Nash [ Prs ],cast,Composed by:,,,
Chappell Recorded Music Library Ltd,cast,Published by:,,,
Universal Production Music,cast,Courtesy of:,,,
,dept,,,,
Dan Stein [ Ascap ],cast,Composed by:,,,
Zfc Music [ Sesac ],cast,Published by:,,,
Universal Production Music,cast,Courtesy of:,,,
"Stamin Up Jingle",dept,,,,
Brian Tuey,cast,Lyrics by:,,,
Craig Houston,cast,Performed by:,,,
Chappell Recorded Music Library Ltd,cast,Published by:,,,
Universal Production Music,cast,Courtesy of:,,,
All Rights Reserved. Used By Permission.,cast,,,,
,dept,,,,
Brian Tuey And Craig Houston,cast,Lyrics by:,,,
Craig Houston,cast,Performed by:,,,
Apm Music,cast,Courtesy of:,,,
All Rights Reserved. Used By Permission.,cast,,,,
,dept,,,,
Brian Tuey And Craig Houston,cast,Lyrics by:,,,
Elena Siegman,cast,Performed by:,,,
Apm Music,cast,Courtesy of:,,,
All Rights Reserved. Used By Permission.,cast,,,,
,dept,,,,
Craig Houston,cast,Lyrics by:,,,
Elena Siegman,cast,Performed by:,,,
,dept,,,,
Shawn Jimmerson,cast,Lyrics by:,,,
Shawn Jimmerson,cast,Performed by:,,,
"Deadshot Daquiri Jingle",dept,,,,
Craig Houston,cast,Lyrics by:,,,
Craig Houston,cast,Performed by:,,,
Chappell Recorded Music Library Ltd,cast,Published by:,,,
Universal Production Music,cast,Courtesy of:,,,
All Rights Reserved. Used By Permission.,cast,,,,
"PHD Flopper Jingle",dept,,,,
Brian Tuey And Shawn Jimmerson,cast,Lyrics by:,,,
Craig Houston,cast,Performed by:,,,
Zfc Music [ Sesac ],cast,Published by:,,,
Universal Production Music,cast,Courtesy of:,,,
All Rights Reserved. Used By Permission.,cast,,,,
"What a Carry On" ("Revive Soda Jingle"),dept,,,,
Apm Music,cast,Courtesy of:,,,
,dept,,,,
Craig Houston,cast,Lyrics by:,,,
Craig Houston,cast,Performed by:,,,
Shawn Jimmerson,cast,,,,
,dept,,,,
Shawn Jimmerson,cast,Lyrics by:,,,
Shawn Jimmerson,cast,Performed by:,,,
,dept,,,,
Craig Houston,cast,Lyrics by:,,,
Craig Houston,cast,Performed by:,,,
,dept,,,,
Apm Music,cast,Courtesy of:,,,
BLANKLONG,blank,,,,
BLANKLONG,blank,,,,
BLANKLONG,blank,,,,
BLANKLONG,blank,,,,
BLANKLONG,blank,,,,
CAST,logotext,,,,
BLANK,blank,,,,
BLANK,blank,,,,
Casting Director,dept,,,,
Ivy Isenberg,string,,,,
Voice Direction,dept,,,,
Katelyn Gault,string,,,,
Amanda Wyatt,string,,,,
Cast,dept,,,,
Damon Allen,string,,,,
Chantelle Barry,string,,,,
Jordan Bielsky,string,,,,
Lily Cowles,string,,,,
Jeremy Crutchley,string,,,,
Karen David,string,,,,
Seamus Dever,string,,,,
Gene Farber,string,,,,
Keston John,string,,,,
Yuri Lowenthal,string,,,,
Jim Mesikmen,string,,,,
Andrew Morgado,string,,,,
Jaime Ray Newman,string,,,,
Y'lan Noel,string,,,,
Nolan North,string,,,,
Dawn Olivieri,string,,,,
Derek Phillips,string,,,,
Lou Diamond Phillips,string,,,,
Ben Prendergast,string,,,,
Haviland Stillwell,string,,,,
Julian Stone,string,,,,
Bruce Thomas,string,,,,
Reggie Watkins,string,,,,
Additional Cast,dept,,,,
Orion Acaba,string,,,,
Abdul Alvi,string,,,,
Monia Ayachi,string,,,,
Krizia Bajos,string,,,,
John Eric Bentley,string,,,,
Luis Bermudez,string,,,,
JB Blanc,string,,,,
Ray Chase,string,,,,
Luke Cook,string,,,,
Dave Cooley,string,,,,
Debra Cordova,string,,,,
Chris Cox,string,,,,
Sara Cravens,string,,,,
Adam Croasdell,string,,,,
Jon Curry,string,,,,
Brad Davidorf,string,,,,
Brian T Delaney,string,,,,
Darin DePaul,string,,,,
Trevor Devall,string,,,,
Priscilla Doueihy,string,,,,
Ell,string,,,,
Keith Ferguson,string,,,,
Stephen Fu,string,,,,
Greg Furman,string,,,,
Katelyn Gault,string,,,,
Damien Gerard,string,,,,
Giacomo Gianniotti,string,,,,
Adam Gifford,string,,,,
Anthea Greco,string,,,,
Gavin Hammon,string,,,,
Charlie Hewson,string,,,,
Charlie Heydt,string,,,,
Kaiser Johnson,string,,,,
Mara Junot,string,,,,
Sohm Kapila,string,,,,
Andrew Katers,string,,,,
Josh Keaton,string,,,,
Judy Alice Lee,string,,,,
Misty Lee,string,,,,
Matt Lowe,string,,,,
Abigail Marlowe,string,,,,
Piotr Michael,string,,,,
Chivonne Michelle,string,,,,
Melanie Minichino,string,,,,
David B Mitchell,string,,,,
Eliah Mountjoy,string,,,,
Matthew Moy,string,,,,
Julie Nathanson,string,,,,
Rick Pasqualone,string,,,,
Jeffrey Pierce,string,,,,
Jim Pirri,string,,,,
Aleksander Popovic,string,,,,
Nicola Posener,string,,,,
Helen Sadler,string,,,,
Salli Saffioti,string,,,,
Jeff Schine,string,,,,
Eliza Jane Schneider,string,,,,
Samba Schutte,string,,,,
Mark Sheppard,string,,,,
Cordelia Skye,string,,,,
Haaz Sleiman,string,,,,
Stephanie Southerland,string,,,,
Fred Tatasciore,string,,,,
Matthew Waterson,string,,,,
Alexandria E Watts,string,,,,
Scott Whyte,string,,,,
Andia Winslow,string,,,,
BLANKLONG,blank,,,,
BLANKLONG,blank,,,,
BLANKLONG,blank,,,,
BLANKLONG,blank,,,,
BLANKLONG,blank,,,,
EXTERNAL PARTNERS,logotext,,,,
BLANK,blank,,,,
BLANK,blank,,,,
Art Bully Productions,dept,,,,
Alexander Amiryants,string,,,,
Dejan Backovic,string,,,,
Petar Dimic,string,,,,
Abhinav Dixit,string,,,,
Anastasia Djordjevic,string,,,,
Aleksa Dragutinovic,string,,,,
Marcus Dublin,string,,,,
David Ibrovic,string,,,,
Ivan Jankovic,string,,,,
Milan Jelenkovic,string,,,,
Jagos Kalezic,string,,,,
Daria Korinenko,string,,,,
Nikola Kraincanic,string,,,,
Djordje Lazic,string,,,,
Milos Licina,string,,,,
Marko Mastilovic,string,,,,
Aleksa Mirkovic,string,,,,
Marina Nesic,string,,,,
Jelena Nikolic,string,,,,
Predrag Novakovic,string,,,,
Ognjen Pajic,string,,,,
Aleksandar Paskas,string,,,,
Bosko Pavlovic,string,,,,
Elizaveta Popova,string,,,,
Bogdan Popovic,string,,,,
Vaikunth Raghavan,string,,,,
Aleksandar Rakic,string,,,,
Marko Ralcic,string,,,,
Vladan Randelovic,string,,,,
Mihajlo Ristic,string,,,,
Alexandr Rusin,string,,,,
Emir Samardzic,string,,,,
Zarko Savic,string,,,,
Milos Savkovic,string,,,,
Anna Schaler,string,,,,
Vladimir Sipka,string,,,,
Mario Socinjanc,string,,,,
Vladan Spasic,string,,,,
Natasa Stamenkovic,string,,,,
Ivan Stamenovski,string,,,,
Teodora Stankovic,string,,,,
Djurdja Stevanovic,string,,,,
Michal Svec,string,,,,
Lazar Svrkota,string,,,,
Kyrylo Titov,string,,,,
Konrad Torbus,string,,,,
Tanja Tovilovic,string,,,,
Ivan Trifunovic,string,,,,
Nemanja Trivkovic,string,,,,
Viktor Turi,string,,,,
Bosko Vasovic,string,,,,
Maja Vitorovic,string,,,,
Vukasin Vucurovic,string,,,,
Ivona Vujackov,string,,,,
Stefan Vukobratovic,string,,,,
Aleksandar Vukovic,string,,,,
Tymofii Zakharevych,string,,,,
Blur Studio,dept,,,,
Mario Adriano,string,,,,
,string,,,,
Gustav Ahren,string,,,,
Derek Andrews,string,,,,
Nitant Ashok Karnik,string,,,,
Guillaume Babin,string,,,,
Franck Balson,string,,,,
Daniel Bauer,string,,,,
Nico Bauerschaefer,string,,,,
Montana Becker,string,,,,
Adel Ben Abdallah,string,,,,
Guilhem Bergon,string,,,,
James Berkheimer,string,,,,
Andrea Bertaccini,string,,,,
Delphine Blaineau,string,,,,
John Brennick,string,,,,
,string,,,,
Damien Canderle,string,,,,
Erik Carlson,string,,,,
Guilherme Casagrandi,string,,,,
,string,,,,
Tyler Cayce,string,,,,
Daniel Chamberlin,string,,,,
Romain Chassefiere,string,,,,
Alexander Chavez,string,,,,
Tun-en Chen,string,,,,
,string,,,,
Lennard Claussen,string,,,,
Sean Cody,string,,,,
Joshua Cogswell,string,,,,
Claudio Colangello,string,,,,
Joe Coleman,string,,,,
Patrick Conaty,string,,,,
Zack Cork,string,,,,
Jadrien Cousens,string,,,,
Wes Cronk,string,,,,
Rodrigo da Costa,string,,,,
Meg Darcy,string,,,,
Andres De los Rios,string,,,,
,string,,,,
Paolo Dominici,string,,,,
Karin Endo,string,,,,
Caesar Feliz,string,,,,
Jared Fischler,string,,,,
Adrien Flanquart,string,,,,
Tyler Fox,string,,,,
Volcy Gallois-Montbrun,string,,,,
Robert Garcia,string,,,,
Romain Garcia,string,,,,
Jamie Giger,string,,,,
Matt Giovingo,string,,,,
Felipe Gonzalez,string,,,,
Mark Gross,string,,,,
Warren Grubb,string,,,,
Laura Guerrierro,string,,,,
Ian Harvey,string,,,,
Mike Hendricks,string,,,,
Andrew Hu,string,,,,
Michael Huang,string,,,,
Paul Huang,string,,,,
Coraline Hun,string,,,,
Jeremiah Izzard,string,,,,
Saleh Jamsheer,string,,,,
Gregory Jennings,string,,,,
Jon Jordan,string,,,,
Mathias Jourdes,string,,,,
Aleksandar Jovanovic,string,,,,
Dae Kang,string,,,,
Nicole Keefe,string,,,,
Patrick Keenan,string,,,,
Stefan Kovacs,string,,,,
Todd Kumpf,string,,,,
Sujung Kwon,string,,,,
Selim Lallaoui,string,,,,
Robert LaPlante,string,,,,
Isaac Laserre,string,,,,
Tristan Laville,string,,,,
Andre LeBlanc,string,,,,
Jenny Lee,string,,,,
,string,,,,
Laura Lempert,string,,,,
Dan Levy,string,,,,
Amanda Linscott,string,,,,
Alex Lintchinko,string,,,,
Mariano Lopez Dau,string,,,,
Bastien-Tristan Machet,string,,,,
Mark Mancewicz,string,,,,
Emerson Manfrin,string,,,,
Sean Manning,string,,,,
Dorian Marchesin,string,,,,
Maxime Martin,string,,,,
Tadao Masuyama,string,,,,
,string,,,,
Imad Messaoudi,string,,,,
,string,,,,
Brandon Miletta,string,,,,
Kirby Miller,string,,,,
Dan Milligan,string,,,,
Aamir Moosa,string,,,,
Nathan Mooth,string,,,,
Monique Moreno,string,,,,
Alexa Mueller-Heyn,string,,,,
Jackie Munro,string,,,,
Althea Murphy,string,,,,
Phil Nguyen,string,,,,
David Ortiz,string,,,,
Pierre Outin,string,,,,
Silvia Palara,string,,,,
Kaitlyn Parr,string,,,,
Robert Pashayan,string,,,,
Sachin Patekar,string,,,,
Alexandre Plagne,string,,,,
Marceau Plisson,string,,,,
Jim Polk,string,,,,
Xavier Pothron,string,,,,
Thomas Price,string,,,,
Vicktoria Quignard,string,,,,
Dante Quintana,string,,,,
Gabriel Rivera,string,,,,
Guillaume Robert,string,,,,
Raul Rodrigues,string,,,,
Evgeny Rodygin,string,,,,
Kane Rogers,string,,,,
Ashton Rosendahl,string,,,,
Yury Sakovich,string,,,,
John Sasaki,string,,,,
George Schermer,string,,,,
Josh Schwartz,string,,,,
Al Shier,string,,,,
Luis Silva,string,,,,
Monica Singh-Haley,string,,,,
Travis Souza,string,,,,
Adam Spring,string,,,,
Dylan Staniforth,string,,,,
Laura Suisse,string,,,,
Leslie Susman,string,,,,
Kim Tailhades,string,,,,
Jason Taylor,string,,,,
Nick Tsimilkis,string,,,,
Pratik Virash,string,,,,
Matthew W Newell,string,,,,
Shraga Weiss,string,,,,
Todd Wilbur,string,,,,
Henri Zaitoun,string,,,,
Ryan Zale,string,,,,
Valerian Zamel,string,,,,
Captured Dimensions,dept,,,,
Graeme Williams,string,,,,
Jordan Williams,string,,,,
CGBot,dept,,,,
Omar Alejandro Pineda Aguirre,string,,,,
Sergio Alfredo Cavazos Cavazos,string,,,,
Josue Amasai Diaz Uribe,string,,,,
Miguel Angel Juarez Alvarado,string,,,,
Omar Angel Juarez Alvarado,string,,,,
Miguel Angel Quiroga Franco,string,,,,
,string,,,,
Julian Cano Priego,string,,,,
Rodolfo Curiel Diaz,string,,,,
Luis David Guzman Nava,string,,,,
,string,,,,
Joshua Escamilla Mancilla,string,,,,
,string,,,,
,string,,,,
Isai Fernando Rodriguez Mata,string,,,,
Alejandro Gabriel Minauro Gochicoa,string,,,,
,string,,,,
Enrique Gonzalez Zarazua,string,,,,
Maximiliano Guajardo Castro,string,,,,
Diego Ignacio Barragan Whitsell,string,,,,
Jonathan Israel Gonzalez Gonzalez,string,,,,
Alfredo Ivan Garza Herrera,string,,,,
Victor Ivan Quiroga Gonzalez,string,,,,
Edwin Jesus Barrera Villarreal,string,,,,
Jose Joaquin Jimenez Lopez,string,,,,
Dario Juarez Villa,string,,,,
,string,,,,
,string,,,,
Bernardo Lopez Rios,string,,,,
Mariana Martinez Sandoval,string,,,,
Jose Miguel Valle Toscano,string,,,,
Dan Montiel Medina,string,,,,
,string,,,,
,string,,,,
Hector Parra,string,,,,
Ernesto Quiroz Martinez,string,,,,
Jose Quiroz Martinez,string,,,,
,string,,,,
,string,,,,
,string,,,,
Victor Ruben Ramirez Gomez,string,,,,
,string,,,,
Emiliano Vargas Canudas,string,,,,
Creative Sound Design,dept,,,,
Frank Bry,string,,,,
Dimensional Imaging LTD,dept,,,,
Rachael Anderson,string,,,,
Ewan Borland,string,,,,
Lindsey Brown,string,,,,
Claire Copland,string,,,,
Richard Cross,string,,,,
Cassie Duncan,string,,,,
Douglas Green,string,,,,
Emir Hamitouche,string,,,,
Sofie Jaehn,string,,,,
Kristiyan Kamenov,string,,,,
Iain Kilby,string,,,,
Aleks Krzyszton,string,,,,
Zoe Makin,string,,,,
Andrew Marshall,string,,,,
Graeme Phillips,string,,,,
Declan Quinn,string,,,,
Adam Semple,string,,,,
Stuart Shaw,string,,,,
Georgi Slavov,string,,,,
Barbara Szymiczek,string,,,,
Lewis Telfer,string,,,,
Colin Urquhart,string,,,,
Grant Watters,string,,,,
Ami Wood,string,,,,
Echo Lima,dept,,,,
Ian Galvin,string,,,,
Mike Garn,string,,,,
Phu Giang,string,,,,
Eliott Lilly,string,,,,
Zach Miller,string,,,,
Alex Penescu,string,,,,
Hector Ruiz,string,,,,
Effective Media,dept,,,,
,string,,,,
Atakan Ata,string,,,,
Felix Auer,string,,,,
Achim Barrenstein,string,,,,
Aki Baumgardt,string,,,,
Wolfgang Berger,string,,,,
,string,,,,
Erik Borner,string,,,,
Alfredo Crespo,string,,,,
Peter Dischkow,string,,,,
Patrik Dollmann,string,,,,
Nicole Engeln,string,,,,
Sabrina Faber,string,,,,
Vincent Fallow,string,,,,
Frank Felicetti,string,,,,
Sabine Fischer,string,,,,
,string,,,,
Gabi Franke,string,,,,
Thomas Friebe,string,,,,
,string,,,,
Heiko Grauel,string,,,,
,string,,,,
Felicitas Hadzik,string,,,,
Dirk Hardegen,string,,,,
Mario Hassert,string,,,,
Enno Hesse,string,,,,
Benjamin Hessler,string,,,,
Helge Heynold,string,,,,
Frank Hilsamer,string,,,,
Matthias Hoff,string,,,,
Sebastian Huther,string,,,,
Alassane Jensen,string,,,,
Christian Jungwirth,string,,,,
Gilles Karolyi,string,,,,
Anna Katz,string,,,,
Wolfgang Klein,string,,,,
Mario Kohlmann,string,,,,
Pascal Krell,string,,,,
Nils Kreutinger,string,,,,
Kathrin Laksberg,string,,,,
,string,,,,
Jerry Marwick,string,,,,
Eva Meininger,string,,,,
Volker Metzger,string,,,,
Pat Murphy,string,,,,
Gergana Muskalla,string,,,,
,string,,,,
,string,,,,
Stafan Naas,string,,,,
,string,,,,
Andreas Otto,string,,,,
Peter Richter,string,,,,
Stephan Ricken,string,,,,
Florens Schmidt,string,,,,
Oliver Schmitz,string,,,,
,string,,,,
,string,,,,
Fabian Sehring,string,,,,
Maximilian Sordon,string,,,,
Fabio Sorgini,string,,,,
Marco Steeger,string,,,,
,string,,,,
Anni Sultany,string,,,,
Philip Sven,string,,,,
Michael Torunsky,string,,,,
Max Trawinski,string,,,,
Jo van Nelson,string,,,,
Richard van Weyden,string,,,,
Julia Vieregge,string,,,,
Sebastian Waldemer,string,,,,
Steffen Wilhelm,string,,,,
Tom Wlaschiha,string,,,,
,string,,,,
Irina Wrona,string,,,,
Pat Zwingmann,string,,,,
Empty Sea Audio,dept,,,,
Mark Camperell,string,,,,
Austin Krier,string,,,,
Entangled,dept,,,,
Ksenia Afanaseva,string,,,,
Indira Akhmedova,string,,,,
Alexandra Akimova,string,,,,
Arthur Antonian,string,,,,
Nikolay Avgustinovich,string,,,,
Karina Ayukhanova,string,,,,
Yuliya Baranceva,string,,,,
Marina Bezhenar,string,,,,
Andrey Bezrukov,string,,,,
Margarita Bogdanova,string,,,,
Elizaveta Bosakevich,string,,,,
Tatiana Chaykina,string,,,,
Tatyana Chekalova,string,,,,
Sergey Chernomoretz,string,,,,
Alexander Chesnok,string,,,,
Yan Chugaev,string,,,,
Anastasia Chunina,string,,,,
Valentin Daniel,string,,,,
Margarita Darova,string,,,,
Denis Degtyaryov,string,,,,
Polina Demidova,string,,,,
Evgeniy Dorofeev,string,,,,
Diana Drozdova,string,,,,
Oleg Dudin,string,,,,
Konstantin Ermakov,string,,,,
Nikita Erofeev,string,,,,
Ilgiz Fatkhullin,string,,,,
Artem Fedorov,string,,,,
Vladislav Frankiv,string,,,,
Marina Furman,string,,,,
Rashad Gadirov,string,,,,
Vasily Gaidenkov,string,,,,
Ruslan Galikeev,string,,,,
Christina Garcia,string,,,,
Vadim Gavrikov,string,,,,
Anna Grigoreva,string,,,,
Oxana Grinyuk,string,,,,
Alexandr Grishchenko,string,,,,
Boris Gusev,string,,,,
Ruslan Ibragimov,string,,,,
Artem Ivannikov,string,,,,
Egor Ivanov,string,,,,
Gerard Ivanov,string,,,,
Elvina Karimova,string,,,,
Alena Kornilova,string,,,,
Alexey Korotkih,string,,,,
Yaroslav Kotsubinskiy,string,,,,
Nikita Kramarenko,string,,,,
Elina Kuklina,string,,,,
Elena Kurbatova,string,,,,
Pavel Kuzmin,string,,,,
Vitaly Kuznetsov,string,,,,
Kirill Leonov,string,,,,
Kseniya Manuylova,string,,,,
Antonina Marchenko,string,,,,
Margarita Marchenko,string,,,,
Denis Martynenko,string,,,,
Yuri Masaltcev,string,,,,
Svetlana Maslova,string,,,,
Maxim Matveev,string,,,,
Katsiaryna Mayorava,string,,,,
Nikita Merzlov,string,,,,
Ivan Metelyov,string,,,,
Javanshir Mustafayev,string,,,,
Aleksey Myasnikov,string,,,,
Alexandr Nechitailo,string,,,,
Ekaterina Nikitina,string,,,,
Anna Olcheva,string,,,,
Igor Omelyanenko,string,,,,
Ilya Osmanov,string,,,,
Nikita Osmanov,string,,,,
Maria Ostashkova,string,,,,
Izyaslav Pastushkov,string,,,,
Roman Pavlenya,string,,,,
Yauheni Pekarski,string,,,,
Ivan Pelikhov,string,,,,
Alexey Pesennikov,string,,,,
Alexey Petrov,string,,,,
Evgeniy Pikalov,string,,,,
Ivan Platonov,string,,,,
Dmitry Pleskach,string,,,,
Artyom Polyakov,string,,,,
Anatolii Ponomarev,string,,,,
Yuliya Prokofeva,string,,,,
Alexey Pugin,string,,,,
Aleksey Remizov,string,,,,
Vyacheslav Roshchenko,string,,,,
Oleg Rudakov,string,,,,
Artem Sarychev,string,,,,
Maxim Savitskiy,string,,,,
Alexander Scherbinin,string,,,,
Andrey Sdobnov,string,,,,
Vladimir Sereda,string,,,,
Sergey Sergeev,string,,,,
Pavel Sergushkin,string,,,,
Vladimir Shakirzyanov,string,,,,
Vladislav Shakirzyanov,string,,,,
Artur Sharipov,string,,,,
Timur Sharipov,string,,,,
Ivan Skorokhodov,string,,,,
Anna Skvortsova,string,,,,
Kirill Smakhtin,string,,,,
Svietlana Smirnova,string,,,,
Alexandra Smolskaya,string,,,,
Alexander Sutiev,string,,,,
Maxim Taranenko,string,,,,
Alena Tarasenko,string,,,,
Tatiana Tarasova,string,,,,
Pavel Terentev,string,,,,
Vladislav Tretyak,string,,,,
Dmitry Tsivinsky,string,,,,
Danil Uchevatov,string,,,,
Natalia Vagaitseva,string,,,,
Alexey Vakhrushev,string,,,,
Dmitry Vanyukov,string,,,,
Kirill Vedin,string,,,,
Oleg Vidolob,string,,,,
Kseniya Volosenkova,string,,,,
Alena Voronina,string,,,,
Mikhail Voronov,string,,,,
Ekaterina Yakovleva,string,,,,
Nikita Yegorov,string,,,,
Anton Zaitsev,string,,,,
Eugenia Zaitseva,string,,,,
Roman Zaynagetdinov,string,,,,
Nikolay Zhidkov,string,,,,
Oksana Zinchik,string,,,,
Formosa Interactive,dept,,,,
Cody Avdek,string,,,,
Socrates Ayala,string,,,,
Gabriella Bendtsen,string,,,,
YuXin Boon,string,,,,
Maximilian Bowman,string,,,,
Terry Boyd Jr.,string,,,,
Meghan Brabant,string,,,,
Duncan Brown,string,,,,
Madison Jordan Burnett,string,,,,
Michael Canty,string,,,,
Christopher de Lis,string,,,,
Mitch Dorf,string,,,,
Luke Elliot,string,,,,
Lindsey Ellis,string,,,,
Jaden Alexander Follett,string,,,,
Roman Fusco,string,,,,
Shawn Gould-Masse,string,,,,
Elliot Herman,string,,,,
Israel Hernandez,string,,,,
Rashaan Holloway,string,,,,
Ally Hustings,string,,,,
Kayle Khanmohamed,string,,,,
Jason Kim,string,,,,
Matt Kulewicz,string,,,,
Robert Kupsch,string,,,,
Matthew Lindsey,string,,,,
Paul Lipson,string,,,,
Colton Lodge,string,,,,
Alexander Lowe,string,,,,
Cesar Marenco,string,,,,
Danny Jordan Martins,string,,,,
Kay Chu McCarthy,string,,,,
Erica Mehallo,string,,,,
Adi Mendez,string,,,,
Brandin Moeller,string,,,,
Daniel Moore,string,,,,
Nick Mortillaro,string,,,,
Francisco Nascimento,string,,,,
Josh Nelson,string,,,,
Keelan O'Hara,string,,,,
Steve Olmon,string,,,,
Matthew Panayiotopoulos,string,,,,
Soobin Park,string,,,,
Kevin Patel,string,,,,
Carter Pehr,string,,,,
Heather Plunkard,string,,,,
Shannon Potter,string,,,,
Sam Rajcula,string,,,,
Bob Rankin,string,,,,
Cassidy Robideaux,string,,,,
Brandon Roos,string,,,,
Brennan Rosset,string,,,,
Kirsten Scoles,string,,,,
Tyler Shockey,string,,,,
Caleb Smith,string,,,,
Dillon Stewart,string,,,,
Ruge Sun,string,,,,
Amanda Sussman,string,,,,
Michael Sweeney,string,,,,
Sabrina Thomas,string,,,,
Damien Toulouse,string,,,,
Dani Turner,string,,,,
Ruben Valenzuela,string,,,,
Robert Weiss,string,,,,
Amanda Wolfgram,string,,,,
Emily Yang,string,,,,
Will Yen,string,,,,
Trent Zulkiewicz,string,,,,
Frame Machine,dept,,,,
Nano Afrane,string,,,,
Christina Ausmus,string,,,,
Brandon Chan,string,,,,
Juan Croce,string,,,,
Michael Fisher,string,,,,
Candace Giancanelli,string,,,,
Emily Lehrer,string,,,,
Steven Lehrhoff,string,,,,
Keavin Ly,string,,,,
Roy Matos,string,,,,
Dileep Reddy,string,,,,
Reshan Sabaratnam,string,,,,
Haley Samms,string,,,,
Elizabeth Schussler,string,,,,
Roger Seto,string,,,,
Kyle Torres,string,,,,
Kyle Wardinski,string,,,,
Christian Zannetti,string,,,,
Heavy Iron Studios,dept,,,,
Todd Ammons,string,,,,
Gary Myers,string,,,,
HolySmoke,dept,,,,
Jesse Buchanan,string,,,,
Rich Lopez,string,,,,
Andy Marchal,string,,,,
Iron Galaxy,dept,,,,
Julia Berger,string,,,,
Yui Castaneda,string,,,,
Alex Chatfield,string,,,,
Tyler Chen,string,,,,
Andrew Chok,string,,,,
Vinay Gupta,string,,,,
Chris Keyser,string,,,,
Chris LaCalamita,string,,,,
Mike O'Connor,string,,,,
Ben Person,string,,,,
Tim Shannon,string,,,,
Zach Suckerman,string,,,,
Isaiah Walker,string,,,,
Chaohao Wang,string,,,,
Paul Weiler,string,,,,
Keywords Studios Brazil,dept,,,,
Bianca Alencar,string,,,,
Celso Alves,string,,,,
Glauber Alves,string,,,,
,string,,,,
,string,,,,
Andressa Andreatto,string,,,,
Luis Fernando Arautto,string,,,,
Heitor Assali,string,,,,
Argento Avena,string,,,,
Paulo Avila,string,,,,
Luciana Baroli,string,,,,
Fernanda Baronne,string,,,,
Gutemberg Barros,string,,,,
Mateus Bernardes,string,,,,
Silas Borges,string,,,,
Ricardo Bressan,string,,,,
Francisco Bretas,string,,,,
Guilherme Briggs,string,,,,
Ana Paula Cadamuro,string,,,,
Bruno Camargo,string,,,,
Priscila Cammarosano,string,,,,
Carlos Campanile,string,,,,
Ricardo Campos,string,,,,
,string,,,,
Bruno Casemiro,string,,,,
Yuri Chessman,string,,,,
Guilherme Conrad,string,,,,
Adna Cruz,string,,,,
,string,,,,
Charles Dalla,string,,,,
,string,,,,
Ricardo Daunt,string,,,,
Carlos de Niggro,string,,,,
Carla Dias,string,,,,
,string,,,,
Simone Evans,string,,,,
,string,,,,
Samira Fernandes,string,,,,
Raphael Ferreira,string,,,,
Raul Ferreira,string,,,,
Rodrigo Firmo,string,,,,
,string,,,,
,string,,,,
Lucas Gandelini,string,,,,
Chico Garcia,string,,,,
Roberto Garcia,string,,,,
Mauro Gasperini,string,,,,
Silvio Giraldi,string,,,,
Luiz Carlos Gomes,string,,,,
,string,,,,
Carolina Gruhl,string,,,,
Douglas Guedes,string,,,,
Diogo Guermandi,string,,,,
Renato Hermeto,string,,,,
Alessandro Imperador,string,,,,
Sayuri Irie,string,,,,
Ricardo Juarez,string,,,,
Francisco Junior,string,,,,
Ivo Kai,string,,,,
Erica Kou,string,,,,
Natasha Kuroishi,string,,,,
Bryan Lima,string,,,,
Wellington Lima,string,,,,
Felipe Lopes,string,,,,
,string,,,,
Fernando Lufer,string,,,,
Leno Machado,string,,,,
,string,,,,
Isaac Maioli,string,,,,
Thiago Marques,string,,,,
Carla Martelli,string,,,,
Martin Mateo,string,,,,
Wilkkei Mazzei,string,,,,
,string,,,,
,string,,,,
Lia Mello,string,,,,
Stephanie Mello,string,,,,
Cacau Melo,string,,,,
Vanderlan Mendes,string,,,,
,string,,,,
Paola Molinari,string,,,,
Dado Monteiro,string,,,,
Douglas Monteiro,string,,,,
Ana Maria Morais,string,,,,
Deborah Moreira,string,,,,
Gabriel Moreira,string,,,,
Sergio Moreno,string,,,,
,string,,,,
Samuel Mota,string,,,,
Carlos Moura,string,,,,
Daniel Muller,string,,,,
,string,,,,
Marco Nepomuceno,string,,,,
Nizo Neto,string,,,,
Eduardo Nogueira,string,,,,
Rodolfo Novaes,string,,,,
Gabriel Noya,string,,,,
Rex Nunes,string,,,,
Edi Oliveira,string,,,,
Marcio Oroshi,string,,,,
Andreia Paiva,string,,,,
Agatha Paulita,string,,,,
Fernando Peiter,string,,,,
Adriana Pissardini,string,,,,
Leandro Rainis,string,,,,
Mauro Ramos,string,,,,
Marcia Regina,string,,,,
,string,,,,
Denise Reis,string,,,,
Manolo Rey,string,,,,
Reinaldo Rodrigues,string,,,,
Zi Rodrigues,string,,,,
Marcelo Salsicha,string,,,,
Silvia Salusti,string,,,,
,string,,,,
,string,,,,
Carol Severian,string,,,,
Rubens Sharlack,string,,,,
Dlaigeles Silva,string,,,,
,string,,,,
,string,,,,
Augusto Souza,string,,,,
Guba Souza,string,,,,
,string,,,,
Marcos Souza,string,,,,
Fabi Tomo,string,,,,
Julian Torres,string,,,,
,string,,,,
Ricardo Vasconcelos,string,,,,
Gisele Vechin,string,,,,
Alex Vestri,string,,,,
Orlando Viggiani,string,,,,
Robson Viggiani,string,,,,
Reinaldo Vilela,string,,,,
Fabricio Villa Verde,string,,,,
Edu Zanotti,string,,,,
Ettore Zuim,string,,,,
Keywords Studios France,dept,,,,
Marine Albet,string,,,,
Martin Amic,string,,,,
Roman Arroyo,string,,,,
Jean-Philippe Belliard,string,,,,
Shirine Boutella,string,,,,
Philippe Brown,string,,,,
,string,,,,
,string,,,,
Jean-Marc Charrier,string,,,,
Nicolas Dangoise,string,,,,
Sterenn Dornadic,string,,,,
Jeremie Durand,string,,,,
Mathieu Gabella,string,,,,
Laura Gourdin,string,,,,
Mallaurie Guittard,string,,,,
Nassim Hiber,string,,,,
Alexandre Hounounou,string,,,,
,string,,,,
Frederic Kneip,string,,,,
Diouc Koma,string,,,,
Tomoya Lafon,string,,,,
Camille Lamache,string,,,,
Yannick Lassere,string,,,,
Allan Lefeuvre,string,,,,
Robinson Lerisset,string,,,,
Dominique Lopez,string,,,,
Baptiste Marc,string,,,,
Romain Mariama,string,,,,
Clara Midy,string,,,,
Sebastiaan Moedt,string,,,,
Maxime Orsini,string,,,,
Victor Pilato,string,,,,
Elsa Platiau,string,,,,
Maxime Rocca-Serra,string,,,,
Benjamin Serthelon,string,,,,
Frederic Souterelle,string,,,,
,string,,,,
,string,,,,
Fernando Vereau,string,,,,
Gauthier Villagordo,string,,,,
Marie-Ange Villanova,string,,,,
Cassandre Vittu de Kerraoul,string,,,,
Keywords Studios Italy,dept,,,,
Christian Mariotti a Rosa,string,,,,
Reham Abbas,string,,,,
Stefano Accomo,string,,,,
Roberto Accornero,string,,,,
Dario Agrillo,string,,,,
Fabrizia Albertoni,string,,,,
Daniela Amato,string,,,,
Maurizio Arena,string,,,,
Virginia Astarita,string,,,,
Giuliana Atepi,string,,,,
Emiliano Baglioni,string,,,,
Simone Barba,string,,,,
Valentina Barranco,string,,,,
Marco Bassetti,string,,,,
Maira Belmonte de Rueda,string,,,,
Marco Benedetti,string,,,,
Alice Bertocchi,string,,,,
Simona Biasetti,string,,,,
Francesca Bielli,string,,,,
Jessica Bologna,string,,,,
Giada Bonanomi,string,,,,
Loris Bondesan,string,,,,
Danilo Bruni,string,,,,
Matteo Brusamonti,string,,,,
Alessandro Budroni,string,,,,
,string,,,,
Jose Carlos Cabezas Soto,string,,,,
,string,,,,
Dario Cariola,string,,,,
Giorgia Carnevale,string,,,,
Paolo Caronni,string,,,,
Karina Adriana Casal,string,,,,
Paolo Celso,string,,,,
Elena Centaro,string,,,,
Claudia Coccia,string,,,,
Claudio Colombo,string,,,,
Tebessa Comolli,string,,,,
Alessandro Conte,string,,,,
Carlo Cravino,string,,,,
,string,,,,
Achille D'Aniello,string,,,,
,string,,,,
Saverio Francesco De Angelis,string,,,,
Paolo De Santis,string,,,,
Federico Decotto,string,,,,
Jessica Di Muro,string,,,,
,string,,,,
Ilaria Egitto,string,,,,
Khaled Elmancy,string,,,,
Andrea Failla,string,,,,
Antar Faysal,string,,,,
Davide Fazio,string,,,,
,string,,,,
Andrea Ferrari,string,,,,
Renzo Ferrini,string,,,,
Dario Follis,string,,,,
Federico Frignani,string,,,,
Leonardo Gajo,string,,,,
Jose Manuel Gallardo Cruz,string,,,,
Davide Garbolino,string,,,,
Raghav Gera,string,,,,
Antonello Governale,string,,,,
Iolanda Granato,string,,,,
Luca Graziani,string,,,,
Ali Hassan,string,,,,
Amr Hassan,string,,,,
Saverio Indrio,string,,,,
Damian Ledesma,string,,,,
Simone Leonardi,string,,,,
Chiara Leoncini,string,,,,
Gustavo Lozano Carbonell,string,,,,
Stefano Lucchelli,string,,,,
Ugo Lucchese,string,,,,
Alessandro Lussiana,string,,,,
,string,,,,
Francesco Maggioni,string,,,,
Michele Maggiore,string,,,,
Alessandro Magrassi,string,,,,
Ali Mahmoud,string,,,,
Claudia Mangione,string,,,,
Andrea Marino,string,,,,
,string,,,,
Thales Martins Miranda,string,,,,
,string,,,,
Giulio Mayer,string,,,,
Alessandro Messina,string,,,,
Marco Molinari,string,,,,
Eleni Molos,string,,,,
Maurizio Montecchiesi,string,,,,
Nuno Ricardo Moreira Santos,string,,,,
Andrea Moretti,string,,,,
Marcello Moronesi,string,,,,
,string,,,,
Omar Nedjari,string,,,,
Mario Nutarelli,string,,,,
Fabrizio Odetto,string,,,,
Marco Olivotto,string,,,,
Alberto Onofrietti,string,,,,
Hazem Ouda,string,,,,
Marco Pagani,string,,,,
Davide Palla,string,,,,
,string,,,,
Monique Paula Pereira,string,,,,
Luca Pernisco,string,,,,
Dario Persico,string,,,,
Carlo Petruccetti,string,,,,
Annalisa Platania,string,,,,
Valentina Pollani,string,,,,
Luca Priami,string,,,,
Daniele Pucci,string,,,,
Davide Quartini,string,,,,
Gabriel Ribeiro Teixeira,string,,,,
Claudio Ridolfo,string,,,,
,string,,,,
Roxana Ivette Rivera Moreno,string,,,,
Walter Rivetti,string,,,,
Francesco Rizzi,string,,,,
Andrea Rotolo,string,,,,
Ricardo Rovatti,string,,,,
,string,,,,
Stefania Rusconi,string,,,,
Luca Sandri,string,,,,
Maria Rosa Sanna,string,,,,
Tony Sansone,string,,,,
Simone Savogin,string,,,,
Stefano Scamardella,string,,,,
Isabella Schiavoni,string,,,,
Paolo Sesana,string,,,,
Marcella Silvestri,string,,,,
Federica Simonelli,string,,,,
Katia Sorrentino,string,,,,
Pasquale Stacchiotti,string,,,,
Aldo Stella,string,,,,
Jared Tellez,string,,,,
Alessandro Testa,string,,,,
Federico Tolardo,string,,,,
Alberto Trentanni,string,,,,
,string,,,,
Carlos Enrique Velasco Vaamonde,string,,,,
Danilo Venturini Rufino da Silva,string,,,,
Rafael Verolla de Moura,string,,,,
Federico Viola,string,,,,
Massimiliano Virgilii,string,,,,
Nicoletta Volpe,string,,,,
Dimitri Winter,string,,,,
Francesco Wolf,string,,,,
William Zancan,string,,,,
Paolo Zanone,string,,,,
Riccardo Zelaschi,string,,,,
Keywords Studios Mexico,dept,,,,
Santos Alberto,string,,,,
,string,,,,
Karina Altamirano,string,,,,
Zoni Alvarez,string,,,,
Salo Anguiano,string,,,,
Rodolfo Arevalo,string,,,,
,string,,,,
Nad Becerril,string,,,,
Valeria Berdejo,string,,,,
Emmanuel Bernal,string,,,,
Julio Bernal,string,,,,
,string,,,,
Danny Camacho,string,,,,
Omar Carrasco,string,,,,
,string,,,,
Aureliano Castillo,string,,,,
Gerardo Cedillo,string,,,,
,string,,,,
Enrique Chi,string,,,,
Jaime Collepardo,string,,,,
Jesse Conde,string,,,,
Igor Cruz,string,,,,
Manuel David,string,,,,
Ximena de Anda,string,,,,
Rolando de la Fuente,string,,,,
Coral de la Vega,string,,,,
Edgar de Marte,string,,,,
Juan Diaz,string,,,,
Itzhihuappe Escalera,string,,,,
Stepanhy Espinosa,string,,,,
,string,,,,
,string,,,,
Kerygma Flores,string,,,,
,string,,,,
Eduardo Fonseca,string,,,,
Nando Fortanell,string,,,,
Dan Frausto,string,,,,
Alina Galindo,string,,,,
Emilio Gallardo,string,,,,
Oscar Gamboa,string,,,,
,string,,,,
,string,,,,
Manuel Gorka,string,,,,
Amanda Gracia,string,,,,
Victor Guerrero,string,,,,
Ana Karen Gumont,string,,,,
,string,,,,
,string,,,,
Mario Heras,string,,,,
,string,,,,
Olga Hnidey,string,,,,
Luis Hurtado,string,,,,
Alejandro Javalois,string,,,,
,string,,,,
Daniel Lacy,string,,,,
,string,,,,
,string,,,,
Ernesto Mascarua,string,,,,
Alexis Mata,string,,,,
Gustavo Melgarejo,string,,,,
Roberto Mendiola,string,,,,
Emmanuel Millan,string,,,,
Jose Luis Miranda,string,,,,
Carlos Mireles,string,,,,
,string,,,,
Brandon Montor,string,,,,
,string,,,,
Angel Mota,string,,,,
Sinhue Navarrete,string,,,,
Chema Olvera,string,,,,
Sergio Olvera,string,,,,
Jorge Ornelas,string,,,,
Alejandro Orozco,string,,,,
Fernanda Ortiz,string,,,,
Gabriela Ortiz,string,,,,
Marina Pacheco,string,,,,
Pedro Pedraza,string,,,,
Ilitch Pichardo,string,,,,
,string,,,,
Luis Piza,string,,,,
,string,,,,
,string,,,,
,string,,,,
Gamaliel Quintana,string,,,,
Ana Ragasol,string,,,,
,string,,,,
Ray Reyes,string,,,,
Orlando Rivas,string,,,,
Jocelyn Robles,string,,,,
Ricardo Rocha,string,,,,
,string,,,,
,string,,,,
Annie Rojas,string,,,,
Guillermo Rojas,string,,,,
Melina Rojas,string,,,,
,string,,,,
Victor Ruiz,string,,,,
Ricardo Salas Brust,string,,,,
Erick Salinas,string,,,,
Carmen Sarahi,string,,,,
,string,,,,
Erick Selim,string,,,,
Alejandro Silva,string,,,,
,string,,,,
,string,,,,
Obed Sosa,string,,,,
Andrea Soto,string,,,,
Lissette Sotoriba,string,,,,
Christian Strempler,string,,,,
,string,,,,
,string,,,,
Abraham Toscano,string,,,,
Karla Tovar,string,,,,
Omar Trevel,string,,,,
Alberto Trujillo,string,,,,
,string,,,,
Annette Ugalde,string,,,,
,string,,,,
Diego Valenzuela,string,,,,
Christopher Vaughan,string,,,,
Abraham Vega,string,,,,
Jaime Vega,string,,,,
Lili Vela,string,,,,
,string,,,,
Maggie Vera,string,,,,
Alejandra Villarruel,string,,,,
Alejandro Villeli,string,,,,
,string,,,,
,string,,,,
Ireri Yunuen,string,,,,
Eduardo Zepeda,string,,,,
Roberto Zuleta,string,,,,
,string,,,,
,string,,,,
,string,,,,
,string,,,,
Keywords Studios Spain,dept,,,,
,string,,,,
,string,,,,
Abraham Aguilar,string,,,,
Ana Alborg,string,,,,
,string,,,,
Berta Alejo,string,,,,
,string,,,,
Alejandro Aparicio,string,,,,
Juan Arenas,string,,,,
,string,,,,
Lina Ballesteros,string,,,,
,string,,,,
Vera Bosch,string,,,,
Fernando Cabrera,string,,,,
Susana Cantos,string,,,,
Gema Carballedo,string,,,,
,string,,,,
Laura Carrero,string,,,,
Juan Antonio Castro,string,,,,
Nano Castro,string,,,,
,string,,,,
Pablo Concejero,string,,,,
,string,,,,
Fernando Cordero,string,,,,
Roberto Cuadrado,string,,,,
Raquel Cubillo,string,,,,
,string,,,,
,string,,,,
,string,,,,
Fernando Delgado,string,,,,
,string,,,,
,string,,,,
,string,,,,
Roberto Encinas,string,,,,
Jose Escobosa,string,,,,
,string,,,,
Pablo Ezquerra,string,,,,
,string,,,,
,string,,,,
,string,,,,
,string,,,,
,string,,,,
David Flores,string,,,,
Sophie Foliguet,string,,,,
,string,,,,
,string,,,,
,string,,,,
,string,,,,
Felipe Garrido,string,,,,
,string,,,,
,string,,,,
Chus Gil,string,,,,
Vicente Gil,string,,,,
Paco Gisbert,string,,,,
,string,,,,
,string,,,,
Manuel Guerra,string,,,,
Jesus Guerrero,string,,,,
,string,,,,
,string,,,,
,string,,,,
,string,,,,
,string,,,,
,string,,,,
,string,,,,
,string,,,,
Alfonso Laguna,string,,,,
,string,,,,
Juan Carlos Lozano,string,,,,
Omar Lozano,string,,,,
,string,,,,
,string,,,,
,string,,,,
,string,,,,
Luisa Marciel,string,,,,
Jessie Martinez,string,,,,
,string,,,,
,string,,,,
,string,,,,
,string,,,,
,string,,,,
Beatriz Melgares,string,,,,
,string,,,,
Cholo Moratalla,string,,,,
Carlos Moreno,string,,,,
Txema Moscoso,string,,,,
Alma Naranjo,string,,,,
Juan Navarro,string,,,,
,string,,,,
,string,,,,
Abraham Novillo,string,,,,
,string,,,,
,string,,,,
Adolfo Pastor,string,,,,
,string,,,,
Iker Pinela,string,,,,
Joseba Pinela,string,,,,
Ana Plaza,string,,,,
,string,,,,
,string,,,,
,string,,,,
,string,,,,
,string,,,,
Amalia Romero,string,,,,
Daniel Rubio,string,,,,
Juan Rueda,string,,,,
Elena Ruiz de Velasco,string,,,,
,string,,,,
,string,,,,
,string,,,,
Mike Sarmiento,string,,,,
Fernando Serna,string,,,,
Ana Soler,string,,,,
Juan Soler,string,,,,
,string,,,,
,string,,,,
Alejandra Torray,string,,,,
Antonio Villar,string,,,,
,string,,,,
Latis Global Communications,dept,,,,
Heeje Chae,string,,,,
Hyuk Jeon,string,,,,
JeaJun Jeong,string,,,,
Jinwook Joo,string,,,,
SeungJong Oh,string,,,,
Solmin Park,string,,,,
Denise Yang,string,,,,
Little Red Zombies,dept,,,,
Anil Bhola,string,,,,
Sonu Biswas,string,,,,
Sri Ram Chandra,string,,,,
Sanchit Garg,string,,,,
Shristi Gupta,string,,,,
Vinay Gupta,string,,,,
M Sri Harsha,string,,,,
Twinkle Vijay Kumar Injamuri,string,,,,
Naveen Kumar Kommula,string,,,,
Pavan Reddy Narra,string,,,,
Vinay Kumar Poosa,string,,,,
M Sai Praneeth,string,,,,
Murli Sharma,string,,,,
Sid Sinha,string,,,,
Nakshatra Bhaskar Solanki,string,,,,
Arun Kumar Vanaparthi,string,,,,
Brahmarouthu Tarun Varma,string,,,,
Aashish Vishwakarma,string,,,,
Microsoft Project Acoustics Team,dept,,,,
Andrew Allen,string,,,,
Mike Chemistruck,string,,,,
Noel Cross,string,,,,
Mick Marchan,string,,,,
Nikunj Raghuvanshi,string,,,,
John Snyder,string,,,,
Kyle Storck,string,,,,
Multiplayer Group,dept,,,,
Ruth Gibson,string,,,,
Gar Jun Lam,string,,,,
Jamie Lowes,string,,,,
Danny McKeown,string,,,,
Karadjordje Petrovic,string,,,,
Nelu Vale,string,,,,
Steve Wilson,string,,,,
Musa Media,dept,,,,
Greg Bishop,string,,,,
Brian Chung,string,,,,
Original Force,dept,,,,
Shenghui Cai,string,,,,
Lawrence Chen,string,,,,
Yang Chu,string,,,,
Geoffroy de Nanteuil,string,,,,
Xin Gao,string,,,,
Lifu Guan,string,,,,
Hou, Yilun,string,,,,
Huan Huang,string,,,,
Xiujuan Kong,string,,,,
Mingzhou Li,string,,,,
Yuhong Ma,string,,,,
Xianming Shi,string,,,,
Cathy Song,string,,,,
Jian Tan,string,,,,
Shirley Tang,string,,,,
Zhibo Tian,string,,,,
Hu Wang,string,,,,
Wang, Hang,string,,,,
Wang, Wen,string,,,,
Xiangping Wang,string,,,,
Kai Zhang,string,,,,
Harley Zhao,string,,,,
Zhibin Zhong,string,,,,
Jiameng Zhou,string,,,,
Jie Zhou,string,,,,
Platige Image,dept,,,,
Filip Adamiak,string,,,,
Gabriela Adynowska,string,,,,
Leon Aksin,string,,,,
Pier-Olivier Allard,string,,,,
,string,,,,
Emmanuel Ardizzone,string,,,,
Michael Augello,string,,,,
Andrzej Augustyniak,string,,,,
Marcin Bania,string,,,,
Illia Barabash,string,,,,
Sara Batista,string,,,,
,string,,,,
Maciej Benczarski,string,,,,
,string,,,,
,string,,,,
Massimiliano Bianchini Cordoba,string,,,,
,string,,,,
,string,,,,
Katarzyna Bobel,string,,,,
Artur Borkowski,string,,,,
Kamil Boryczko,string,,,,
Gerard Botargues Grifell,string,,,,
,string,,,,
,string,,,,
Marco Cagnacci,string,,,,
Xavier Carpio Godina,string,,,,
Sara Cheredis,string,,,,
Robert Chrzanowski,string,,,,
,string,,,,
Bernardo Cruzeiro,string,,,,
Zoltan Cseri,string,,,,
Riccardo Dacquino,string,,,,
Martin Demovic,string,,,,
Sebastian Deredas,string,,,,
Gabriel Dionisio,string,,,,
Elton Dmello,string,,,,
Valerio Donati,string,,,,
Damian Drabik,string,,,,
,string,,,,
Piotr Dudkiewicz,string,,,,
Leila Dzhaber,string,,,,
,string,,,,
Karolina Ejchler,string,,,,
Tamas Eordogh,string,,,,
,string,,,,
Magdalena Faszczewska,string,,,,
Stefano Feltre,string,,,,
,string,,,,
Wojtek Fikus,string,,,,
,string,,,,
Karolina Gago,string,,,,
,string,,,,
Piotr Getka,string,,,,
Riccardo Gheller,string,,,,
Nijat Gojayev,string,,,,
,string,,,,
,string,,,,
Natalia Grabara,string,,,,
Filip Gracki,string,,,,
Andrzej Grzechnik,string,,,,
Suraj Gurung,string,,,,
,string,,,,
Daniel Ha,string,,,,
Moise Hammouda,string,,,,
Magdalena Hruszka,string,,,,
Maciej Hrynyszyn,string,,,,
Aleksandra Janczak,string,,,,
Mateusz Janiszewski,string,,,,
,string,,,,
,string,,,,
,string,,,,
Jakub Kalinowski,string,,,,
Hadi Karimi,string,,,,
Gergely Karpati,string,,,,
Szymon Kaszuba,string,,,,
,string,,,,
Pankaj Kholiya,string,,,,
,string,,,,
,string,,,,
Arnie Kiss,string,,,,
,string,,,,
Karol Klonowski,string,,,,
Agnieszka Konopka,string,,,,
Sebastian Kornath,string,,,,
Serg Kornilin,string,,,,
Justyna Kotowska,string,,,,
,string,,,,
Damian Kowalski,string,,,,
,string,,,,
,string,,,,
,string,,,,
,string,,,,
Bartosz Krawczyk,string,,,,
Krzysztof Krok,string,,,,
Tomasz Kruszona,string,,,,
,string,,,,
Bartek Kujbida,string,,,,
Lukas Kutschera,string,,,,
,string,,,,
,string,,,,
,string,,,,
Sebastian Lautsch,string,,,,
,string,,,,
Vincent Levrero,string,,,,
Kinga Litwin,string,,,,
,string,,,,
Jan Luboradzki,string,,,,
Patrycja Madej-Romanowska,string,,,,
Aude Mahieux,string,,,,
Derek Mancini,string,,,,
Ricardo Manso,string,,,,
Maciej Markowski,string,,,,
Wojciech Markowski,string,,,,
Nancy Martinez,string,,,,
Grzegorz Mazur,string,,,,
Mateusz Mazur,string,,,,
Karolina Mich,string,,,,
Olga Michalska,string,,,,
Jakub Mikicki,string,,,,
,string,,,,
,string,,,,
Christian Miro Segui,string,,,,
Kianna Molino Cecchini,string,,,,
,string,,,,
,string,,,,
Sergei Musin,string,,,,
Aleksey Nedovesov,string,,,,
Peter Nemeth,string,,,,
,string,,,,
Piotr Nowacki,string,,,,
Tomasz Nowak,string,,,,
Katarzyna Obara,string,,,,
Melvin Okoronkwo,string,,,,
,string,,,,
,string,,,,
,string,,,,
Francisco Paioes,string,,,,
Tiziano Palumbo,string,,,,
Daniel Papai,string,,,,
,string,,,,
Svetoslav Petkov,string,,,,
Iva Petkova,string,,,,
,string,,,,
,string,,,,
,string,,,,
Piotr Prokop,string,,,,
,string,,,,
,string,,,,
,string,,,,
Fabricio Rezende,string,,,,
Julyan Riglea,string,,,,
Weronika Roksz,string,,,,
,string,,,,
,string,,,,
Faiyaz Saleem,string,,,,
,string,,,,
Chris Smith,string,,,,
,string,,,,
Ewa Spiak,string,,,,
Robert Stasz,string,,,,
,string,,,,
,string,,,,
Patryk Stefaniak,string,,,,
Maksymilian Sternik,string,,,,
,string,,,,
Natalia Stolarz,string,,,,
,string,,,,
Cyler Sullivan,string,,,,
Tomek Suwalski,string,,,,
Selim Sykut,string,,,,
Antonina Szarmach,string,,,,
Gerard Szczerba,string,,,,
,string,,,,
Tatiana Tchoumakova,string,,,,
Mateusz Tokarz,string,,,,
,string,,,,
,string,,,,
Jakub Tyszka,string,,,,
Levent Ulas,string,,,,
Jakub Valica,string,,,,
Gaga Vardanidze,string,,,,
Iosu Vermeersch Amor,string,,,,
Rafael Vitoratti,string,,,,
Dominik Wawrzyniak,string,,,,
Piotr Weiss,string,,,,
,string,,,,
Justyna Wieczorek,string,,,,
,string,,,,
,string,,,,
,string,,,,
,string,,,,
,string,,,,
,string,,,,
,string,,,,
,string,,,,
,string,,,,
,string,,,,
,string,,,,
Grzegorz Zachar,string,,,,
Mariusz Zastawny,string,,,,
Krzysztof Zawadzki,string,,,,
,string,,,,
Abdurrakhman Zhukov,string,,,,
Martyna Ziemka,string,,,,
,string,,,,
,string,,,,
,string,,,,
,string,,,,
,string,,,,
,string,,,,
,string,,,,
,string,,,,
Preetam Bordoloi,dept,,,,
Preetam Raj Bordoloi,string,,,,
Uttam Raj Bordoloi,string,,,,
Vikram Raj Bordoloi,string,,,,
Pratik Choudhury,string,,,,
PTSGI,dept,,,,
Stella Chang,string,,,,
Lai Crosis,string,,,,
Hannah Hua,string,,,,
Jamie Wang,string,,,,
PTW Japan Co., Ltd,dept,,,,
Yutaka Aoyama,string,,,,
Shoko Arai,string,,,,
Ranko Baba,string,,,,
Hitoshi Bifu,string,,,,
Kosuke Echigoya,string,,,,
Saki Endo,string,,,,
Keisuke Fujii,string,,,,
Masatoshi Fujita,string,,,,
Akira Harada,string,,,,
Yu Haruichi,string,,,,
Fumino Hase,string,,,,
Masashi Hashimoto,string,,,,
Yoshiyuki Hayashi,string,,,,
Akane Higo,string,,,,
Takeshi Hirabayashi,string,,,,
Akio Hirose,string,,,,
Takanori Hoshino,string,,,,
Shigeru Inoue,string,,,,
Takayuki Ishii,string,,,,
Hitomi Ishikawa,string,,,,
Ryusei Ito,string,,,,
Takugo Iwakawa,string,,,,
Mutsuki Iwanaka,string,,,,
Hiroshi Iwasaki,string,,,,
Ai Kaneta,string,,,,
Mitsuaki Kanuka,string,,,,
Yuu Kawada,string,,,,
Tetsu Kimishima,string,,,,
Kaori Kimura,string,,,,
Sayaka Kinoshita,string,,,,
Yo Kitazawa,string,,,,
Wakana Kowaka,string,,,,
Tsuyoshi Kurosawa,string,,,,
Naomi Kusumi,string,,,,
Hisaya Macabe,string,,,,
Yuko Machida,string,,,,
Mitsuki Maeda,string,,,,
Yuu Maeda,string,,,,
Kohei Makita,string,,,,
Yasuhiro Mamiya,string,,,,
Daisuke Matsuoka,string,,,,
Jun Miyamoto,string,,,,
Tetsuro Miyata,string,,,,
Nanako Mori,string,,,,
Yusuke Mori,string,,,,
Yuka Nagayoshi,string,,,,
Naoya Nakagome,string,,,,
Kazumasa Nakamura,string,,,,
Shohei Nakamura,string,,,,
Nobuaki Nomura,string,,,,
Sho Nonaka,string,,,,
Kosaku Numao,string,,,,
Hikaru Ookubo,string,,,,
Junichi Saito,string,,,,
Misano Sakai,string,,,,
Motoki Sakuma,string,,,,
Megumi Sano,string,,,,
Kenta Sasa,string,,,,
Misuzu Sato,string,,,,
Haruo Satou,string,,,,
Masanori Shimizu,string,,,,
Rei Shimoda,string,,,,
Harano Shimpei,string,,,,
Kouichi Souma,string,,,,
Ryo Sugisaki,string,,,,
Takaaki Taguchi,string,,,,
Yoshiharu Taguchi,string,,,,
Ritsu Takahashi,string,,,,
Kouji Takeda,string,,,,
Satoshi Takemae,string,,,,
Momoko Taneichi,string,,,,
Teruyuki Tanzawa,string,,,,
Sebastien Tourdes,string,,,,
Shou Ueno,string,,,,
Mayuko Urabe,string,,,,
Mitsuru Watanabe,string,,,,
Haruyo Yamaga,string,,,,
Katsuaki Yamagishi,string,,,,
Takashi Yamaguchi,string,,,,
Jin Yamanoi,string,,,,
Momoko Yokota,string,,,,
Nagano Yoshikazu,string,,,,
Isamu Yusen,string,,,,
QLOC S.A.,dept,,,,
,string,,,,
Oleg Eremchuk,string,,,,
Vasily Firsov,string,,,,
Mikhail Golovkin,string,,,,
Vladimir Goryachev,string,,,,
Elena Kalinina,string,,,,
Maxim Levushkin,string,,,,
Nadezhda Martynova,string,,,,
Marta Olejniczak,string,,,,
Adam Piesiak,string,,,,
Elena Roor,string,,,,
Sergey Rudakov,string,,,,
Izabella Shakhova,string,,,,
Oleg Smagin,string,,,,
Mikhail Volkov,string,,,,
Aleksey Vorobyev,string,,,,
Rebound Sound,dept,,,,
Adam Boyd,string,,,,
Mikael Frithiof,string,,,,
Sunglae Park,string,,,,
Emmeli Tomth,string,,,,
William Wise III,string,,,,
RedhotCG,dept,,,,
HHF Amirul,string,,,,
Priscilla Angelica,string,,,,
Tianyu Bai,string,,,,
Wei Cao,string,,,,
Chao Chang,string,,,,
Ruiqing Chao,string,,,,
Chao Chen,string,,,,
Ganruihao Chen,string,,,,
Jiayang Chen,string,,,,
Wang Chen,string,,,,
Xuan Cheng,string,,,,
Kenny CiSL,string,,,,
Zixuan Cui,string,,,,
Zhiqing Dai,string,,,,
Hongkai Du,string,,,,
Sendhy Febrian,string,,,,
Tao Feng,string,,,,
Yibo Feng,string,,,,
Chenchao Gan,string,,,,
Qinglong Gu,string,,,,
Guangyang Guo,string,,,,
Qinglong Guo,string,,,,
Shuai Guo,string,,,,
Rinita Hapsari,string,,,,
Shili He,string,,,,
Xinyi He,string,,,,
Yuxin He,string,,,,
Gayus Hendriyanto,string,,,,
Haipeng Hong,string,,,,
Jingyuan Hong,string,,,,
Jinlong Hu,string,,,,
Changqiang Huang,string,,,,
Jingyao Huang,string,,,,
Kai Huang,string,,,,
Yue Huang,string,,,,
Bagus Hutomo,string,,,,
Firman Imanudin,string,,,,
Jamal,string,,,,
Cong Jiang,string,,,,
Hanke Jiang,string,,,,
Wenhui Jiang,string,,,,
Yao Jiang,string,,,,
Yuxin Jiang,string,,,,
Leilei Kuai,string,,,,
Dalong Li,string,,,,
Min Li,string,,,,
Panyu Li,string,,,,
Xiaolong Li,string,,,,
Yang Li,string,,,,
Yue Li,string,,,,
Haozhi Liao,string,,,,
Leo Ling,string,,,,
Buddy Liu,string,,,,
Kang Liu,string,,,,
Lei Liu,string,,,,
Shulong Liu,string,,,,
Wei Liu,string,,,,
Wenjiu Liu,string,,,,
Xin Liu,string,,,,
Yanxi Liu,string,,,,
Yichen Liu,string,,,,
Yongyuan Liu,string,,,,
Zhao Liu,string,,,,
Yutong Lou,string,,,,
Chaofan Lu,string,,,,
Xiangqian Lu,string,,,,
Dolphin Luo,string,,,,
Tao Luo,string,,,,
Xiangzi Luo,string,,,,
Chenglong Lv,string,,,,
Jing Lv,string,,,,
Doulos Manik,string,,,,
Alfia Nurul,string,,,,
Merlin Palmer,string,,,,
Yangwen Pan,string,,,,
Kun Peng,string,,,,
Zhiqing Peng,string,,,,
Henny Purwadi,string,,,,
Guolong Qin,string,,,,
Yanan Ren,string,,,,
Mengxue Shang,string,,,,
Jun Shen,string,,,,
Lily Shen,string,,,,
Lihua Shu,string,,,,
Haoyuan Song,string,,,,
Daniel Staton,string,,,,
Annie Su,string,,,,
Lin Su,string,,,,
Yanhao Sui,string,,,,
Mengna Sun,string,,,,
Peng Sun,string,,,,
Jiuyong Teng,string,,,,
Li Wan,string,,,,
Chen Wang,string,,,,
Haolong Wang,string,,,,
Kangning Wang,string,,,,
Mingxun Wang,string,,,,
Pu Wang,string,,,,
Yun Wang,string,,,,
Zhe Wang,string,,,,
Zhijun Wang,string,,,,
Chong Wei,string,,,,
Qingling Weng,string,,,,
Asief Wirawan,string,,,,
Hao Wu,string,,,,
Jiaqian Wu,string,,,,
Shawn Xiao,string,,,,
Junna Xie,string,,,,
Nona Xie,string,,,,
Derek Xu,string,,,,
Zhihao Xu,string,,,,
Pengyu Yan,string,,,,
Fei Yang,string,,,,
Heli Yang,string,,,,
Yi Yang,string,,,,
Yongjian Yang,string,,,,
Zhixiao Yang,string,,,,
Wentao Yao,string,,,,
Xinyi Yao,string,,,,
Alex You,string,,,,
Jiale Yu,string,,,,
Mingfeng Yu,string,,,,
Binglin Zhang,string,,,,
Bufan Zhang,string,,,,
Chaofeng Zhang,string,,,,
Huaqiao Zhang,string,,,,
Jiaqi Zhang,string,,,,
Pingping Zhang,string,,,,
Shuangqing Zhang,string,,,,
Shuxian Zhang,string,,,,
Ukee Zhang,string,,,,
Wenkang Zhang,string,,,,
Wenqian Zhang,string,,,,
Yadi Zhang,string,,,,
Yuan Zhang,string,,,,
Bin Zhao,string,,,,
Chaoying Zhao,string,,,,
Heng Zhao,string,,,,
Scott Zhao,string,,,,
Xinyi Zhao,string,,,,
Jingsong Zhou,string,,,,
Lifan Zhou,string,,,,
Jiahao Zhu,string,,,,
Jiajie Zhu,string,,,,
Junhui Zhu,string,,,,
Roboto Global,dept,,,,
,string,,,,
Berenika Borto,string,,,,
,string,,,,
,string,,,,
Krzysztof Karabin,string,,,,
Bartosz Lewandowski,string,,,,
,string,,,,
,string,,,,
Jakub Sikora,string,,,,
Dominika Szulc-Lewandowska,string,,,,
Piotr Urbaniak,string,,,,
Room 8 Group,dept,,,,
Ivan Aksiutov,string,,,,
Viacheslav Alenin,string,,,,
Evgeniy Andrievskiy,string,,,,
Andriy Andriychyk,string,,,,
Oleksii Antoniuk,string,,,,
Illia Bakhchyvanzhy,string,,,,
Kateryna Bazhai,string,,,,
Aleksandr Bespalko,string,,,,
Aleksandr Bezsilko,string,,,,
Andrea Bigatti,string,,,,
Vitalii Bilodid,string,,,,
Eduardo Bomant Garrido,string,,,,
Denis Bulah,string,,,,
Olha Burtseva,string,,,,
Andrzej Bury,string,,,,
Serhii Chekaev,string,,,,
Anton Deriabin,string,,,,
Ihor Dolinskyi,string,,,,
Ivan Dubrovskyi,string,,,,
,string,,,,
Oleh Fesiuk,string,,,,
Ilia Funtovoy,string,,,,
,string,,,,
Albert Gil,string,,,,
Anastasiia Hiriavenko,string,,,,
Anton Hladun,string,,,,
Maksym Hladyshev,string,,,,
Carmen Ilie,string,,,,
Anton Ivantsov,string,,,,
Witek Justyniak,string,,,,
Gurgen Karapetyan,string,,,,
Denys Karpiiets,string,,,,
Anastasiia Kasatova,string,,,,
Nina Kazimirska,string,,,,
Maksym Khlyzov,string,,,,
Nazar Kit,string,,,,
Yuriy Klimenko,string,,,,
Vladyslav Koldaiev,string,,,,
Artur Kudriavtsev,string,,,,
Olha Kudriavtseva,string,,,,
Anastasiya Lavrenteva,string,,,,
Serhii Leonenko,string,,,,
Michal Litwin,string,,,,
Dmytro Lytvynov,string,,,,
David Masana,string,,,,
Dmytro Melnichenko,string,,,,
Simon Moschetta,string,,,,
Mike Moshchynskyi,string,,,,
Maksym Mytkevych,string,,,,
Erich Navarro Bou,string,,,,
Dmitry Nazarov,string,,,,
Yuliya Nazheyeva,string,,,,
Oleksandr Nikolaiev,string,,,,
Sammy Noskov,string,,,,
Andrei Obogeanu,string,,,,
Iontxu Ocasar,string,,,,
Egor Osipov,string,,,,
Inna Pendiur,string,,,,
Pavlo Pershuta,string,,,,
Dmytro Poberezhnyi,string,,,,
Yevhen Poliakov,string,,,,
Oleh Poliunko,string,,,,
Iryna Popil,string,,,,
Nina Popovych,string,,,,
Nadiia Protasova,string,,,,
Nataliya Rizak,string,,,,
Dmitri Samarin,string,,,,
Vladyslav Serha,string,,,,
Oleksii Shapyro,string,,,,
Dmitrii Shteinikov,string,,,,
Kevin Sorensen,string,,,,
Dmitriy Spasibozhko,string,,,,
Iuliia Stasenko,string,,,,
Dmytro Stryzhykurka,string,,,,
Kseniia Taranets,string,,,,
Joan Tassov,string,,,,
Olga Tatur,string,,,,
Silvester Tot,string,,,,
Andrii Tsyhankov,string,,,,
Dmytro Volkov,string,,,,
Yaroslav Yaroshenko,string,,,,
Veronika Yeremieieva,string,,,,
Viktor Yermakov,string,,,,
Yuliia Zinchenko,string,,,,
Anton Zubko,string,,,,
Ryzin,dept,,,,
Yasser Ali,string,,,,
Igor Antonov,string,,,,
Danil Bayraktoryan,string,,,,
Ben Behr,string,,,,
Daulet Bekishev,string,,,,
Andrei Bezgodov,string,,,,
Renaud Biron,string,,,,
Cohen Brawley,string,,,,
Juancar Carrasco Beta,string,,,,
Jonathan Choi,string,,,,
Sergey Drabchuk,string,,,,
Lily Dunn,string,,,,
Khaled Essin,string,,,,
Patryk Felka,string,,,,
Mark Gomez,string,,,,
TJ Hardy,string,,,,
Kyrylo Ilin,string,,,,
Yegor Kapashylov,string,,,,
Daniel Kenton,string,,,,
Andrii Khmelniuk,string,,,,
Taylor Kirkham,string,,,,
Henrik Larsen,string,,,,
Matthew Lea,string,,,,
Volodymyr Lesyk,string,,,,
,string,,,,
Ivan Mazalevich,string,,,,
Michel Mestnikov,string,,,,
Fernando Moral Pascual,string,,,,
Vincent Moreira,string,,,,
Calvin Partouche,string,,,,
Hendy Santoso,string,,,,
Anton Sharipov,string,,,,
Shashank Sharma,string,,,,
Thiago Souza,string,,,,
Su Yen Wen,string,,,,
David Tellez,string,,,,
Vladyslav Tkachuk,string,,,,
Yurii Trush,string,,,,
Dzmitry Tsitavets,string,,,,
Alan Van Ryzin,string,,,,
Alex Van Ryzin,string,,,,
Alexey Vasilev,string,,,,
Makar Zhmuruk,string,,,,
Solid Quality Media,dept,,,,
Rod Weiner,string,,,,
Source Sound,dept,,,,
Jessica Arkoff,string,,,,
Kelly Baffoni,string,,,,
Landen Belardes,string,,,,
Jai Berger,string,,,,
Cadmus Blackwood,string,,,,
Gregory Bonini,string,,,,
Tom Brewer,string,,,,
Tom David,string,,,,
Charles Deenen,string,,,,
James Evan,string,,,,
Tim Gedemer,string,,,,
Nick Interlandi,string,,,,
Mark Jasper,string,,,,
Daniel Lepervanche,string,,,,
Sean Madsen,string,,,,
Nick Martin,string,,,,
James Miller,string,,,,
Josh Moore,string,,,,
Myron Nettinga,string,,,,
Michael Newton,string,,,,
,string,,,,
Nick Spradlin,string,,,,
Tyler Windsor,string,,,,
Speech Graphics,dept,,,,
Dan Geoffrey,string,,,,
Gui Qi Kang Lauri,string,,,,
Bartosz Haratym,string,,,,
Shiqi Lan,string,,,,
Pauline Lecomte,string,,,,
Jack Litster-Campbell,string,,,,
Emily Peterson,string,,,,
Heather Riva,string,,,,
Tang Kuan Hui,string,,,,
Gabor Toro,string,,,,
Elizabeth Walkey,string,,,,
Sherman Yeow,string,,,,
Sperasoft,dept,,,,
Alexander Abramov,string,,,,
Makar Auchynnikau,string,,,,
Ksenia Borisova,string,,,,
Eva Cherenkova,string,,,,
Filip Crnobrnja,string,,,,
Krzysztof Gapys,string,,,,
Andrei Gusak,string,,,,
Anton Kabanov,string,,,,
Luka Klar,string,,,,
Alexander Kohanyuk,string,,,,
Timofey Minin,string,,,,
Andrej Petojevic,string,,,,
Mariya Podgorskaya,string,,,,
Ilya Podtelezhnikov,string,,,,
Mikhail Rybalko,string,,,,
Andrey Skorikov,string,,,,
Ilya Tikhanov,string,,,,
Yulia Ukrainskaya,string,,,,
Alexander Vinogradov,string,,,,
Szymon Wieczorek,string,,,,
Dmitrii Zakurin,string,,,,
Sergey Zinoviev,string,,,,
Studio 727,dept,,,,
Azor Ondrej,string,,,,
Bojkovsky Nikola,string,,,,
Bravcok Ladislav,string,,,,
Caplan Filip,string,,,,
Cernaj Richard,string,,,,
Dedik Ladislav,string,,,,
Dedik Ondrej,string,,,,
Domorak Robert,string,,,,
Fric Martin,string,,,,
Guoth Michal,string,,,,
Hazlinger Marek,string,,,,
Janko Rastislav,string,,,,
Kabytov Iurii,string,,,,
Kraus Miroslav,string,,,,
Krupka Dalibor,string,,,,
Kusnier Maros,string,,,,
Longauer Matej,string,,,,
Mesina Filip,string,,,,
Nemcovic Peter,string,,,,
Ocenas Milan,string,,,,
Richtarech Peter,string,,,,
Roman Zdenko,string,,,,
Ruskovic Jozef,string,,,,
Sandor Matej,string,,,,
Simun Jaro,string,,,,
Slajfercik Lukas,string,,,,
Suty Filip,string,,,,
Veverka Peter,string,,,,
Sunbeam Industries,dept,,,,
Brendan Wiuff,string,,,,
Territory Studio,dept,,,,
Arran Adam,string,,,,
Liam Adam,string,,,,
Louise Baker,string,,,,
Sam Ball,string,,,,
Nick Bishop,string,,,,
Marianne Bowser,string,,,,
Roger Chiaw,string,,,,
Harriet Craig,string,,,,
Aeneas Duncan,string,,,,
Pamela Gray,string,,,,
Toby Haslam,string,,,,
Ryan Hays,string,,,,
Joe Lewis,string,,,,
Ryan Lloyd,string,,,,
Francise Long,string,,,,
Manuel Lopez,string,,,,
Tyrone Magnusen,string,,,,
Sophie Marschner,string,,,,
Liam Proniewicz,string,,,,
Lisander Qorri,string,,,,
Aaron Stelfox,string,,,,
Ted Thorpe,string,,,,
Josh Thrope,string,,,,
Joy Whilby,string,,,,
Jacob Wrigley,string,,,,
Daniel Wyatt,string,,,,
Ulysses Graphics,dept,,,,
Vladyslav Andrushchenko,string,,,,
Yevgen Boiko,string,,,,
Anatoliy Chechel,string,,,,
Vadym Chizhov,string,,,,
Anton Dmytruk,string,,,,
Yurii Fedoruk,string,,,,
Anatolii Gavrylov,string,,,,
Oleksandr Hapon,string,,,,
Artem Holniev,string,,,,
Dmytro Hrusevych,string,,,,
Iryna Kachkalda,string,,,,
Andrii Knyshevych,string,,,,
Yuri Kompaneyets,string,,,,
Vadym Kovalenko,string,,,,
Artur Kramarenko,string,,,,
Daria Kryvokhyzha,string,,,,
Sergey Mazur,string,,,,
Oleh Petrechko,string,,,,
Oleksandr Pushkaruk,string,,,,
Vladyslav Savosko,string,,,,
Rostislav Sergienko,string,,,,
Igor Sidorenko,string,,,,
Sergey Spaschenko,string,,,,
Vitalii Sushko,string,,,,
Maksym Svynoboi,string,,,,
Ruslan Svynoboi,string,,,,
Olga Trokhymovych,string,,,,
Artem Zasynets,string,,,,
Virtuos,dept,,,,
Bai Yihan,string,,,,
Darren Baines,string,,,,
Bi Qiang,string,,,,
Ma Bo,string,,,,
Yang Bo,string,,,,
Qin Botao,string,,,,
Jia Boyang,string,,,,
James Brough,string,,,,
Cai Zhen,string,,,,
Chai Fangjian,string,,,,
Chan Cheekin,string,,,,
Su Chao,string,,,,
Hou Chaobo,string,,,,
Che Zhenqun,string,,,,
Chen Chi,string,,,,
Chen Guoqiang,string,,,,
Chen Huailei,string,,,,
Chen Jianxin,string,,,,
Chen Jiawei,string,,,,
Chen Jie,string,,,,
Chen Jingru,string,,,,
Chen Junge,string,,,,
Chen Peng,string,,,,
Chen Wentao,string,,,,
Chen Xingquan,string,,,,
Chen Yan,string,,,,
Chen Yaxuan,string,,,,
Chen Yi,string,,,,
Chen Yuran,string,,,,
Chen Zhuo,string,,,,
Tan Chen,string,,,,
Chen Cheng,string,,,,
Bai Chi,string,,,,
Chuai Zhenyuan,string,,,,
Sun Chuankai,string,,,,
Chen Cong,string,,,,
Dennis Cooper,string,,,,
Michael Cottam,string,,,,
Cui Wu,string,,,,
Dai Jiajun,string,,,,
Wang Dan,string,,,,
Deng Haodong,string,,,,
Deng Yafang,string,,,,
Deng Yang,string,,,,
Deng Yunchen,string,,,,
Deng Ziyu,string,,,,
Jake Digennaro,string,,,,
Dong Jinlu,string,,,,
Du Kui,string,,,,
Du Peng,string,,,,
Du Ruiyan,string,,,,
Du Xiuyuan,string,,,,
Duan Haoran,string,,,,
Fan Li,string,,,,
Fan Tianbai,string,,,,
Fan Tianxiao,string,,,,
Feng Guangjin,string,,,,
Feng Shuai,string,,,,
Gan Songlin,string,,,,
Gao Rui,string,,,,
Gao zhenli,string,,,,
Ge Changwu,string,,,,
Geng Xin,string,,,,
Christophe Gomez,string,,,,
Gong Zihao,string,,,,
Gu Yangqing,string,,,,
Wang Guanya,string,,,,
Guo Juexin,string,,,,
Guo Liye,string,,,,
Guo Xingyi,string,,,,
Liu Guoping,string,,,,
Li Hantong,string,,,,
Zhang Hao,string,,,,
Ren Haonan,string,,,,
Guo Haoyu,string,,,,
He Chao,string,,,,
Wang Hesheng,string,,,,
Wan Hongjie,string,,,,
Gao Hongwei,string,,,,
Hou Tao,string,,,,
Hu Chuji,string,,,,
Hu Hongfei,string,,,,
Hu Huaiyu,string,,,,
Hu Rui,string,,,,
Hu Tao,string,,,,
Hu Xiaowen,string,,,,
Hu Xin,string,,,,
Hu Yuanyuan,string,,,,
Huang Ruiqi,string,,,,
Huang Jiaqi,string,,,,
Huang Siyi,string,,,,
Kyle Ji,string,,,,
Huang Jiacheng,string,,,,
Chen Jiajun,string,,,,
Jiang Zhiwen,string,,,,
Zhou Jiaxin,string,,,,
Gao Jiayao,string,,,,
Jie Junhao,string,,,,
Yang Jiedong,string,,,,
Liu Jincheng,string,,,,
Cao Jing,string,,,,
Jing Chengbin,string,,,,
Hou Jingyi,string,,,,
Pu Jiping,string,,,,
Zheng Kaiyuan,string,,,,
Cheng Kang,string,,,,
Kong Weiyu,string,,,,
Lan Hao,string,,,,
Lang Fuyao,string,,,,
Gilles Langourieux,string,,,,
Lei Pengfei,string,,,,
Zha Lei,string,,,,
Li Haoran,string,,,,
Li Jingxiao,string,,,,
Li Longji,string,,,,
Li Ming,string,,,,
Li Minghong,string,,,,
Li Yuanpeng,string,,,,
Li Zhonghua,string,,,,
Yang Li,string,,,,
Liang Qiang,string,,,,
Liang Lu,string,,,,
Liang Tianyang,string,,,,
Liang Yuewei,string,,,,
Liao Yingqian,string,,,,
Liao Yujie,string,,,,
Lin Kuixu,string,,,,
Lin Yujie,string,,,,
Liu Bixing,string,,,,
Liu Juhong,string,,,,
Liu Jun,string,,,,
Liu Renrong,string,,,,
Liu Rui,string,,,,
Liu Xinrong,string,,,,
Liu Ying,string,,,,
Liu Yinghe,string,,,,
Liu Yongsheng,string,,,,
Liu Zhongbing,string,,,,
liuzhudi,string,,,,
Long Jian,string,,,,
Long Peng,string,,,,
Lu Zhuang,string,,,,
Wang Lulu,string,,,,
Luo Xin,string,,,,
Luo Yufan,string,,,,
Luo Zuojiang,string,,,,
Lv Jian,string,,,,
Lv Weirong,string,,,,
Zhang Manjie,string,,,,
Mao Heping,string,,,,
Meng Lingbin,string,,,,
Min Qujiayuan,string,,,,
Ming Shenliang,string,,,,
Mu Dangzheng,string,,,,
Mu Di,string,,,,
Luo Na,string,,,,
Ouyang Chenyu,string,,,,
Pan Meiyu,string,,,,
Akram Parvez,string,,,,
Peng Rongjun,string,,,,
Rong Pengfei,string,,,,
Pu Wenxin,string,,,,
Qi Wenwu,string,,,,
Xiong Qi,string,,,,
Xu Qi,string,,,,
Qiao Rui,string,,,,
Qiao Shenglan,string,,,,
Qiao Yongbin,string,,,,
Qin Xuedong,string,,,,
Ren Jie,string,,,,
Ren Leifan,string,,,,
Zhang Rong,string,,,,
Ma Ruitao,string,,,,
Liu Ruxia,string,,,,
Ye Shanxin,string,,,,
Shao Zhuojun,string,,,,
Mike Sherak,string,,,,
Shi Haoyuan,string,,,,
Shi Yuqing,string,,,,
Shu Xin,string,,,,
Wang Shu,string,,,,
Zhang Shuo,string,,,,
Wang Shuyun,string,,,,
Song Guolin,string,,,,
Samuel Stevenin,string,,,,
Su Jun,string,,,,
Tan Jiajia,string,,,,
Tang Shanding,string,,,,
Tian Baorui,string,,,,
Tian Li,string,,,,
Cheng Tianhao,string,,,,
Ma Tianlin,string,,,,
Wang Cen,string,,,,
Wang Jiaping,string,,,,
Wang Jie,string,,,,
Wang Lijuan,string,,,,
Wang Longfei,string,,,,
Wang Minrou,string,,,,
Wang Qingxia,string,,,,
Wang Ting,string,,,,
Wang Wentong,string,,,,
Wang Xingyun,string,,,,
Wang Xueming,string,,,,
Wei Haosen,string,,,,
Wei Qiang,string,,,,
Xin Weijia,string,,,,
Wang Weiqi,string,,,,
Wang Weiwei,string,,,,
Wen Gang,string,,,,
Chen Wenjin,string,,,,
Wu Di,string,,,,
Wu Xiaoge,string,,,,
Wu Yi,string,,,,
Xia Haijun,string,,,,
Xian Yijie,string,,,,
Xiang Kewei,string,,,,
Xiang Xin,string,,,,
Xiao Bowen,string,,,,
Xiao Linling,string,,,,
Xiao Qinwen,string,,,,
Xiao Shicheng,string,,,,
Huang Xiaoxian,string,,,,
Xiong Xiaoxiao,string,,,,
Xie Chunshen,string,,,,
Wu Xingjian,string,,,,
Zhang Xinwen,string,,,,
Leong Xinyi,string,,,,
Xiong Pengyu,string,,,,
Xu Hang,string,,,,
Xu Jiali,string,,,,
Xu Lingfei,string,,,,
Xu Wei,string,,,,
Xu Yuan,string,,,,
Xiao Xuyi,string,,,,
Yan Hao,string,,,,
Yan Xiaoqiang,string,,,,
Ma Yanfang,string,,,,
Yang Na,string,,,,
Yang Peng,string,,,,
Yang Qian,string,,,,
Yang Qingmao,string,,,,
Yang Qiqi,string,,,,
Yang Shuorui,string,,,,
Yang Wei,string,,,,
Yang Wenbo,string,,,,
Yang Xiping,string,,,,
Yang Zhantao,string,,,,
Huang Yanuo,string,,,,
Yang Yasheng,string,,,,
Wang Ye,string,,,,
Ye Maqiang,string,,,,
Qin Yeqi,string,,,,
Jia Yi,string,,,,
Yi Junqi,string,,,,
Li Yihuan,string,,,,
Wang Yilin,string,,,,
Ying Yuhang,string,,,,
Qing Yingzhen,string,,,,
Zhang Yiwei,string,,,,
Yan Yixuan,string,,,,
Wang Yizhao,string,,,,
Tan Yongbin,string,,,,
Lei Yu,string,,,,
Yu Meilun,string,,,,
Zhong Yu,string,,,,
Luo Yuanlin,string,,,,
Fang Yuchen,string,,,,
Yuan Yue,string,,,,
Yue Chuanquan,string,,,,
Hu Yufeng,string,,,,
Liu Yujia,string,,,,
Wen Yuxiao,string,,,,
Zeng Haoyu,string,,,,
Zeng yanjia,string,,,,
Zhan Xianbao,string,,,,
Zhang Long,string,,,,
Zhang Qilin,string,,,,
Zhang Cheng,string,,,,
Zhang Hui,string,,,,
Zhang Jianfan,string,,,,
Zhang Jingwen,string,,,,
Zhang Kaisong,string,,,,
Zhang Lu,string,,,,
Zhang Nan,string,,,,
Zhang Nuoying,string,,,,
Zhang Siyuan,string,,,,
Zhang Xueqing,string,,,,
Zhang Yiwen,string,,,,
Zhang Yu,string,,,,
Zhang Yuejie,string,,,,
Zhang Zheng,string,,,,
Zhang Zhixiang,string,,,,
Zhang Zhiyi,string,,,,
Zhao Minzhe,string,,,,
Zhao Zijun,string,,,,
Wang Zhengwei,string,,,,
Wei Zhenhui,string,,,,
Xu Zhiyong,string,,,,
Shen Zhiyuan,string,,,,
Wan Zhongyuan,string,,,,
Zhou Houtao,string,,,,
Zhou Huayu,string,,,,
Zhou Miao,string,,,,
Zhou Peng,string,,,,
Zhou Qin,string,,,,
Zhou huiying,string,,,,
Zhu Ziqi,string,,,,
Ji Zicheng,string,,,,
Ma Zihao,string,,,,
WarDog,dept,,,,
Zohaib Ali,string,,,,
Scott Baxter,string,,,,
Dom Brookes,string,,,,
Richard Brown,string,,,,
Matthew Ho Yin Chan,string,,,,
Angus Collins,string,,,,
Rae Girvan,string,,,,
Matthew Halliday,string,,,,
Georgii Kiselev,string,,,,
Jade Law,string,,,,
Filip Litwin,string,,,,
Josh Lunn,string,,,,
Ohle Mathiebe,string,,,,
Jose McCallum,string,,,,
Simon Mercuzot,string,,,,
Duard Mostert,string,,,,
Mohammad Omar,string,,,,
Oliver Pabilona,string,,,,
Nick Post,string,,,,
,string,,,,
Malcolm Raynal,string,,,,
Charlie Rigden,string,,,,
Tyler Schutte,string,,,,
Artem Shiryaev,string,,,,
Will Steel,string,,,,
Warner Brothers,dept,,,,
John P. Fasal,string,,,,
Douglas Fox,string,,,,
Dan Francis,string,,,,
Luis Galdames,string,,,,
Mariano Garde,string,,,,
Will Huang,string,,,,
Garrett Montgomery,string,,,,
Bryan O. Watkins,string,,,,
Larry Zanoff,string,,,,
Zero Eight Hundred Design Studio,dept,,,,
Aleksandras Akstinas,string,,,,
Alex Chistovski,string,,,,
Matt Bellamy,string,,,,
Dmitrii Boev,string,,,,
Maxim Buyanov,string,,,,
Andrew Domachowski,string,,,,
Daniil Eshanov,string,,,,
Simonov Evgenii,string,,,,
Geping Jiang,string,,,,
Roman Kupriianov,string,,,,
YongYi Lee,string,,,,
Anna Mihhailovskaja,string,,,,
Fumihisa Nagasawa,string,,,,
Ilia Nagin,string,,,,
Long Ouyang,string,,,,
Xiaowen Shi,string,,,,
Joao Silva,string,,,,
Daniel Solovev,string,,,,
Daniele Trevisan,string,,,,
Arseny Trubachev,string,,,,
Bruce Yu,string,,,,
Contractors,dept,,,,
Dave Crouse,string,,,,
Michael McCarthy,string,,,,
Omar Milan,string,,,,
Steven Saylor,string,,,,
Kevin Timpson,string,,,,
Justin Will,string,,,,
BLANKLONG,blank,,,,
BLANKLONG,blank,,,,
BLANKLONG,blank,,,,
BLANKLONG,blank,,,,
EXTERNAL HARDWARE PARTNERS,logotext,,,,
BLANK,blank,,,,
BLANK,blank,,,,
AMD,dept,,,,
Ron Covert,string,,,,
Justin Fyfe,string,,,,
Chris Hall,string,,,,
John Hartwig,string,,,,
Josh Hort,string,,,,
Jack Huynh,string,,,,
Joseph Klinger,string,,,,
Eric Lundgren,string,,,,
Ilya Matveyev,string,,,,
Eric Mejdrich,string,,,,
Nick Morales,string,,,,
Bill Murphy,string,,,,
Sebastien Nussbaum,string,,,,
Agustin Palacio,string,,,,
Peter Ross,string,,,,
Carlos Silva,string,,,,
Mike Smith,string,,,,
Ihor Szlachtycz,string,,,,
Ray Watkins,string,,,,
Steve Winburn,string,,,,
David Ziman,string,,,,
Intel,dept,,,,
Dave Astle,string,,,,
Steven Bell,string,,,,
Michael Coppock,string,,,,
Ritche Corpus,string,,,,
Andrew Dodd,string,,,,
Patrick Farrell,string,,,,
Jaime Gonzalez,string,,,,
William Lutey,string,,,,
Jade Mao,string,,,,
Alexandre Methot,string,,,,
Martin Moerth,string,,,,
Charles Revillon,string,,,,
Josh Salem,string,,,,
Daniel Silver,string,,,,
Maria Tsakopoulos,string,,,,
Cory Weingarden,string,,,,
NVIDIA,dept,,,,
Wessam Bahnassi,string,,,,
Alexey Barkovoy,string,,,,
Marissa Blacknall,string,,,,
Adam Chamberlain,string,,,,
Tim Cheblokov,string,,,,
Johannes Deligiannis,string,,,,
Frank Fiore,string,,,,
Charles Fliss,string,,,,
Edward Henry,string,,,,
Alex Hillermann,string,,,,
Clay Hillhouse,string,,,,
Justin Kim,string,,,,
Oleg Kuznetsov,string,,,,
Jason Lee,string,,,,
Ryan Prescott,string,,,,
Rahul Sathe,string,,,,
Seth Schneider,string,,,,
Tim Shea,string,,,,
Michael Songy,string,,,,
Jon Story,string,,,,
Filip Strugar,string,,,,
Oli Wright,string,,,,
Blair Yakimovich,string,,,,
pc_end,,,,,
BLANKLONG,blank,,,,
BLANKLONG,blank,,,,
BLANKLONG,blank,,,,
MICROSOFT,logotext,,,,
BLANK,blank,,,,
BLANK,blank,,,,
,dept,,,,
Danny Chen,string,,,,
Tim Chen,string,,,,
David Cook,string,,,,
Andrew Farrier,string,,,,
Cameron Goodwin,string,,,,
Consumer Sales Organization,dept,,,,
Mary Birkner,string,,,,
James Campbell,string,,,,
Sharon Chan,string,,,,
Jon DeLodder,string,,,,
Kevin Fleming,string,,,,
Anton Grachev,string,,,,
Emma Kim,string,,,,
Cedric Mimouni,string,,,,
Laura Morgan,string,,,,
Eve Oorloff,string,,,,
Tina Painton Clark,string,,,,
Panu Smuthkochorn,string,,,,
Andrew Viola,string,,,,
Funda Yakin,string,,,,
Game Pass Business Planning & Finance,dept,,,,
Ben Favreau,string,,,,
Erik Jensen,string,,,,
Matias Naddeo,string,,,,
Global Partnerships,dept,,,,
Jade Seitz,string,,,,
SiGMa,dept,,,,
James Cyriac,string,,,,
John Lykins,string,,,,
Brian Pepin,string,,,,
Cody Pritchard,string,,,,
Dani Roman,string,,,,
Aaron Stover,string,,,,
Studios Quality Accessibility,dept,,,,
Aidan Bower,string,,,,
Selina Coppersmith,string,,,,
Sam McDaniel,string,,,,
Mike Yurka,string,,,,
Studios Quality Shield Lab,dept,,,,
Todd Enyeart (Insight Global),string,,,,
Richard Rosenberg (Experis),string,,,,
Scott Taylor (Insight Global),string,,,,
Griffin Watson (Insight Global),string,,,,
Supply Chain & Operations Team,dept,,,,
Denise Boles,string,,,,
Amanda Brazil,string,,,,
Carey Burbeck,string,,,,
Alex Cavalcante,string,,,,
John Coyle,string,,,,
Jery Fuller,string,,,,
Monica Gracia-Ortega,string,,,,
Abdullah Haider,string,,,,
Darren Keane (Arvato),string,,,,
Kelsey Larson,string,,,,
Joleen Meyer (Infosys),string,,,,
Keeley Munden,string,,,,
Heather Olek,string,,,,
Thomas Smith,string,,,,
John Walsh (Arvato),string,,,,
Xbox,dept,,,,
Ethan Abeles,string,,,,
Aaliyah Brown,string,,,,
Jon Caruana,string,,,,
Venkat Chilakala,string,,,,
Sumitha Fernando,string,,,,
Emily Hanson,string,,,,
Kate MacDonald,string,,,,
Nathalia Scrimshaw,string,,,,
Xbox Cloud Platform,dept,,,,
Jon Bockelman,string,,,,
Jordan Cohen,string,,,,
Ran Eitan,string,,,,
Matt Fleming,string,,,,
Nicole Hilbert,string,,,,
Paris Lockhart,string,,,,
Jeron Moore,string,,,,
Nate Ngbondo Koweda,string,,,,
Diego Perez Botero,string,,,,
Anthony Popelar,string,,,,
Anu Reddy,string,,,,
Sean Richer,string,,,,
Xbox Marketing,dept,,,,
Deny Batista,string,,,,
Michelle Fears,string,,,,
Mohan Gehlot,string,,,,
Chris Lee,string,,,,
Xbox Programming,dept,,,,
Tina Amini,string,,,,
CJ Gibson,string,,,,
Tina Summerford,string,,,,
Ryan Treit,string,,,,
Xbox Studio Services,dept,,,,
Cindy Arasim,string,,,,
Jeremiah Armstrong,string,,,,
Immi Beresford-Bone,string,,,,
Dan Casey,string,,,,
Adrien Cho,string,,,,
Matt Cookson,string,,,,
Patrick Decker,string,,,,
Joe Djorgee,string,,,,
Jordan Forbes,string,,,,
Peter Giffin,string,,,,
Jeremy Hall,string,,,,
Laura Hamilton,string,,,,
Esteban Lora,string,,,,
Jeff McCrory,string,,,,
Monisha Monikantarajan,string,,,,
Yasmine Nelson,string,,,,
Jim Pekola,string,,,,
Eric Richardson,string,,,,
Sean Sheffer,string,,,,
John Thornton,string,,,,
Jaya Venkataraman,string,,,,
Xbox Test and Certification,dept,,,,
Andy Tagg,string,,,,
Joe Weisbeck,string,,,,
Xbox XP Developer Relations - US,dept,,,,
Jennifer Chandler,string,,,,
Gaming Leadership Team,dept,,,,
Josh Bliggenstorfer,string,,,,
Sarah Bond,string,,,,
Matt Booty,string,,,,
Helen Chiang,string,,,,
N'Gai Croal,string,,,,
Aaron Greenberg,string,,,,
Alan Hartman,string,,,,
Dave McCarthy,string,,,,
Phil Spencer,string,,,,
Tim Stuart,string,,,,
Special thanks to the following teams,dept,,,,
Xbox 1P Storefronts eCommerce,string,,,,
Xbox Comms,string,,,,
Xbox Content Planning,string,,,,
Xbox Game Pass Integrated Marketing,string,,,,
Xbox Global Campaigns,string,,,,
Xbox Marketing,string,,,,
Xbox Product Marketing,string,,,,
Xbox Social,string,,,,
Xbox Worldwide Account Management,string,,,,
BLANKLONG,blank,,,,
BLANKLONG,blank,,,,
BLANKLONG,blank,,,,
SPECIAL THANKS,logotext,,,,
BLANK,blank,,,,
BLANK,blank,,,,
GameServers,string,,,,
Sony ATG,string,,,,
University of Southern California,string,,,,
BLANK,blank,,,,
Patrick Griffith,string,,,,
BLANKLONG,blank,,,,
BLANKLONG,blank,,,,
BLANKLONG,blank,,,,
BLANK,blank,,,,
BLANK,blank,,,,
CREDITS/AMD_A_00,single,,,,
CREDITS/AMD_A_01,single,,,,
CREDITS/AMD_A_02,single,,,,
CREDITS/AMD_A_03,single,,,,
CREDITS/AMD_A_04,single,,,,
CREDITS/AMD_A_05,single,,,,
CREDITS/AMD_A_06,single,,,,
CREDITS/AMD_A_07,single,,,,
CREDITS/AMD_A_08,single,,,,
BLANK,blank,,,,
BLANK,blank,,,,
CREDITS/APACHE_LICENSE,single,,,,
BLANK,blank,,,,
BLANK,blank,,,,
image_dolby_2023,logo,,320.0,80.0,
BLANK,blank,,,,
image_atmos_2023,logo,,320.0,80.0,
BLANK,blank,,,,
BLANK,blank,,,,
BLANK,blank,,,,
CREDITS/DOLBY_01,single,,,,
BLANK,blank,,,,
BLANK,blank,,,,
CREDITS/GETTY_01,single,,,,
BLANK,blank,,,,
BLANK,blank,,,,
image_havok_2023,logo,,320.0,80.0,
BLANK,blank,,,,
BLANK,blank,,,,
CREDITS/HAVOK_JUP_01,single,,,,
BLANK,blank,,,,
BLANK,blank,,,,
CREDITS/INTEL_A_00,single,,,,
CREDITS/INTEL_A_01,single,,,,
BLANK,blank,,,,
BLANK,blank,,,,
CREDITS/MEGASCANS_01,single,,,,
BLANK,blank,,,,
BLANK,blank,,,,
CREDITS/MIT_00,single,,,,
CREDITS/MIT_01,single,,,,
CREDITS/MIT_02,single,,,,
CREDITS/MIT_03,single,,,,
CREDITS/MIT_04,single,,,,
CREDITS/MIT_05,single,,,,
CREDITS/MIT_06,single,,,,
CREDITS/MIT_07,single,,,,
CREDITS/MIT_08,single,,,,
BLANK,blank,,,,
BLANK,blank,,,,
CREDITS/NVIDIA_00,single,,,,
CREDITS/NVIDIA_A_01,single,,,,
CREDITS/NVIDIA_A_02,single,,,,
CREDITS/NVIDIA_A_03,single,,,,
CREDITS/NVIDIA_A_04,single,,,,
CREDITS/NVIDIA_A_05,single,,,,
CREDITS/NVIDIA_A_06,single,,,,
CREDITS/NVIDIA_A_07,single,,,,
CREDITS/NVIDIA_A_08,single,,,,
BLANK,blank,,,,
CREDITS/NVIDIA_B_01,single,,,,
CREDITS/NVIDIA_B_02,single,,,,
CREDITS/NVIDIA_B_03,single,,,,
CREDITS/NVIDIA_B_04,single,,,,
CREDITS/NVIDIA_B_05,single,,,,
CREDITS/NVIDIA_B_06,single,,,,
CREDITS/NVIDIA_B_07,single,,,,
CREDITS/NVIDIA_B_08,single,,,,
BLANK,blank,,,,
BLANK,blank,,,,
CREDITS/RAD_GAME1,single,,,,
CREDITS/RAD_GAME2,single,,,,
BLANK,blank,,,,
BLANK,blank,,,,
CREDITS/RAD_GAME3,single,,,,
CREDITS/RAD_GAME4,single,,,,
BLANK,blank,,,,
BLANK,blank,,,,
CREDITS/REV_01,single,,,,
BLANK,blank,,,,
BLANK,blank,,,,
CREDITS/SPEEDTREE_01,single,,,,
BLANK,blank,,,,
BLANK,blank,,,,
CREDITS/UMBRA1,single,,,,
BLANK,blank,,,,
BLANK,blank,,,,
CREDITS/WORLD_CREATOR_01,single,,,,
BLANKLONG,blank,,,,
BLANKLONG,blank,,,,
BLANKLONG,blank,,,,
COPYRIGHT NOTICE,logotext,,,,
,string,,,,
ACTIVISION, CALL OF DUTY, and CALL OF DUTY BLACK OPS are trademarks of Activision Publishing, Inc.,string,,,,
All other trademarks and trade names are property of their respective owners,string,,,,
BLANKLONG,blank,,,,
BLANKLONG,blank,,,,
BLANKLONG,blank,,,,
BLANKLONG,blank,,,,
BLANKLONG,blank,,,,
BLANKLONG,blank,,,,
BLANKLONG,blank,,,,
BLANKLONG,blank,,,,
BLANKLONG,blank,,,,
As we set out on this new adventure, we can't help but think about the incredible journey we've shared since our last game.,staticmedtext,0 -120,,,15000.0
WAIT,wait,,,,2000.0
Much has happened and many things have changed, but one constant is our passion for creating unforgettable experiences for you.,staticmedtext,0 -80,,,13000.0
WAIT,wait,,,,2000.0
,staticmedtext,0 -40,,,11000.0
WAIT,wait,,,,2000.0
A heartfelt thanks also goes out to Microsoft, Activision and all our creative partners for their unwavering dedication.,staticmedtext,0 0,,,9000.0
WAIT,wait,,,,2000.0
Now, it's time to jump online and make new memories together - This is just the beginning!,staticmedtext,0 40,,,7000.0
WAIT,wait,,,,2000.0
Treyarch, Raven, and our Partner Studios,staticmedtext,0 120,,,
WAIT,wait,,,,
