bot,Adams
bot,Bennett
bot,Carson
bot,Dalton
bot,Ellis
bot,Foster
bot,Graham
bot,Hayes
bot,Ingram
bot,Jensen
bot,Knox
bot,Lawson
bot,Mercer
bot,Norton
bot,Owens
bot,Palmer
bot,Quinn
bot,Reilly
bot,Saunders
bot,Tate
bot,Underwood
bot,Vance
bot,Walton
bot,York
bot,Zane
bot,Archer
bot,Bradley
bot,Chandler
bot,Donovan
bot,Emerson
bot,Fuller
bot,Gilbert
bot,Harper
bot,Irwin
bot,Kent
bot,Lambert
bot,Monroe
bot,Newman
bot,Osborne
bot,Pierce
bot,Ramsey
bot,Shelton
bot,Tyler
bot,Vincent
bot,Warner
bot,Abbott
bot,Ballard
bot,Copeland
bot,Drake
bot,Faulkner
bot,Granger
bot,Holt
bot,Ives
bot,Joyce
bot,Keaton
bot,Langley
bot,Mercer
bot,Norris
bot,Oden
bot,Patton
bot,Rhodes
bot,Stafford
bot,Thorne
bot,Varner
bot,Wilkins
bot,Ashby
bot,Beckett
bot,Colby
bot,Duke
bot,Easton
bot,Finley
bot,Gage
bot,Haines
bot,Jeffries
bot,Kane
bot,Larkin
bot,Maxwell
bot,North
bot,Oden
bot,Pickett
bot,Redmond
bot,Sawyer
bot,Travis
bot,Vernon
bot,Whitley
bot,Ames
bot,Bishop
bot,Crane
bot,Dalton
bot,Eaton
bot,Finney
bot,Garland
bot,Haskins
bot,Jennings
bot,Kirby
bot,Leland
bot,Morrow
bot,Noble
bot,Orr
bot,Parrish
onlinebot,10deercoco
onlinebot,10pRocobra
onlinebot,10tinYAlex
onlinebot,10ZoneLeO
onlinebot,11bIGrat
onlinebot,11MadbaJa
onlinebot,11MaXiSoap
onlinebot,11susDiaz
onlinebot,11sususb55
onlinebot,1bIGbruise
onlinebot,1bIGeDGE77
onlinebot,1BlazeZEUS
onlinebot,1Crazydog
onlinebot,1croccoco
onlinebot,1FambaJa99
onlinebot,1mamal3LeO
onlinebot,1slothDiaz
onlinebot,1TheoniON
onlinebot,1wfhLeO
onlinebot,22figllama
onlinebot,22MadbaJa
onlinebot,22MaXirojo
onlinebot,22wfhLA
onlinebot,2brAveeDGE
onlinebot,2MasterCWC
onlinebot,2MeGaDuke
onlinebot,2raULSkiLL
onlinebot,2WolFNIno
onlinebot,2zanYmouse
onlinebot,33bIGcat
onlinebot,33boomlily
onlinebot,33PriceLeO
onlinebot,33pRodog3
onlinebot,33wfhmos
onlinebot,3applrat
onlinebot,3Darkcoco
onlinebot,3Fam8lily
onlinebot,3figDiaz
onlinebot,3leekzCWC
onlinebot,3Madmaddog
onlinebot,3MexicanLA
onlinebot,3RedTupil
onlinebot,3SaltyGuru
onlinebot,3Theobunny
onlinebot,44buBBACWC
onlinebot,44peaNoVA
onlinebot,4bIGrat
onlinebot,4leFtyCWC
onlinebot,4MaXiMax99
onlinebot,4MegaTupil
onlinebot,4olivStan
onlinebot,4suPercat
onlinebot,4Thecoco
onlinebot,4zanYmatch
onlinebot,55Darkusb
onlinebot,55doubleLA
onlinebot,55EasyMArs
onlinebot,5bIGusb
onlinebot,5Crazypalm
onlinebot,5EagleNoVA
onlinebot,5Fam7coco
onlinebot,5gHOSTNIno
onlinebot,5mamalhEAd
onlinebot,5mangoDiaz
onlinebot,5SmolTiger
onlinebot,5snakELeO
onlinebot,5TheZEUS7
onlinebot,5TOPmos
onlinebot,5WolFStan
onlinebot,6Nerdusb
onlinebot,6Smolrigs
onlinebot,6TheoLeO
onlinebot,77lemoncat
onlinebot,77SmolMArs
onlinebot,7bIGcal
onlinebot,7darkDuke8
onlinebot,7darkroad
onlinebot,7EasyPinky
onlinebot,7FamGuru9
onlinebot,7olivhEAd
onlinebot,7PeTERDiaz
onlinebot,7susroad
onlinebot,7ThehEAd
onlinebot,7tinYRome
onlinebot,7WolFGuru
onlinebot,8BlitzSoap
onlinebot,8blooDyMax
onlinebot,8bloompalm
onlinebot,8BougieLeO
onlinebot,8cheWyLA
onlinebot,8DemonhEAd
onlinebot,8ExtraCoRn
onlinebot,8FoXGuru
onlinebot,8LazyStan
onlinebot,8pRocal
onlinebot,8sillycat
onlinebot,8TOPtomato
onlinebot,8ZeroNoVA
onlinebot,99bIGCWC22
onlinebot,99Darkpalm
onlinebot,99dogRome
onlinebot,99figcrank
onlinebot,99susxMArs
onlinebot,9basilDiaz
onlinebot,9brAveDiaz
onlinebot,9dogdaemon
onlinebot,9extraGuru
onlinebot,9FoXTupil
onlinebot,9leekzCWC
onlinebot,9Saltysene
onlinebot,9snakEbaJa
onlinebot,applcrankz
onlinebot,applmouse
onlinebot,applranger
onlinebot,applripley
onlinebot,applRoSe
onlinebot,applStan
onlinebot,BanaNANoVA
onlinebot,basilbunny
onlinebot,basilhEAd7
onlinebot,basilmouse
onlinebot,basilronin
onlinebot,bIG1quokka
onlinebot,bIG3eDGE
onlinebot,bIG4Aether
onlinebot,bIG6cat
onlinebot,bIG6Verde
onlinebot,bIG7Soap
onlinebot,bIG8Max
onlinebot,bIGbigport
onlinebot,bIGDiaz
onlinebot,bIGeDGE
onlinebot,bIGknight
onlinebot,bIGlAlex44
onlinebot,bIGmango
onlinebot,bIGmango9
onlinebot,bIGPrice10
onlinebot,bIGquokka
onlinebot,bIGrat55
onlinebot,bIGratchet
onlinebot,bIGripley
onlinebot,bIGTItan
onlinebot,bIGWarrior
onlinebot,blancococo
onlinebot,blancousb
onlinebot,Blaze5usb
onlinebot,Blazecat
onlinebot,Blazedecay
onlinebot,BlazeNoVA
onlinebot,Blitz2sene
onlinebot,BlitzCWC
onlinebot,BlitzDiaz
onlinebot,BlitzDuke
onlinebot,BlitzGuru
onlinebot,Blitzmatch
onlinebot,BlitzMax
onlinebot,Blitzworld
onlinebot,BloodyAlex
onlinebot,blooDybaJa
onlinebot,blooDyCoRn
onlinebot,Bloodydoom
onlinebot,blooDyGuru
onlinebot,blooDyhEAd
onlinebot,blooDypalm
onlinebot,Bloodyxdog
onlinebot,bloomclink
onlinebot,bloomllama
onlinebot,bloommos
onlinebot,bloomSkiLL
onlinebot,bloomTupil
onlinebot,bloomZEUS
onlinebot,boomAether
onlinebot,boomcolt77
onlinebot,boomCoRnz
onlinebot,boomdogah
onlinebot,boomdragon
onlinebot,boomGhost
onlinebot,boomlancer
onlinebot,boommaRble
onlinebot,boommatch
onlinebot,boomodoyle
onlinebot,boomStan
onlinebot,boomtemple
onlinebot,boomtomato
onlinebot,boomturtle
onlinebot,BougieDuke
onlinebot,BougieRoSe
onlinebot,Bougiescar
onlinebot,BougieStan
onlinebot,brAvedecay
onlinebot,brAvedoom
onlinebot,brAveDuke
onlinebot,brAveMArs
onlinebot,brAveTiger
onlinebot,brokencoco
onlinebot,brokenIttY
onlinebot,brokenNIno
onlinebot,brokenusb
onlinebot,buBBAmango
onlinebot,buBBAMax
onlinebot,buBBApalm
onlinebot,buBBApiZZa
onlinebot,buBBARome
onlinebot,BulletLeO
onlinebot,Bulletlily
onlinebot,BulletMArs
onlinebot,campushEAd
onlinebot,campusrigs
onlinebot,campusRome
onlinebot,CaptainCWC
onlinebot,Captainusb
onlinebot,CheugyLeOx
onlinebot,Cheugysene
onlinebot,CheugyZEUS
onlinebot,cheWyGuru
onlinebot,cheWylily
onlinebot,cheWyrojo
onlinebot,cheWyRomez
onlinebot,cheWySimpl
onlinebot,cheWySnack
onlinebot,cheWyTiger
onlinebot,cosMICNoVA
onlinebot,crazy5doom
onlinebot,crazyAlex
onlinebot,Crazycal
onlinebot,CrazyDuke
onlinebot,CrazyLA99
onlinebot,Crazylily
onlinebot,crazyMArs
onlinebot,CrazyMax
onlinebot,Crazyroad
onlinebot,crazyrojo
onlinebot,crocbender
onlinebot,croccrank
onlinebot,crocDuke
onlinebot,crocmaRble
onlinebot,crocRoSe
onlinebot,crocworld9
onlinebot,Dank1lily
onlinebot,Dank5CWC
onlinebot,DankAether
onlinebot,Dankcannon
onlinebot,Dankcoco33
onlinebot,DankCoRn99
onlinebot,Dankdog33
onlinebot,DankGhost
onlinebot,DankIttY
onlinebot,Dankkraken
onlinebot,DankLeO
onlinebot,DankMArso
onlinebot,DanknOOdle
onlinebot,Dankrubble
onlinebot,DankSimpl
onlinebot,DankStan1
onlinebot,DankTiGer
onlinebot,DankTupil
onlinebot,Dankturner
onlinebot,Darkbunny
onlinebot,darkcannon
onlinebot,Darkcobra
onlinebot,Darkcolt
onlinebot,DarkCWC
onlinebot,darkDiaz
onlinebot,DarkDuke10
onlinebot,DarkhEAd
onlinebot,DarkIttY
onlinebot,Darkkraken
onlinebot,darkLeO
onlinebot,darkNoVA
onlinebot,Darkquokka
onlinebot,darkrigs
onlinebot,darkroad77
onlinebot,DarkStan
onlinebot,darkxshark
onlinebot,deamonNIno
onlinebot,deamonRome
onlinebot,deercannon
onlinebot,deercobra2
onlinebot,deercoco
onlinebot,deerdiablo
onlinebot,deerDiaz
onlinebot,deerMArs
onlinebot,deerNoVA
onlinebot,deeroniON
onlinebot,deerPinky
onlinebot,deerpiZZa
onlinebot,deerreaper
onlinebot,deerTupil
onlinebot,deerturtle
onlinebot,Demonbunny
onlinebot,Demoncoco
onlinebot,DemonDukex
onlinebot,DemonIttY
onlinebot,Demonmango
onlinebot,Demonrigs3
onlinebot,Demonshark
onlinebot,DemonVerde
onlinebot,dog1Tiger
onlinebot,dogaspect
onlinebot,dogbazil3
onlinebot,dogcoco
onlinebot,dogCWC
onlinebot,dogGhost33
onlinebot,dogGuru2
onlinebot,dogIvano
onlinebot,dogmatch
onlinebot,dogNIno
onlinebot,dogoniON
onlinebot,dogratchet
onlinebot,dogronin
onlinebot,dogSimpl9
onlinebot,dogTupil
onlinebot,dogzigzag
onlinebot,double1Max
onlinebot,doubleDiaz
onlinebot,doublelily
onlinebot,doubleStan
onlinebot,DrippinMax
onlinebot,Drippinusb
onlinebot,EagleNIno
onlinebot,EaglepiZZa
onlinebot,Eaglesene
onlinebot,EagleSnack
onlinebot,EagleStan
onlinebot,Easy5cat55
onlinebot,Easy6Rome
onlinebot,Easybender
onlinebot,Easyfender
onlinebot,EasyIvano
onlinebot,Easymaddog
onlinebot,EasyNIno10
onlinebot,Easypalm3
onlinebot,Easyquokka
onlinebot,Easyranger
onlinebot,EasyxTItan
onlinebot,EasyZEUS9
onlinebot,extra1hEAd
onlinebot,Extra5CoRn
onlinebot,ExtrabaJa
onlinebot,extracoco
onlinebot,ExtraDiaz
onlinebot,extradog
onlinebot,extralemon
onlinebot,ExtraLeO44
onlinebot,extramos
onlinebot,extraNIno3
onlinebot,extrarojo
onlinebot,Extrasene
onlinebot,ExtraSkiLL
onlinebot,ExtraTiGer
onlinebot,Fam1CoRnxx
onlinebot,Fam9ranger
onlinebot,Famcolt
onlinebot,FamdiNosr
onlinebot,FamDuke4
onlinebot,FamGhost
onlinebot,FamLA
onlinebot,FamMArs
onlinebot,Fammatch11
onlinebot,Famnarwal9
onlinebot,Famreaper
onlinebot,Famrigs33
onlinebot,FamRoSe
onlinebot,Famshark
onlinebot,FamStan
onlinebot,Famtemple
onlinebot,fig5llama
onlinebot,fig8bazil
onlinebot,figbutcher
onlinebot,figclink
onlinebot,figdaemon
onlinebot,figdiNosr
onlinebot,figdragon
onlinebot,figGhosto
onlinebot,figLA
onlinebot,figmatch10
onlinebot,figNoVA
onlinebot,figreaper
onlinebot,figRome
onlinebot,figshark
onlinebot,figspider
onlinebot,figTItan
onlinebot,FinalIttY
onlinebot,Finalmouse
onlinebot,FinalPrice
onlinebot,Finalusb
onlinebot,FinalVerde
onlinebot,forK7crank
onlinebot,forKbazil
onlinebot,forKbowser
onlinebot,forKdaemon
onlinebot,forKDiaz
onlinebot,forKdiNosr
onlinebot,forKknight
onlinebot,forKNoVA
onlinebot,forKodoyle
onlinebot,forKpalm99
onlinebot,forKpoTATo
onlinebot,forKrigs
onlinebot,forKstone
onlinebot,forKusb55
onlinebot,FoX1palm
onlinebot,FoX2Alex
onlinebot,FoXAlex
onlinebot,FoXCheetah
onlinebot,FoXIvano
onlinebot,FoXjazmine
onlinebot,FoXllama5
onlinebot,FoXmatch55
onlinebot,FoXMax
onlinebot,FoXnOOdle8
onlinebot,FoXpigEOn5
onlinebot,FoXpsycho
onlinebot,FoXrat
onlinebot,FoXSnack
onlinebot,FoXtemple
onlinebot,FoXturtle
onlinebot,FoXVerde
onlinebot,FoXWarrior
onlinebot,gArliccoco
onlinebot,gArlicLA
onlinebot,ghost7Alex
onlinebot,ghost7doom
onlinebot,gHostclink
onlinebot,gHostCoRn
onlinebot,gHOSTCoRn8
onlinebot,gHostcrank
onlinebot,ghostCWC
onlinebot,gHOSTDiaz
onlinebot,gHOSTdoom
onlinebot,ghosteDGEo
onlinebot,GhosTLA
onlinebot,GhosTmos
onlinebot,gHostpalm
onlinebot,GhosTrojox
onlinebot,gHostronin
onlinebot,ghostsene
onlinebot,gHostshark
onlinebot,gHostStan
onlinebot,gHostTiger
onlinebot,gHOSTTItan
onlinebot,GhosTTupil
onlinebot,GoosEcal
onlinebot,GoosEDuke
onlinebot,GoosEIttY1
onlinebot,GoosELA5
onlinebot,GoosEMax
onlinebot,GoosEMax2
onlinebot,GoosErigs
onlinebot,GoosEsene9
onlinebot,GoosESoap
onlinebot,GoosETItan
onlinebot,GoosETupil
onlinebot,grEEnbunny
onlinebot,grEEncat
onlinebot,grEEndog
onlinebot,grEEnrigs
onlinebot,grEEnStan
onlinebot,grEEnxLA
onlinebot,grumpyMax
onlinebot,grumpyrat
onlinebot,huevo6Guru
onlinebot,huevodecay
onlinebot,huevoGuru
onlinebot,huevoLA
onlinebot,huevoroad
onlinebot,huevorojo
onlinebot,huevoTiger
onlinebot,HuggieMax
onlinebot,HuggieNoVA
onlinebot,Huggierojo
onlinebot,iDankusb
onlinebot,iDemonRoSe
onlinebot,iFamLA16b
onlinebot,ifigronin8
onlinebot,iMaXiSkiLL
onlinebot,ImmortalLA
onlinebot,iraULVerde
onlinebot,iTotalroad
onlinebot,Kaisacal
onlinebot,KaisaCWC22
onlinebot,KaisaIvano
onlinebot,KaisaPinky
onlinebot,KetchupMax
onlinebot,KniFeIttY
onlinebot,KniFeMArs
onlinebot,KniFematch
onlinebot,KniFeNIno
onlinebot,KniFeStan
onlinebot,KniFestone
onlinebot,Lazybowser
onlinebot,Lazycat9
onlinebot,Lazycolt
onlinebot,Lazydragon
onlinebot,LazymaRble
onlinebot,LazyMArs
onlinebot,LazyNIno2
onlinebot,LazyNoVAxx
onlinebot,Lazyronin
onlinebot,Lazyrubble
onlinebot,LazySnack
onlinebot,leekzcat
onlinebot,leekzcal
onlinebot,leekzCWC
onlinebot,leekzRome
onlinebot,leekzSoap
onlinebot,leFtycrank
onlinebot,leFtyoniON
onlinebot,leFtyZEUS
onlinebot,lemon3RoSe
onlinebot,lemoncat
onlinebot,lemonGuru
onlinebot,lemonLA
onlinebot,lemonrat
onlinebot,lemonrat7
onlinebot,lemonSkiLL
onlinebot,lemonTiger
onlinebot,MadEvenger
onlinebot,MadGuru
onlinebot,Madmatch77
onlinebot,Madmouse
onlinebot,MadoniON
onlinebot,MadpigEOn
onlinebot,MadpiZZa
onlinebot,MadRoSe
onlinebot,Madshiver
onlinebot,MadSkiLL
onlinebot,Madskinner
onlinebot,MadTupilxx
onlinebot,mamalcobra
onlinebot,mamalCoRnx
onlinebot,mamalDuke
onlinebot,mamaleDGE
onlinebot,mamalNIno
onlinebot,mamalstone
onlinebot,mangobunny
onlinebot,mangocat
onlinebot,mangoLeO
onlinebot,mangoMax
onlinebot,mangoPinky
onlinebot,mangoTiGer
onlinebot,mangoworld
onlinebot,Maori2road
onlinebot,Maori9cat7
onlinebot,MaoriLA
onlinebot,Maorilemon
onlinebot,Maorimatch
onlinebot,Maorimouse
onlinebot,Maorirojo
onlinebot,MaoriSoap
onlinebot,Mastercat
onlinebot,MasterLA
onlinebot,MasterNIno
onlinebot,MaXiAlexz
onlinebot,MaXiclink
onlinebot,MaXidoom
onlinebot,MaXiNIno
onlinebot,MaXirat
onlinebot,MaXiroad4
onlinebot,MaXishiver
onlinebot,Mega2lily
onlinebot,MeGa7doom
onlinebot,MeGaAlex55
onlinebot,Megabazil
onlinebot,Megabruise
onlinebot,Megacannon
onlinebot,MeGacat7
onlinebot,MeGaclink
onlinebot,MeGacobra
onlinebot,MeGacolt10
onlinebot,MegadiNosr
onlinebot,MeGahEAd
onlinebot,MeGaLeO
onlinebot,Megallama
onlinebot,MeGamango
onlinebot,MeGamaRble
onlinebot,Megamos2
onlinebot,MeGanOOdle
onlinebot,MeGaNoVA
onlinebot,MeGaorchid
onlinebot,Megapalm
onlinebot,MeGaPinky
onlinebot,MegaRoSe
onlinebot,MeGarubble
onlinebot,Megasene8
onlinebot,MeGatemple
onlinebot,Megaturner
onlinebot,MeGaZEUS22
onlinebot,MeGazigzag
onlinebot,Mexicanusb
onlinebot,milsimlily
onlinebot,minnoWcolt
onlinebot,minnoWlily
onlinebot,minnoWsene
onlinebot,Nerd3colt5
onlinebot,Nerdaspect
onlinebot,Nerdbazil
onlinebot,Nerdbruise
onlinebot,Nerdcoco
onlinebot,NerdCoRn4
onlinebot,Nerddecay
onlinebot,NerdeDGE
onlinebot,NerdGuru
onlinebot,Nerdmango
onlinebot,NerdSoapx
onlinebot,Nerdstone
onlinebot,niGhtbazil
onlinebot,niGhtdecay
onlinebot,niGhtGhost
onlinebot,niGhtronin
onlinebot,niGhtTiger
onlinebot,niGhtusb
onlinebot,ocrazylily
onlinebot,oFam2lemon
onlinebot,ogHostLeO
onlinebot,oliv1rat
onlinebot,olivAlex
onlinebot,olivCoRn
onlinebot,olivdiablo
onlinebot,olivhEAd
onlinebot,olivPinky1
onlinebot,olivRome
onlinebot,olivRome77
onlinebot,olivtomato
onlinebot,oPricepalm
onlinebot,oRange8Max
onlinebot,oRangeDiaz
onlinebot,oRangedoom
onlinebot,oRangeGuru
onlinebot,oRangeRoSe
onlinebot,oRedGuru77
onlinebot,oTotalcoco
onlinebot,owaFFlecat
onlinebot,owfhusb
onlinebot,oWolFPinky
onlinebot,ozanYTiGer
onlinebot,PAnCAKEcat
onlinebot,PAnCAKECWC
onlinebot,PAnCAKELA1
onlinebot,peabaJa
onlinebot,peabender
onlinebot,peaDuke
onlinebot,peaLeO
onlinebot,peallama
onlinebot,peamaRble
onlinebot,peamouse
onlinebot,peaNIno
onlinebot,peaoniON
onlinebot,peapoTATo
onlinebot,peasene
onlinebot,peasene8
onlinebot,peaspider
onlinebot,peaturtle
onlinebot,peaZEUS
onlinebot,petErllama
onlinebot,PeTERMax
onlinebot,petErPinky
onlinebot,PeTERrigsx
onlinebot,PeTERroad4
onlinebot,PeTERSimpl
onlinebot,PriceMax
onlinebot,Pricepalm
onlinebot,PricepiZZa
onlinebot,Pricerojo
onlinebot,pRo3Snack
onlinebot,pRocranko
onlinebot,pRodracula
onlinebot,pRoIvanox
onlinebot,pRoldiNosr
onlinebot,pRolSnack
onlinebot,pRoorchid1
onlinebot,pRoPinky99
onlinebot,pRoPrice4
onlinebot,pRoSimpl
onlinebot,pRospiderz
onlinebot,pRoworld
onlinebot,purple3cat
onlinebot,purplecat
onlinebot,purpleDuke
onlinebot,purpleIttY
onlinebot,purplesene
onlinebot,raUL1rojo
onlinebot,raUL4baJa1
onlinebot,raUL8llama
onlinebot,raULaspect
onlinebot,raULcaTTle
onlinebot,raULcrank
onlinebot,raULDiaz
onlinebot,raULDOGZJP
onlinebot,raULIttY11
onlinebot,raULLeO
onlinebot,raULMax8
onlinebot,raULpsycho
onlinebot,raULronin
onlinebot,raULTItan9
onlinebot,reAverrigs
onlinebot,Red9LA
onlinebot,Redbazil
onlinebot,RedcaTTle
onlinebot,RedCWC
onlinebot,RedCWC44
onlinebot,RedKRTkido
onlinebot,RedLeO1
onlinebot,Redlily
onlinebot,RedmaRblez
onlinebot,RedoniON
onlinebot,Redspider5
onlinebot,RedZEUS4
onlinebot,Redzigzag
onlinebot,roachbaJa
onlinebot,roachmos
onlinebot,roachZEUS
onlinebot,Saltycobra
onlinebot,SaltyMArs
onlinebot,Saltyrat
onlinebot,Saltyroad
onlinebot,shadowcat
onlinebot,shadowpalm
onlinebot,sillycoco
onlinebot,sillyhEAd
onlinebot,sillyLA
onlinebot,sillyRome
onlinebot,sillysene
onlinebot,sillyshark
onlinebot,skewrIttY
onlinebot,skewrLeO3
onlinebot,skewrLeO99
onlinebot,skewrMaxz
onlinebot,skewrRoSe
onlinebot,skewrusb
onlinebot,skinnyCWC
onlinebot,skinnyLeO
onlinebot,SlayinMArs
onlinebot,Slayinrat
onlinebot,slothbunny
onlinebot,slothLeO
onlinebot,slothmouse
onlinebot,slothmos
onlinebot,slothSoapz
onlinebot,Smol9Snack
onlinebot,SmolAether
onlinebot,SmolAlexx
onlinebot,Smolbender
onlinebot,SmolcaCtus
onlinebot,SmoldiNosr
onlinebot,SmolLA
onlinebot,Smolrigs5
onlinebot,Smolturtle
onlinebot,snakEdoom
onlinebot,snakEllama
onlinebot,snakErojo
onlinebot,snakEronin
onlinebot,snakEshark
onlinebot,snakEStan
onlinebot,snakEworld
onlinebot,sorrowcolt
onlinebot,sorrowhEAd
onlinebot,sorrowlily
onlinebot,sorrowrigs
onlinebot,sorrowroad
onlinebot,sorrowRome
onlinebot,speedycolt
onlinebot,speedyLA
onlinebot,speedyZEUS
onlinebot,Splashrojo
onlinebot,squalbunny
onlinebot,squalcrank
onlinebot,squalDiaz8
onlinebot,squalPrice
onlinebot,squalstone
onlinebot,SteinerCWC
onlinebot,strongDuke
onlinebot,strongroad
onlinebot,strongrojo
onlinebot,strongStan
onlinebot,SuperCoRn
onlinebot,suPerDuke
onlinebot,SupereDGE
onlinebot,suPerIttY
onlinebot,Superllama
onlinebot,Supermatch
onlinebot,suPerMaxz
onlinebot,suPeroniON
onlinebot,SuperPinky
onlinebot,Superrat99
onlinebot,Superscar
onlinebot,suPersene
onlinebot,suPerSimpl
onlinebot,suPerSoap
onlinebot,SuperStan
onlinebot,sus3road7
onlinebot,sus3ronin
onlinebot,sus4daemon
onlinebot,sus5DOGZJP
onlinebot,sus9orchid
onlinebot,susCWC
onlinebot,sushEAd
onlinebot,susIvano
onlinebot,suskraken2
onlinebot,suslemon
onlinebot,susNoVA
onlinebot,susNoVA7
onlinebot,suspigEOn
onlinebot,suspsycho
onlinebot,susrat
onlinebot,susSkiLL10
onlinebot,susSnack
onlinebot,susWaRRior
onlinebot,TheAether
onlinebot,TheAlex33
onlinebot,Theaspect
onlinebot,ThebaJa99
onlinebot,Theberries
onlinebot,Thebigport
onlinebot,TheCharlie
onlinebot,Theclink
onlinebot,TheIttY2
onlinebot,TheNIno8
onlinebot,TheNoVA
onlinebot,Theo1bazil
onlinebot,Theo6baJa
onlinebot,TheocaTTle
onlinebot,TheoDiazah
onlinebot,Theodoom3
onlinebot,Theoknight
onlinebot,Theomo
onlinebot,TheonOOdle
onlinebot,Theoodoyle
onlinebot,TheoRome8
onlinebot,TheTupil
onlinebot,tinY1RoSe4
onlinebot,tinY2crank
onlinebot,tinYAlex
onlinebot,tinYbaJa5
onlinebot,tinYknight
onlinebot,tinYnOOdle
onlinebot,tinYscar
onlinebot,tinYTItan
onlinebot,tinYTupil
onlinebot,tinYworld
onlinebot,tongs7Alex
onlinebot,tongsSoap
onlinebot,TOP2Soap
onlinebot,TOP6ronin
onlinebot,TOPbaJaz
onlinebot,TOPbowser
onlinebot,TOPcrank
onlinebot,TOPdiNosr
onlinebot,TOPdracula
onlinebot,TOPIvano
onlinebot,TOPMakarov
onlinebot,TOPmatch
onlinebot,TOPnarwal
onlinebot,TOPpigEOn
onlinebot,TOPPinky5
onlinebot,TOPRome
onlinebot,TOPsene11
onlinebot,TOPSnack
onlinebot,TOPVerdez
onlinebot,TotalPinky
onlinebot,TotalSnack
onlinebot,Vibincolt
onlinebot,VibinPinky
onlinebot,VibinPrice
onlinebot,Vibinrat
onlinebot,VibinRome
onlinebot,VibinSkiLL
onlinebot,VibinTupil
onlinebot,Vipercat
onlinebot,ViperDiaz
onlinebot,ViperDiaz3
onlinebot,ViperLA
onlinebot,ViperLeO
onlinebot,Vipermouse
onlinebot,Viperroad9
onlinebot,Vipersene
onlinebot,ViperSoap
onlinebot,ViperVerde
onlinebot,waFFlebaJa
onlinebot,waFFlecat
onlinebot,waFFleDuke
onlinebot,waFFleMArs
onlinebot,waFFleroad
onlinebot,waFFlesene
onlinebot,weheathEAd
onlinebot,weheatRoSe
onlinebot,wfh9DOGZJP
onlinebot,wfhaspect
onlinebot,wfhbowser
onlinebot,wfhCharlie
onlinebot,wfhcheetas
onlinebot,wfhcolt8
onlinebot,wfhdecay
onlinebot,wfhdecayzz
onlinebot,wfheDGE
onlinebot,wfhmos
onlinebot,wfhoniON
onlinebot,wfhratchet
onlinebot,wfhripley
onlinebot,wfhRoSe5
onlinebot,wfhSnack1
onlinebot,wfhWarrior
onlinebot,wfhworld
onlinebot,WolF9LA
onlinebot,WolFcolt
onlinebot,WolFGuru
onlinebot,WolFhEAdo
onlinebot,WolFIvano
onlinebot,WolFNIno3
onlinebot,WolFpoTATo
onlinebot,WolFrojoxx
onlinebot,WolFRoSe
onlinebot,WolFTItan
onlinebot,wowFoXRoSe
onlinebot,xBlitzDiaz
onlinebot,xboommouse
onlinebot,xcroc1Max
onlinebot,xExtrausb
onlinebot,xFamStan
onlinebot,xhuevoAlex
onlinebot,xMasterMax
onlinebot,xraULSkiLL
onlinebot,xRedSimpl
onlinebot,xshadowcat
onlinebot,xwfhcolt2
onlinebot,xxapplZEUS
onlinebot,xxDarkrojo
onlinebot,xxMadRome3
onlinebot,xxNerdscar
onlinebot,xxwfhDuke2
onlinebot,xxZonelily
onlinebot,zanYbruise
onlinebot,zanYCWC
onlinebot,zanYGhost
onlinebot,zanYmaRble
onlinebot,zanYNoVA
onlinebot,zanYPrice
onlinebot,zanYpsycho
onlinebot,zanYRome55
onlinebot,zanYtomato
onlinebot,zanYworld3
onlinebot,Zerobazil
onlinebot,Zerobender
onlinebot,ZeroCWC
onlinebot,ZerodiNosr
onlinebot,Zerofender
onlinebot,ZeroGuru
onlinebot,ZeroIttY
onlinebot,ZeroIttY44
onlinebot,ZeroIvano
onlinebot,ZeropoTATo
onlinebot,ZeroPrice
onlinebot,Zeroroad
onlinebot,Zeroscarxx
onlinebot,Zeroshiver
onlinebot,ZeroVerde
onlinebot,ziPPy9Stan
onlinebot,ziPPycat
onlinebot,ziPPyDuke
onlinebot,ziPPyIvano
onlinebot,ziPPyllily
onlinebot,ziPPyMax77
onlinebot,ziPPyscar
onlinebot,ziPPyTiger
onlinebot,Zonebowser
onlinebot,ZonecaTTle
onlinebot,ZoneCWC
onlinebot,141____Ultraman
onlinebot,141colt
onlinebot,141maddog_1990
onlinebot,141ovovov
onlinebot,141ShAmrockXD
onlinebot,141tangerine
onlinebot,1st____G_O_A_T
onlinebot,1st_Alex
onlinebot,1st_maddog
onlinebot,1stCharlie
onlinebot,1stHappy
onlinebot,1stcube
onlinebot,1strojo80
onlinebot,1styolanda
onlinebot,1stZack
onlinebot,2___BOY_123
onlinebot,2__badger_2009
onlinebot,2__bootsmanxXx
onlinebot,2__ch33s3
onlinebot,2__JOKerXD
onlinebot,2__keeper
onlinebot,2__lancer
onlinebot,2__Max_1981
onlinebot,2__SSS_X
onlinebot,2__steve_84
onlinebot,2__sushix321
onlinebot,2_cannon
onlinebot,2_Destroyer
onlinebot,2_SkiLL
onlinebot,2_wheel96
onlinebot,2_xeggplant__99
onlinebot,34rth__x
onlinebot,4_____Vol1234
onlinebot,4__B34r_123
onlinebot,4__FPSlol
onlinebot,4__pumpkin18
onlinebot,4__road
onlinebot,4__sunshine123
onlinebot,4_Blade1989
onlinebot,4_butcher1997
onlinebot,4_ch33s31982
onlinebot,4_mouse
onlinebot,4_n00n_1981
onlinebot,4pple_321
onlinebot,4pple86
onlinebot,7he1984
onlinebot,7he2007
onlinebot,Ace__LA
onlinebot,ACE_1999
onlinebot,Ace_DH_6
onlinebot,Ace_hunter007
onlinebot,Ace_jason_x
onlinebot,Ace_mos__X
onlinebot,Ace_panda_EZ
onlinebot,Ace_pdf1988
onlinebot,Ace_slayer_13
onlinebot,Ace_SoapxD
onlinebot,ACE1234
onlinebot,ACE1987
onlinebot,AceF4k3r
onlinebot,AceGiovedi
onlinebot,Aceknight
onlinebot,Acellama123
onlinebot,AceNoVA_6
onlinebot,Aether2006
onlinebot,Alex_007
onlinebot,Alex_Xx
onlinebot,Alex001
onlinebot,amaranth_alex
onlinebot,amaranth_Envy
onlinebot,amaranth_hunter
onlinebot,amaranth_nOOdle
onlinebot,amaranth_samurai
onlinebot,amaranth_warlock
onlinebot,amaranthb4n4n4
onlinebot,amaranthroad_321
onlinebot,amaranthSoap
onlinebot,Anger006
onlinebot,Anger2008
onlinebot,Anon__OOOOO
onlinebot,Anon_baker1991
onlinebot,Anon_Sky
onlinebot,Anon_tomato
onlinebot,Anonjacky
onlinebot,AnonMArs
onlinebot,Anonovovov
onlinebot,appl____SWATXx
onlinebot,appl__oniON13
onlinebot,appl_KRTkido_XD
onlinebot,appl_OX
onlinebot,appl_TTT
onlinebot,appl_wood
onlinebot,appl_ZEUS_90
onlinebot,applbigport
onlinebot,apple1989
onlinebot,applElepHAnt
onlinebot,applHugoOnO
onlinebot,aspectX
onlinebot,B0SS_123
onlinebot,B0SS_2010
onlinebot,B1oom2000
onlinebot,B34r_OnO
onlinebot,B34rwow
onlinebot,Bubble_bender_1989
onlinebot,Bubble_fox
onlinebot,BubbleBilly
onlinebot,BubbleGiovedi
onlinebot,BubbleJoey
onlinebot,Bubblelove_123
onlinebot,BubbleOnO
onlinebot,BubblepigEOn
onlinebot,Bubblereaper
onlinebot,Bubblescarx1988
onlinebot,Bubblestone_000
onlinebot,BubbleTTKXx
onlinebot,badger____91
onlinebot,badger1996
onlinebot,badgerxX
onlinebot,baJa1991
onlinebot,baJax1234
onlinebot,baker98
onlinebot,banana____QAQ
onlinebot,banana_2000
onlinebot,BanaNA_BOY
onlinebot,BanaNA_Chad
onlinebot,BanaNA_Edward
onlinebot,BanaNA_sunflowr
onlinebot,Banana2009
onlinebot,bananabread_Tom
onlinebot,bananabreadchris
onlinebot,bananabreadMax
onlinebot,bananabreadMimi
onlinebot,bananabreadO__O
onlinebot,bananabreadSoap
onlinebot,bananabreadVerde
onlinebot,bananabreadYUY
onlinebot,BanaNAHugo_x
onlinebot,BanaNAjason
onlinebot,BanaNApacker
onlinebot,BanaNAstone_85
onlinebot,BanaNAxsean17
onlinebot,barbarian007
onlinebot,barbarian123
onlinebot,basil_Billy
onlinebot,basil_staR
onlinebot,basil_wood_Xx
onlinebot,basilbaJa
onlinebot,basildecay_OnO
onlinebot,basilIIII123
onlinebot,basilmos_004
onlinebot,basilTItanOxO
onlinebot,basilwarlock
onlinebot,basilwood_wow
onlinebot,Benjamin
onlinebot,Benjamin82
onlinebot,berries
onlinebot,berries__123
onlinebot,berries17
onlinebot,Big____floor
onlinebot,Big__ShAmrock
onlinebot,Big_peace
onlinebot,Big_temple
onlinebot,Big_VVVVV
onlinebot,bigport
onlinebot,BigR3aL
onlinebot,Bigrain
onlinebot,Bigrobert007
onlinebot,BigTofu__12
onlinebot,bill____002
onlinebot,bill321
onlinebot,Billy123
onlinebot,Blade__555
onlinebot,Blade_1992
onlinebot,Blade123
onlinebot,Blake_xD
onlinebot,blanco__clink84
onlinebot,blanco__DK
onlinebot,blanco_frank
onlinebot,blanco_m_80
onlinebot,blanco_RoSe1989
onlinebot,blancoadam
onlinebot,blancoBubble
onlinebot,blancopanda2000
onlinebot,blancorocket
onlinebot,blancostone
onlinebot,blancoUltramanxD
onlinebot,Blaze__shiver
onlinebot,Blaze_CWC
onlinebot,Blaze_Evenger
onlinebot,Blaze_rocket
onlinebot,Blaze_s1mpl3
onlinebot,Blaze_Sky
onlinebot,Blaze_Top
onlinebot,Blazedecay87
onlinebot,Blazelemonx86
onlinebot,BlazespiderXx
onlinebot,BlazeTurtle
onlinebot,Blazewatermelon
onlinebot,Blitz__doom
onlinebot,Blitz_baJa_XD
onlinebot,Blitz_Charlie
onlinebot,Blitz_DarryxEZ
onlinebot,Blitz_FOV
onlinebot,Blitz_Gatsby
onlinebot,Blitz_Gatsby99
onlinebot,Blitz_jesse
onlinebot,Blitz_tig3r1995
onlinebot,Blitz_TK
onlinebot,Blitz_ZackX
onlinebot,Blitzbanana
onlinebot,BlitzChloe
onlinebot,BlitzDH
onlinebot,BlitzFPS
onlinebot,BlitzFPS_1988
onlinebot,Blitzguitar
onlinebot,BlitzMakarov
onlinebot,Blitzraccoon
onlinebot,Blitzrobertwow
onlinebot,Blitzrunner_EZ
onlinebot,BlitzSky
onlinebot,BlitzSnake1991
onlinebot,BlitzTiger
onlinebot,Bloody__Duke
onlinebot,blooDy__g1rl
onlinebot,Bloody__lemon
onlinebot,Bloody_diNosrUwU
onlinebot,Bloody_Giovedi
onlinebot,Bloody_kraken
onlinebot,blooDy_rain19
onlinebot,Bloody_roadkill
onlinebot,Bloody_sean
onlinebot,Bloody_sene
onlinebot,blooDy_ted
onlinebot,blooDy_temple
onlinebot,blooDy_turner
onlinebot,Bloodyhunter
onlinebot,blooDyllama
onlinebot,blooDyO__OxX
onlinebot,BloodyOxO
onlinebot,blooDypdf
onlinebot,Bloodystone_Xx
onlinebot,bloom____peace
onlinebot,bloom_Ghost
onlinebot,bloom_lemon
onlinebot,bloom_NIno
onlinebot,bloom_rusher
onlinebot,bloom_Walker
onlinebot,bloom34rth__1234
onlinebot,bloom4pple97
onlinebot,bloomFOV
onlinebot,bloomFOV_123
onlinebot,bloomjason
onlinebot,bloomlove18
onlinebot,bloomUmbrella
onlinebot,blue____Makarov
onlinebot,blue__sushi
onlinebot,blue_Ghost
onlinebot,blue_Ghostx
onlinebot,blue_noodle
onlinebot,BlueBerry
onlinebot,BlueBerry004
onlinebot,BlueBerry1983
onlinebot,bluellama
onlinebot,blueMountain14
onlinebot,bluestrawberry
onlinebot,bluexorchid_XD
onlinebot,boar____X
onlinebot,boar_1985
onlinebot,boar_OxO
onlinebot,Bobby_X
onlinebot,BobbyQAQ
onlinebot,boom____price123
onlinebot,boom_strawberry
onlinebot,boomber2006
onlinebot,boomBlake
onlinebot,boomJoey
onlinebot,boomlllliill
onlinebot,boomrobert
onlinebot,bootsman
onlinebot,Bougie____Lover
onlinebot,Bougie_Banana
onlinebot,Bougie_bigport
onlinebot,Bougie_cat
onlinebot,Bougie_Sp33d81
onlinebot,BougieLeO
onlinebot,BougieMatt_5555
onlinebot,Bougiepumpkin
onlinebot,bowser_1986
onlinebot,brAve_Bullet
onlinebot,brAve_fireman
onlinebot,brAve_LeO
onlinebot,brAve_OnO
onlinebot,brAve_OxO
onlinebot,brAve_pumpkin
onlinebot,brAvecaCtus
onlinebot,brAvellama_1234
onlinebot,brAvepatrick007
onlinebot,brAvePinky_XD
onlinebot,brAvesean
onlinebot,brAvesushi98
onlinebot,brAvexUmbrella
onlinebot,bridge1234
onlinebot,bridge321
onlinebot,bridgeXD
onlinebot,bridgexX
onlinebot,broken____alex
onlinebot,broken_king
onlinebot,broken_tig3r_83
onlinebot,broken_Ultraman
onlinebot,brokenDK
onlinebot,brokenElias
onlinebot,brokenEnvy321
onlinebot,brokeng1rl
onlinebot,brokenmatch96
onlinebot,brokenmoonwow
onlinebot,brokenpalm
onlinebot,brokenreaperXx
onlinebot,brokensunshine
onlinebot,bruise16
onlinebot,bruise233
onlinebot,bruise92
onlinebot,buBBA_KING123
onlinebot,buBBA_Pinky
onlinebot,buBBAch33s3
onlinebot,buBBAjesse321
onlinebot,buBBArain
onlinebot,buBBASoap
onlinebot,bull_321
onlinebot,bull_Xx
onlinebot,Bullet_BOY
onlinebot,Bullet_dog
onlinebot,Bullet_Grubby
onlinebot,Bullet_raccoon
onlinebot,Bullet_sss1985
onlinebot,Bullet_z00mbi3
onlinebot,Bullet2000
onlinebot,Bulletbaker
onlinebot,Bulletdaemon
onlinebot,BulletElepHAnt
onlinebot,Bulletknight
onlinebot,Bulletkraken
onlinebot,BulletoniON83
onlinebot,BulletSkiLL5555
onlinebot,BulletTop_XD
onlinebot,Bulletx1234
onlinebot,bulllol
onlinebot,bunny_321
onlinebot,burning____Billy
onlinebot,burning____pdf
onlinebot,burning____titan
onlinebot,burning_dracula
onlinebot,burning_knight
onlinebot,burning_ShAmrock
onlinebot,burningbanana
onlinebot,burningdracula
onlinebot,burningmason_007
onlinebot,burningSimpl1234
onlinebot,burningxGGGGG
onlinebot,burningZack
onlinebot,butcher
onlinebot,butcher_2009
onlinebot,butcher1996
onlinebot,caCtus_2002
onlinebot,campus_alex_1994
onlinebot,campus_b4n4n4
onlinebot,campus_skinner
onlinebot,campusBullet
onlinebot,campuscoco
onlinebot,campusDarry
onlinebot,campuseggplant
onlinebot,campusfox90
onlinebot,campusGrubby
onlinebot,campusmaRble_92
onlinebot,campussunflowr
onlinebot,campusxtig3r
onlinebot,cannon_wow
onlinebot,cannon_x
onlinebot,cannon321
onlinebot,capTain____bull
onlinebot,Captain__baker
onlinebot,Captain__bazil
onlinebot,capTain__floor
onlinebot,Captain__Stanx80
onlinebot,Captain_bigport
onlinebot,capTain_Bullet
onlinebot,Captain_butcher
onlinebot,capTain_cedar
onlinebot,capTain_Cod
onlinebot,capTain_hitman
onlinebot,Captain_king
onlinebot,Captain_KING_Xx
onlinebot,Captain_king2009
onlinebot,Captain_maddog
onlinebot,Captain_OnO2006
onlinebot,capTain_Price
onlinebot,Captain_raccoon
onlinebot,Captain_road123
onlinebot,Captain_spider
onlinebot,Captain_sunshine
onlinebot,capTaindaemonxX
onlinebot,Captaindragon
onlinebot,capTainfoxXx
onlinebot,capTainguitar
onlinebot,CaptainHappy
onlinebot,capTainkeeper
onlinebot,Captainleo
onlinebot,CaptainQvQ321
onlinebot,capTainroadkill
onlinebot,Captainsakura
onlinebot,Captainsimmon
onlinebot,Captainsunflowr
onlinebot,CaptainTItan1234
onlinebot,Captainturtle
onlinebot,Captainx7he
onlinebot,capTainxMakarov
onlinebot,CaptainZack
onlinebot,cat_lol
onlinebot,caTTle____1981
onlinebot,CCC_lol
onlinebot,CCC6
onlinebot,cedar11
onlinebot,cedar1234
onlinebot,cedar2009
onlinebot,ch33s31982
onlinebot,Chadwow
onlinebot,chair_XD
onlinebot,Charles
onlinebot,Charles009
onlinebot,CharlesXx
onlinebot,Charlie
onlinebot,Charlie99
onlinebot,Cheetah__1991
onlinebot,cheetas_007
onlinebot,cheetas_96
onlinebot,cheetas123
onlinebot,cheetaswow
onlinebot,Cheugy____road
onlinebot,Cheugy____simmon
onlinebot,Cheugy_BOY
onlinebot,Cheugy_Dad
onlinebot,Cheugy_hEAd
onlinebot,Cheugy_hitman
onlinebot,Cheugy_Soap123
onlinebot,Cheugy_Vol321
onlinebot,CheugyAlex
onlinebot,CheugyGhost
onlinebot,CheugyGuru003
onlinebot,cheWy____psycho
onlinebot,cheWy_apple
onlinebot,cheWy_BOY
onlinebot,cheWy_dog
onlinebot,cheWy_Duke
onlinebot,cheWy_jacky_1991
onlinebot,cheWy_lewis
onlinebot,cheWy_Simpl_87
onlinebot,cheWyNiko86
onlinebot,cheWypalm777
onlinebot,cheWySkiLL94
onlinebot,cheWyTiger1992
onlinebot,cheWyWarrior
onlinebot,Chloe13
onlinebot,Chloe2001
onlinebot,Chloewow
onlinebot,chris_1234
onlinebot,chris123
onlinebot,clink__1982
onlinebot,clink123
onlinebot,cobra_1234
onlinebot,CoCo_1986
onlinebot,CoCo_85
onlinebot,coco_87
onlinebot,Cod_1234
onlinebot,Cod_1991
onlinebot,Conquistador
onlinebot,Conquistador2001
onlinebot,CoRn_13
onlinebot,CoRn_321
onlinebot,CoRn321
onlinebot,cosMIC____moon
onlinebot,cosMIC__Lover
onlinebot,cosMIC_diNosrx
onlinebot,cosMIC_eggplant
onlinebot,cosMIC_Price
onlinebot,cosMIC_ratchet
onlinebot,cosMIC_sunshine
onlinebot,cosMICbaker
onlinebot,cosMICcat_QvQ
onlinebot,cosMICHighlander
onlinebot,cosMICkeeper1982
onlinebot,Cossack
onlinebot,Cossack_Xx
onlinebot,Cossack1992
onlinebot,CossackX
onlinebot,coyooote_B0SS
onlinebot,coyooote_saron
onlinebot,coyoootebazil
onlinebot,coyoooteDK80
onlinebot,coyoootesene2009
onlinebot,coyoootespy
onlinebot,coyoootexskinner
onlinebot,Crazy____baker
onlinebot,crazy_Aether
onlinebot,crazy_bruise
onlinebot,Crazy_CCC
onlinebot,crazy_colt
onlinebot,crazy_cube_11
onlinebot,crazy_kim
onlinebot,crazy_Lover
onlinebot,Crazy_noodle
onlinebot,crazy_psycho_81
onlinebot,Crazy_quokka
onlinebot,crazy_sss
onlinebot,Crazy_tim
onlinebot,crazy_waterMELON
onlinebot,CrazyACE
onlinebot,crazyB1oom5555
onlinebot,crazybazil
onlinebot,CrazyBilly1982
onlinebot,Crazyboomber1234
onlinebot,crazybruise_1234
onlinebot,crazyDennyxX
onlinebot,crazymouselol
onlinebot,Crazyrigs321
onlinebot,crazytiger
onlinebot,crazyTofu_2001
onlinebot,cal_2010
onlinebot,croc_boomberXx
onlinebot,croc_Simpl_OnO
onlinebot,crocbootsman
onlinebot,crocCheetah
onlinebot,crocDanx8888
onlinebot,crocg1rl_007
onlinebot,crocNOOOOB001
onlinebot,crocooo_EZ
onlinebot,crocOxO__93
onlinebot,crocpumpkin
onlinebot,crocrocket
onlinebot,crocSimpl__321
onlinebot,crocwatermelon
onlinebot,Crouching__SkiLL
onlinebot,Crouching_Dan
onlinebot,Crouching_IIIIXD
onlinebot,Crouching_saron
onlinebot,Crouching_Soap
onlinebot,Crouching_Top_81
onlinebot,Crouching_ZEUS
onlinebot,Crouching7he
onlinebot,Crouchingboar
onlinebot,Crouchingcobra
onlinebot,Crouchingdaimyou
onlinebot,Crouchingfloor
onlinebot,Crouchinghunter
onlinebot,Crouchingknight
onlinebot,Crouchingpalm
onlinebot,CrouchingSSS1990
onlinebot,CrouchingWalker
onlinebot,Crouchingx4pple
onlinebot,Darry__turtle
onlinebot,Darry_badger
onlinebot,Darry_burger123
onlinebot,Darry_Mountain
onlinebot,Darry_narwal1996
onlinebot,Darry_OnO
onlinebot,Darry_tim
onlinebot,Darry_WaRRior
onlinebot,Darry00
onlinebot,Darry123
onlinebot,Darry1234
onlinebot,DarryDarry
onlinebot,DarryE_Boy
onlinebot,DarryHighlander
onlinebot,Darrykeeper____x
onlinebot,DarryratXD
onlinebot,DarryrigsxX
onlinebot,DarryTItan_321
onlinebot,Darrywatermelon
onlinebot,daemon__123
onlinebot,daemon_2001
onlinebot,daemon_2009
onlinebot,daimyou
onlinebot,daimyou_00
onlinebot,daimyou_14
onlinebot,Dan_1994
onlinebot,Danger____eDGE
onlinebot,Danger_nOOdle
onlinebot,DangerBullet
onlinebot,Dangerchair
onlinebot,Dangerdoom
onlinebot,DangerkeeperX
onlinebot,Dangerlichking
onlinebot,DangermaRble
onlinebot,Dangerpalm005
onlinebot,DangerSp33d1985
onlinebot,Dank_rat_QAQ
onlinebot,Dank_rojo89
onlinebot,Dank_Rome00
onlinebot,Dank_tig3rxX
onlinebot,Dank_Ultraman
onlinebot,Dank_Vampire_002
onlinebot,Dank_yolanda1981
onlinebot,Dankbigport
onlinebot,DankConquistador
onlinebot,Dankhitman97
onlinebot,DankJOKer_1982
onlinebot,DankxcaTTle
onlinebot,dark____YUYx321
onlinebot,Dark__g1rl
onlinebot,dark_Dad
onlinebot,dark_diablo
onlinebot,dark_doom
onlinebot,dark_eggplant
onlinebot,dark_fox_00
onlinebot,Dark_Ray321
onlinebot,Dark_skinner
onlinebot,Dark_skinner_XD
onlinebot,dark_SSS2003
onlinebot,dark_sunshine
onlinebot,Dark_Umbrella
onlinebot,darkaaaa
onlinebot,darkadamwow
onlinebot,darkBlake
onlinebot,Darkchris_2003
onlinebot,darkCossack
onlinebot,darkcrank006
onlinebot,DarkDarry__90
onlinebot,darkEnvy
onlinebot,darkguitar
onlinebot,darkoooxX
onlinebot,darkshepherd
onlinebot,darkStanxD
onlinebot,darkTiger
onlinebot,DarkWaRRiorXD
onlinebot,Darkxaaaa
onlinebot,darkxbender
onlinebot,DarkxSoda_13
onlinebot,DarkZEUS
onlinebot,Dead____jesse
onlinebot,Dead__palm
onlinebot,Dead_bridge
onlinebot,Dead_saron
onlinebot,Dead_SWATEZ
onlinebot,Dead_TItan
onlinebot,Dead_Verde
onlinebot,DeadB1oom555
onlinebot,DeadBilly
onlinebot,DeadBullet
onlinebot,Deadtitan
onlinebot,DeadTTT_1980
onlinebot,Deadxbender
onlinebot,deamon__coco
onlinebot,deamon__jason
onlinebot,deamon_lewis
onlinebot,deamon_Mountain
onlinebot,deamon_SkiLL
onlinebot,deamonbridgeX
onlinebot,deamonDad____000
onlinebot,deamonGaZ
onlinebot,deamonknight
onlinebot,deamonOxO2003
onlinebot,deamonRay321
onlinebot,deamonstrawberry
onlinebot,deamonusb13
onlinebot,decay_00
onlinebot,decay_14
onlinebot,deer_fender
onlinebot,deer_hEAd
onlinebot,deer_roadkill
onlinebot,deer_Soap
onlinebot,deer_vulture
onlinebot,deerbootsman321
onlinebot,deerCheetah
onlinebot,deerg1rl
onlinebot,deershiver
onlinebot,deerwatermelon
onlinebot,deerwheel
onlinebot,DefENder____7he
onlinebot,DefENder_B4rry
onlinebot,DefENder_samurai
onlinebot,DefENder_Snack
onlinebot,DefENderhunter
onlinebot,DefENderPinky
onlinebot,DefENderwood
onlinebot,DefENderzigzag
onlinebot,Demon____Lev
onlinebot,Demon__odoyle
onlinebot,Demon_berries
onlinebot,Demon_cal1234
onlinebot,Demon_LeO
onlinebot,Demon_ratchet
onlinebot,Demonaspect
onlinebot,DemonBlueBerry
onlinebot,DemonChad
onlinebot,DemonHappy
onlinebot,Demonllll
onlinebot,Demonmason
onlinebot,DemonstaR__97
onlinebot,Demonxmango
onlinebot,Denny____lol
onlinebot,Destroyer
onlinebot,DH____321
onlinebot,DH__2000
onlinebot,diablo_007
onlinebot,diablo_X
onlinebot,diablo1234
onlinebot,dog____eagle
onlinebot,dog_1234
onlinebot,dog_keeper
onlinebot,dog_port002
onlinebot,dogbridge
onlinebot,dogbruise_QAQ
onlinebot,dogbutcherx5555
onlinebot,dogcabin12
onlinebot,dogChad_13
onlinebot,dogIttY
onlinebot,dogMimi
onlinebot,dogpiano
onlinebot,dogrubble
onlinebot,dogSkiLL
onlinebot,dogstrawberry
onlinebot,dogtig3r
onlinebot,dogxkrakenEZ
onlinebot,DOGZJP_1234
onlinebot,DOGZJP_7777
onlinebot,DOGZJP_OnO
onlinebot,double____Guru
onlinebot,double____jacky
onlinebot,double____packer
onlinebot,double_ACE
onlinebot,double_cedar
onlinebot,double_CWC__1982
onlinebot,double_fireman
onlinebot,double_orange
onlinebot,double_scar
onlinebot,doubleBOY
onlinebot,doublecannon
onlinebot,doublecoco_007
onlinebot,doubleFOV
onlinebot,doublefoxxx
onlinebot,doublejesse
onlinebot,doubleleo1234
onlinebot,doublerusher007
onlinebot,doublesene_87
onlinebot,doublesniper006
onlinebot,doubleStan_1234
onlinebot,doublesteve
onlinebot,doubleturner5555
onlinebot,doublewood123
onlinebot,doublexVerde321
onlinebot,downward_bazil
onlinebot,downward_bull
onlinebot,downward_colt123
onlinebot,downward_daemon
onlinebot,downward_orange
onlinebot,downward_orchid
onlinebot,downward_Walker
onlinebot,downwardb4n4n4
onlinebot,downwardcaTTle
onlinebot,downwardscar
onlinebot,downwardshark
onlinebot,downwardstaR
onlinebot,downwardTofu
onlinebot,downwardTop
onlinebot,Dr____LazyGGGGG
onlinebot,Dr____TiGer_Xx
onlinebot,Dr__gHost_apple
onlinebot,Dr_amaranthLA_87
onlinebot,Dr_Bobby
onlinebot,Dr_bootsman
onlinebot,Dr_crazy__ted90
onlinebot,Dr_EagleEnvy
onlinebot,Dr_EagleLev_wow
onlinebot,Dr_Eagleripley
onlinebot,Dr_Famrubble
onlinebot,Dr_FoXEvenger
onlinebot,Dr_gHOST_TItan
onlinebot,Dr_huevo_wood
onlinebot,Dr_Just_moon_Xx
onlinebot,Dr_maddog
onlinebot,Dr_Maori_Charles
onlinebot,Dr_Noisylllliill
onlinebot,Dr_olivVerde
onlinebot,Dr_petErDan
onlinebot,Dr_Popcornfloor
onlinebot,Dr_quicklllliill
onlinebot,Dr_raULfender
onlinebot,Dr_RedXavi_X
onlinebot,Dr_sorrowEvenger
onlinebot,Dr_usb_13
onlinebot,Dr_waFFlenarwal
onlinebot,Dr_Zack
onlinebot,dracula
onlinebot,draculaXD
onlinebot,DramaranthB4rry
onlinebot,Dramaranthsea
onlinebot,DrBilly2004
onlinebot,DrBlitz____fox
onlinebot,Drbowser19
onlinebot,DrBullet
onlinebot,Drcobra1997
onlinebot,DrcosMIC_ripley
onlinebot,DrDefENderTTK
onlinebot,DrFinalCheetah
onlinebot,DrgarlicMax
onlinebot,Drghostmos
onlinebot,DrGrubby
onlinebot,DrGuru_XD
onlinebot,Drippin____Simpl
onlinebot,Drippin_bazil
onlinebot,Drippin_Cheetah
onlinebot,Drippin_cobra
onlinebot,Drippin_Pary
onlinebot,Drippin_tim
onlinebot,Drippin_turner
onlinebot,DrippinChloe_94
onlinebot,Drippincolt
onlinebot,DrippinElias
onlinebot,DrippinJOKer
onlinebot,Drippinpumpkin
onlinebot,DrippinRazer
onlinebot,Drippinrojo
onlinebot,DrippinUltraman
onlinebot,DrippinxJOKer
onlinebot,DrippinxVampire
onlinebot,Drippinxzigzag
onlinebot,Drllama
onlinebot,DrmamalBlake
onlinebot,DrmaRble1986
onlinebot,DrMega_Vampire
onlinebot,DrMegadecay
onlinebot,DroRange_mouse
onlinebot,DrpRo_Topwow
onlinebot,Drreaper
onlinebot,DrRedalex
onlinebot,Drskewr_Lev777
onlinebot,DrThatQvQ
onlinebot,DrTHE_LA
onlinebot,DrTHE_NIno123
onlinebot,DrtinY____cat
onlinebot,DrTotal_YUY
onlinebot,DrTupil
onlinebot,DrxDad_Xx
onlinebot,DrxPriceCoRn80
onlinebot,Drz00mbi3
onlinebot,Duke1983
onlinebot,Eagle____keeper
onlinebot,Eagle__Sky
onlinebot,Eagle_Makarov
onlinebot,Eagle_Top_99
onlinebot,eagle1996
onlinebot,eagle85
onlinebot,Eaglebaker
onlinebot,EagleBOY123
onlinebot,Eaglexbadger_96
onlinebot,Easy____Xavi
onlinebot,Easy_BOY
onlinebot,Easy_bull
onlinebot,Easy_cabin
onlinebot,Easy_cat
onlinebot,Easy_Rome
onlinebot,Easy_Ultraman
onlinebot,Easycobra
onlinebot,EasyGiovedi
onlinebot,Easyhitman__321
onlinebot,Easyking_Xx
onlinebot,EasyQAQ
onlinebot,Easysakuralol
onlinebot,Easywarren1234
onlinebot,EasywhaleXD
onlinebot,eDGE_xX
onlinebot,eggplant
onlinebot,eggplant____005
onlinebot,eggplant_123
onlinebot,eggplantX
onlinebot,eggplantx96
onlinebot,eggplantXD
onlinebot,ElepHAnt
onlinebot,ElepHAnt__555
onlinebot,Elias17
onlinebot,Elias1998
onlinebot,Envy_1234
onlinebot,EvEn_DOGZJP
onlinebot,EvEn_ikun
onlinebot,EvEn_leox1987
onlinebot,EvEn_moon2008
onlinebot,EvEn_wheel
onlinebot,EvEndragon
onlinebot,Evenger
onlinebot,Evenger_X
onlinebot,EvEnpumpkin
onlinebot,EvEnshark__321
onlinebot,EvEnTom
onlinebot,EvEnxDiaz
onlinebot,EvEr_B1oom
onlinebot,EvEr_Billy
onlinebot,EvEr_E_Boy
onlinebot,EvEr_lily
onlinebot,EvEr_shepherd
onlinebot,EvEr_spider_EZ
onlinebot,EvEr_sss
onlinebot,EvEr_sushi_007
onlinebot,EvEr_tea
onlinebot,EvErDH7777
onlinebot,EvErHappy
onlinebot,EvErnoodle5555
onlinebot,EvErodoyle
onlinebot,extra_Alex
onlinebot,extra_B1oom
onlinebot,extra_Darry_wow
onlinebot,extra_Denny_1234
onlinebot,Extra_F4k3rXD
onlinebot,Extra_hiBIScus
onlinebot,Extra_IttY
onlinebot,extra_LSP
onlinebot,Extra_ranger
onlinebot,Extra_shiver
onlinebot,extraAether
onlinebot,ExtraNIno
onlinebot,extrashark555
onlinebot,extraVol
onlinebot,Extraxchris
onlinebot,Extraxlily_OxO
onlinebot,extrayolanda_QAQ
onlinebot,F4k3r_84
onlinebot,F4k3r_xD
onlinebot,F4k3rx1984
onlinebot,F4k3rxD
onlinebot,Fam__tomato
onlinebot,Fam_Dad
onlinebot,Fam_jazmineEZ
onlinebot,Fam_king86
onlinebot,Fam_lemon123
onlinebot,Fam_sakura
onlinebot,Fam_Xavixx
onlinebot,Fambazil
onlinebot,Famcabin
onlinebot,FamElias
onlinebot,FamHugo
onlinebot,FamJOKer
onlinebot,Famroad123
onlinebot,Famxwhale_17
onlinebot,Famz00mbi3_QvQ
onlinebot,Hey_Giovedi
onlinebot,Heyllll_1990
onlinebot,Heypeace_1995
onlinebot,HeyRazer_90
onlinebot,Heysteve
onlinebot,Heyxpumpkin1986
onlinebot,fig____hitman
onlinebot,fig__LeO
onlinebot,fig__Pinky
onlinebot,fig_Anger
onlinebot,fig_F4k3r
onlinebot,fig_jazmine_1994
onlinebot,fig_OOOOO_X
onlinebot,fig_turtle
onlinebot,fig_warrenX
onlinebot,figcoco321
onlinebot,figCoRn18
onlinebot,figdaimyou_UwU
onlinebot,figeggplant
onlinebot,figking
onlinebot,figoniONQAQ
onlinebot,figxalex
onlinebot,figXavi
onlinebot,Final____Sp33d
onlinebot,Final_ACE321
onlinebot,Final_adamxD
onlinebot,Final_BOYx1987
onlinebot,Final_cat92
onlinebot,Final_cobra_1234
onlinebot,Final_Makarov
onlinebot,Final_peace
onlinebot,Final_pumpkin
onlinebot,Final_turtle
onlinebot,FinalGaZ
onlinebot,Finaliiii_1994
onlinebot,FinalLeO
onlinebot,FinalMatt
onlinebot,Finaln00n2007
onlinebot,Finalrat97
onlinebot,Finalsasquatch
onlinebot,Finalxboar1988
onlinebot,Finalz00mbi31981
onlinebot,fireman
onlinebot,fireman95
onlinebot,first____cobra
onlinebot,first____NoVA
onlinebot,first_king
onlinebot,first_Makarov
onlinebot,firstdracula
onlinebot,firstcube
onlinebot,firstMax
onlinebot,firstrain
onlinebot,firsttig3r
onlinebot,floorwow
onlinebot,Fluffy__yolanda
onlinebot,Fluffy_FPS
onlinebot,Fluffy_love
onlinebot,Fluffy_m00n
onlinebot,Fluffyjason
onlinebot,Fluffypatrick
onlinebot,FluffyVampire
onlinebot,Fly_UwU
onlinebot,FlyBlake_xD
onlinebot,FlyJoey
onlinebot,FlymaRblexX
onlinebot,FlyMatt6
onlinebot,FlyTigerwow
onlinebot,FlyxTop
onlinebot,FlyZack
onlinebot,For____crank
onlinebot,For____jazmine
onlinebot,For_OnO
onlinebot,For_sharkUwU
onlinebot,For_Snack_2002
onlinebot,For_sniper1983
onlinebot,For_TopxXx
onlinebot,ForberriesOnO
onlinebot,ForJoey
onlinebot,forK__spider
onlinebot,forK_BOY
onlinebot,forK_coco
onlinebot,forK_iiii
onlinebot,forK_NoVA
onlinebot,forK_sasquatch
onlinebot,ForKamarov
onlinebot,forKQQQ1992
onlinebot,forKSkiLL
onlinebot,forKstrawberry
onlinebot,Forpsycho
onlinebot,FOV_001
onlinebot,FOVx1987
onlinebot,FoX____WaRRior
onlinebot,FoX_bazil____x
onlinebot,FoX_butcher
onlinebot,FoX_oniON888
onlinebot,FoX_ted
onlinebot,FoXF4k3r
onlinebot,FoXGiovedi_1998
onlinebot,FoXnoodle
onlinebot,FoXturtleOnO
onlinebot,FoXY4sir_1989
onlinebot,frank_18
onlinebot,G_O_A_T
onlinebot,G_O_A_T_007
onlinebot,g1rl2003
onlinebot,garlic____mouse
onlinebot,garlic_b4n4n4321
onlinebot,garlic_barbarian
onlinebot,garlic_Envy18
onlinebot,garlic_Fly
onlinebot,garlic_FOV
onlinebot,garlic_tig3r_x
onlinebot,garlic_TItan
onlinebot,garliceDGE1234
onlinebot,garlicmaddog
onlinebot,garlicMax
onlinebot,garlicshepherd
onlinebot,garlicSimpl
onlinebot,garlicslayer
onlinebot,garlicVampire
onlinebot,Gatsby_14
onlinebot,GhosT____Pinky
onlinebot,ghost__cedar
onlinebot,ghost__eggplant
onlinebot,ghost__ElepHAnt
onlinebot,gHost__price
onlinebot,ghost__simmon
onlinebot,ghost_7he97
onlinebot,gHOST_cedar
onlinebot,GhosT_cobra005
onlinebot,gHost_kraken
onlinebot,ghost_lancer
onlinebot,gHOST_moon
onlinebot,GhosT_pumpkin888
onlinebot,gHOST_quokka
onlinebot,gHOST_ratchet321
onlinebot,gHOST_s1mpl3
onlinebot,ghost_Sp33d
onlinebot,gHost_sunflowr
onlinebot,gHOST_VVVVV
onlinebot,gHost_whale
onlinebot,ghost_Y4sir
onlinebot,gHostaspect
onlinebot,ghostberries_xX
onlinebot,ghostbowser
onlinebot,gHostCoCo
onlinebot,gHOSTfender_QAQ
onlinebot,GhosTGaZ
onlinebot,GhosTooo_89
onlinebot,ghostReznov_1234
onlinebot,gHOSTsea
onlinebot,GhosTsushi
onlinebot,gHostTomUwU
onlinebot,gHostVerde
onlinebot,gHostVVVVV16
onlinebot,gHostxGhost
onlinebot,gHostxorchid_wow
onlinebot,gHOSTxrat
onlinebot,ghostxZEUS
onlinebot,gif_008
onlinebot,gif_888
onlinebot,Giovedi_123
onlinebot,Giovedi_1989
onlinebot,Giovedi_1994
onlinebot,Giovedi94
onlinebot,GoosE_E_BoyXD
onlinebot,GoosE_G_O_A_T
onlinebot,GoosE_love
onlinebot,GoosE_palm
onlinebot,GoosE_R3aL
onlinebot,GoosE_smi13_xD
onlinebot,GoosE_TTK
onlinebot,GoosE_Zack
onlinebot,GoosE4pple
onlinebot,GoosEbarbarian
onlinebot,GoosEcedar
onlinebot,GoosEfireman
onlinebot,GoosEjason
onlinebot,GoosEknight
onlinebot,GoosEyolanda
onlinebot,Greasy__doom8888
onlinebot,Greasy_ninjaxX
onlinebot,Greasy_viktor
onlinebot,GreasyBilly
onlinebot,GreasyF0X
onlinebot,Greasyking
onlinebot,Greasyleo
onlinebot,GreasyRome_lol
onlinebot,grEEn_floor
onlinebot,Green_match002
onlinebot,Green_Niko
onlinebot,Green_orchid
onlinebot,grEEn_sasquatch
onlinebot,Green_Umbrella
onlinebot,grEEn_z00mbi3
onlinebot,Greenbanana
onlinebot,grEEnGatsby
onlinebot,grEEnGatsby123
onlinebot,grEEnjpg
onlinebot,grEEnllll_x
onlinebot,GreenNikoX
onlinebot,GreenodoyleOnO
onlinebot,grEEnroad
onlinebot,grEEnVampire
onlinebot,Greenxapple
onlinebot,Grey____Tom__wow
onlinebot,Grey_decay
onlinebot,Grey_platypus_13
onlinebot,Greyapple2004
onlinebot,GreyDiaz2010
onlinebot,GreyF4k3r
onlinebot,GreyG_O_A_T
onlinebot,Greyport2001
onlinebot,Greywhiskers_xX
onlinebot,Grubby007
onlinebot,Grubbyx123
onlinebot,grumpy__pumpkin
onlinebot,grumpy_G_O_A_T
onlinebot,grumpy_llama321
onlinebot,grumpy_O__O
onlinebot,grumpy_platypus
onlinebot,grumpyGGGGG
onlinebot,grumpyinnocence
onlinebot,grumpysmi13
onlinebot,grumpyxM4chin
onlinebot,grumpyxmatch
onlinebot,guitar_007
onlinebot,Guru_XD
onlinebot,Guru5555
onlinebot,happy____road
onlinebot,happy_Ghost
onlinebot,happy_hunter
onlinebot,happy_robert
onlinebot,happy_simmon
onlinebot,Happy_Xx
onlinebot,Happy95
onlinebot,happybaker
onlinebot,happyCoRn1997
onlinebot,happyElias
onlinebot,happylewis_13
onlinebot,happyxbaker007
onlinebot,hEAd1985
onlinebot,hiBIScus
onlinebot,hiBIScus_007
onlinebot,Highlander
onlinebot,Highlander_98
onlinebot,Highlander_X
onlinebot,HOT____Warrior
onlinebot,HOT_Highlander
onlinebot,HOT_rat
onlinebot,HOT_ripley8888
onlinebot,HOT7he82
onlinebot,HOTkim98
onlinebot,HOTlikeXx
onlinebot,HOTSimpl____007
onlinebot,HOTworld1992
onlinebot,HOTxslayer555
onlinebot,huevo__daemon
onlinebot,huevo__doom_2010
onlinebot,huevo_Joey_11
onlinebot,huevo_OnO____888
onlinebot,huevo_packer
onlinebot,huevo_piZZa_1234
onlinebot,huevocal
onlinebot,huevoEvenger_005
onlinebot,huevojesse_92
onlinebot,huevopumpkin
onlinebot,huevoSoapXx
onlinebot,Huggie_Charlie
onlinebot,Huggie_king18
onlinebot,Huggie_saron
onlinebot,HuggieBobby_93
onlinebot,Huggiediablo
onlinebot,HuggieGlizzy321
onlinebot,Huggieikun
onlinebot,Huggiewood
onlinebot,HuggieXavi
onlinebot,HugoQAQ
onlinebot,Hugox777
onlinebot,hunter_2008
onlinebot,hunter80
onlinebot,Iceman2009
onlinebot,Icy_QvQ
onlinebot,Icy_wheel_007
onlinebot,Icy1nG__EZ
onlinebot,IcyMakarov
onlinebot,Icyturner
onlinebot,ikun_stop
onlinebot,ikun321
onlinebot,Immortal_cannon
onlinebot,Immortal_Happy
onlinebot,Immortal_maRble
onlinebot,Immortal_Tupil
onlinebot,Immortal_turtle
onlinebot,Immortalcedar_18
onlinebot,Immortalcolt
onlinebot,ImmortalhEAd
onlinebot,Immortaljason
onlinebot,Immortalknight
onlinebot,ImmortalKRTkido
onlinebot,ImmortalLev91
onlinebot,ImmortalMakarov
onlinebot,ImmortalnOOdle
onlinebot,Immortalsakura_X
onlinebot,Immortalscar
onlinebot,ImmortalWaRRiorX
onlinebot,Immortalxjacky
onlinebot,Immortalxturner
onlinebot,innocencexX
onlinebot,Ivano_UwU
onlinebot,jason_13
onlinebot,jason_97
onlinebot,jason1234
onlinebot,jason1988
onlinebot,jason82
onlinebot,jasonxUwU
onlinebot,jazmine
onlinebot,jazmine_007
onlinebot,jazmine_OxO
onlinebot,JiuJITSU__wood
onlinebot,JiuJITSU_34rth
onlinebot,JiuJITSU_cannon
onlinebot,JiuJITSU_Charlie
onlinebot,JiuJITSU_Ghost
onlinebot,JiuJITSU_moon_XD
onlinebot,JiuJITSUchair
onlinebot,JiuJITSUDan321
onlinebot,JiuJITSUGhost
onlinebot,JiuJITSUodoyle
onlinebot,JiuJITSUsakura
onlinebot,JiuJITSUted
onlinebot,JiuJITSUwhaleXx
onlinebot,Joey123
onlinebot,John_555
onlinebot,John1999
onlinebot,JOKer__93
onlinebot,jpg1984
onlinebot,cube_13
onlinebot,cube6
onlinebot,cubeXD
onlinebot,Just____LoverQAQ
onlinebot,Just__rat_UwU
onlinebot,JustBullet
onlinebot,JustSoap
onlinebot,Kaisa_caTTle_007
onlinebot,Kaisa_Dad
onlinebot,Kaisa_jpg
onlinebot,Kaisa_QQQ1999
onlinebot,KaisaEnvy
onlinebot,Kaisafender
onlinebot,KaisaHighlander
onlinebot,KaisaJohn
onlinebot,Kaisaorange
onlinebot,KaisaOxO
onlinebot,Kaisapatrick
onlinebot,KaisapigEOnXx
onlinebot,Kaisasamurai1993
onlinebot,Kaisasteve
onlinebot,KaisaTKXx
onlinebot,Kamarov
onlinebot,Kamarov_1234
onlinebot,Kamarov_82
onlinebot,Kamarov777
onlinebot,Kamarov87
onlinebot,Ketchup_dog
onlinebot,Ketchup_LeO_x
onlinebot,Ketchup_mango
onlinebot,Ketchup_road
onlinebot,Ketchup_TTTOxO
onlinebot,Ketchup_vulture
onlinebot,Ketchup4pple
onlinebot,Ketchupbowser
onlinebot,KetchupLA
onlinebot,Ketchupooo
onlinebot,Ketchuprain
onlinebot,KetchupWarrior
onlinebot,Ketchupxeagle94
onlinebot,kim_123
onlinebot,KING____2008
onlinebot,KING_2333
onlinebot,KINGQAQ
onlinebot,kiss_ted_555
onlinebot,kissHappy
onlinebot,kissIvano
onlinebot,kissjesse004
onlinebot,kissRomeX
onlinebot,kissSky95
onlinebot,kissslayer
onlinebot,KniFe____Duke
onlinebot,KniFe__OxO
onlinebot,KniFe__Y4sir
onlinebot,KniFe_Destroyer
onlinebot,KniFe_smi13
onlinebot,KniFe_Snack
onlinebot,KniFe_wood
onlinebot,KniFeaspect
onlinebot,KniFeboarwow
onlinebot,KniFepiano
onlinebot,KniFeSoap_004
onlinebot,KniFexdoom
onlinebot,knight000
onlinebot,knightX
onlinebot,KRTkido
onlinebot,KRTkido____87
onlinebot,KRTkido__X
onlinebot,KRTkido8888
onlinebot,KRTkidoUwU
onlinebot,lancerX
onlinebot,Lazy____Turtle
onlinebot,Lazy_CWC
onlinebot,Lazy_Elias777
onlinebot,Lazy_TItan
onlinebot,Lazy_wheel
onlinebot,LazyBobby82
onlinebot,Lazybruise1234
onlinebot,Lazylove
onlinebot,LazyRazer
onlinebot,Lazys1mpl3
onlinebot,Lazyshiver
onlinebot,LazyUltraman2002
onlinebot,Lazyzigzag
onlinebot,leekz_Bubble
onlinebot,leekz_daemon
onlinebot,leekz_decay94
onlinebot,leekz_DOGZJP
onlinebot,leekz_ikun
onlinebot,leekz_cube
onlinebot,leekz_llama_15
onlinebot,leekz_Matt
onlinebot,leekz_strawberry
onlinebot,leekzdragonUwU
onlinebot,leekzjacky
onlinebot,leekzviktor
onlinebot,leFty_baJa1987
onlinebot,leFty_bender
onlinebot,leFty_cat_2000
onlinebot,leFty_Fly
onlinebot,leFty_NIno
onlinebot,leFty_tig3r
onlinebot,leFtyBilly
onlinebot,leFtyCoRn1986
onlinebot,leFtydaemon2001
onlinebot,leFtydiablo
onlinebot,leFtyOnO
onlinebot,leFtypsycho
onlinebot,leFtyTop
onlinebot,leFtyxbarbarian
onlinebot,leFtyxSkiLL
onlinebot,Legionnaire
onlinebot,LegionnairexD
onlinebot,lemon____wheel
onlinebot,lemon__1982
onlinebot,lemon__Xx
onlinebot,lemon_123
onlinebot,lemon_Giovedi
onlinebot,lemon_mango
onlinebot,lemon_Reznov
onlinebot,lemon_robertXx
onlinebot,lemon_shepherd
onlinebot,lemon_XD
onlinebot,lemon1993
onlinebot,lemon2001
onlinebot,lemon2005
onlinebot,lemon96
onlinebot,lemoncal
onlinebot,lemonSimpl
onlinebot,lemonturtle16
onlinebot,LeO____1234
onlinebot,LeO__92
onlinebot,lewis_1996
onlinebot,lewis777
onlinebot,lichking
onlinebot,lichking_Xx
onlinebot,lily_Xx
onlinebot,llama_19
onlinebot,llamaxD
onlinebot,llll_007
onlinebot,lllliill
onlinebot,lllliill003
onlinebot,lllliill98
onlinebot,Lord_4_FOV
onlinebot,Lord_Ace_maddog
onlinebot,Lord_frank_EZ
onlinebot,Lord_Justdaimyou
onlinebot,Lord_love
onlinebot,Lord_Megacolt
onlinebot,Lord_moon002
onlinebot,Lord_Richxkeeper
onlinebot,Lord_SONOOOOB84
onlinebot,Lord_temple
onlinebot,Lord_tomato001
onlinebot,Lord_Walker
onlinebot,LordblooDy_moon
onlinebot,Lordboomcolt
onlinebot,LordFinal__bunny
onlinebot,LordNeptunelemon
onlinebot,LordNOOOOB1986
onlinebot,LordQvQ
onlinebot,LordThatCoRn_Xx
onlinebot,Lordxfox
onlinebot,Lover_1234
onlinebot,Lover_UwU
onlinebot,LSP1994
onlinebot,LSP2000
onlinebot,Lucky
onlinebot,Lucky_chair_14
onlinebot,Lucky_gif
onlinebot,Lucky_NoVA
onlinebot,LuckyGaZ
onlinebot,Luckynoodle
onlinebot,Luckypatrick
onlinebot,LuckyrunnerX
onlinebot,LuckyTKxD
onlinebot,Luckywood
onlinebot,LuckyY4sir
onlinebot,M4chin__lol
onlinebot,M4chin_95
onlinebot,M4chinXD
onlinebot,Mad____OX
onlinebot,Mad_caCtus
onlinebot,Mad_daemon
onlinebot,Mad_maddog
onlinebot,Mad_NoVA_1234
onlinebot,Mad_YUY_123
onlinebot,maddog_6
onlinebot,Madfrankx
onlinebot,MadJohn_82
onlinebot,Madpagexx
onlinebot,Madstone321
onlinebot,MadxTopxX
onlinebot,Makarov
onlinebot,Makarov_1998
onlinebot,Makarovx2003
onlinebot,MakarovXD
onlinebot,mamal__baJa008
onlinebot,mamal_34rth_X
onlinebot,mamal_bunny
onlinebot,mamal_CoCo
onlinebot,mamal_eDGE
onlinebot,mamal_fox
onlinebot,mamal_mango
onlinebot,mamal_Shark004
onlinebot,mamal_Snack
onlinebot,mamal_spy
onlinebot,mamal7he
onlinebot,mamalAether1234
onlinebot,mamalbridge_EZ
onlinebot,mamalCWCXx
onlinebot,mamaleDGE001
onlinebot,mamalFlyx2000
onlinebot,mamalhEAd
onlinebot,mamalkingwow
onlinebot,mamalMakarov
onlinebot,mamalO__O____82
onlinebot,mamalpanda
onlinebot,mamalsniper
onlinebot,mamalsniper_1234
onlinebot,mamalusb
onlinebot,mamalxkraken
onlinebot,mango_kraken007
onlinebot,mango_poTATox
onlinebot,mango_Stan
onlinebot,mango_yolanda123
onlinebot,mangocabin
onlinebot,mangoGrubby_xX
onlinebot,mangohEAd
onlinebot,mangohitman
onlinebot,mangoknight
onlinebot,mangoreaper
onlinebot,mangoroadkill
onlinebot,manzanas__Vol
onlinebot,manzanas_CCC
onlinebot,manzanas_hunterx
onlinebot,manzanas_Kamarov
onlinebot,manzanas_simmon
onlinebot,manzanas_Soda
onlinebot,manzanas_spider
onlinebot,manzanas_warlock
onlinebot,manzanasbaker
onlinebot,manzanasfox
onlinebot,manzanasOX_86
onlinebot,manzanastitan
onlinebot,manzanasWalker
onlinebot,manzanasxCharles
onlinebot,Maori__decay83
onlinebot,Maori_cannon
onlinebot,Maori_samurai555
onlinebot,Maori_Warrior_x
onlinebot,Maori34rth1984
onlinebot,Maoriboar123
onlinebot,MaoriDestroyer
onlinebot,Maoriikun
onlinebot,MaoriNIno
onlinebot,Maorisunflowr
onlinebot,maRble_002
onlinebot,maRble_2008
onlinebot,maRble_UwU
onlinebot,maRble19
onlinebot,maRble86
onlinebot,mason_Xx
onlinebot,mason6
onlinebot,masonXD
onlinebot,Master_panther
onlinebot,Masterbootsman
onlinebot,MasterhiBIScus
onlinebot,Masterpsycho
onlinebot,MasterUltraman
onlinebot,MasterxIvano
onlinebot,MasterxMountain
onlinebot,match000
onlinebot,matchlol
onlinebot,Matt__xD
onlinebot,Matt_2010
onlinebot,Max__EZ
onlinebot,Max_1990
onlinebot,Max_1997
onlinebot,MaXi____O__O
onlinebot,MaXi_F0X____83
onlinebot,MaXi_OxO____93
onlinebot,MaXi_rusherXD
onlinebot,MaXilichking
onlinebot,MaXiooo18
onlinebot,MaXipdf
onlinebot,Mega____bridge
onlinebot,MeGa__hunter_555
onlinebot,Mega_B0SS
onlinebot,Mega_Cod_555
onlinebot,MeGa_odoyle_xX
onlinebot,Mega_OX
onlinebot,MeGa_rat_OnO
onlinebot,MeGa_ratchet_Xx
onlinebot,Mega_slayer_Xx
onlinebot,Megabazil____85
onlinebot,MeGaBenjaminXD
onlinebot,MeGabridge1988
onlinebot,MeGaBullet
onlinebot,Megaooo1234
onlinebot,MegaQvQ
onlinebot,MeGarat
onlinebot,MegaSWAT
onlinebot,MeGaTTT
onlinebot,MeGaZEUS
onlinebot,menendez_Dan
onlinebot,menendez_raccoon
onlinebot,menendez_shiver
onlinebot,menendez_spy
onlinebot,menendez4pple
onlinebot,menendezBenjamin
onlinebot,menendezDenny90
onlinebot,menendezLeOXD
onlinebot,menendezpumpkin
onlinebot,menendezrobert
onlinebot,menendezscar
onlinebot,menendezWaRRior
onlinebot,milsim____F4k3r
onlinebot,milsim_Cossack
onlinebot,milsim_crank85
onlinebot,milsim_price
onlinebot,milsim_ZEUS
onlinebot,milsimcal_wow
onlinebot,milsimdracula
onlinebot,milsimlichking
onlinebot,milsimMakarov81
onlinebot,milsimos
onlinebot,milsimpumpkin
onlinebot,milsimronin
onlinebot,milsimTTK
onlinebot,milsimVampire
onlinebot,milsimxpiano
onlinebot,Mimi123
onlinebot,minnoW__Iceman
onlinebot,minnoW_34rth
onlinebot,minnoW_chair2333
onlinebot,minnoW_dragon
onlinebot,minnoW_F4k3r
onlinebot,minnoW_innocence
onlinebot,minnoW_lllliill
onlinebot,minnoW_Makarov
onlinebot,minnoW_psycho
onlinebot,minnoW_sean_wow
onlinebot,minnoW_tomato
onlinebot,minnoWbill_123
onlinebot,minnoWGrubby6
onlinebot,minnoWinnocencex
onlinebot,minnoWknight_UwU
onlinebot,minnoWlemon18
onlinebot,minnoWleo123
onlinebot,minnoWLSP
onlinebot,minnoWpigEOn
onlinebot,minnoWsasquatch
onlinebot,minnoWtitan_123
onlinebot,minnoWwood
onlinebot,minnoWxNiko
onlinebot,minnoWxrain_QvQ
onlinebot,Miss__KniFebaJa
onlinebot,Miss__nOOdle
onlinebot,Miss_banana
onlinebot,Miss_calxXD
onlinebot,Miss_grEEnSnake
onlinebot,Miss_happy_steve
onlinebot,Miss_OldSoap
onlinebot,Miss_pdf_008
onlinebot,Miss_Proxsean
onlinebot,Miss_SuperXavi
onlinebot,Miss_tim1234
onlinebot,Miss_warlockwow
onlinebot,Miss_Y4sirx16
onlinebot,Miss_Zerom00n
onlinebot,MissBigJOKer
onlinebot,MissBloodyCod
onlinebot,MissbloomVampire
onlinebot,Missbrokenpiano
onlinebot,MissCCCEZ
onlinebot,Missdeamonfender
onlinebot,MissEasy_bazil
onlinebot,Missikun
onlinebot,MissMaorisene
onlinebot,Missnot_Charlie
onlinebot,MissPinky
onlinebot,MissRed_Cossack
onlinebot,MissSWAT
onlinebot,MissThatdecay
onlinebot,MissTOXICLev007
onlinebot,Missxcal1234
onlinebot,MissZeroSoap
onlinebot,Mister_gHOSTpdf
onlinebot,Mister_MaXillama
onlinebot,Mister_sus_Lover
onlinebot,Mister_The_Soda
onlinebot,Mister0x8
onlinebot,Mister4_Sky
onlinebot,MisterBlitzmouse
onlinebot,Misterbluexsene
onlinebot,MisterChadx
onlinebot,MisterDarry
onlinebot,Misterdark_Mimi
onlinebot,Misterpack
onlinebot,MistersuperSp33d
onlinebot,MisterTHE_IttY
onlinebot,MisterUmbrella
onlinebot,moon005
onlinebot,Mountain
onlinebot,Mountain_xD
onlinebot,Mountain1994
onlinebot,mouse_007
onlinebot,mouse_99
onlinebot,mouse_UwU
onlinebot,mouse1997
onlinebot,m98
onlinebot,Mr_____chair
onlinebot,Mr____rusher
onlinebot,Mr__daemon
onlinebot,Mr__gHost__eagle
onlinebot,Mr__not_cube
onlinebot,Mr__QQQ
onlinebot,Mr__Slayin_IIII
onlinebot,Mr__squirrelBubble
onlinebot,Mr__Stan
onlinebot,Mr__TTT
onlinebot,Mr_amaranth_Pary
onlinebot,Mr_BlitzFPS_2009
onlinebot,Mr_Chad
onlinebot,Mr_cosMICEnvy
onlinebot,Mr_Crazy_Lucky
onlinebot,Mr_Dank_34rth
onlinebot,Mr_DefENder_coco
onlinebot,Mr_Denny
onlinebot,Mr_downward_DH
onlinebot,Mr_Edward
onlinebot,Mr_Flycal_7777
onlinebot,Mr_GhosT_Denny
onlinebot,Mr_Greenlove
onlinebot,Mr_Makarov
onlinebot,Mr_panther_XD
onlinebot,Mr_PopcornTTKx
onlinebot,Mr_Priceapple
onlinebot,Mr_rocket__XD
onlinebot,Mr_Snowslayer
onlinebot,Mr_spider_1991
onlinebot,Mr_suseagle
onlinebot,Mr_The_caCtus
onlinebot,Mr_Thelike
onlinebot,Mr_turtle82
onlinebot,Mr_Vampire
onlinebot,Mr_xEvEn____rat
onlinebot,Mr_xIIII_1980
onlinebot,MrbasilcaTTle
onlinebot,Mrburninglancer
onlinebot,MrEvErMountain
onlinebot,MrgarlicOxO
onlinebot,Mrlemonrain
onlinebot,MrPopcorn34rth
onlinebot,Mrtig3r__13
onlinebot,MrWalker_5555
onlinebot,MrxB0SS6
onlinebot,MrxCharlie_123
onlinebot,Ms__Snack
onlinebot,Ms_1stwhiskersx
onlinebot,Ms_leFtyturtle
onlinebot,Ms_minnoW_hEAd
onlinebot,Ms_mos1993
onlinebot,Ms_RazGuru_2005
onlinebot,Ms_slothbootsman
onlinebot,Ms_tongsmouse
onlinebot,MsAnon_king
onlinebot,Msbanana
onlinebot,MsBlake
onlinebot,Msbunny
onlinebot,Msdoublesmi13lol
onlinebot,MsEasyHighlander
onlinebot,MsExtra_Price
onlinebot,MsFlyWalker17
onlinebot,Msfrank_x
onlinebot,MsgHostcannon
onlinebot,MsgHostmango
onlinebot,MsGoosE_Darry86
onlinebot,MsGuru6
onlinebot,MsJohn_008
onlinebot,Msshadowbill
onlinebot,MsxSteiner_B34r
onlinebot,MsziPPys1mpl3
onlinebot,Mustard_DK
onlinebot,Mustard_Edward
onlinebot,Mustard_eggplant
onlinebot,Mustard_Umbrella
onlinebot,Mustardbigport
onlinebot,Mustarddog
onlinebot,Mustardpack
onlinebot,N0____Happy
onlinebot,N0_O__O321
onlinebot,N0_priceX
onlinebot,n00n001
onlinebot,n00n2004
onlinebot,N0bender
onlinebot,N0Destroyer1997
onlinebot,N0F0X123
onlinebot,N0Makarov
onlinebot,N0odoyle
onlinebot,N0orchid
onlinebot,N0Turtle
onlinebot,Neptune__MArs_XD
onlinebot,Neptune_bowser
onlinebot,Neptune_DOGZJP
onlinebot,Neptune_port123
onlinebot,Neptune_PinkyQvQ
onlinebot,Neptune_pumpkin
onlinebot,Neptune_sene
onlinebot,Neptune_turner
onlinebot,NeptuneIvano
onlinebot,Neptunecube2006
onlinebot,NeptuneNikoQAQ
onlinebot,NeptuneNIno
onlinebot,NeptuneoniON
onlinebot,Neptunepack
onlinebot,Neptunes1mpl3QAQ
onlinebot,Neptunescar
onlinebot,Neptunewarlock
onlinebot,Nerd____Sp33dxD
onlinebot,Nerd_butcher
onlinebot,Nerd_John009
onlinebot,NerdB4rry
onlinebot,Nerdlancer
onlinebot,NerdMountain
onlinebot,nice_Ghost555
onlinebot,nice_HappyxXD
onlinebot,nice_ovovov321
onlinebot,nice_panther
onlinebot,nice_rusher
onlinebot,nice_shepherd
onlinebot,nice_smi13
onlinebot,niceberries
onlinebot,niceikun
onlinebot,nicesea
onlinebot,nicexkingX
onlinebot,niGht____sniper
onlinebot,niGht_crank
onlinebot,niGht_odoyleXx
onlinebot,niGht_sunshine
onlinebot,niGhtbigport
onlinebot,niGhtChloe__00
onlinebot,niGhtKamarov005
onlinebot,niGhtmatch
onlinebot,niGhtsea95
onlinebot,niGhtxOnOXD
onlinebot,Niko_2006
onlinebot,ninja002
onlinebot,ninja12
onlinebot,ninja2010
onlinebot,ninJUTSU____road
onlinebot,ninJUTSU__rocket
onlinebot,ninJUTSU_Anger
onlinebot,ninJUTSU_bull
onlinebot,ninJUTSU_ronin
onlinebot,ninJUTSU_samurai
onlinebot,ninJUTSU_skinner
onlinebot,ninJUTSU_WaRRior
onlinebot,ninJUTSUapple_XD
onlinebot,ninJUTSUB1oom
onlinebot,ninJUTSUbridge
onlinebot,ninJUTSUbull
onlinebot,ninJUTSUCharlie
onlinebot,ninJUTSUgif
onlinebot,ninJUTSUKING
onlinebot,ninJUTSULev_XD
onlinebot,ninJUTSUxdaemon
onlinebot,NIno008
onlinebot,Noisy____pumpkin
onlinebot,Noisy__doom
onlinebot,Noisy_bridge1997
onlinebot,Noisy_burger
onlinebot,Noisy_Charles
onlinebot,Noisy_cal
onlinebot,Noisy_eagle
onlinebot,Noisy_Ivano
onlinebot,Noisy_TiGer
onlinebot,Noisy_viktorlol
onlinebot,Noisy_whale
onlinebot,NoisyBilly
onlinebot,NoisyEvenger
onlinebot,NoisyJohn
onlinebot,NoisyOnO123
onlinebot,NoisyovovovXD
onlinebot,Noisypatrick1985
onlinebot,NoisypeaceXx
onlinebot,nOOdle____1983
onlinebot,nOOdle_x
onlinebot,noodle1234
onlinebot,noodle2007
onlinebot,not____port1234
onlinebot,not__SSS
onlinebot,not_doom_XD
onlinebot,not_iiii__82
onlinebot,not_pigEOn_98
onlinebot,not_samurailol
onlinebot,not_TTK000
onlinebot,notB0SS_007
onlinebot,notbarbarian
onlinebot,notE_Boy__19
onlinebot,notlove_lol
onlinebot,odoyle19
onlinebot,Old_Banana123
onlinebot,Old_bigport82
onlinebot,Old_SWAT_1991
onlinebot,OldGlizzy
onlinebot,Oldinnocence
onlinebot,OldMatt__1995
onlinebot,Oldn00n
onlinebot,Oldripley
onlinebot,OldSoda_Xx
onlinebot,Oldsunflowr
onlinebot,Oldwood_EZ
onlinebot,Oldxreaper_13
onlinebot,oliv_cat
onlinebot,oliv_jason
onlinebot,oliv_NOOOOB
onlinebot,oliv_QvQ
onlinebot,olivapple
onlinebot,olivcat
onlinebot,olivElepHAnt_x
onlinebot,olivJoey
onlinebot,olivLev
onlinebot,olivllll
onlinebot,olivshepherd
onlinebot,olivxknight006
onlinebot,olivxXavi5555
onlinebot,oniON_123
onlinebot,oniON16
onlinebot,OnO____pRollll
onlinebot,OnO____Snake
onlinebot,OnO__burning_ooo
onlinebot,OnO__E_Boy
onlinebot,OnO__KING
onlinebot,OnO__SOxB0SS
onlinebot,OnO__ThatBlake
onlinebot,OnO__The_tig3r
onlinebot,OnO_1995
onlinebot,OnO_bigportXx
onlinebot,OnO_capTainkim17
onlinebot,OnO_Darry_Envy
onlinebot,OnO_jazminewow
onlinebot,OnO_KRTkido_UwU
onlinebot,OnO_lancer1234
onlinebot,OnO_MaXibanana
onlinebot,OnO_NeptuneLA
onlinebot,OnO_Nerdn00n1981
onlinebot,OnO_RayEZ
onlinebot,OnO_robert
onlinebot,OnO_RoSe
onlinebot,OnO_sadF4k3r
onlinebot,OnO_Sharkx
onlinebot,OnO_susb4n4n4
onlinebot,OnO_Ultramanx17
onlinebot,OnO141noodle
onlinebot,OnOCheugy_timOxO
onlinebot,OnOcrazybigport
onlinebot,OnOcal
onlinebot,OnOcrocturtle
onlinebot,OnODarryEZ
onlinebot,OnOdog_runner
onlinebot,OnOKetchupAether
onlinebot,OnOLeO1989
onlinebot,OnOMadsene
onlinebot,OnOmango
onlinebot,OnOmanzanasxusb
onlinebot,OnOMaXimason
onlinebot,OnOn00n
onlinebot,OnOnot_TItan_wow
onlinebot,OnOnotfireman
onlinebot,OnOorange
onlinebot,OnOovovov
onlinebot,OnOPeTEREdward
onlinebot,OnORayx
onlinebot,OnOREDmouse
onlinebot,OnOskinnybanana
onlinebot,OnOSoda
onlinebot,OnOsorrowllama
onlinebot,OnOstaR
onlinebot,OnOSuperaspect
onlinebot,OnOTofu87
onlinebot,OnOTOP____Denny
onlinebot,OnOxEasylancer16
onlinebot,OnOxMountain
onlinebot,OnOxOld_cedar
onlinebot,OnOxsus__Happy
onlinebot,OnOxted18
onlinebot,OnOxWalker____EZ
onlinebot,OnOZeroOnO
onlinebot,ooo_1996
onlinebot,OOOOO_XD
onlinebot,OOOOO98
onlinebot,oRange__knight
onlinebot,oRange_daimyou
onlinebot,oRange_knight
onlinebot,oRange_ooo2009
onlinebot,oRange_sakura
onlinebot,oRange_sasquatch
onlinebot,oRangeJOKer_98
onlinebot,oRangelichkingX
onlinebot,oRangemaddog
onlinebot,oRangeorchid233
onlinebot,oRangestone_x
onlinebot,oRangeTTT
onlinebot,oRangeusb
onlinebot,orchid_009
onlinebot,orchid321
onlinebot,orchidXx
onlinebot,ovovov_19
onlinebot,ovovov1989
onlinebot,ovovovxXD
onlinebot,OX____lol
onlinebot,OxO____GGGGG
onlinebot,OxO____Thetitan
onlinebot,OxO_b4n4n4_97
onlinebot,OxO_caTTle
onlinebot,OxO_Charlie
onlinebot,OxO_Cheugyrubble
onlinebot,OxO_cobra
onlinebot,OxO_crazy_leoxX
onlinebot,OxO_Ketchupronin
onlinebot,OxO_N0Charles
onlinebot,OxO_ninja
onlinebot,OxO_palm
onlinebot,OxO_Pary
onlinebot,OxO_Smile_dragon
onlinebot,OxO_Soda_82
onlinebot,OxO_susIvano
onlinebot,OxO_wfhIceman
onlinebot,OxO_z00mbi3
onlinebot,OxO1988
onlinebot,OxOAether
onlinebot,OxOaspect
onlinebot,OxObaker
onlinebot,OxObasilsakura
onlinebot,OxObloomaaaa
onlinebot,OxObrokenjason
onlinebot,OxOburning_mouse
onlinebot,OxODarry_bowser
onlinebot,OxOEvErpacker
onlinebot,OxOfig_NoVA
onlinebot,OxOGreenxkraken
onlinebot,OxOleekzB4rry_x
onlinebot,OxOLegionnaire
onlinebot,OxOLover
onlinebot,OxOmangoxjpg
onlinebot,OxOMustard_jason
onlinebot,OxONerdpiano
onlinebot,OxONIno
onlinebot,OxOOnO_321
onlinebot,OxOpack
onlinebot,OxOpage93
onlinebot,OxOrojo002
onlinebot,OxOShAmrock
onlinebot,OxOSimpl
onlinebot,OxOsneaky_doom
onlinebot,OxOSuperpatrick
onlinebot,OxOsusGiovedi123
onlinebot,OxOtinYrain
onlinebot,OxOTOPtedlol
onlinebot,OxOxblooDy_Simpl
onlinebot,OxOxextra_Soap
onlinebot,packer_5555
onlinebot,packer2005
onlinebot,packerwow
onlinebot,page2006
onlinebot,PAnCAKE____Y4sir
onlinebot,PAnCAKE__chris
onlinebot,PAnCAKE__staR
onlinebot,PAnCAKE_dog
onlinebot,PAnCAKE_E_Boy
onlinebot,PAnCAKE_hunter
onlinebot,PAnCAKE_Kamarov
onlinebot,PAnCAKE_kraken
onlinebot,PAnCAKE_Tofu
onlinebot,PAnCAKE_z00mbi3
onlinebot,PAnCAKEBlade
onlinebot,PAnCAKEhitman
onlinebot,PAnCAKEplatypus
onlinebot,PAnCAKEsamurai
onlinebot,PAnCAKEShAmrock
onlinebot,PAnCAKETTK_005
onlinebot,PAnCAKEWaRRior
onlinebot,panther
onlinebot,port_EZ
onlinebot,port1980
onlinebot,Pary____2004
onlinebot,patrick
onlinebot,patrickwow
onlinebot,pea_doom____Xx
onlinebot,pea_n00n
onlinebot,pea_pumpkin
onlinebot,pea_Verde
onlinebot,peace123
onlinebot,peaElepHAntx19
onlinebot,peahiBIScus
onlinebot,peaIvano
onlinebot,peajazmine
onlinebot,peaLeO1984
onlinebot,peaMatt6
onlinebot,peaxmouse
onlinebot,peaxviktor
onlinebot,PeTER____Tiger
onlinebot,petEr____zigzag
onlinebot,petEr_berries
onlinebot,PeTER_KamarovxXD
onlinebot,PeTER_king
onlinebot,PeTER_LSP
onlinebot,PeTER_lynch
onlinebot,PeTER_matchEZ
onlinebot,petEr_shiver
onlinebot,PeTER_Sky
onlinebot,PeTER_tim
onlinebot,PeTERAether_94
onlinebot,petErbutcher
onlinebot,PeTERCWC
onlinebot,PeTERgif
onlinebot,petErHighlander
onlinebot,petErJOKer
onlinebot,petErNoVA1234
onlinebot,PeTERplatypusQAQ
onlinebot,PeTERwaterMELON
onlinebot,PeTERxPrice
onlinebot,petErxsunshine13
onlinebot,piano_1996
onlinebot,pigEOn1234
onlinebot,platypus_007
onlinebot,Plz____Lucky
onlinebot,Plz__price
onlinebot,Plz_barbarian
onlinebot,Plz_steve
onlinebot,Plz_tim321
onlinebot,PlzBenjamin_19
onlinebot,Plzdragon_1234
onlinebot,Plzfrank_5555
onlinebot,Plzhunter
onlinebot,PlzlewisEZ
onlinebot,Plzroadkill
onlinebot,Plzsimmon
onlinebot,Plztemple
onlinebot,Popcorn____Verde
onlinebot,Popcorn_CoCo
onlinebot,Popcorn_diablo
onlinebot,Popcorn_Edward
onlinebot,Popcorn_hunter86
onlinebot,Popcorn_Joey_xX
onlinebot,Popcorn_MArs
onlinebot,Popcorn_robert
onlinebot,Popcorn_SkiLL
onlinebot,Popcorn_SoapQAQ
onlinebot,Popcorn_steve
onlinebot,Popcorn7he
onlinebot,Popcornbenderlol
onlinebot,Popcornbull2006
onlinebot,PopcornCossack
onlinebot,Popcornronin
onlinebot,PopcornWalker
onlinebot,PopcornxGaZ
onlinebot,pOtatO____rain
onlinebot,pOtatO____viktor
onlinebot,pOtatO__yolanda
onlinebot,pOtatO_price
onlinebot,pOtatO_sea_86
onlinebot,pOtatO_Tofu
onlinebot,pOtatO_warrior
onlinebot,poTATo1999
onlinebot,pOtatOcannon
onlinebot,pOtatOcaTTle
onlinebot,pOtatOCoCo_X
onlinebot,pOtatOpigEOn2002
onlinebot,pOtatOskinner
onlinebot,pOtatOSSS_321
onlinebot,pOtatOTofu1234
onlinebot,Price____lancer
onlinebot,Price____sene00
onlinebot,Price__Aether
onlinebot,Price_Destroyer
onlinebot,Price_Mimi
onlinebot,Price_rojo001
onlinebot,Price_simmon
onlinebot,price1999
onlinebot,Price80
onlinebot,Pricemaddog
onlinebot,PricexJoey
onlinebot,PriceZack_009
onlinebot,Pricezigzag
onlinebot,Pro__matchXD
onlinebot,pRo_Cheetah
onlinebot,Pro_Elias
onlinebot,pRo_Giovedi_123
onlinebot,pRo_Hugo
onlinebot,pRo_KINGXx
onlinebot,pRo_MArs
onlinebot,pRo_narwal
onlinebot,pRo_NOOOOB
onlinebot,pRo_sss555
onlinebot,pRo_Tofu
onlinebot,Pro_Walker
onlinebot,pRo_watermelon
onlinebot,pRo_wheel1981
onlinebot,Pro_YUYXD
onlinebot,ProB34r
onlinebot,Proiiii
onlinebot,pRojesse
onlinebot,pRoLev84
onlinebot,pRolewis
onlinebot,pRoO__O__006
onlinebot,PropoTATo
onlinebot,pRorubble
onlinebot,ProTItan
onlinebot,pRoTTTxX
onlinebot,pRoxbootsman
onlinebot,psycho_81
onlinebot,psycho_X
onlinebot,psycho_xX
onlinebot,psychoxX
onlinebot,pumpkin
onlinebot,pumpkin13
onlinebot,pumpkinQvQ
onlinebot,purple____Chad
onlinebot,purple____piano
onlinebot,purple__Razer
onlinebot,purple_apple
onlinebot,purple_bowser
onlinebot,purple_moonwow
onlinebot,purple_ooo
onlinebot,purple_packer
onlinebot,purple_pdf
onlinebot,purple_pumpkin
onlinebot,purple_rojo_1992
onlinebot,purple_slayer
onlinebot,purple_Vampire
onlinebot,purple7he
onlinebot,purpleaspect
onlinebot,purpleGGGGG__92
onlinebot,purplejazmine
onlinebot,purplekeeperX
onlinebot,purpleLeOxX
onlinebot,purpleNoVA
onlinebot,purplepigEOnlol
onlinebot,purplepiZZa
onlinebot,purpleraccoon_11
onlinebot,purpletea
onlinebot,purpleTiGerxOnO
onlinebot,purpleturner
onlinebot,purpleturtle1995
onlinebot,QAQ____Cod1234
onlinebot,QAQ__blanco_Dadx
onlinebot,QAQ__Bobby_13
onlinebot,QAQ__doublepack
onlinebot,QAQ__lllliill
onlinebot,QAQ_2_boar
onlinebot,QAQ_34rth
onlinebot,QAQ_7he
onlinebot,QAQ_aaaa
onlinebot,QAQ_colt
onlinebot,QAQ_dark_keeper
onlinebot,QAQ_Dead_Lev
onlinebot,QAQ_Demon_world
onlinebot,QAQ_Easy_Vol
onlinebot,QAQ_ForoniON
onlinebot,QAQ_FOV1234
onlinebot,QAQ_Gatsby____00
onlinebot,QAQ_ghostTop1986
onlinebot,QAQ_Greenboar
onlinebot,QAQ_IIII
onlinebot,QAQ_jazmine_1234
onlinebot,QAQ_mango_ranger
onlinebot,QAQ_minnoWtomato
onlinebot,QAQ_nice_piano
onlinebot,QAQ_Old_tomato
onlinebot,QAQ_Pricexripley
onlinebot,QAQ_pumpkin
onlinebot,QAQ_quickKRTkido
onlinebot,QAQ_Raz_bootsman
onlinebot,QAQ_rusher
onlinebot,QAQ_shadow_Tupil
onlinebot,QAQ_ShAmrock
onlinebot,QAQ_Shark81
onlinebot,QAQ_skewrxAlex
onlinebot,QAQ_SmolAlex
onlinebot,QAQ_SO_jpg
onlinebot,QAQ_strongeagle
onlinebot,QAQ_tea_12
onlinebot,QAQ_tedxD
onlinebot,QAQ_Tofu_1997
onlinebot,QAQ_Y4sir
onlinebot,QAQ_Your__Anger
onlinebot,QAQ4_cat_321
onlinebot,QAQapplxskinner
onlinebot,QAQbender
onlinebot,QAQBlueBerry008
onlinebot,QAQbunny
onlinebot,QAQbutcher2009
onlinebot,QAQCaptainhEAd
onlinebot,QAQcat_777
onlinebot,QAQDestroyer13
onlinebot,QAQDiaz
onlinebot,QAQExtra__Edward
onlinebot,QAQfigVerde
onlinebot,QAQfirstkraken
onlinebot,QAQfrank_84
onlinebot,QAQgarlicshark
onlinebot,QAQgrEEnronin
onlinebot,QAQGreyskinner
onlinebot,QAQKniFetim
onlinebot,QAQlemonE_Boy
onlinebot,QAQlichking
onlinebot,QAQM4chin
onlinebot,QAQMax1995
onlinebot,QAQmenendezRay
onlinebot,QAQminnoW_cabin
onlinebot,QAQNerdjason
onlinebot,QAQniGhtDarry
onlinebot,QAQOld_Gatsbyx87
onlinebot,QAQPlzO__O
onlinebot,QAQpRoYUY_xX
onlinebot,QAQquickport_x
onlinebot,QAQrain__1234
onlinebot,QAQSaltydecay
onlinebot,QAQsneakychair91
onlinebot,QAQSO_badgerOxO
onlinebot,QAQSOleo
onlinebot,QAQspider
onlinebot,QAQsushi_000
onlinebot,QAQThat_Alex
onlinebot,QAQTiger
onlinebot,QAQtinY__adam
onlinebot,QAQturner_1993
onlinebot,QAQwfh_hEAd
onlinebot,QAQwfhKING_6
onlinebot,QAQxroach_Price
onlinebot,QAQxsss
onlinebot,QAQxwhale
onlinebot,QAQYourQQQ
onlinebot,QAQZone_steve
onlinebot,QQQ_123
onlinebot,quick_GaZx
onlinebot,quick_narwalOnO
onlinebot,quick_ovovov_96
onlinebot,quickBlueBerry
onlinebot,quickcedar
onlinebot,quickCWC____QAQ
onlinebot,quickDK
onlinebot,quickG_O_A_T
onlinebot,quickmaddog1994
onlinebot,quickslayer14
onlinebot,quokka000
onlinebot,quokka2006
onlinebot,quokkalol
onlinebot,QvQ____love
onlinebot,QvQ____MasterLev
onlinebot,QvQ__pdf97
onlinebot,QvQ__spy_Xx
onlinebot,QvQ_1988
onlinebot,QvQ_BloodyDenny
onlinebot,QvQ_Dan15
onlinebot,QvQ_dark_raccoon
onlinebot,QvQ_Darkooo
onlinebot,QvQ_DeadxTItan
onlinebot,QvQ_figbanana
onlinebot,QvQ_kissxF4k3r
onlinebot,QvQ_like_QvQ
onlinebot,QvQ_MaXiCoRn
onlinebot,QvQ_milsim_oniON
onlinebot,QvQ_orange
onlinebot,QvQ_pRo_hunter
onlinebot,QvQ_ronin2333
onlinebot,QvQ_silentknight
onlinebot,QvQ_vulture
onlinebot,QvQ_ziPPysamurai
onlinebot,QvQ1999
onlinebot,QvQAce_QQQ
onlinebot,QvQACExD
onlinebot,QvQBanaNAQQQ
onlinebot,QvQboomber_18
onlinebot,QvQcaCtus_89
onlinebot,QvQCod2333
onlinebot,QvQcoyoooterojo
onlinebot,QvQcrazyDiaz
onlinebot,QvQdouble_DK
onlinebot,QvQEagleCossack
onlinebot,QvQFamxnoodle
onlinebot,QvQfireman
onlinebot,QvQgHostMArs_Xx
onlinebot,QvQGrey_Fly
onlinebot,QvQinnocence_85
onlinebot,QvQleFtyDad
onlinebot,QvQLover
onlinebot,QvQmamal_coco
onlinebot,QvQMasterxapple
onlinebot,QvQmilsim_cube
onlinebot,QvQOldNOOOOB
onlinebot,QvQolivVVVVV
onlinebot,QvQpanther1994
onlinebot,QvQport
onlinebot,QvQpOtatO_aaaa
onlinebot,QvQpOtatOxmatch
onlinebot,QvQquick____Dad
onlinebot,QvQsnakECoRn_OnO
onlinebot,QvQsneaky_coco
onlinebot,QvQsqual_jason
onlinebot,QvQTOP1nG
onlinebot,QvQturtle1994
onlinebot,QvQwarrior
onlinebot,QvQwhale
onlinebot,QvQxCheugy_Rome
onlinebot,QvQxFPS
onlinebot,QvQxMaorirat
onlinebot,R3aL____XD
onlinebot,raccoon
onlinebot,rain1234
onlinebot,ranger_321
onlinebot,rangerXD
onlinebot,rat_wow
onlinebot,rat1988
onlinebot,ratchet
onlinebot,ratchet_1997
onlinebot,ratchetXx
onlinebot,raUL_BlueBerry
onlinebot,raUL_chair
onlinebot,raUL_SkiLL
onlinebot,raUL_titanlol
onlinebot,raUL_Y4sir
onlinebot,raULHugo_87
onlinebot,raULpanda
onlinebot,raULxmason
onlinebot,Raz_lemon_X
onlinebot,Raz_s1mpl3Xx
onlinebot,Raz_Shark
onlinebot,RazConquistador
onlinebot,Razer123
onlinebot,Razer13
onlinebot,Razjason
onlinebot,Razknight
onlinebot,RazSnake
onlinebot,Raztitan
onlinebot,reAver____TTT
onlinebot,reAver_jason_123
onlinebot,reAver_lancer
onlinebot,reAver_leo_xX
onlinebot,reAver_LSPQAQ
onlinebot,reAver_Lucky
onlinebot,reAver_Rome82
onlinebot,reAver_tomatolol
onlinebot,reAverbaker_1986
onlinebot,reAvercannon
onlinebot,reAverCoRn
onlinebot,reAverDad123
onlinebot,reAverikun
onlinebot,reAverLSP80
onlinebot,reAverLucky13
onlinebot,reAverSky
onlinebot,reAverwheel
onlinebot,Red____piZZa_123
onlinebot,RED__Makarov
onlinebot,RED__port
onlinebot,Red_aaaa
onlinebot,Red_Banana
onlinebot,Red_bridge123
onlinebot,RED_caTTle
onlinebot,RED_doom
onlinebot,REDapple_8888
onlinebot,REDB4rry_wow
onlinebot,REDbadger
onlinebot,RedO__O_18
onlinebot,REDodoyle_XD
onlinebot,RedpiZZa85
onlinebot,Redrojo_81
onlinebot,REDrusher
onlinebot,Redwood_2006
onlinebot,Redxvulture
onlinebot,Reznov____Xx
onlinebot,Reznov1997
onlinebot,Rich__dracula_xD
onlinebot,Rich_turtle
onlinebot,Richadam
onlinebot,Richcal
onlinebot,RichF4k3r_UwU
onlinebot,Richlewis_Xx
onlinebot,Richodoyle_90
onlinebot,RichTupilQAQ
onlinebot,Richturner
onlinebot,RichWarrior
onlinebot,RichxPinky
onlinebot,RichZEUS_97
onlinebot,rigs321
onlinebot,ripley_x
onlinebot,roach_Cheetah
onlinebot,roach_Darry_x
onlinebot,roach_fender
onlinebot,roach_SkiLL
onlinebot,roach_warren321
onlinebot,roach_Y4sir
onlinebot,roachbutcher
onlinebot,roachSWAT
onlinebot,roachtangerine
onlinebot,roachtitan
onlinebot,roachWalker
onlinebot,roadkill
onlinebot,roadkill____1989
onlinebot,roadkill_2010
onlinebot,roadkillwow
onlinebot,robert_86
onlinebot,robertXD
onlinebot,rojo2333
onlinebot,rojolol
onlinebot,Rome_15
onlinebot,Romex11
onlinebot,ronin_89
onlinebot,ronin_94
onlinebot,RoSe_1234
onlinebot,RoSe1993
onlinebot,RoSewow
onlinebot,rubble13
onlinebot,rubble1986
onlinebot,runner_1234
onlinebot,runner1980
onlinebot,sad_g1rl123
onlinebot,sad_odoyle_xD
onlinebot,sadEvenger
onlinebot,sadjazminewow
onlinebot,sadcube
onlinebot,sadMimi
onlinebot,sadpanther__UwU
onlinebot,sadpdfQAQ
onlinebot,sadshark
onlinebot,sadspider
onlinebot,sadStan____98
onlinebot,sadTupil_007
onlinebot,Salty____John
onlinebot,Salty__noodle
onlinebot,Salty_diablo
onlinebot,Salty_doom_X
onlinebot,Salty_narwal1234
onlinebot,Salty_spy1234
onlinebot,Saltybadger
onlinebot,Saltybarbarian
onlinebot,SaltyMountain
onlinebot,samuraix007
onlinebot,samuraix13
onlinebot,saron____QvQ
onlinebot,sasquatch
onlinebot,scar_94
onlinebot,ScrAmbLer_b4n4n4
onlinebot,ScrAmbLer_bruise
onlinebot,ScrAmbLer_Diaz
onlinebot,ScrAmbLer_LA
onlinebot,ScrAmbLer_LeOx
onlinebot,ScrAmbLer_packer
onlinebot,ScrAmbLer_rubble
onlinebot,ScrAmbLer_scar
onlinebot,ScrAmbLer_turner
onlinebot,ScrAmbLer_world
onlinebot,ScrAmbLerB34rXx
onlinebot,ScrAmbLercaCtus
onlinebot,ScrAmbLerOxO
onlinebot,ScrAmbLerwarrior
onlinebot,sean_1994
onlinebot,secret__aaaa
onlinebot,secret_baJa
onlinebot,secret_kim_xD
onlinebot,secret_rubble
onlinebot,secret_spy6
onlinebot,secretB1oom
onlinebot,secretkeeper
onlinebot,secretKING555
onlinebot,Snow____caCtus
onlinebot,Snow__apple
onlinebot,Snow__innocence
onlinebot,Snow__ShAmrock
onlinebot,Snow_Blake
onlinebot,Snow_mouse
onlinebot,Snow_road
onlinebot,Snow_skinner
onlinebot,Snow_TItan
onlinebot,Snow_whale
onlinebot,Snowbazil
onlinebot,SnowCod
onlinebot,Snowdiablo_x
onlinebot,Snowlllliill_15
onlinebot,Snowmoon
onlinebot,SnowTiger
onlinebot,shadow____Stan
onlinebot,shadow____YUYlol
onlinebot,shadow_bender
onlinebot,shadow_ElepHAnt
onlinebot,shadow_Envy1994
onlinebot,shadowovovov_lol
onlinebot,shadowSoda
onlinebot,shadowTItan
onlinebot,ShAmrock
onlinebot,shark____x
onlinebot,Shark____xD
onlinebot,Shark2007
onlinebot,shepherd_x
onlinebot,shepherd321
onlinebot,shiver_86
onlinebot,shiverXD
onlinebot,silent_LeO1998
onlinebot,silentEvenger
onlinebot,silentikun_94
onlinebot,silentM4chin
onlinebot,silentmaRble
onlinebot,silentNoVA
onlinebot,silentOX
onlinebot,silentpalm_6
onlinebot,silentUltraman91
onlinebot,silly__rusher123
onlinebot,silly_burger
onlinebot,silly_fenderUwU
onlinebot,silly_FPS_xX
onlinebot,silly_JOKerX
onlinebot,silly_Max
onlinebot,silly_tim
onlinebot,silly_wood_2010
onlinebot,sillyooo
onlinebot,simmon_x
onlinebot,simmonx321
onlinebot,Simpl1995
onlinebot,Simpl97
onlinebot,skewr__wood
onlinebot,skewr_FPSQAQ
onlinebot,skewr_LeO_OxO
onlinebot,skewr_Mimi_321
onlinebot,skewr_piZZaXD
onlinebot,skewr_road
onlinebot,skewrSp33d
onlinebot,skewrsunflowr
onlinebot,SkiLL__wow
onlinebot,SkiLL_80
onlinebot,SkiLL2009
onlinebot,SkiLLx1989
onlinebot,skinny__cannon
onlinebot,skinny__sea_2000
onlinebot,skinny_bowser
onlinebot,skinny_turtle
onlinebot,skinnyaspect
onlinebot,skinnyCharles
onlinebot,skinnychris_007
onlinebot,skinnydiablo007
onlinebot,skinnyF4k3r
onlinebot,skinnyGatsby_X
onlinebot,skinnysss17
onlinebot,skinnysunshine
onlinebot,skinnyVol
onlinebot,skinnywaterMELON
onlinebot,Sky____00
onlinebot,slayer85
onlinebot,Slayin____Shark
onlinebot,Slayinbazil_wow
onlinebot,Slayinpanda
onlinebot,SlayinSSS
onlinebot,Slayinx7he_321
onlinebot,sloth_lily_1986
onlinebot,sloth_Matt
onlinebot,sloth_QvQ
onlinebot,slothCod_321
onlinebot,slothG_O_A_T
onlinebot,slothGuru
onlinebot,slothLAXx
onlinebot,slothLev
onlinebot,slothsaron
onlinebot,slothstrawberry
onlinebot,slothzigzag007
onlinebot,smi13_1999
onlinebot,smi13006
onlinebot,Smile__cannon
onlinebot,Smile__GGGGG87
onlinebot,Smile_John
onlinebot,Smile_Romewow
onlinebot,Smile_tim__13
onlinebot,SmileE_BoyxD
onlinebot,SmilenOOdle
onlinebot,Smilesasquatch
onlinebot,Smol_0x8
onlinebot,Smol_berrieswow
onlinebot,Smol_CoCo5555
onlinebot,Smol_JOKer2005
onlinebot,Smol_jpg__XD
onlinebot,Smol_MaxxD
onlinebot,Smol_Tupil
onlinebot,SmolLegionnaire
onlinebot,Smolninja
onlinebot,Smolwheel
onlinebot,Snack_1984
onlinebot,Snacklol
onlinebot,snakE____SWAT
onlinebot,snakE__Chloe
onlinebot,snakE__steve1981
onlinebot,snakE_llama
onlinebot,snakE_piano
onlinebot,snakE_TK_123
onlinebot,Snake1983
onlinebot,Snake94
onlinebot,snakEBilly2008
onlinebot,snakEjazmine
onlinebot,snakExWaRRior
onlinebot,sneaky____boar
onlinebot,sneaky__hiBIScus
onlinebot,sneaky_fox
onlinebot,sneaky_frank
onlinebot,sneaky_platypus
onlinebot,sneaky_ripley
onlinebot,sneaky_sasquatch
onlinebot,sneaky_Tupil
onlinebot,sneaky_yolanda
onlinebot,sneakymason
onlinebot,sniper_1234
onlinebot,sniper_EZ
onlinebot,sniper_Xx
onlinebot,sniper13
onlinebot,sniperx1985
onlinebot,SO__z00mbi3
onlinebot,SO_Loverlol
onlinebot,SO_MimixD
onlinebot,SO_roadkill
onlinebot,SO_rubble
onlinebot,SO4pple
onlinebot,Soap_91
onlinebot,Soapx555
onlinebot,SOCCCxQAQ
onlinebot,Soda_95
onlinebot,Soda_Xx
onlinebot,sorrow__7he
onlinebot,sorrow_Billy2007
onlinebot,sorrow_crank321
onlinebot,sorrow_psycho
onlinebot,sorrow_sasquatch
onlinebot,sorrow_Sp33d_XD
onlinebot,sorrowBenjamin
onlinebot,sorrown00n
onlinebot,sorrowpalm007
onlinebot,sorrowrain_QAQ
onlinebot,sorrowsteve
onlinebot,sorrowsushi
onlinebot,sorrowTofu_97
onlinebot,sorrowxz00mbi3
onlinebot,SOstaRlol
onlinebot,SOtomato_2000
onlinebot,SOxcheetas
onlinebot,speedy_doom
onlinebot,speedy_pigEOn
onlinebot,speedy_sunflowr
onlinebot,speedyjason
onlinebot,speedyNiko
onlinebot,speedyRomeXD
onlinebot,speedyspider
onlinebot,speedystone
onlinebot,speedystrawberry
onlinebot,speedyxR3aL
onlinebot,spider_x
onlinebot,spider80
onlinebot,Splash__Ultraman
onlinebot,Splash_Alex
onlinebot,Splash_cheetas
onlinebot,Splash_dog1986
onlinebot,Splash_Envy1990
onlinebot,Splash_Pinky
onlinebot,Splash_Snake
onlinebot,Splash_turtle
onlinebot,Splash_Vol
onlinebot,SplashBenjamin
onlinebot,Splashchair
onlinebot,Splashchris_xD
onlinebot,SplashDan
onlinebot,Splashlove_QAQ
onlinebot,SplashO__O
onlinebot,Splashovovov
onlinebot,Splashpack
onlinebot,Splashport
onlinebot,SplashReznov
onlinebot,SplashTTT
onlinebot,Splashusb1234
onlinebot,sppoon____NoVA
onlinebot,sppoon_dracula
onlinebot,sppoonAether
onlinebot,sppoonB0SS
onlinebot,sppoonBenjamin
onlinebot,sppoonCWC_XD
onlinebot,sppoonDH
onlinebot,sppoonHugo
onlinebot,sppoonNIno
onlinebot,sppoonTTK
onlinebot,spy____91
onlinebot,squal____vulture
onlinebot,squal_Ivano
onlinebot,squal_wood
onlinebot,squalbarbarian
onlinebot,squalcheetas
onlinebot,squalGaZ
onlinebot,squalgif000
onlinebot,squalHighlander
onlinebot,squalcube
onlinebot,squalking_95
onlinebot,squalovovov_XD
onlinebot,squalturner321
onlinebot,squalworld
onlinebot,squirrel_berries
onlinebot,squirrel_Dad
onlinebot,squirrel_oniON
onlinebot,squirrel_tim
onlinebot,squirrelfloor
onlinebot,squirrelJoey
onlinebot,squirrelrojo
onlinebot,squirrelsean1988
onlinebot,SSS_5555
onlinebot,SSS1993
onlinebot,staR____14
onlinebot,staR_16
onlinebot,Steiner__cat
onlinebot,Steiner_badger
onlinebot,Steiner_bunny
onlinebot,Steiner_hEAd
onlinebot,Steiner_sss
onlinebot,SteinerBobby
onlinebot,Steinerbowser
onlinebot,SteinerCharles
onlinebot,SteinerOnO__89
onlinebot,SteinerSimpl
onlinebot,SteinerTItan
onlinebot,Steinerxpumpkin
onlinebot,steve_1984
onlinebot,steve_2008
onlinebot,strawberry
onlinebot,strawberry__81
onlinebot,strawberry_009
onlinebot,strawberry123
onlinebot,strong_apple
onlinebot,strong_B1oom
onlinebot,strong_fender
onlinebot,strong_Pary
onlinebot,strong_Walker
onlinebot,strongchair
onlinebot,strongCoCo1989
onlinebot,stronglove_321
onlinebot,strongorange
onlinebot,strongsteve
onlinebot,sunflowr
onlinebot,sunflowr_wow
onlinebot,sunflowrx002
onlinebot,sunshine
onlinebot,super____ratxX
onlinebot,super__F0X_15
onlinebot,super__Mimi
onlinebot,super_diNosr
onlinebot,Super_DOGZJP13
onlinebot,suPer_eagle
onlinebot,super_John
onlinebot,Super_KRTkido
onlinebot,Super_NoVA
onlinebot,Super_page1994
onlinebot,suPer_Paryx
onlinebot,super_peace
onlinebot,Super_rubble
onlinebot,super_staR
onlinebot,super_tea____005
onlinebot,suPerB0SS
onlinebot,supercat
onlinebot,SuperCharles
onlinebot,suPerfrank
onlinebot,suPergif
onlinebot,suPeriiiixX
onlinebot,superM4chin
onlinebot,suPermaddog_x
onlinebot,Supermango
onlinebot,Superpiano001
onlinebot,supersasquatch
onlinebot,suPerSoda_2002
onlinebot,suPertea
onlinebot,suPerwood
onlinebot,superxSnake321
onlinebot,surprise_caCtus
onlinebot,surprise_Soda
onlinebot,surprise_warren
onlinebot,surprise_warrior
onlinebot,surpriseapplexxX
onlinebot,surprisedecay
onlinebot,surprisepigEOn
onlinebot,sus_baJa
onlinebot,sus_moon
onlinebot,sus_robert2009
onlinebot,sus_Walker
onlinebot,sus_ZEUS80
onlinebot,susGuru_1997
onlinebot,sushi89
onlinebot,sushiwow
onlinebot,susLA_321
onlinebot,susmaddogwow
onlinebot,susmaRble_321
onlinebot,SWAT____555
onlinebot,SWAT_85
onlinebot,SWAT_90
onlinebot,Tactical_Banana
onlinebot,Tactical_warrior
onlinebot,Tacticalaspect
onlinebot,TacticalBilly
onlinebot,TacticalCharlie
onlinebot,Tacticaldragon
onlinebot,Tacticalg1rl
onlinebot,Tacticaljason
onlinebot,TacticalMArs
onlinebot,TacticalxBubble_XD
onlinebot,TacticalxdiNosr
onlinebot,tangerine
onlinebot,tangerine_777
onlinebot,ted_1234
onlinebot,temple1990
onlinebot,That_saron
onlinebot,That_smi13
onlinebot,ThatAnger1986
onlinebot,ThatLev_1234
onlinebot,ThatxE_Boy1234
onlinebot,THE____colt
onlinebot,The____Grubby
onlinebot,The____Ivano
onlinebot,THE____pumpkin
onlinebot,THE_0x818
onlinebot,The_clink
onlinebot,The_cobra
onlinebot,The_Cod____1998
onlinebot,THE_DHwow
onlinebot,THE_Envy
onlinebot,THE_pack
onlinebot,THE_roadkill
onlinebot,The_Sp33d
onlinebot,THE_world
onlinebot,THE_Y4sir2008
onlinebot,Theadam12
onlinebot,Thebutcher
onlinebot,Thecabin
onlinebot,TheCharles_OnO
onlinebot,Thecheetas
onlinebot,THEDarry
onlinebot,THEE_Boy16
onlinebot,Theguitar
onlinebot,TheKRTkido1996
onlinebot,Theo____Darry
onlinebot,Theo_Envy
onlinebot,Theo_Pary82
onlinebot,Theo_road
onlinebot,Theo_runner
onlinebot,Theo_warlock
onlinebot,Theo_WaRRior
onlinebot,TheoHighlander
onlinebot,TheoPrice
onlinebot,Theorocket
onlinebot,Theosunshine
onlinebot,THEovovov
onlinebot,Thepalm
onlinebot,THEpanther
onlinebot,Thes1mpl3_UwU
onlinebot,THEtig3r
onlinebot,THEVampire
onlinebot,Theviktor_1234
onlinebot,THExorchid001
onlinebot,TheY4sir
onlinebot,Theyolanda
onlinebot,tig3r_98
onlinebot,tig3r_lol
onlinebot,tig3r007
onlinebot,tig3r1999
onlinebot,TiGer_97
onlinebot,Tiger_Xx
onlinebot,TiGerx321
onlinebot,tinY____m00n19
onlinebot,tinY____warrior
onlinebot,tinY_Duke
onlinebot,tinY_rusher
onlinebot,tinY_Top
onlinebot,tinY_waterMELON
onlinebot,tinYcoco
onlinebot,tinYNoVA_1997
onlinebot,tinYovovov
onlinebot,tinYshepherd_321
onlinebot,tinYslayer
onlinebot,tinYSoap
onlinebot,tinYTiGer
onlinebot,tinYwhale
onlinebot,titan1994
onlinebot,titan1997
onlinebot,tomato94
onlinebot,tongs_apple2010
onlinebot,tongs_barbarian
onlinebot,tongs_MArs
onlinebot,tongsknight
onlinebot,TOP____B4rry
onlinebot,TOP__Bullet
onlinebot,TOP__fireman
onlinebot,Top_003
onlinebot,Top_1981
onlinebot,TOP_badger
onlinebot,TOP_Fly
onlinebot,TOP_innocence
onlinebot,TOP_NIno
onlinebot,TOP_PriceXD
onlinebot,TOP_R3aL
onlinebot,TOP_shiver
onlinebot,TOP_spy_xD
onlinebot,Top1234
onlinebot,TOPE_Boy2005
onlinebot,TOPeDGE_555
onlinebot,TOPGatsbyQAQ
onlinebot,TOPhEAd12
onlinebot,TOPJohn
onlinebot,TOPlllliill008
onlinebot,TOPslayer
onlinebot,TOPsushiXx
onlinebot,TOPTofu
onlinebot,TOPwheel
onlinebot,TOPxshark
onlinebot,TOPZack
onlinebot,Total__cal
onlinebot,Total_eDGE
onlinebot,Total_n00n__1989
onlinebot,Total_pumpkin
onlinebot,Totaleagle__003
onlinebot,Totalpeace
onlinebot,Totalted
onlinebot,Totalwood
onlinebot,TOXIC_cat
onlinebot,TOXIC_hitman
onlinebot,TOXIC_IIII
onlinebot,TOXIC_TK
onlinebot,TOXICBenjamin
onlinebot,TOXICcaTTle82
onlinebot,TOXICcedar
onlinebot,TOXICnarwal17
onlinebot,TOXICshark
onlinebot,TOXICStan321
onlinebot,TOXICturtle
onlinebot,TTK_007
onlinebot,TTT_1988
onlinebot,TTT_wow
onlinebot,Tupil1988
onlinebot,Tupil1999
onlinebot,turtle_888
onlinebot,turtle1234
onlinebot,turtle90
onlinebot,turtle93
onlinebot,turtle95
onlinebot,Turtlewow
onlinebot,Ultraman
onlinebot,Ultraman_85
onlinebot,Umbrella
onlinebot,Umbrella____123
onlinebot,Umbrella_18
onlinebot,usb_007
onlinebot,UwU____oliv_RoSe
onlinebot,UwU__CoRn____96
onlinebot,UwU__PeTERnOOdle
onlinebot,UwU_bridge_xD
onlinebot,UwU_Hey_Ghost
onlinebot,UwU_Ivano
onlinebot,UwU_mamalF0X
onlinebot,UwU_MaXi_tig3r
onlinebot,UwU_n00n_83
onlinebot,UwU_Noisy_Grubby
onlinebot,UwU_purple_wood
onlinebot,UwU_quick_DOGZJP
onlinebot,UwU_rat
onlinebot,UwU_RoSe
onlinebot,UwU_tim
onlinebot,UwU_WolFfox_X
onlinebot,UwUbazil
onlinebot,UwUBlade_123
onlinebot,UwUBlitzpigEOn
onlinebot,UwUblooDysmi13
onlinebot,UwUbruise
onlinebot,UwUDangerwarlock
onlinebot,UwUdeamonfox005
onlinebot,UwUEasyxbananaEZ
onlinebot,UwUFluffy_knight
onlinebot,UwUhuevo_Duke
onlinebot,UwUjackyx
onlinebot,UwUKniFeeDGE
onlinebot,UwUKniFelemon
onlinebot,UwUpiano
onlinebot,UwURaz__m00n
onlinebot,UwUreaper91
onlinebot,UwUSkiLL
onlinebot,UwUspeedyZack
onlinebot,UwUsushi_X
onlinebot,UwUThe_DK_321
onlinebot,UwUTOPIIII
onlinebot,UwUVibinovovov
onlinebot,UwUwarlock_X
onlinebot,UwUwarren_XD
onlinebot,UwUwheel
onlinebot,UwUx2_ACE92
onlinebot,UwUxCrazyDiaz
onlinebot,UwUxturtle888
onlinebot,UwUZack____2002
onlinebot,Vampire
onlinebot,Vampire_2007
onlinebot,VampirexX
onlinebot,Verde__1992
onlinebot,Verde_17
onlinebot,Vibin__Makarov
onlinebot,Vibin_b4n4n4_wow
onlinebot,Vibin_bootsman
onlinebot,Vibin_bridge
onlinebot,Vibin_Glizzy
onlinebot,Vibin_ikun
onlinebot,Vibin_panda
onlinebot,Vibin_shepherdXD
onlinebot,Vibin_tea1234
onlinebot,Vibin_Vol
onlinebot,VibinDuke_1993
onlinebot,VibinReznov_QAQ
onlinebot,VibinShAmrock
onlinebot,Vibinstrawberry
onlinebot,Vibintim
onlinebot,VibinTop
onlinebot,VibinwaterMELON
onlinebot,Vibinz00mbi31234
onlinebot,viktor93
onlinebot,viktorQAQ
onlinebot,Viper____colt
onlinebot,Viper__QQQ2333
onlinebot,Viper_34rth
onlinebot,Viper_cal
onlinebot,Viper_doom
onlinebot,Viper_oniON89
onlinebot,Viper_shepherd
onlinebot,Viperdiablo
onlinebot,Viperfrank_003
onlinebot,ViperOX_1984
onlinebot,VipersteveQAQ
onlinebot,Viperted
onlinebot,ViperTiger_2002
onlinebot,Viperxranger_123
onlinebot,ViperxTop
onlinebot,vulture
onlinebot,vulture1234
onlinebot,waFFle____Gatsby
onlinebot,waFFle__Gatsby
onlinebot,waFFle_Aether
onlinebot,waFFle_B34r
onlinebot,waFFle_Bobby
onlinebot,waFFle_Cossack
onlinebot,waFFle_E_Boy1998
onlinebot,waFFle_Hugo
onlinebot,waFFle_ranger
onlinebot,waFFle_road
onlinebot,waFFle_Soap
onlinebot,waFFle_Sp33d1234
onlinebot,waFFle_staR
onlinebot,waFFle_warrior
onlinebot,waFFleBanana1980
onlinebot,waFFleBlueBerry
onlinebot,waFFleF0XXD
onlinebot,waFFlefender
onlinebot,waFFleNiko
onlinebot,waFFleodoyle
onlinebot,waFFletea
onlinebot,waFFleUltraman
onlinebot,waFFleVampire
onlinebot,waFFlexbaJa
onlinebot,waFFlexBanana
onlinebot,waFFlexElepHAnt
onlinebot,Walker_2006
onlinebot,warlock
onlinebot,warlock_002
onlinebot,warlock86
onlinebot,warlockX
onlinebot,Warrior
onlinebot,Warrior1234
onlinebot,WaRRior1985
onlinebot,WaRRior97
onlinebot,WaRRiorUwU
onlinebot,waterMELON
onlinebot,waterMELON_2002
onlinebot,watermelon_2007
onlinebot,waterMELON1996
onlinebot,watermelon8888
onlinebot,waterMELON94
onlinebot,weheat_Blake_xX
onlinebot,weheat_Soap_99
onlinebot,weheat_Walker
onlinebot,weheatB1oom
onlinebot,weheatdoom1234
onlinebot,weheatIvano
onlinebot,weheatlemon_XD
onlinebot,weheatSnack
onlinebot,wfh____Edward
onlinebot,wfh_baJa
onlinebot,wfh_OnO
onlinebot,wfh_road
onlinebot,wfh_rojo
onlinebot,wfh_runner00
onlinebot,wfh_sunflowr
onlinebot,wfhbazil
onlinebot,wfhGaZ1234
onlinebot,wfhKRTkido1234
onlinebot,wfhLegionnaire
onlinebot,wfhlllliill
onlinebot,wfhrobert____97
onlinebot,wfhTupilXD
onlinebot,wfhUmbrella
onlinebot,wfhxCharliexD
onlinebot,wfhxmoon
onlinebot,whale_81
onlinebot,whale_x
onlinebot,whale007
onlinebot,whalex94
onlinebot,wheel_80
onlinebot,whiskers
onlinebot,whiskers_86
onlinebot,whiskers2004
onlinebot,whiskers97
onlinebot,WolF_g1rl
onlinebot,WolF_LeO
onlinebot,WolF_TK
onlinebot,WolFbender
onlinebot,WolFdaemon
onlinebot,WolFfireman
onlinebot,WolFsimmon
onlinebot,WolFSWAT
onlinebot,WolFxnOOdle
onlinebot,world_1995
onlinebot,world_91
onlinebot,world007
onlinebot,X____B34r
onlinebot,X____boomberUwU
onlinebot,x____CaptainDan
onlinebot,x____Chloe_QAQ
onlinebot,X____crazy_YUY
onlinebot,x____deamonBOYXD
onlinebot,X____jason
onlinebot,x____leFtyBubble
onlinebot,X____lewis
onlinebot,x____Max321
onlinebot,x____quickbunny
onlinebot,X____raUL_cal
onlinebot,x____sunshine_00
onlinebot,x____TOXICsteve
onlinebot,x__Anger
onlinebot,X__Bobby
onlinebot,x__Charlie
onlinebot,X__coco
onlinebot,X__DarryCossack
onlinebot,X__EvEnxsean
onlinebot,x__gHOST_vulture
onlinebot,x__Lazy____OnO
onlinebot,x__mango82
onlinebot,x__ninJUTSUllama
onlinebot,X__pRo_Dan_555
onlinebot,x_4___QvQ
onlinebot,x_amaranthwarren
onlinebot,x_BubbleUmbrella
onlinebot,X_blanco1nG_XD
onlinebot,X_Blaze_sea004
onlinebot,X_Blitz_VerdeQAQ
onlinebot,X_Blitzadamwow
onlinebot,X_Bougie_cal
onlinebot,X_brokenxpeace
onlinebot,X_bruise
onlinebot,x_buBBA_BOY000
onlinebot,X_buBBAStan1987
onlinebot,x_caCtus
onlinebot,X_caCtus1993
onlinebot,X_Captain_price
onlinebot,X_cedar
onlinebot,x_Cheugydaemon
onlinebot,X_CheugyOnO
onlinebot,x_cheWy_ronin
onlinebot,x_croc_IttY
onlinebot,x_Darry_fox
onlinebot,X_Dank_staR
onlinebot,X_Darkbadger
onlinebot,X_DefENder_O__O
onlinebot,x_Demon_YUY_84
onlinebot,x_DH6
onlinebot,X_dog_Joey233
onlinebot,X_Drippin_LeO
onlinebot,x_EagleOOOOO
onlinebot,x_eDGExD
onlinebot,x_eggplant
onlinebot,x_Fam_apple321
onlinebot,X_figLeO_81
onlinebot,X_fireman__Xx
onlinebot,X_frank
onlinebot,X_g1rlXx
onlinebot,X_ghostturtle
onlinebot,x_GoosE_floor
onlinebot,x_hitman_888
onlinebot,X_IIII19
onlinebot,X_Ivano
onlinebot,X_JiuJITSUkraken
onlinebot,X_JOKer
onlinebot,x_Justmason
onlinebot,x_KaisasharkxX
onlinebot,x_knight____98
onlinebot,x_LazyCossack
onlinebot,X_llamawow
onlinebot,x_maddog
onlinebot,x_maddog_002
onlinebot,X_manzanascedar
onlinebot,X_Master_rat
onlinebot,X_Megaslayer
onlinebot,X_milsim_Joey
onlinebot,x_milsimllama
onlinebot,X_mouse
onlinebot,X_ninJUTSUwhale
onlinebot,X_not_Bobby
onlinebot,x_notChloe
onlinebot,X_NoVA1234
onlinebot,x_Old_Denny__002
onlinebot,x_patrick_2004
onlinebot,X_PeTER_fender
onlinebot,X_poTATo_OxO
onlinebot,X_pRo____adam
onlinebot,X_pRoskinnerxX
onlinebot,x_purpleQvQ_93
onlinebot,X_quickroadkill
onlinebot,X_quicksea
onlinebot,x_rain_lol
onlinebot,X_roachx4pple
onlinebot,X_roadkill1995
onlinebot,X_sea_123
onlinebot,x_SnowCossackxX
onlinebot,X_silentiiii_89
onlinebot,x_silentxooo
onlinebot,x_simmon_QvQ
onlinebot,X_SkiLL2010
onlinebot,X_slayer
onlinebot,x_Smile_Chloe
onlinebot,x_Smol____tim
onlinebot,X_Snack
onlinebot,x_sorrow_whale
onlinebot,X_sppoon_sene
onlinebot,x_sunflowr
onlinebot,X_suPer_hunter
onlinebot,X_Superodoyle
onlinebot,x_susbruise
onlinebot,X_TTK123
onlinebot,x_usb_2002
onlinebot,x_YourGhost
onlinebot,X_zanY_Turtle
onlinebot,xAce_Soap2001
onlinebot,Xapplstrawberry
onlinebot,xapplTiger_007
onlinebot,Xaspect_15
onlinebot,Xavix5555
onlinebot,XBubble__GGGGG2004
onlinebot,Xbadger
onlinebot,xbadgerx
onlinebot,xBanaNAchair
onlinebot,Xbasil_Razer_QvQ
onlinebot,XBlazebanana_QAQ
onlinebot,XBlitzbutcher
onlinebot,xblooDycoco93
onlinebot,xblooDyE_BoyX
onlinebot,XbrokenWaRRior
onlinebot,xbuBBA_diabloXx
onlinebot,xbuBBAxhiBIScus
onlinebot,xBulletnoodle
onlinebot,Xcabin__xX
onlinebot,xCheugyxjazmine
onlinebot,XcheWyIttY
onlinebot,Xclink_xD
onlinebot,Xcolt321
onlinebot,Xcrazy_Tofu1234
onlinebot,XCrouchingcrank
onlinebot,XD____Chad
onlinebot,XD____grumpy_7he
onlinebot,XD____Mountain
onlinebot,XD____R3aL_EZ
onlinebot,XD____s1mpl3_94
onlinebot,XD____ShAmrock
onlinebot,XD__bunny
onlinebot,XD__maRble
onlinebot,XD__MeGabruise
onlinebot,XD__oniON
onlinebot,XD__sillyBobby
onlinebot,XD_2_reaper
onlinebot,XD_appl_VVVVV
onlinebot,XD_banana_13
onlinebot,XD_banana1992
onlinebot,XD_BanaNAtea
onlinebot,XD_BigMakarov
onlinebot,XD_bigport
onlinebot,XD_Blitz_Tiger
onlinebot,XD_blue__Bubble
onlinebot,XD_boomCCC
onlinebot,XD_BougieSnack
onlinebot,XD_BulletSkiLL
onlinebot,XD_Captain_wheel
onlinebot,XD_Charlie
onlinebot,XD_clink
onlinebot,XD_crazyJohn
onlinebot,XD_CrouchingEnvy
onlinebot,XD_Dan_2005
onlinebot,XD_Dank_Ivano
onlinebot,XD_DankbenderxX
onlinebot,XD_Dark_Bobby
onlinebot,XD_Dark4pple
onlinebot,XD_Dead_FPS
onlinebot,XD_deerSnake
onlinebot,XD_DefENderDK
onlinebot,XD_doublecoco
onlinebot,XD_doubleTTK
onlinebot,XD_eDGE
onlinebot,XD_Edward
onlinebot,XD_extraleo
onlinebot,XD_Extrasniper
onlinebot,XD_Greasycabin_x
onlinebot,XD_grumpy_staR80
onlinebot,XD_huevodaemon
onlinebot,XD_Huggiewheel
onlinebot,XD_Icyboomber
onlinebot,XD_IcydiNosr
onlinebot,XD_knight
onlinebot,XD_leekz_TItan
onlinebot,XD_Lucky_pdf
onlinebot,XD_maRble
onlinebot,XD_MasterAether
onlinebot,XD_MaXi_jacky
onlinebot,XD_MeGa_Edward
onlinebot,XD_MustardDan
onlinebot,XD_N0_sss006
onlinebot,XD_NeptuneNOOOOB
onlinebot,XD_Neptuneturtle
onlinebot,XD_NInox1234
onlinebot,XD_NOOOOB
onlinebot,XD_pandawow
onlinebot,XD_port
onlinebot,XD_port_1234
onlinebot,XD_pea_ZEUS
onlinebot,XD_poTATo
onlinebot,XD_ratchetUwU
onlinebot,XD_sasquatch
onlinebot,XD_Smilexberries
onlinebot,XD_sniper
onlinebot,XD_sss1234
onlinebot,XD_SteinerSnack
onlinebot,XD_sunshine_123
onlinebot,XD_sus_Lover
onlinebot,XD_Tiger
onlinebot,XD_TOP_Ray
onlinebot,XD_Walker
onlinebot,XD141_Reznov
onlinebot,XD2_Dan
onlinebot,xDarrytitan
onlinebot,xDangerNiko
onlinebot,XDbasil_rojo
onlinebot,XDBlueBerry
onlinebot,XDbrAve_whaleXD
onlinebot,XDbuBBA_Envy
onlinebot,XDcampuslily004
onlinebot,XDcapTainwarrior
onlinebot,XDChad13
onlinebot,XDcheetas14
onlinebot,XDChloe82
onlinebot,XDcrazytemple
onlinebot,XDdaemon
onlinebot,XDDank_ShAmrock
onlinebot,XDdark_ovovov
onlinebot,XDDarkMakarov95
onlinebot,XDDarkninja
onlinebot,XDDefENder_eagle
onlinebot,XDdouble_TTTx91
onlinebot,XDeadxBlueBerry
onlinebot,XDEasyroad
onlinebot,XDemon_Soda
onlinebot,xDestroyer
onlinebot,XDExtrarusher123
onlinebot,XDFinal_z00mbi3
onlinebot,XDFly_hunter
onlinebot,XDforK_psycho_17
onlinebot,XDGatsby
onlinebot,XDGaZ____00
onlinebot,XDgHostEvenger
onlinebot,XDgHostlewis7777
onlinebot,XDgHostwood1980
onlinebot,XDgrumpy_Tupil
onlinebot,XDgrumpyO__O19
onlinebot,XDjason
onlinebot,XDjesse
onlinebot,XDKniFe____mango
onlinebot,XDLazy____Sky
onlinebot,XDMadkeeper
onlinebot,XDMaoriTiger
onlinebot,XDMeGa_GaZlol
onlinebot,XDminnoW__lily16
onlinebot,XDNeptune__GGGGG
onlinebot,XDnice____keeper
onlinebot,XDnOOdle
onlinebot,XDodoyle
onlinebot,XDOld_RoSe
onlinebot,XDOnO95
onlinebot,XDorange
onlinebot,XDorchid85
onlinebot,xdouble_OnO123
onlinebot,XdoubleO__OXD
onlinebot,XDportx2000
onlinebot,XDpeace
onlinebot,XDpumpkin_91
onlinebot,XDRed_fireman
onlinebot,XDRED_slayer
onlinebot,XDRedbowser97
onlinebot,XDRedsniper
onlinebot,XDRichLSP
onlinebot,XDrippinchris
onlinebot,xDrippinjpg
onlinebot,XDroachworld98
onlinebot,XDsad_bootsman
onlinebot,XDsakura
onlinebot,XDsene_90
onlinebot,XDsene1983
onlinebot,XDSnowz00mbi3
onlinebot,XDShAmrock_1995
onlinebot,XDshepherd
onlinebot,XDsilent_lemon
onlinebot,XDsquirrelboarXD
onlinebot,XDSteiner_mason
onlinebot,XDstone
onlinebot,XDstrawberry1999
onlinebot,XDsuPer_peace
onlinebot,XDsurpriselemon
onlinebot,XDsusbunny_321
onlinebot,XDsusVol
onlinebot,XDtinYfender
onlinebot,XDTom_12
onlinebot,XDTom_xX
onlinebot,XDTotalDarry
onlinebot,XDTOXICrusher
onlinebot,XDusb_1990
onlinebot,XDvultureXD
onlinebot,XDwaFFlehunterEZ
onlinebot,XDwarrior
onlinebot,XDweheat_tiger
onlinebot,XDweheatsene
onlinebot,XDWolFACE
onlinebot,XDx1nG_00
onlinebot,XDxhappy____lily
onlinebot,XDxkissxShark_XD
onlinebot,XDxMaXi_CWC
onlinebot,XDxpdf002
onlinebot,XDxSnowlike
onlinebot,XDxshepherd_Xx
onlinebot,XDxTotalrunnerxD
onlinebot,XDZerollama
onlinebot,XDZone_king
onlinebot,xE_Boy_777
onlinebot,xEagle__YUYxD
onlinebot,xElepHAntUwU
onlinebot,XEvenger
onlinebot,XFam_love
onlinebot,Xfender
onlinebot,xFlyTTKx2005
onlinebot,xGoosE_whiskers
onlinebot,XGreasy_frank
onlinebot,xGreasyhEAd_93
onlinebot,XgrEEnnoodle16
onlinebot,xGreenstrawberry
onlinebot,XGreySnakex
onlinebot,Xgrumpy_KRTkido
onlinebot,Xhuevo_pianoX
onlinebot,xIceman
onlinebot,xImmortal_Elias
onlinebot,xjason_wow
onlinebot,Xjazmine
onlinebot,xJust_4pplexD
onlinebot,xJustlllliillX
onlinebot,xKaisaNOOOOB
onlinebot,xkissxpiano
onlinebot,Xknight004
onlinebot,XleFtyodoylexX
onlinebot,xleFtyRoSe_2009
onlinebot,Xlemon_John_13
onlinebot,xlove_13
onlinebot,XLucky
onlinebot,XMad_bender_123
onlinebot,XMadch33s3_1985
onlinebot,xMakarov_X
onlinebot,xmamal_Blake
onlinebot,xmanzanas____kim
onlinebot,xmanzanas_jpg777
onlinebot,XMax_1981
onlinebot,XMaXi_temple__xD
onlinebot,XMeGa_Edward
onlinebot,xMeGaMax123
onlinebot,XMegaMountain
onlinebot,XMeGascar
onlinebot,xmilsimcabin002
onlinebot,xminnoWWarrior
onlinebot,xnarwal6
onlinebot,xNeptuneDiaz_85
onlinebot,XniGht____eDGE
onlinebot,xodoyle_13
onlinebot,xoRangeronin93
onlinebot,xPeTERturtle_xD
onlinebot,Xpurple_Walker
onlinebot,XpurplecaTTle16
onlinebot,Xpurpledracula
onlinebot,Xquick_Destroyer
onlinebot,Xquokka
onlinebot,xraULapple
onlinebot,xRaz_alex
onlinebot,xREDbarbarian
onlinebot,XREDLover_Xx
onlinebot,xsaron_7777
onlinebot,XsecretMimiXD
onlinebot,xshadowikun
onlinebot,xsloth_peace
onlinebot,XslothTop
onlinebot,xSnackQAQ
onlinebot,xsneakyCod
onlinebot,xsneakyooo
onlinebot,xsorrowWalker
onlinebot,XSOSkiLL
onlinebot,xSp33d_Xx
onlinebot,Xspider
onlinebot,xSteinercrank002
onlinebot,xSteinerNiko
onlinebot,Xsunflowrx
onlinebot,xsuper_adamXD
onlinebot,XsuPer_narwal321
onlinebot,xsuper_sakura
onlinebot,xSuperclink
onlinebot,Xsurprise_peace
onlinebot,xsus_Skyx1234
onlinebot,xsusfrank
onlinebot,XTacticalbruise
onlinebot,xtangerine_321
onlinebot,XThatxIvanoXD
onlinebot,XTheBullet
onlinebot,XTiger004
onlinebot,xTOPHappy
onlinebot,xTOXIC_lancer
onlinebot,xTurtle
onlinebot,xVampire_xD
onlinebot,xViper_BillyX
onlinebot,xwarlock
onlinebot,xweheat_colt005
onlinebot,Xweheat_staR
onlinebot,xX____chris
onlinebot,xX____FamTTT
onlinebot,Xx____GGGGG
onlinebot,xX____ghostroad
onlinebot,Xx____Maoribull
onlinebot,xX____Propacker
onlinebot,xX____Zone34rth
onlinebot,xX__Bullet
onlinebot,Xx__Cheugytemple
onlinebot,xX__Dan
onlinebot,xX__G_O_A_T
onlinebot,xX__gHost_Top
onlinebot,Xx__ghostIIII
onlinebot,Xx__HOT_cabin
onlinebot,xX__Lover11
onlinebot,xX__Niko
onlinebot,Xx__The_dracula
onlinebot,xX__ZoneUltraman
onlinebot,Xx_141_SodaX
onlinebot,xX_4_dog
onlinebot,Xx_4_frank
onlinebot,Xx_Anon_cobra888
onlinebot,Xx_Anonxlancer
onlinebot,Xx_applB34r
onlinebot,Xx_apple
onlinebot,xX_Bubble_Iceman
onlinebot,xX_Big_NIno
onlinebot,xX_Blake
onlinebot,Xx_Blakelol
onlinebot,xX_BlitzdaemonXx
onlinebot,Xx_Blitztea
onlinebot,xX_Bougie_bowser
onlinebot,xX_burger
onlinebot,Xx_butcher
onlinebot,Xx_ch33s3123
onlinebot,Xx_Charlie1234
onlinebot,Xx_Cheugy_BOY
onlinebot,xX_Cheugy_spyX
onlinebot,xX_chris
onlinebot,Xx_Crazybruise
onlinebot,Xx_crazykim
onlinebot,xX_crazySoda888
onlinebot,Xx_crazywood
onlinebot,Xx_crocturtle
onlinebot,Xx_DarryPinky
onlinebot,xX_DarkxJoey_233
onlinebot,Xx_Dead_GaZ
onlinebot,xX_Dead_Mountain
onlinebot,Xx_deamonIceman
onlinebot,Xx_DOGZJP
onlinebot,Xx_Drippinlewis
onlinebot,Xx_Easytomato
onlinebot,Xx_Elias80
onlinebot,xX_extra_banana
onlinebot,Xx_Extra_Vol
onlinebot,xX_F4k3r
onlinebot,xX_fig_GGGGG
onlinebot,xX_fox_XD
onlinebot,xX_FoXcaCtus
onlinebot,xX_Greensunflowr
onlinebot,Xx_hEAd
onlinebot,Xx_hitman1234
onlinebot,Xx_HuggieEvenger
onlinebot,xX_innocencelol
onlinebot,Xx_IttY
onlinebot,Xx_Kaisa_CWC16
onlinebot,xX_Kaisatiger
onlinebot,xX_KING_1988
onlinebot,xX_kraken008
onlinebot,xX_LazyQQQ
onlinebot,xX_leo_1234
onlinebot,Xx_Makarov
onlinebot,xX_MeGa_Denny008
onlinebot,Xx_Megaxz00mbi3
onlinebot,xX_milsimtemple
onlinebot,Xx_minnoWIIII
onlinebot,xX_Nerd_berries
onlinebot,xX_ninja5555
onlinebot,Xx_NOOOOB
onlinebot,Xx_not_piZZa
onlinebot,Xx_PAnCAKE_tea
onlinebot,Xx_pRo_dracula
onlinebot,Xx_RednarwalxD
onlinebot,xX_roachdog
onlinebot,xX_roachsteve17
onlinebot,xX_RomeX
onlinebot,Xx_runner2000
onlinebot,Xx_rusher
onlinebot,xX_Salty_Warrior
onlinebot,xX_saron321
onlinebot,Xx_ScrAmbLer1nG
onlinebot,Xx_sene2009
onlinebot,xX_shadow_Max
onlinebot,xX_ShAmrock86
onlinebot,Xx_Sky_2003
onlinebot,xX_Smile__M4chin
onlinebot,Xx_Smol_lemon
onlinebot,xX_snakEKamarov
onlinebot,xX_sniper
onlinebot,Xx_SO_Cossack
onlinebot,xX_sorrowllll_85
onlinebot,Xx_spider
onlinebot,xX_squalratchet
onlinebot,xX_strawberry
onlinebot,Xx_Superpacker
onlinebot,Xx_timQAQ
onlinebot,Xx_Total__Denny
onlinebot,Xx_TotaldiNosr
onlinebot,Xx_Totalpatrick
onlinebot,Xx_TOXICsean
onlinebot,Xx_Vampire
onlinebot,Xx_Vibin____sene
onlinebot,Xx_waFFlecheetas
onlinebot,Xx_waFFlefox
onlinebot,Xx_warren_89
onlinebot,Xx_yolanda1990
onlinebot,Xx_ZeroTupil
onlinebot,Xx_zigzag
onlinebot,Xx1stRome
onlinebot,xX2_Cossack
onlinebot,xX4__calx6
onlinebot,XxAce_pigEOn2001
onlinebot,xXamaranthshiver
onlinebot,xXappl_NoVAxx
onlinebot,xXapplleo_2009
onlinebot,xXaspect
onlinebot,xXB1oom
onlinebot,XxB1oom2007
onlinebot,xXBubblewarren
onlinebot,XxBanana_xX
onlinebot,XxbasilACE
onlinebot,Xxbasilwhale_12
onlinebot,Xxbazil_1996
onlinebot,xXberries
onlinebot,XxblancoMatt
onlinebot,XxBlitz_piano
onlinebot,xXBloody__Ghost
onlinebot,XxbrAve_Makarov
onlinebot,XxbrokenBanana
onlinebot,XxbuBBA_peace
onlinebot,xXBullet_saron
onlinebot,xXBulletcube
onlinebot,xXbunny
onlinebot,xXCaptain_sea
onlinebot,XxCaptainEvenger
onlinebot,XxCheetah
onlinebot,XxCheugyMakarov
onlinebot,XxCheugyQvQ
onlinebot,Xxchris
onlinebot,xXcoltxD
onlinebot,Xxcrank____123
onlinebot,Xxcrazy_CCC2010
onlinebot,xXcrocGiovedi
onlinebot,xXDangerrat
onlinebot,xXDead_llama
onlinebot,XxDeadY4sir_85
onlinebot,XxdeamonMakarov
onlinebot,Xxdeer_Iceman
onlinebot,XxdiNosr
onlinebot,xXdogmango_13
onlinebot,XxDOGZJP
onlinebot,Xxdouble_Lover
onlinebot,XxEasyslayerXD
onlinebot,xXEvEn_sushi2002
onlinebot,XxExtra_lewis
onlinebot,xXExtrab4n4n4004
onlinebot,xXextraboomber
onlinebot,XxextraxTTK
onlinebot,XxFamaspectlol
onlinebot,xXfirst1nG98
onlinebot,xXfirstB4rryUwU
onlinebot,xXFluffytig3r00
onlinebot,XxforK__KING
onlinebot,xXforKjason_EZ
onlinebot,XxFPS____17
onlinebot,Xxfrank
onlinebot,xXgHOST_pdf_2000
onlinebot,Xxghost_rigs90
onlinebot,xXgHostFPS
onlinebot,xXGreasy_nOOdle
onlinebot,xXGreasyxTItan
onlinebot,XxgrEEnrain
onlinebot,Xxgrumpy____rojo
onlinebot,xxHOTburger
onlinebot,xXHOTEnvy
onlinebot,Xxhuevo_lilyxX
onlinebot,xXhuevo_steve
onlinebot,Xxhuevoeggplant
onlinebot,xXImmortal__CCC
onlinebot,xXImmortal_rat
onlinebot,XxImmortalMatt
onlinebot,xXinnocence_87
onlinebot,XxIvano
onlinebot,xXknight
onlinebot,xXleFty__orchid
onlinebot,xXlemon1980
onlinebot,Xxlemoncat
onlinebot,xXlemonpiano
onlinebot,Xxlily007
onlinebot,xXM4chin321
onlinebot,XxMeGa_bazil
onlinebot,xXN0_lichking
onlinebot,Xxnarwal2007
onlinebot,XxNeptune_Darry
onlinebot,xXniGht_sunflowr
onlinebot,xXnot_Darry
onlinebot,XxNoVA1990
onlinebot,XxNoVAUwU
onlinebot,xXOOOOOx18
onlinebot,xXpacker00
onlinebot,Xxpatrick
onlinebot,XxpigEOn
onlinebot,XxPrice_Banana
onlinebot,XxPriceDarryX
onlinebot,Xxpumpkin2005
onlinebot,XxQQQ__13
onlinebot,XxQQQ1995
onlinebot,XxREDxVol
onlinebot,Xxroach_Kamarov
onlinebot,XxRoSe_1997
onlinebot,Xxs1mpl3
onlinebot,XxSaltyCWC
onlinebot,XxSaltyrocket123
onlinebot,XxSnow_clink
onlinebot,xXSnowsamurai84
onlinebot,xXshark
onlinebot,Xxshiver
onlinebot,xXsilentreaper
onlinebot,Xxskinny_ted_555
onlinebot,XxSlayinbadger
onlinebot,xXSlayindoom_003
onlinebot,xXsmi13
onlinebot,XxSmollemon15
onlinebot,XxSOLeO
onlinebot,XxSplash_doom91
onlinebot,Xxsqualbull
onlinebot,xXsqualted
onlinebot,xXSteinerstaRwow
onlinebot,XxsuPer__Denny
onlinebot,XxsurpriseZack
onlinebot,Xxsus_Benjamin
onlinebot,xXsushiXD
onlinebot,XxSWAT_321
onlinebot,XxThatpatrick
onlinebot,xXThe_NIno
onlinebot,XxThetangerine
onlinebot,XxtigerXD
onlinebot,XxTupil
onlinebot,xXTurtle
onlinebot,xXTurtle_14
onlinebot,XxUltraman
onlinebot,XxUmbrella
onlinebot,Xxwarlock
onlinebot,xXwarren
onlinebot,xXwatermelon
onlinebot,xXWolF_aaaa
onlinebot,XxWolF_Mimi_00
onlinebot,xXxcannon00
onlinebot,xXxinnocence
onlinebot,Xxxsneakyxripley
onlinebot,Xxxsunshine_XD
onlinebot,XxxYourknight
onlinebot,XxYour_Ivano
onlinebot,xXzanY_Darry6
onlinebot,XxziPPyjacky
onlinebot,xYour_Soap
onlinebot,xZeroY4sir
onlinebot,XziPPy_IttY
onlinebot,Y4sir84
onlinebot,yolanda
onlinebot,yolanda_Xx
onlinebot,yolanda84
onlinebot,Your____world
onlinebot,Your__CCClol
onlinebot,Your__mamalBubble
onlinebot,Your_badger
onlinebot,Your_bloomcal
onlinebot,Your_bull
onlinebot,Your_diablo_86
onlinebot,Your_DOGZJPx1989
onlinebot,Your_extraBullet
onlinebot,Your_firstcabin
onlinebot,Your_nice_E_Boy
onlinebot,Your_roach_TItan
onlinebot,Your_sushi
onlinebot,Your_Y4sir85
onlinebot,Yourbloom_FOV
onlinebot,Yourboar__91
onlinebot,YourChadx84
onlinebot,Yourchris
onlinebot,Yourcoco
onlinebot,YourDemonport
onlinebot,YourDenny
onlinebot,YourGiovedi_5555
onlinebot,YourIcyaspect
onlinebot,YourLazyreaperx
onlinebot,Yourlove
onlinebot,Yourmatch
onlinebot,Yourpiano__007
onlinebot,YourPrice
onlinebot,Yourrobert
onlinebot,Yourrunner
onlinebot,Yours1mpl3
onlinebot,YourSimpl_1980
onlinebot,YourTiger
onlinebot,YourTItan
onlinebot,YourTOPRay
onlinebot,Yourwfh__Chloe18
onlinebot,YourWolF_wheel
onlinebot,YourxspeedyLev
onlinebot,z00mbi3
onlinebot,Zack_003
onlinebot,Zack_80
onlinebot,zanY_BOY123
onlinebot,zanY_Highlander
onlinebot,zanY_lemon
onlinebot,zanY_OnO
onlinebot,zanY7he_17
onlinebot,zanYcannon
onlinebot,zanYDiaz
onlinebot,zanYEvenger
onlinebot,zanYrat
onlinebot,zanYstaR
onlinebot,zanYsunshine
onlinebot,zanYVampire
onlinebot,Zero____sakura
onlinebot,Zero_cabinEZ
onlinebot,Zero_jacky
onlinebot,Zero_SkiLL
onlinebot,Zero_spider
onlinebot,ZeroDarry_007
onlinebot,Zerog1rl
onlinebot,Zerolichking555
onlinebot,Zerorigs
onlinebot,Zeros1mpl3_lol
onlinebot,ZEUS_1999
onlinebot,ZEUS2004
onlinebot,zigzag__x
onlinebot,zigzag003
onlinebot,zigzag91
onlinebot,ziPPy__Cod_93
onlinebot,ziPPy__GaZ321
onlinebot,ziPPy_cabin
onlinebot,ziPPy_hitman321
onlinebot,ziPPy_port_95
onlinebot,ziPPy_staR777
onlinebot,ziPPy_Zack_321
onlinebot,ziPPyCheetah1234
onlinebot,ziPPyLSP
onlinebot,ziPPyMArs84
onlinebot,ziPPynOOdle
onlinebot,ziPPyOxO
onlinebot,ziPPypriceUwU
onlinebot,ziPPyRay
onlinebot,ziPPyrocketX
onlinebot,Zone____CWC
onlinebot,Zone____Duke_xX
onlinebot,Zone_Lucky
onlinebot,ZoneCod
onlinebot,ZoneDan
onlinebot,Zoneinnocence
onlinebot,ZonewaterMELON
